municipalityCode,municipality,period,unit,value,variableId,sourceId,sourceUrl,collectedAt,sector,share,shareVariableId,denominator,vabTotal
4127965,Turvo,2002,R$,13349000.0,513,accounts-4127965,https://servicodados.ibge.gov.br/api/v3/agregados/5938/periodos/2002%7C2003%7C2004%7C2005%7C2006%7C2007%7C2008%7C2009%7C2010%7C2011%7C2012%7C2013%7C2014%7C2015%7C2016%7C2017%7C2018%7C2019%7C2020%7C2021%7C2022%7C2023/variaveis/37%7C543%7C498%7C513%7C516%7C517%7C520%7C6575%7C6574%7C525%7C528?localidades=N6%5B4127965%5D,2026-10-06T15:05:19.153397+00:00,Agropecuária,21.42,516,vab-total,62332000.0
4127965,Turvo,2002,R$,18933000.0,517,accounts-4127965,https://servicodados.ibge.gov.br/api/v3/agregados/5938/periodos/2002%7C2003%7C2004%7C2005%7C2006%7C2007%7C2008%7C2009%7C2010%7C2011%7C2012%7C2013%7C2014%7C2015%7C2016%7C2017%7C2018%7C2019%7C2020%7C2021%7C2022%7C2023/variaveis/37%7C543%7C498%7C513%7C516%7C517%7C520%7C6575%7C6574%7C525%7C528?localidades=N6%5B4127965%5D,2026-10-06T15:05:19.153397+00:00,Indústria,30.37,520,vab-total,62332000.0
4127965,Turvo,2002,R$,15739000.0,6575,accounts-4127965,https://servicodados.ibge.gov.br/api/v3/agregados/5938/periodos/2002%7C2003%7C2004%7C2005%7C2006%7C2007%7C2008%7C2009%7C2010%7C2011%7C2012%7C2013%7C2014%7C2015%7C2016%7C2017%7C2018%7C2019%7C2020%7C2021%7C2022%7C2023/variaveis/37%7C543%7C498%7C513%7C516%7C517%7C520%7C6575%7C6574%7C525%7C528?localidades=N6%5B4127965%5D,2026-10-06T15:05:19.153397+00:00,"Serviços, exceto administração pública",25.25,6574,vab-total,62332000.0
4127965,Turvo,2002,R$,14311000.0,525,accounts-4127965,https://servicodados.ibge.gov.br/api/v3/agregados/5938/periodos/2002%7C2003%7C2004%7C2005%7C2006%7C2007%7C2008%7C2009%7C2010%7C2011%7C2012%7C2013%7C2014%7C2015%7C2016%7C2017%7C2018%7C2019%7C2020%7C2021%7C2022%7C2023/variaveis/37%7C543%7C498%7C513%7C516%7C517%7C520%7C6575%7C6574%7C525%7C528?localidades=N6%5B4127965%5D,2026-10-06T15:05:19.153397+00:00,"Administração, defesa, educação e saúde públicas e seguridade social",22.96,528,vab-total,62332000.0
4127965,Turvo,2003,R$,19982000.0,513,accounts-4127965,https://servicodados.ibge.gov.br/api/v3/agregados/5938/periodos/2002%7C2003%7C2004%7C2005%7C2006%7C2007%7C2008%7C2009%7C2010%7C2011%7C2012%7C2013%7C2014%7C2015%7C2016%7C2017%7C2018%7C2019%7C2020%7C2021%7C2022%7C2023/variaveis/37%7C543%7C498%7C513%7C516%7C517%7C520%7C6575%7C6574%7C525%7C528?localidades=N6%5B4127965%5D,2026-10-06T15:05:19.153397+00:00,Agropecuária,20.85,516,vab-total,95823000.0
4127965,Turvo,2003,R$,37011000.0,517,accounts-4127965,https://servicodados.ibge.gov.br/api/v3/agregados/5938/periodos/2002%7C2003%7C2004%7C2005%7C2006%7C2007%7C2008%7C2009%7C2010%7C2011%7C2012%7C2013%7C2014%7C2015%7C2016%7C2017%7C2018%7C2019%7C2020%7C2021%7C2022%7C2023/variaveis/37%7C543%7C498%7C513%7C516%7C517%7C520%7C6575%7C6574%7C525%7C528?localidades=N6%5B4127965%5D,2026-10-06T15:05:19.153397+00:00,Indústria,38.62,520,vab-total,95823000.0
4127965,Turvo,2003,R$,22660000.0,6575,accounts-4127965,https://servicodados.ibge.gov.br/api/v3/agregados/5938/periodos/2002%7C2003%7C2004%7C2005%7C2006%7C2007%7C2008%7C2009%7C2010%7C2011%7C2012%7C2013%7C2014%7C2015%7C2016%7C2017%7C2018%7C2019%7C2020%7C2021%7C2022%7C2023/variaveis/37%7C543%7C498%7C513%7C516%7C517%7C520%7C6575%7C6574%7C525%7C528?localidades=N6%5B4127965%5D,2026-10-06T15:05:19.153397+00:00,"Serviços, exceto administração pública",23.65,6574,vab-total,95823000.0
4127965,Turvo,2003,R$,16169000.0,525,accounts-4127965,https://servicodados.ibge.gov.br/api/v3/agregados/5938/periodos/2002%7C2003%7C2004%7C2005%7C2006%7C2007%7C2008%7C2009%7C2010%7C2011%7C2012%7C2013%7C2014%7C2015%7C2016%7C2017%7C2018%7C2019%7C2020%7C2021%7C2022%7C2023/variaveis/37%7C543%7C498%7C513%7C516%7C517%7C520%7C6575%7C6574%7C525%7C528?localidades=N6%5B4127965%5D,2026-10-06T15:05:19.153397+00:00,"Administração, defesa, educação e saúde públicas e seguridade social",16.87,528,vab-total,95823000.0
4127965,Turvo,2004,R$,20195000.0,513,accounts-4127965,https://servicodados.ibge.gov.br/api/v3/agregados/5938/periodos/2002%7C2003%7C2004%7C2005%7C2006%7C2007%7C2008%7C2009%7C2010%7C2011%7C2012%7C2013%7C2014%7C2015%7C2016%7C2017%7C2018%7C2019%7C2020%7C2021%7C2022%7C2023/variaveis/37%7C543%7C498%7C513%7C516%7C517%7C520%7C6575%7C6574%7C525%7C528?localidades=N6%5B4127965%5D,2026-10-06T15:05:19.153397+00:00,Agropecuária,18.12,516,vab-total,111436000.0
4127965,Turvo,2004,R$,49465000.0,517,accounts-4127965,https://servicodados.ibge.gov.br/api/v3/agregados/5938/periodos/2002%7C2003%7C2004%7C2005%7C2006%7C2007%7C2008%7C2009%7C2010%7C2011%7C2012%7C2013%7C2014%7C2015%7C2016%7C2017%7C2018%7C2019%7C2020%7C2021%7C2022%7C2023/variaveis/37%7C543%7C498%7C513%7C516%7C517%7C520%7C6575%7C6574%7C525%7C528?localidades=N6%5B4127965%5D,2026-10-06T15:05:19.153397+00:00,Indústria,44.39,520,vab-total,111436000.0
4127965,Turvo,2004,R$,24646000.0,6575,accounts-4127965,https://servicodados.ibge.gov.br/api/v3/agregados/5938/periodos/2002%7C2003%7C2004%7C2005%7C2006%7C2007%7C2008%7C2009%7C2010%7C2011%7C2012%7C2013%7C2014%7C2015%7C2016%7C2017%7C2018%7C2019%7C2020%7C2021%7C2022%7C2023/variaveis/37%7C543%7C498%7C513%7C516%7C517%7C520%7C6575%7C6574%7C525%7C528?localidades=N6%5B4127965%5D,2026-10-06T15:05:19.153397+00:00,"Serviços, exceto administração pública",22.12,6574,vab-total,111436000.0
4127965,Turvo,2004,R$,17131000.0,525,accounts-4127965,https://servicodados.ibge.gov.br/api/v3/agregados/5938/periodos/2002%7C2003%7C2004%7C2005%7C2006%7C2007%7C2008%7C2009%7C2010%7C2011%7C2012%7C2013%7C2014%7C2015%7C2016%7C2017%7C2018%7C2019%7C2020%7C2021%7C2022%7C2023/variaveis/37%7C543%7C498%7C513%7C516%7C517%7C520%7C6575%7C6574%7C525%7C528?localidades=N6%5B4127965%5D,2026-10-06T15:05:19.153397+00:00,"Administração, defesa, educação e saúde públicas e seguridade social",15.37,528,vab-total,111436000.0
4127965,Turvo,2005,R$,18638000.0,513,accounts-4127965,https://servicodados.ibge.gov.br/api/v3/agregados/5938/periodos/2002%7C2003%7C2004%7C2005%7C2006%7C2007%7C2008%7C2009%7C2010%7C2011%7C2012%7C2013%7C2014%7C2015%7C2016%7C2017%7C2018%7C2019%7C2020%7C2021%7C2022%7C2023/variaveis/37%7C543%7C498%7C513%7C516%7C517%7C520%7C6575%7C6574%7C525%7C528?localidades=N6%5B4127965%5D,2026-10-06T15:05:19.153397+00:00,Agropecuária,15.11,516,vab-total,123345000.0
4127965,Turvo,2005,R$,58276000.0,517,accounts-4127965,https://servicodados.ibge.gov.br/api/v3/agregados/5938/periodos/2002%7C2003%7C2004%7C2005%7C2006%7C2007%7C2008%7C2009%7C2010%7C2011%7C2012%7C2013%7C2014%7C2015%7C2016%7C2017%7C2018%7C2019%7C2020%7C2021%7C2022%7C2023/variaveis/37%7C543%7C498%7C513%7C516%7C517%7C520%7C6575%7C6574%7C525%7C528?localidades=N6%5B4127965%5D,2026-10-06T15:05:19.153397+00:00,Indústria,47.25,520,vab-total,123345000.0
4127965,Turvo,2005,R$,26932000.0,6575,accounts-4127965,https://servicodados.ibge.gov.br/api/v3/agregados/5938/periodos/2002%7C2003%7C2004%7C2005%7C2006%7C2007%7C2008%7C2009%7C2010%7C2011%7C2012%7C2013%7C2014%7C2015%7C2016%7C2017%7C2018%7C2019%7C2020%7C2021%7C2022%7C2023/variaveis/37%7C543%7C498%7C513%7C516%7C517%7C520%7C6575%7C6574%7C525%7C528?localidades=N6%5B4127965%5D,2026-10-06T15:05:19.153397+00:00,"Serviços, exceto administração pública",21.83,6574,vab-total,123345000.0
4127965,Turvo,2005,R$,19499000.0,525,accounts-4127965,https://servicodados.ibge.gov.br/api/v3/agregados/5938/periodos/2002%7C2003%7C2004%7C2005%7C2006%7C2007%7C2008%7C2009%7C2010%7C2011%7C2012%7C2013%7C2014%7C2015%7C2016%7C2017%7C2018%7C2019%7C2020%7C2021%7C2022%7C2023/variaveis/37%7C543%7C498%7C513%7C516%7C517%7C520%7C6575%7C6574%7C525%7C528?localidades=N6%5B4127965%5D,2026-10-06T15:05:19.153397+00:00,"Administração, defesa, educação e saúde públicas e seguridade social",15.81,528,vab-total,123345000.0
4127965,Turvo,2006,R$,16698000.0,513,accounts-4127965,https://servicodados.ibge.gov.br/api/v3/agregados/5938/periodos/2002%7C2003%7C2004%7C2005%7C2006%7C2007%7C2008%7C2009%7C2010%7C2011%7C2012%7C2013%7C2014%7C2015%7C2016%7C2017%7C2018%7C2019%7C2020%7C2021%7C2022%7C2023/variaveis/37%7C543%7C498%7C513%7C516%7C517%7C520%7C6575%7C6574%7C525%7C528?localidades=N6%5B4127965%5D,2026-10-06T15:05:19.153397+00:00,Agropecuária,13.0,516,vab-total,128438000.0
4127965,Turvo,2006,R$,63182000.0,517,accounts-4127965,https://servicodados.ibge.gov.br/api/v3/agregados/5938/periodos/2002%7C2003%7C2004%7C2005%7C2006%7C2007%7C2008%7C2009%7C2010%7C2011%7C2012%7C2013%7C2014%7C2015%7C2016%7C2017%7C2018%7C2019%7C2020%7C2021%7C2022%7C2023/variaveis/37%7C543%7C498%7C513%7C516%7C517%7C520%7C6575%7C6574%7C525%7C528?localidades=N6%5B4127965%5D,2026-10-06T15:05:19.153397+00:00,Indústria,49.19,520,vab-total,128438000.0
4127965,Turvo,2006,R$,26886000.0,6575,accounts-4127965,https://servicodados.ibge.gov.br/api/v3/agregados/5938/periodos/2002%7C2003%7C2004%7C2005%7C2006%7C2007%7C2008%7C2009%7C2010%7C2011%7C2012%7C2013%7C2014%7C2015%7C2016%7C2017%7C2018%7C2019%7C2020%7C2021%7C2022%7C2023/variaveis/37%7C543%7C498%7C513%7C516%7C517%7C520%7C6575%7C6574%7C525%7C528?localidades=N6%5B4127965%5D,2026-10-06T15:05:19.153397+00:00,"Serviços, exceto administração pública",20.93,6574,vab-total,128438000.0
4127965,Turvo,2006,R$,21673000.0,525,accounts-4127965,https://servicodados.ibge.gov.br/api/v3/agregados/5938/periodos/2002%7C2003%7C2004%7C2005%7C2006%7C2007%7C2008%7C2009%7C2010%7C2011%7C2012%7C2013%7C2014%7C2015%7C2016%7C2017%7C2018%7C2019%7C2020%7C2021%7C2022%7C2023/variaveis/37%7C543%7C498%7C513%7C516%7C517%7C520%7C6575%7C6574%7C525%7C528?localidades=N6%5B4127965%5D,2026-10-06T15:05:19.153397+00:00,"Administração, defesa, educação e saúde públicas e seguridade social",16.87,528,vab-total,128438000.0
4127965,Turvo,2007,R$,19057000.0,513,accounts-4127965,https://servicodados.ibge.gov.br/api/v3/agregados/5938/periodos/2002%7C2003%7C2004%7C2005%7C2006%7C2007%7C2008%7C2009%7C2010%7C2011%7C2012%7C2013%7C2014%7C2015%7C2016%7C2017%7C2018%7C2019%7C2020%7C2021%7C2022%7C2023/variaveis/37%7C543%7C498%7C513%7C516%7C517%7C520%7C6575%7C6574%7C525%7C528?localidades=N6%5B4127965%5D,2026-10-06T15:05:19.153397+00:00,Agropecuária,13.7,516,vab-total,139133000.0
4127965,Turvo,2007,R$,67632000.0,517,accounts-4127965,https://servicodados.ibge.gov.br/api/v3/agregados/5938/periodos/2002%7C2003%7C2004%7C2005%7C2006%7C2007%7C2008%7C2009%7C2010%7C2011%7C2012%7C2013%7C2014%7C2015%7C2016%7C2017%7C2018%7C2019%7C2020%7C2021%7C2022%7C2023/variaveis/37%7C543%7C498%7C513%7C516%7C517%7C520%7C6575%7C6574%7C525%7C528?localidades=N6%5B4127965%5D,2026-10-06T15:05:19.153397+00:00,Indústria,48.61,520,vab-total,139133000.0
4127965,Turvo,2007,R$,28767000.0,6575,accounts-4127965,https://servicodados.ibge.gov.br/api/v3/agregados/5938/periodos/2002%7C2003%7C2004%7C2005%7C2006%7C2007%7C2008%7C2009%7C2010%7C2011%7C2012%7C2013%7C2014%7C2015%7C2016%7C2017%7C2018%7C2019%7C2020%7C2021%7C2022%7C2023/variaveis/37%7C543%7C498%7C513%7C516%7C517%7C520%7C6575%7C6574%7C525%7C528?localidades=N6%5B4127965%5D,2026-10-06T15:05:19.153397+00:00,"Serviços, exceto administração pública",20.68,6574,vab-total,139133000.0
4127965,Turvo,2007,R$,23677000.0,525,accounts-4127965,https://servicodados.ibge.gov.br/api/v3/agregados/5938/periodos/2002%7C2003%7C2004%7C2005%7C2006%7C2007%7C2008%7C2009%7C2010%7C2011%7C2012%7C2013%7C2014%7C2015%7C2016%7C2017%7C2018%7C2019%7C2020%7C2021%7C2022%7C2023/variaveis/37%7C543%7C498%7C513%7C516%7C517%7C520%7C6575%7C6574%7C525%7C528?localidades=N6%5B4127965%5D,2026-10-06T15:05:19.153397+00:00,"Administração, defesa, educação e saúde públicas e seguridade social",17.02,528,vab-total,139133000.0
4127965,Turvo,2008,R$,24648000.0,513,accounts-4127965,https://servicodados.ibge.gov.br/api/v3/agregados/5938/periodos/2002%7C2003%7C2004%7C2005%7C2006%7C2007%7C2008%7C2009%7C2010%7C2011%7C2012%7C2013%7C2014%7C2015%7C2016%7C2017%7C2018%7C2019%7C2020%7C2021%7C2022%7C2023/variaveis/37%7C543%7C498%7C513%7C516%7C517%7C520%7C6575%7C6574%7C525%7C528?localidades=N6%5B4127965%5D,2026-10-06T15:05:19.153397+00:00,Agropecuária,18.06,516,vab-total,136449000.0
4127965,Turvo,2008,R$,55213000.0,517,accounts-4127965,https://servicodados.ibge.gov.br/api/v3/agregados/5938/periodos/2002%7C2003%7C2004%7C2005%7C2006%7C2007%7C2008%7C2009%7C2010%7C2011%7C2012%7C2013%7C2014%7C2015%7C2016%7C2017%7C2018%7C2019%7C2020%7C2021%7C2022%7C2023/variaveis/37%7C543%7C498%7C513%7C516%7C517%7C520%7C6575%7C6574%7C525%7C528?localidades=N6%5B4127965%5D,2026-10-06T15:05:19.153397+00:00,Indústria,40.46,520,vab-total,136449000.0
4127965,Turvo,2008,R$,30606000.0,6575,accounts-4127965,https://servicodados.ibge.gov.br/api/v3/agregados/5938/periodos/2002%7C2003%7C2004%7C2005%7C2006%7C2007%7C2008%7C2009%7C2010%7C2011%7C2012%7C2013%7C2014%7C2015%7C2016%7C2017%7C2018%7C2019%7C2020%7C2021%7C2022%7C2023/variaveis/37%7C543%7C498%7C513%7C516%7C517%7C520%7C6575%7C6574%7C525%7C528?localidades=N6%5B4127965%5D,2026-10-06T15:05:19.153397+00:00,"Serviços, exceto administração pública",22.43,6574,vab-total,136449000.0
4127965,Turvo,2008,R$,25982000.0,525,accounts-4127965,https://servicodados.ibge.gov.br/api/v3/agregados/5938/periodos/2002%7C2003%7C2004%7C2005%7C2006%7C2007%7C2008%7C2009%7C2010%7C2011%7C2012%7C2013%7C2014%7C2015%7C2016%7C2017%7C2018%7C2019%7C2020%7C2021%7C2022%7C2023/variaveis/37%7C543%7C498%7C513%7C516%7C517%7C520%7C6575%7C6574%7C525%7C528?localidades=N6%5B4127965%5D,2026-10-06T15:05:19.153397+00:00,"Administração, defesa, educação e saúde públicas e seguridade social",19.04,528,vab-total,136449000.0
4127965,Turvo,2009,R$,29780000.0,513,accounts-4127965,https://servicodados.ibge.gov.br/api/v3/agregados/5938/periodos/2002%7C2003%7C2004%7C2005%7C2006%7C2007%7C2008%7C2009%7C2010%7C2011%7C2012%7C2013%7C2014%7C2015%7C2016%7C2017%7C2018%7C2019%7C2020%7C2021%7C2022%7C2023/variaveis/37%7C543%7C498%7C513%7C516%7C517%7C520%7C6575%7C6574%7C525%7C528?localidades=N6%5B4127965%5D,2026-10-06T15:05:19.153397+00:00,Agropecuária,17.23,516,vab-total,172813000.0
4127965,Turvo,2009,R$,79099000.0,517,accounts-4127965,https://servicodados.ibge.gov.br/api/v3/agregados/5938/periodos/2002%7C2003%7C2004%7C2005%7C2006%7C2007%7C2008%7C2009%7C2010%7C2011%7C2012%7C2013%7C2014%7C2015%7C2016%7C2017%7C2018%7C2019%7C2020%7C2021%7C2022%7C2023/variaveis/37%7C543%7C498%7C513%7C516%7C517%7C520%7C6575%7C6574%7C525%7C528?localidades=N6%5B4127965%5D,2026-10-06T15:05:19.153397+00:00,Indústria,45.77,520,vab-total,172813000.0
4127965,Turvo,2009,R$,35023000.0,6575,accounts-4127965,https://servicodados.ibge.gov.br/api/v3/agregados/5938/periodos/2002%7C2003%7C2004%7C2005%7C2006%7C2007%7C2008%7C2009%7C2010%7C2011%7C2012%7C2013%7C2014%7C2015%7C2016%7C2017%7C2018%7C2019%7C2020%7C2021%7C2022%7C2023/variaveis/37%7C543%7C498%7C513%7C516%7C517%7C520%7C6575%7C6574%7C525%7C528?localidades=N6%5B4127965%5D,2026-10-06T15:05:19.153397+00:00,"Serviços, exceto administração pública",20.27,6574,vab-total,172813000.0
4127965,Turvo,2009,R$,28911000.0,525,accounts-4127965,https://servicodados.ibge.gov.br/api/v3/agregados/5938/periodos/2002%7C2003%7C2004%7C2005%7C2006%7C2007%7C2008%7C2009%7C2010%7C2011%7C2012%7C2013%7C2014%7C2015%7C2016%7C2017%7C2018%7C2019%7C2020%7C2021%7C2022%7C2023/variaveis/37%7C543%7C498%7C513%7C516%7C517%7C520%7C6575%7C6574%7C525%7C528?localidades=N6%5B4127965%5D,2026-10-06T15:05:19.153397+00:00,"Administração, defesa, educação e saúde públicas e seguridade social",16.73,528,vab-total,172813000.0
4127965,Turvo,2010,R$,26187000.0,513,accounts-4127965,https://servicodados.ibge.gov.br/api/v3/agregados/5938/periodos/2002%7C2003%7C2004%7C2005%7C2006%7C2007%7C2008%7C2009%7C2010%7C2011%7C2012%7C2013%7C2014%7C2015%7C2016%7C2017%7C2018%7C2019%7C2020%7C2021%7C2022%7C2023/variaveis/37%7C543%7C498%7C513%7C516%7C517%7C520%7C6575%7C6574%7C525%7C528?localidades=N6%5B4127965%5D,2026-10-06T15:05:19.153397+00:00,Agropecuária,13.81,516,vab-total,189691000.0
4127965,Turvo,2010,R$,93303000.0,517,accounts-4127965,https://servicodados.ibge.gov.br/api/v3/agregados/5938/periodos/2002%7C2003%7C2004%7C2005%7C2006%7C2007%7C2008%7C2009%7C2010%7C2011%7C2012%7C2013%7C2014%7C2015%7C2016%7C2017%7C2018%7C2019%7C2020%7C2021%7C2022%7C2023/variaveis/37%7C543%7C498%7C513%7C516%7C517%7C520%7C6575%7C6574%7C525%7C528?localidades=N6%5B4127965%5D,2026-10-06T15:05:19.153397+00:00,Indústria,49.19,520,vab-total,189691000.0
4127965,Turvo,2010,R$,38490000.0,6575,accounts-4127965,https://servicodados.ibge.gov.br/api/v3/agregados/5938/periodos/2002%7C2003%7C2004%7C2005%7C2006%7C2007%7C2008%7C2009%7C2010%7C2011%7C2012%7C2013%7C2014%7C2015%7C2016%7C2017%7C2018%7C2019%7C2020%7C2021%7C2022%7C2023/variaveis/37%7C543%7C498%7C513%7C516%7C517%7C520%7C6575%7C6574%7C525%7C528?localidades=N6%5B4127965%5D,2026-10-06T15:05:19.153397+00:00,"Serviços, exceto administração pública",20.29,6574,vab-total,189691000.0
4127965,Turvo,2010,R$,31711000.0,525,accounts-4127965,https://servicodados.ibge.gov.br/api/v3/agregados/5938/periodos/2002%7C2003%7C2004%7C2005%7C2006%7C2007%7C2008%7C2009%7C2010%7C2011%7C2012%7C2013%7C2014%7C2015%7C2016%7C2017%7C2018%7C2019%7C2020%7C2021%7C2022%7C2023/variaveis/37%7C543%7C498%7C513%7C516%7C517%7C520%7C6575%7C6574%7C525%7C528?localidades=N6%5B4127965%5D,2026-10-06T15:05:19.153397+00:00,"Administração, defesa, educação e saúde públicas e seguridade social",16.72,528,vab-total,189691000.0
4127965,Turvo,2011,R$,35555000.0,513,accounts-4127965,https://servicodados.ibge.gov.br/api/v3/agregados/5938/periodos/2002%7C2003%7C2004%7C2005%7C2006%7C2007%7C2008%7C2009%7C2010%7C2011%7C2012%7C2013%7C2014%7C2015%7C2016%7C2017%7C2018%7C2019%7C2020%7C2021%7C2022%7C2023/variaveis/37%7C543%7C498%7C513%7C516%7C517%7C520%7C6575%7C6574%7C525%7C528?localidades=N6%5B4127965%5D,2026-10-06T15:05:19.153397+00:00,Agropecuária,17.08,516,vab-total,208207000.0
4127965,Turvo,2011,R$,95392000.0,517,accounts-4127965,https://servicodados.ibge.gov.br/api/v3/agregados/5938/periodos/2002%7C2003%7C2004%7C2005%7C2006%7C2007%7C2008%7C2009%7C2010%7C2011%7C2012%7C2013%7C2014%7C2015%7C2016%7C2017%7C2018%7C2019%7C2020%7C2021%7C2022%7C2023/variaveis/37%7C543%7C498%7C513%7C516%7C517%7C520%7C6575%7C6574%7C525%7C528?localidades=N6%5B4127965%5D,2026-10-06T15:05:19.153397+00:00,Indústria,45.82,520,vab-total,208207000.0
4127965,Turvo,2011,R$,42368000.0,6575,accounts-4127965,https://servicodados.ibge.gov.br/api/v3/agregados/5938/periodos/2002%7C2003%7C2004%7C2005%7C2006%7C2007%7C2008%7C2009%7C2010%7C2011%7C2012%7C2013%7C2014%7C2015%7C2016%7C2017%7C2018%7C2019%7C2020%7C2021%7C2022%7C2023/variaveis/37%7C543%7C498%7C513%7C516%7C517%7C520%7C6575%7C6574%7C525%7C528?localidades=N6%5B4127965%5D,2026-10-06T15:05:19.153397+00:00,"Serviços, exceto administração pública",20.35,6574,vab-total,208207000.0
4127965,Turvo,2011,R$,34892000.0,525,accounts-4127965,https://servicodados.ibge.gov.br/api/v3/agregados/5938/periodos/2002%7C2003%7C2004%7C2005%7C2006%7C2007%7C2008%7C2009%7C2010%7C2011%7C2012%7C2013%7C2014%7C2015%7C2016%7C2017%7C2018%7C2019%7C2020%7C2021%7C2022%7C2023/variaveis/37%7C543%7C498%7C513%7C516%7C517%7C520%7C6575%7C6574%7C525%7C528?localidades=N6%5B4127965%5D,2026-10-06T15:05:19.153397+00:00,"Administração, defesa, educação e saúde públicas e seguridade social",16.76,528,vab-total,208207000.0
4127965,Turvo,2012,R$,43203000.0,513,accounts-4127965,https://servicodados.ibge.gov.br/api/v3/agregados/5938/periodos/2002%7C2003%7C2004%7C2005%7C2006%7C2007%7C2008%7C2009%7C2010%7C2011%7C2012%7C2013%7C2014%7C2015%7C2016%7C2017%7C2018%7C2019%7C2020%7C2021%7C2022%7C2023/variaveis/37%7C543%7C498%7C513%7C516%7C517%7C520%7C6575%7C6574%7C525%7C528?localidades=N6%5B4127965%5D,2026-10-06T15:05:19.153397+00:00,Agropecuária,19.19,516,vab-total,225186000.0
4127965,Turvo,2012,R$,95544000.0,517,accounts-4127965,https://servicodados.ibge.gov.br/api/v3/agregados/5938/periodos/2002%7C2003%7C2004%7C2005%7C2006%7C2007%7C2008%7C2009%7C2010%7C2011%7C2012%7C2013%7C2014%7C2015%7C2016%7C2017%7C2018%7C2019%7C2020%7C2021%7C2022%7C2023/variaveis/37%7C543%7C498%7C513%7C516%7C517%7C520%7C6575%7C6574%7C525%7C528?localidades=N6%5B4127965%5D,2026-10-06T15:05:19.153397+00:00,Indústria,42.43,520,vab-total,225186000.0
4127965,Turvo,2012,R$,48719000.0,6575,accounts-4127965,https://servicodados.ibge.gov.br/api/v3/agregados/5938/periodos/2002%7C2003%7C2004%7C2005%7C2006%7C2007%7C2008%7C2009%7C2010%7C2011%7C2012%7C2013%7C2014%7C2015%7C2016%7C2017%7C2018%7C2019%7C2020%7C2021%7C2022%7C2023/variaveis/37%7C543%7C498%7C513%7C516%7C517%7C520%7C6575%7C6574%7C525%7C528?localidades=N6%5B4127965%5D,2026-10-06T15:05:19.153397+00:00,"Serviços, exceto administração pública",21.64,6574,vab-total,225186000.0
4127965,Turvo,2012,R$,37719000.0,525,accounts-4127965,https://servicodados.ibge.gov.br/api/v3/agregados/5938/periodos/2002%7C2003%7C2004%7C2005%7C2006%7C2007%7C2008%7C2009%7C2010%7C2011%7C2012%7C2013%7C2014%7C2015%7C2016%7C2017%7C2018%7C2019%7C2020%7C2021%7C2022%7C2023/variaveis/37%7C543%7C498%7C513%7C516%7C517%7C520%7C6575%7C6574%7C525%7C528?localidades=N6%5B4127965%5D,2026-10-06T15:05:19.153397+00:00,"Administração, defesa, educação e saúde públicas e seguridade social",16.75,528,vab-total,225186000.0
4127965,Turvo,2013,R$,55487000.0,513,accounts-4127965,https://servicodados.ibge.gov.br/api/v3/agregados/5938/periodos/2002%7C2003%7C2004%7C2005%7C2006%7C2007%7C2008%7C2009%7C2010%7C2011%7C2012%7C2013%7C2014%7C2015%7C2016%7C2017%7C2018%7C2019%7C2020%7C2021%7C2022%7C2023/variaveis/37%7C543%7C498%7C513%7C516%7C517%7C520%7C6575%7C6574%7C525%7C528?localidades=N6%5B4127965%5D,2026-10-06T15:05:19.153397+00:00,Agropecuária,20.89,516,vab-total,265591000.0
4127965,Turvo,2013,R$,109319000.0,517,accounts-4127965,https://servicodados.ibge.gov.br/api/v3/agregados/5938/periodos/2002%7C2003%7C2004%7C2005%7C2006%7C2007%7C2008%7C2009%7C2010%7C2011%7C2012%7C2013%7C2014%7C2015%7C2016%7C2017%7C2018%7C2019%7C2020%7C2021%7C2022%7C2023/variaveis/37%7C543%7C498%7C513%7C516%7C517%7C520%7C6575%7C6574%7C525%7C528?localidades=N6%5B4127965%5D,2026-10-06T15:05:19.153397+00:00,Indústria,41.16,520,vab-total,265591000.0
4127965,Turvo,2013,R$,57716000.0,6575,accounts-4127965,https://servicodados.ibge.gov.br/api/v3/agregados/5938/periodos/2002%7C2003%7C2004%7C2005%7C2006%7C2007%7C2008%7C2009%7C2010%7C2011%7C2012%7C2013%7C2014%7C2015%7C2016%7C2017%7C2018%7C2019%7C2020%7C2021%7C2022%7C2023/variaveis/37%7C543%7C498%7C513%7C516%7C517%7C520%7C6575%7C6574%7C525%7C528?localidades=N6%5B4127965%5D,2026-10-06T15:05:19.153397+00:00,"Serviços, exceto administração pública",21.73,6574,vab-total,265591000.0
4127965,Turvo,2013,R$,43069000.0,525,accounts-4127965,https://servicodados.ibge.gov.br/api/v3/agregados/5938/periodos/2002%7C2003%7C2004%7C2005%7C2006%7C2007%7C2008%7C2009%7C2010%7C2011%7C2012%7C2013%7C2014%7C2015%7C2016%7C2017%7C2018%7C2019%7C2020%7C2021%7C2022%7C2023/variaveis/37%7C543%7C498%7C513%7C516%7C517%7C520%7C6575%7C6574%7C525%7C528?localidades=N6%5B4127965%5D,2026-10-06T15:05:19.153397+00:00,"Administração, defesa, educação e saúde públicas e seguridade social",16.22,528,vab-total,265591000.0
4127965,Turvo,2014,R$,58205000.0,513,accounts-4127965,https://servicodados.ibge.gov.br/api/v3/agregados/5938/periodos/2002%7C2003%7C2004%7C2005%7C2006%7C2007%7C2008%7C2009%7C2010%7C2011%7C2012%7C2013%7C2014%7C2015%7C2016%7C2017%7C2018%7C2019%7C2020%7C2021%7C2022%7C2023/variaveis/37%7C543%7C498%7C513%7C516%7C517%7C520%7C6575%7C6574%7C525%7C528?localidades=N6%5B4127965%5D,2026-10-06T15:05:19.153397+00:00,Agropecuária,20.2,516,vab-total,288140000.0
4127965,Turvo,2014,R$,118643000.0,517,accounts-4127965,https://servicodados.ibge.gov.br/api/v3/agregados/5938/periodos/2002%7C2003%7C2004%7C2005%7C2006%7C2007%7C2008%7C2009%7C2010%7C2011%7C2012%7C2013%7C2014%7C2015%7C2016%7C2017%7C2018%7C2019%7C2020%7C2021%7C2022%7C2023/variaveis/37%7C543%7C498%7C513%7C516%7C517%7C520%7C6575%7C6574%7C525%7C528?localidades=N6%5B4127965%5D,2026-10-06T15:05:19.153397+00:00,Indústria,41.18,520,vab-total,288140000.0
4127965,Turvo,2014,R$,62483000.0,6575,accounts-4127965,https://servicodados.ibge.gov.br/api/v3/agregados/5938/periodos/2002%7C2003%7C2004%7C2005%7C2006%7C2007%7C2008%7C2009%7C2010%7C2011%7C2012%7C2013%7C2014%7C2015%7C2016%7C2017%7C2018%7C2019%7C2020%7C2021%7C2022%7C2023/variaveis/37%7C543%7C498%7C513%7C516%7C517%7C520%7C6575%7C6574%7C525%7C528?localidades=N6%5B4127965%5D,2026-10-06T15:05:19.153397+00:00,"Serviços, exceto administração pública",21.68,6574,vab-total,288140000.0
4127965,Turvo,2014,R$,48809000.0,525,accounts-4127965,https://servicodados.ibge.gov.br/api/v3/agregados/5938/periodos/2002%7C2003%7C2004%7C2005%7C2006%7C2007%7C2008%7C2009%7C2010%7C2011%7C2012%7C2013%7C2014%7C2015%7C2016%7C2017%7C2018%7C2019%7C2020%7C2021%7C2022%7C2023/variaveis/37%7C543%7C498%7C513%7C516%7C517%7C520%7C6575%7C6574%7C525%7C528?localidades=N6%5B4127965%5D,2026-10-06T15:05:19.153397+00:00,"Administração, defesa, educação e saúde públicas e seguridade social",16.94,528,vab-total,288140000.0
4127965,Turvo,2015,R$,52267000.0,513,accounts-4127965,https://servicodados.ibge.gov.br/api/v3/agregados/5938/periodos/2002%7C2003%7C2004%7C2005%7C2006%7C2007%7C2008%7C2009%7C2010%7C2011%7C2012%7C2013%7C2014%7C2015%7C2016%7C2017%7C2018%7C2019%7C2020%7C2021%7C2022%7C2023/variaveis/37%7C543%7C498%7C513%7C516%7C517%7C520%7C6575%7C6574%7C525%7C528?localidades=N6%5B4127965%5D,2026-10-06T15:05:19.153397+00:00,Agropecuária,17.21,516,vab-total,303650000.0
4127965,Turvo,2015,R$,126182000.0,517,accounts-4127965,https://servicodados.ibge.gov.br/api/v3/agregados/5938/periodos/2002%7C2003%7C2004%7C2005%7C2006%7C2007%7C2008%7C2009%7C2010%7C2011%7C2012%7C2013%7C2014%7C2015%7C2016%7C2017%7C2018%7C2019%7C2020%7C2021%7C2022%7C2023/variaveis/37%7C543%7C498%7C513%7C516%7C517%7C520%7C6575%7C6574%7C525%7C528?localidades=N6%5B4127965%5D,2026-10-06T15:05:19.153397+00:00,Indústria,41.55,520,vab-total,303650000.0
4127965,Turvo,2015,R$,71550000.0,6575,accounts-4127965,https://servicodados.ibge.gov.br/api/v3/agregados/5938/periodos/2002%7C2003%7C2004%7C2005%7C2006%7C2007%7C2008%7C2009%7C2010%7C2011%7C2012%7C2013%7C2014%7C2015%7C2016%7C2017%7C2018%7C2019%7C2020%7C2021%7C2022%7C2023/variaveis/37%7C543%7C498%7C513%7C516%7C517%7C520%7C6575%7C6574%7C525%7C528?localidades=N6%5B4127965%5D,2026-10-06T15:05:19.153397+00:00,"Serviços, exceto administração pública",23.56,6574,vab-total,303650000.0
4127965,Turvo,2015,R$,53652000.0,525,accounts-4127965,https://servicodados.ibge.gov.br/api/v3/agregados/5938/periodos/2002%7C2003%7C2004%7C2005%7C2006%7C2007%7C2008%7C2009%7C2010%7C2011%7C2012%7C2013%7C2014%7C2015%7C2016%7C2017%7C2018%7C2019%7C2020%7C2021%7C2022%7C2023/variaveis/37%7C543%7C498%7C513%7C516%7C517%7C520%7C6575%7C6574%7C525%7C528?localidades=N6%5B4127965%5D,2026-10-06T15:05:19.153397+00:00,"Administração, defesa, educação e saúde públicas e seguridade social",17.67,528,vab-total,303650000.0
4127965,Turvo,2016,R$,74454000.0,513,accounts-4127965,https://servicodados.ibge.gov.br/api/v3/agregados/5938/periodos/2002%7C2003%7C2004%7C2005%7C2006%7C2007%7C2008%7C2009%7C2010%7C2011%7C2012%7C2013%7C2014%7C2015%7C2016%7C2017%7C2018%7C2019%7C2020%7C2021%7C2022%7C2023/variaveis/37%7C543%7C498%7C513%7C516%7C517%7C520%7C6575%7C6574%7C525%7C528?localidades=N6%5B4127965%5D,2026-10-06T15:05:19.153397+00:00,Agropecuária,20.77,516,vab-total,358468000.0
4127965,Turvo,2016,R$,136908000.0,517,accounts-4127965,https://servicodados.ibge.gov.br/api/v3/agregados/5938/periodos/2002%7C2003%7C2004%7C2005%7C2006%7C2007%7C2008%7C2009%7C2010%7C2011%7C2012%7C2013%7C2014%7C2015%7C2016%7C2017%7C2018%7C2019%7C2020%7C2021%7C2022%7C2023/variaveis/37%7C543%7C498%7C513%7C516%7C517%7C520%7C6575%7C6574%7C525%7C528?localidades=N6%5B4127965%5D,2026-10-06T15:05:19.153397+00:00,Indústria,38.19,520,vab-total,358468000.0
4127965,Turvo,2016,R$,87716000.0,6575,accounts-4127965,https://servicodados.ibge.gov.br/api/v3/agregados/5938/periodos/2002%7C2003%7C2004%7C2005%7C2006%7C2007%7C2008%7C2009%7C2010%7C2011%7C2012%7C2013%7C2014%7C2015%7C2016%7C2017%7C2018%7C2019%7C2020%7C2021%7C2022%7C2023/variaveis/37%7C543%7C498%7C513%7C516%7C517%7C520%7C6575%7C6574%7C525%7C528?localidades=N6%5B4127965%5D,2026-10-06T15:05:19.153397+00:00,"Serviços, exceto administração pública",24.47,6574,vab-total,358468000.0
4127965,Turvo,2016,R$,59390000.0,525,accounts-4127965,https://servicodados.ibge.gov.br/api/v3/agregados/5938/periodos/2002%7C2003%7C2004%7C2005%7C2006%7C2007%7C2008%7C2009%7C2010%7C2011%7C2012%7C2013%7C2014%7C2015%7C2016%7C2017%7C2018%7C2019%7C2020%7C2021%7C2022%7C2023/variaveis/37%7C543%7C498%7C513%7C516%7C517%7C520%7C6575%7C6574%7C525%7C528?localidades=N6%5B4127965%5D,2026-10-06T15:05:19.153397+00:00,"Administração, defesa, educação e saúde públicas e seguridade social",16.57,528,vab-total,358468000.0
4127965,Turvo,2017,R$,71618000.0,513,accounts-4127965,https://servicodados.ibge.gov.br/api/v3/agregados/5938/periodos/2002%7C2003%7C2004%7C2005%7C2006%7C2007%7C2008%7C2009%7C2010%7C2011%7C2012%7C2013%7C2014%7C2015%7C2016%7C2017%7C2018%7C2019%7C2020%7C2021%7C2022%7C2023/variaveis/37%7C543%7C498%7C513%7C516%7C517%7C520%7C6575%7C6574%7C525%7C528?localidades=N6%5B4127965%5D,2026-10-06T15:05:19.153397+00:00,Agropecuária,18.09,516,vab-total,395825000.0
4127965,Turvo,2017,R$,163568000.0,517,accounts-4127965,https://servicodados.ibge.gov.br/api/v3/agregados/5938/periodos/2002%7C2003%7C2004%7C2005%7C2006%7C2007%7C2008%7C2009%7C2010%7C2011%7C2012%7C2013%7C2014%7C2015%7C2016%7C2017%7C2018%7C2019%7C2020%7C2021%7C2022%7C2023/variaveis/37%7C543%7C498%7C513%7C516%7C517%7C520%7C6575%7C6574%7C525%7C528?localidades=N6%5B4127965%5D,2026-10-06T15:05:19.153397+00:00,Indústria,41.32,520,vab-total,395825000.0
4127965,Turvo,2017,R$,96459000.0,6575,accounts-4127965,https://servicodados.ibge.gov.br/api/v3/agregados/5938/periodos/2002%7C2003%7C2004%7C2005%7C2006%7C2007%7C2008%7C2009%7C2010%7C2011%7C2012%7C2013%7C2014%7C2015%7C2016%7C2017%7C2018%7C2019%7C2020%7C2021%7C2022%7C2023/variaveis/37%7C543%7C498%7C513%7C516%7C517%7C520%7C6575%7C6574%7C525%7C528?localidades=N6%5B4127965%5D,2026-10-06T15:05:19.153397+00:00,"Serviços, exceto administração pública",24.37,6574,vab-total,395825000.0
4127965,Turvo,2017,R$,64180000.0,525,accounts-4127965,https://servicodados.ibge.gov.br/api/v3/agregados/5938/periodos/2002%7C2003%7C2004%7C2005%7C2006%7C2007%7C2008%7C2009%7C2010%7C2011%7C2012%7C2013%7C2014%7C2015%7C2016%7C2017%7C2018%7C2019%7C2020%7C2021%7C2022%7C2023/variaveis/37%7C543%7C498%7C513%7C516%7C517%7C520%7C6575%7C6574%7C525%7C528?localidades=N6%5B4127965%5D,2026-10-06T15:05:19.153397+00:00,"Administração, defesa, educação e saúde públicas e seguridade social",16.21,528,vab-total,395825000.0
4127965,Turvo,2018,R$,79503000.0,513,accounts-4127965,https://servicodados.ibge.gov.br/api/v3/agregados/5938/periodos/2002%7C2003%7C2004%7C2005%7C2006%7C2007%7C2008%7C2009%7C2010%7C2011%7C2012%7C2013%7C2014%7C2015%7C2016%7C2017%7C2018%7C2019%7C2020%7C2021%7C2022%7C2023/variaveis/37%7C543%7C498%7C513%7C516%7C517%7C520%7C6575%7C6574%7C525%7C528?localidades=N6%5B4127965%5D,2026-10-06T15:05:19.153397+00:00,Agropecuária,19.51,516,vab-total,407472000.0
4127965,Turvo,2018,R$,157048000.0,517,accounts-4127965,https://servicodados.ibge.gov.br/api/v3/agregados/5938/periodos/2002%7C2003%7C2004%7C2005%7C2006%7C2007%7C2008%7C2009%7C2010%7C2011%7C2012%7C2013%7C2014%7C2015%7C2016%7C2017%7C2018%7C2019%7C2020%7C2021%7C2022%7C2023/variaveis/37%7C543%7C498%7C513%7C516%7C517%7C520%7C6575%7C6574%7C525%7C528?localidades=N6%5B4127965%5D,2026-10-06T15:05:19.153397+00:00,Indústria,38.54,520,vab-total,407472000.0
4127965,Turvo,2018,R$,107045000.0,6575,accounts-4127965,https://servicodados.ibge.gov.br/api/v3/agregados/5938/periodos/2002%7C2003%7C2004%7C2005%7C2006%7C2007%7C2008%7C2009%7C2010%7C2011%7C2012%7C2013%7C2014%7C2015%7C2016%7C2017%7C2018%7C2019%7C2020%7C2021%7C2022%7C2023/variaveis/37%7C543%7C498%7C513%7C516%7C517%7C520%7C6575%7C6574%7C525%7C528?localidades=N6%5B4127965%5D,2026-10-06T15:05:19.153397+00:00,"Serviços, exceto administração pública",26.27,6574,vab-total,407472000.0
4127965,Turvo,2018,R$,63876000.0,525,accounts-4127965,https://servicodados.ibge.gov.br/api/v3/agregados/5938/periodos/2002%7C2003%7C2004%7C2005%7C2006%7C2007%7C2008%7C2009%7C2010%7C2011%7C2012%7C2013%7C2014%7C2015%7C2016%7C2017%7C2018%7C2019%7C2020%7C2021%7C2022%7C2023/variaveis/37%7C543%7C498%7C513%7C516%7C517%7C520%7C6575%7C6574%7C525%7C528?localidades=N6%5B4127965%5D,2026-10-06T15:05:19.153397+00:00,"Administração, defesa, educação e saúde públicas e seguridade social",15.68,528,vab-total,407472000.0
4127965,Turvo,2019,R$,77152000.0,513,accounts-4127965,https://servicodados.ibge.gov.br/api/v3/agregados/5938/periodos/2002%7C2003%7C2004%7C2005%7C2006%7C2007%7C2008%7C2009%7C2010%7C2011%7C2012%7C2013%7C2014%7C2015%7C2016%7C2017%7C2018%7C2019%7C2020%7C2021%7C2022%7C2023/variaveis/37%7C543%7C498%7C513%7C516%7C517%7C520%7C6575%7C6574%7C525%7C528?localidades=N6%5B4127965%5D,2026-10-06T15:05:19.153397+00:00,Agropecuária,19.52,516,vab-total,395337000.0
4127965,Turvo,2019,R$,150361000.0,517,accounts-4127965,https://servicodados.ibge.gov.br/api/v3/agregados/5938/periodos/2002%7C2003%7C2004%7C2005%7C2006%7C2007%7C2008%7C2009%7C2010%7C2011%7C2012%7C2013%7C2014%7C2015%7C2016%7C2017%7C2018%7C2019%7C2020%7C2021%7C2022%7C2023/variaveis/37%7C543%7C498%7C513%7C516%7C517%7C520%7C6575%7C6574%7C525%7C528?localidades=N6%5B4127965%5D,2026-10-06T15:05:19.153397+00:00,Indústria,38.03,520,vab-total,395337000.0
4127965,Turvo,2019,R$,100498000.0,6575,accounts-4127965,https://servicodados.ibge.gov.br/api/v3/agregados/5938/periodos/2002%7C2003%7C2004%7C2005%7C2006%7C2007%7C2008%7C2009%7C2010%7C2011%7C2012%7C2013%7C2014%7C2015%7C2016%7C2017%7C2018%7C2019%7C2020%7C2021%7C2022%7C2023/variaveis/37%7C543%7C498%7C513%7C516%7C517%7C520%7C6575%7C6574%7C525%7C528?localidades=N6%5B4127965%5D,2026-10-06T15:05:19.153397+00:00,"Serviços, exceto administração pública",25.42,6574,vab-total,395337000.0
4127965,Turvo,2019,R$,67326000.0,525,accounts-4127965,https://servicodados.ibge.gov.br/api/v3/agregados/5938/periodos/2002%7C2003%7C2004%7C2005%7C2006%7C2007%7C2008%7C2009%7C2010%7C2011%7C2012%7C2013%7C2014%7C2015%7C2016%7C2017%7C2018%7C2019%7C2020%7C2021%7C2022%7C2023/variaveis/37%7C543%7C498%7C513%7C516%7C517%7C520%7C6575%7C6574%7C525%7C528?localidades=N6%5B4127965%5D,2026-10-06T15:05:19.153397+00:00,"Administração, defesa, educação e saúde públicas e seguridade social",17.03,528,vab-total,395337000.0
4127965,Turvo,2020,R$,144253000.0,513,accounts-4127965,https://servicodados.ibge.gov.br/api/v3/agregados/5938/periodos/2002%7C2003%7C2004%7C2005%7C2006%7C2007%7C2008%7C2009%7C2010%7C2011%7C2012%7C2013%7C2014%7C2015%7C2016%7C2017%7C2018%7C2019%7C2020%7C2021%7C2022%7C2023/variaveis/37%7C543%7C498%7C513%7C516%7C517%7C520%7C6575%7C6574%7C525%7C528?localidades=N6%5B4127965%5D,2026-10-06T15:05:19.153397+00:00,Agropecuária,28.52,516,vab-total,505852000.0
4127965,Turvo,2020,R$,179091000.0,517,accounts-4127965,https://servicodados.ibge.gov.br/api/v3/agregados/5938/periodos/2002%7C2003%7C2004%7C2005%7C2006%7C2007%7C2008%7C2009%7C2010%7C2011%7C2012%7C2013%7C2014%7C2015%7C2016%7C2017%7C2018%7C2019%7C2020%7C2021%7C2022%7C2023/variaveis/37%7C543%7C498%7C513%7C516%7C517%7C520%7C6575%7C6574%7C525%7C528?localidades=N6%5B4127965%5D,2026-10-06T15:05:19.153397+00:00,Indústria,35.4,520,vab-total,505852000.0
4127965,Turvo,2020,R$,111865000.0,6575,accounts-4127965,https://servicodados.ibge.gov.br/api/v3/agregados/5938/periodos/2002%7C2003%7C2004%7C2005%7C2006%7C2007%7C2008%7C2009%7C2010%7C2011%7C2012%7C2013%7C2014%7C2015%7C2016%7C2017%7C2018%7C2019%7C2020%7C2021%7C2022%7C2023/variaveis/37%7C543%7C498%7C513%7C516%7C517%7C520%7C6575%7C6574%7C525%7C528?localidades=N6%5B4127965%5D,2026-10-06T15:05:19.153397+00:00,"Serviços, exceto administração pública",22.11,6574,vab-total,505852000.0
4127965,Turvo,2020,R$,70643000.0,525,accounts-4127965,https://servicodados.ibge.gov.br/api/v3/agregados/5938/periodos/2002%7C2003%7C2004%7C2005%7C2006%7C2007%7C2008%7C2009%7C2010%7C2011%7C2012%7C2013%7C2014%7C2015%7C2016%7C2017%7C2018%7C2019%7C2020%7C2021%7C2022%7C2023/variaveis/37%7C543%7C498%7C513%7C516%7C517%7C520%7C6575%7C6574%7C525%7C528?localidades=N6%5B4127965%5D,2026-10-06T15:05:19.153397+00:00,"Administração, defesa, educação e saúde públicas e seguridade social",13.97,528,vab-total,505852000.0
4127965,Turvo,2021,R$,162255000.0,513,accounts-4127965,https://servicodados.ibge.gov.br/api/v3/agregados/5938/periodos/2002%7C2003%7C2004%7C2005%7C2006%7C2007%7C2008%7C2009%7C2010%7C2011%7C2012%7C2013%7C2014%7C2015%7C2016%7C2017%7C2018%7C2019%7C2020%7C2021%7C2022%7C2023/variaveis/37%7C543%7C498%7C513%7C516%7C517%7C520%7C6575%7C6574%7C525%7C528?localidades=N6%5B4127965%5D,2026-10-06T15:05:19.153397+00:00,Agropecuária,29.51,516,vab-total,549820000.0
4127965,Turvo,2021,R$,186098000.0,517,accounts-4127965,https://servicodados.ibge.gov.br/api/v3/agregados/5938/periodos/2002%7C2003%7C2004%7C2005%7C2006%7C2007%7C2008%7C2009%7C2010%7C2011%7C2012%7C2013%7C2014%7C2015%7C2016%7C2017%7C2018%7C2019%7C2020%7C2021%7C2022%7C2023/variaveis/37%7C543%7C498%7C513%7C516%7C517%7C520%7C6575%7C6574%7C525%7C528?localidades=N6%5B4127965%5D,2026-10-06T15:05:19.153397+00:00,Indústria,33.85,520,vab-total,549820000.0
4127965,Turvo,2021,R$,131716000.0,6575,accounts-4127965,https://servicodados.ibge.gov.br/api/v3/agregados/5938/periodos/2002%7C2003%7C2004%7C2005%7C2006%7C2007%7C2008%7C2009%7C2010%7C2011%7C2012%7C2013%7C2014%7C2015%7C2016%7C2017%7C2018%7C2019%7C2020%7C2021%7C2022%7C2023/variaveis/37%7C543%7C498%7C513%7C516%7C517%7C520%7C6575%7C6574%7C525%7C528?localidades=N6%5B4127965%5D,2026-10-06T15:05:19.153397+00:00,"Serviços, exceto administração pública",23.96,6574,vab-total,549820000.0
4127965,Turvo,2021,R$,69752000.0,525,accounts-4127965,https://servicodados.ibge.gov.br/api/v3/agregados/5938/periodos/2002%7C2003%7C2004%7C2005%7C2006%7C2007%7C2008%7C2009%7C2010%7C2011%7C2012%7C2013%7C2014%7C2015%7C2016%7C2017%7C2018%7C2019%7C2020%7C2021%7C2022%7C2023/variaveis/37%7C543%7C498%7C513%7C516%7C517%7C520%7C6575%7C6574%7C525%7C528?localidades=N6%5B4127965%5D,2026-10-06T15:05:19.153397+00:00,"Administração, defesa, educação e saúde públicas e seguridade social",12.69,528,vab-total,549820000.0
4109401,Guarapuava,2002,R$,92067000.0,513,accounts-4109401,https://servicodados.ibge.gov.br/api/v3/agregados/5938/periodos/2002%7C2003%7C2004%7C2005%7C2006%7C2007%7C2008%7C2009%7C2010%7C2011%7C2012%7C2013%7C2014%7C2015%7C2016%7C2017%7C2018%7C2019%7C2020%7C2021%7C2022%7C2023/variaveis/37%7C543%7C498%7C513%7C516%7C517%7C520%7C6575%7C6574%7C525%7C528?localidades=N6%5B4109401%5D,2026-10-06T15:05:19.153397+00:00,Agropecuária,9.98,516,vab-total,922949000.0
4109401,Guarapuava,2002,R$,254891000.0,517,accounts-4109401,https://servicodados.ibge.gov.br/api/v3/agregados/5938/periodos/2002%7C2003%7C2004%7C2005%7C2006%7C2007%7C2008%7C2009%7C2010%7C2011%7C2012%7C2013%7C2014%7C2015%7C2016%7C2017%7C2018%7C2019%7C2020%7C2021%7C2022%7C2023/variaveis/37%7C543%7C498%7C513%7C516%7C517%7C520%7C6575%7C6574%7C525%7C528?localidades=N6%5B4109401%5D,2026-10-06T15:05:19.153397+00:00,Indústria,27.62,520,vab-total,922949000.0
4109401,Guarapuava,2002,R$,443495000.0,6575,accounts-4109401,https://servicodados.ibge.gov.br/api/v3/agregados/5938/periodos/2002%7C2003%7C2004%7C2005%7C2006%7C2007%7C2008%7C2009%7C2010%7C2011%7C2012%7C2013%7C2014%7C2015%7C2016%7C2017%7C2018%7C2019%7C2020%7C2021%7C2022%7C2023/variaveis/37%7C543%7C498%7C513%7C516%7C517%7C520%7C6575%7C6574%7C525%7C528?localidades=N6%5B4109401%5D,2026-10-06T15:05:19.153397+00:00,"Serviços, exceto administração pública",48.05,6574,vab-total,922949000.0
4109401,Guarapuava,2002,R$,132496000.0,525,accounts-4109401,https://servicodados.ibge.gov.br/api/v3/agregados/5938/periodos/2002%7C2003%7C2004%7C2005%7C2006%7C2007%7C2008%7C2009%7C2010%7C2011%7C2012%7C2013%7C2014%7C2015%7C2016%7C2017%7C2018%7C2019%7C2020%7C2021%7C2022%7C2023/variaveis/37%7C543%7C498%7C513%7C516%7C517%7C520%7C6575%7C6574%7C525%7C528?localidades=N6%5B4109401%5D,2026-10-06T15:05:19.153397+00:00,"Administração, defesa, educação e saúde públicas e seguridade social",14.36,528,vab-total,922949000.0
4109401,Guarapuava,2003,R$,136151000.0,513,accounts-4109401,https://servicodados.ibge.gov.br/api/v3/agregados/5938/periodos/2002%7C2003%7C2004%7C2005%7C2006%7C2007%7C2008%7C2009%7C2010%7C2011%7C2012%7C2013%7C2014%7C2015%7C2016%7C2017%7C2018%7C2019%7C2020%7C2021%7C2022%7C2023/variaveis/37%7C543%7C498%7C513%7C516%7C517%7C520%7C6575%7C6574%7C525%7C528?localidades=N6%5B4109401%5D,2026-10-06T15:05:19.153397+00:00,Agropecuária,10.81,516,vab-total,1259414000.0
4109401,Guarapuava,2003,R$,342718000.0,517,accounts-4109401,https://servicodados.ibge.gov.br/api/v3/agregados/5938/periodos/2002%7C2003%7C2004%7C2005%7C2006%7C2007%7C2008%7C2009%7C2010%7C2011%7C2012%7C2013%7C2014%7C2015%7C2016%7C2017%7C2018%7C2019%7C2020%7C2021%7C2022%7C2023/variaveis/37%7C543%7C498%7C513%7C516%7C517%7C520%7C6575%7C6574%7C525%7C528?localidades=N6%5B4109401%5D,2026-10-06T15:05:19.153397+00:00,Indústria,27.21,520,vab-total,1259414000.0
4109401,Guarapuava,2003,R$,609207000.0,6575,accounts-4109401,https://servicodados.ibge.gov.br/api/v3/agregados/5938/periodos/2002%7C2003%7C2004%7C2005%7C2006%7C2007%7C2008%7C2009%7C2010%7C2011%7C2012%7C2013%7C2014%7C2015%7C2016%7C2017%7C2018%7C2019%7C2020%7C2021%7C2022%7C2023/variaveis/37%7C543%7C498%7C513%7C516%7C517%7C520%7C6575%7C6574%7C525%7C528?localidades=N6%5B4109401%5D,2026-10-06T15:05:19.153397+00:00,"Serviços, exceto administração pública",48.37,6574,vab-total,1259414000.0
4109401,Guarapuava,2003,R$,171337000.0,525,accounts-4109401,https://servicodados.ibge.gov.br/api/v3/agregados/5938/periodos/2002%7C2003%7C2004%7C2005%7C2006%7C2007%7C2008%7C2009%7C2010%7C2011%7C2012%7C2013%7C2014%7C2015%7C2016%7C2017%7C2018%7C2019%7C2020%7C2021%7C2022%7C2023/variaveis/37%7C543%7C498%7C513%7C516%7C517%7C520%7C6575%7C6574%7C525%7C528?localidades=N6%5B4109401%5D,2026-10-06T15:05:19.153397+00:00,"Administração, defesa, educação e saúde públicas e seguridade social",13.6,528,vab-total,1259414000.0
4109401,Guarapuava,2004,R$,136855000.0,513,accounts-4109401,https://servicodados.ibge.gov.br/api/v3/agregados/5938/periodos/2002%7C2003%7C2004%7C2005%7C2006%7C2007%7C2008%7C2009%7C2010%7C2011%7C2012%7C2013%7C2014%7C2015%7C2016%7C2017%7C2018%7C2019%7C2020%7C2021%7C2022%7C2023/variaveis/37%7C543%7C498%7C513%7C516%7C517%7C520%7C6575%7C6574%7C525%7C528?localidades=N6%5B4109401%5D,2026-10-06T15:05:19.153397+00:00,Agropecuária,9.45,516,vab-total,1447549000.0
4109401,Guarapuava,2004,R$,420201000.0,517,accounts-4109401,https://servicodados.ibge.gov.br/api/v3/agregados/5938/periodos/2002%7C2003%7C2004%7C2005%7C2006%7C2007%7C2008%7C2009%7C2010%7C2011%7C2012%7C2013%7C2014%7C2015%7C2016%7C2017%7C2018%7C2019%7C2020%7C2021%7C2022%7C2023/variaveis/37%7C543%7C498%7C513%7C516%7C517%7C520%7C6575%7C6574%7C525%7C528?localidades=N6%5B4109401%5D,2026-10-06T15:05:19.153397+00:00,Indústria,29.03,520,vab-total,1447549000.0
4109401,Guarapuava,2004,R$,702584000.0,6575,accounts-4109401,https://servicodados.ibge.gov.br/api/v3/agregados/5938/periodos/2002%7C2003%7C2004%7C2005%7C2006%7C2007%7C2008%7C2009%7C2010%7C2011%7C2012%7C2013%7C2014%7C2015%7C2016%7C2017%7C2018%7C2019%7C2020%7C2021%7C2022%7C2023/variaveis/37%7C543%7C498%7C513%7C516%7C517%7C520%7C6575%7C6574%7C525%7C528?localidades=N6%5B4109401%5D,2026-10-06T15:05:19.153397+00:00,"Serviços, exceto administração pública",48.54,6574,vab-total,1447549000.0
4109401,Guarapuava,2004,R$,187909000.0,525,accounts-4109401,https://servicodados.ibge.gov.br/api/v3/agregados/5938/periodos/2002%7C2003%7C2004%7C2005%7C2006%7C2007%7C2008%7C2009%7C2010%7C2011%7C2012%7C2013%7C2014%7C2015%7C2016%7C2017%7C2018%7C2019%7C2020%7C2021%7C2022%7C2023/variaveis/37%7C543%7C498%7C513%7C516%7C517%7C520%7C6575%7C6574%7C525%7C528?localidades=N6%5B4109401%5D,2026-10-06T15:05:19.153397+00:00,"Administração, defesa, educação e saúde públicas e seguridade social",12.98,528,vab-total,1447549000.0
4109401,Guarapuava,2005,R$,110191000.0,513,accounts-4109401,https://servicodados.ibge.gov.br/api/v3/agregados/5938/periodos/2002%7C2003%7C2004%7C2005%7C2006%7C2007%7C2008%7C2009%7C2010%7C2011%7C2012%7C2013%7C2014%7C2015%7C2016%7C2017%7C2018%7C2019%7C2020%7C2021%7C2022%7C2023/variaveis/37%7C543%7C498%7C513%7C516%7C517%7C520%7C6575%7C6574%7C525%7C528?localidades=N6%5B4109401%5D,2026-10-06T15:05:19.153397+00:00,Agropecuária,7.64,516,vab-total,1442898000.0
4109401,Guarapuava,2005,R$,391849000.0,517,accounts-4109401,https://servicodados.ibge.gov.br/api/v3/agregados/5938/periodos/2002%7C2003%7C2004%7C2005%7C2006%7C2007%7C2008%7C2009%7C2010%7C2011%7C2012%7C2013%7C2014%7C2015%7C2016%7C2017%7C2018%7C2019%7C2020%7C2021%7C2022%7C2023/variaveis/37%7C543%7C498%7C513%7C516%7C517%7C520%7C6575%7C6574%7C525%7C528?localidades=N6%5B4109401%5D,2026-10-06T15:05:19.153397+00:00,Indústria,27.16,520,vab-total,1442898000.0
4109401,Guarapuava,2005,R$,722209000.0,6575,accounts-4109401,https://servicodados.ibge.gov.br/api/v3/agregados/5938/periodos/2002%7C2003%7C2004%7C2005%7C2006%7C2007%7C2008%7C2009%7C2010%7C2011%7C2012%7C2013%7C2014%7C2015%7C2016%7C2017%7C2018%7C2019%7C2020%7C2021%7C2022%7C2023/variaveis/37%7C543%7C498%7C513%7C516%7C517%7C520%7C6575%7C6574%7C525%7C528?localidades=N6%5B4109401%5D,2026-10-06T15:05:19.153397+00:00,"Serviços, exceto administração pública",50.05,6574,vab-total,1442898000.0
4109401,Guarapuava,2005,R$,218649000.0,525,accounts-4109401,https://servicodados.ibge.gov.br/api/v3/agregados/5938/periodos/2002%7C2003%7C2004%7C2005%7C2006%7C2007%7C2008%7C2009%7C2010%7C2011%7C2012%7C2013%7C2014%7C2015%7C2016%7C2017%7C2018%7C2019%7C2020%7C2021%7C2022%7C2023/variaveis/37%7C543%7C498%7C513%7C516%7C517%7C520%7C6575%7C6574%7C525%7C528?localidades=N6%5B4109401%5D,2026-10-06T15:05:19.153397+00:00,"Administração, defesa, educação e saúde públicas e seguridade social",15.15,528,vab-total,1442898000.0
4109401,Guarapuava,2006,R$,102083000.0,513,accounts-4109401,https://servicodados.ibge.gov.br/api/v3/agregados/5938/periodos/2002%7C2003%7C2004%7C2005%7C2006%7C2007%7C2008%7C2009%7C2010%7C2011%7C2012%7C2013%7C2014%7C2015%7C2016%7C2017%7C2018%7C2019%7C2020%7C2021%7C2022%7C2023/variaveis/37%7C543%7C498%7C513%7C516%7C517%7C520%7C6575%7C6574%7C525%7C528?localidades=N6%5B4109401%5D,2026-10-06T15:05:19.153397+00:00,Agropecuária,6.81,516,vab-total,1499807000.0
4109401,Guarapuava,2006,R$,364335000.0,517,accounts-4109401,https://servicodados.ibge.gov.br/api/v3/agregados/5938/periodos/2002%7C2003%7C2004%7C2005%7C2006%7C2007%7C2008%7C2009%7C2010%7C2011%7C2012%7C2013%7C2014%7C2015%7C2016%7C2017%7C2018%7C2019%7C2020%7C2021%7C2022%7C2023/variaveis/37%7C543%7C498%7C513%7C516%7C517%7C520%7C6575%7C6574%7C525%7C528?localidades=N6%5B4109401%5D,2026-10-06T15:05:19.153397+00:00,Indústria,24.29,520,vab-total,1499807000.0
4109401,Guarapuava,2006,R$,800006000.0,6575,accounts-4109401,https://servicodados.ibge.gov.br/api/v3/agregados/5938/periodos/2002%7C2003%7C2004%7C2005%7C2006%7C2007%7C2008%7C2009%7C2010%7C2011%7C2012%7C2013%7C2014%7C2015%7C2016%7C2017%7C2018%7C2019%7C2020%7C2021%7C2022%7C2023/variaveis/37%7C543%7C498%7C513%7C516%7C517%7C520%7C6575%7C6574%7C525%7C528?localidades=N6%5B4109401%5D,2026-10-06T15:05:19.153397+00:00,"Serviços, exceto administração pública",53.34,6574,vab-total,1499807000.0
4109401,Guarapuava,2006,R$,233382000.0,525,accounts-4109401,https://servicodados.ibge.gov.br/api/v3/agregados/5938/periodos/2002%7C2003%7C2004%7C2005%7C2006%7C2007%7C2008%7C2009%7C2010%7C2011%7C2012%7C2013%7C2014%7C2015%7C2016%7C2017%7C2018%7C2019%7C2020%7C2021%7C2022%7C2023/variaveis/37%7C543%7C498%7C513%7C516%7C517%7C520%7C6575%7C6574%7C525%7C528?localidades=N6%5B4109401%5D,2026-10-06T15:05:19.153397+00:00,"Administração, defesa, educação e saúde públicas e seguridade social",15.56,528,vab-total,1499807000.0
4109401,Guarapuava,2007,R$,115670000.0,513,accounts-4109401,https://servicodados.ibge.gov.br/api/v3/agregados/5938/periodos/2002%7C2003%7C2004%7C2005%7C2006%7C2007%7C2008%7C2009%7C2010%7C2011%7C2012%7C2013%7C2014%7C2015%7C2016%7C2017%7C2018%7C2019%7C2020%7C2021%7C2022%7C2023/variaveis/37%7C543%7C498%7C513%7C516%7C517%7C520%7C6575%7C6574%7C525%7C528?localidades=N6%5B4109401%5D,2026-10-06T15:05:19.153397+00:00,Agropecuária,6.34,516,vab-total,1825750000.0
4109401,Guarapuava,2007,R$,456039000.0,517,accounts-4109401,https://servicodados.ibge.gov.br/api/v3/agregados/5938/periodos/2002%7C2003%7C2004%7C2005%7C2006%7C2007%7C2008%7C2009%7C2010%7C2011%7C2012%7C2013%7C2014%7C2015%7C2016%7C2017%7C2018%7C2019%7C2020%7C2021%7C2022%7C2023/variaveis/37%7C543%7C498%7C513%7C516%7C517%7C520%7C6575%7C6574%7C525%7C528?localidades=N6%5B4109401%5D,2026-10-06T15:05:19.153397+00:00,Indústria,24.98,520,vab-total,1825750000.0
4109401,Guarapuava,2007,R$,1002674000.0,6575,accounts-4109401,https://servicodados.ibge.gov.br/api/v3/agregados/5938/periodos/2002%7C2003%7C2004%7C2005%7C2006%7C2007%7C2008%7C2009%7C2010%7C2011%7C2012%7C2013%7C2014%7C2015%7C2016%7C2017%7C2018%7C2019%7C2020%7C2021%7C2022%7C2023/variaveis/37%7C543%7C498%7C513%7C516%7C517%7C520%7C6575%7C6574%7C525%7C528?localidades=N6%5B4109401%5D,2026-10-06T15:05:19.153397+00:00,"Serviços, exceto administração pública",54.92,6574,vab-total,1825750000.0
4109401,Guarapuava,2007,R$,251367000.0,525,accounts-4109401,https://servicodados.ibge.gov.br/api/v3/agregados/5938/periodos/2002%7C2003%7C2004%7C2005%7C2006%7C2007%7C2008%7C2009%7C2010%7C2011%7C2012%7C2013%7C2014%7C2015%7C2016%7C2017%7C2018%7C2019%7C2020%7C2021%7C2022%7C2023/variaveis/37%7C543%7C498%7C513%7C516%7C517%7C520%7C6575%7C6574%7C525%7C528?localidades=N6%5B4109401%5D,2026-10-06T15:05:19.153397+00:00,"Administração, defesa, educação e saúde públicas e seguridade social",13.77,528,vab-total,1825750000.0
4109401,Guarapuava,2008,R$,165597000.0,513,accounts-4109401,https://servicodados.ibge.gov.br/api/v3/agregados/5938/periodos/2002%7C2003%7C2004%7C2005%7C2006%7C2007%7C2008%7C2009%7C2010%7C2011%7C2012%7C2013%7C2014%7C2015%7C2016%7C2017%7C2018%7C2019%7C2020%7C2021%7C2022%7C2023/variaveis/37%7C543%7C498%7C513%7C516%7C517%7C520%7C6575%7C6574%7C525%7C528?localidades=N6%5B4109401%5D,2026-10-06T15:05:19.153397+00:00,Agropecuária,8.71,516,vab-total,1900760000.0
4109401,Guarapuava,2008,R$,440564000.0,517,accounts-4109401,https://servicodados.ibge.gov.br/api/v3/agregados/5938/periodos/2002%7C2003%7C2004%7C2005%7C2006%7C2007%7C2008%7C2009%7C2010%7C2011%7C2012%7C2013%7C2014%7C2015%7C2016%7C2017%7C2018%7C2019%7C2020%7C2021%7C2022%7C2023/variaveis/37%7C543%7C498%7C513%7C516%7C517%7C520%7C6575%7C6574%7C525%7C528?localidades=N6%5B4109401%5D,2026-10-06T15:05:19.153397+00:00,Indústria,23.18,520,vab-total,1900760000.0
4109401,Guarapuava,2008,R$,1015744000.0,6575,accounts-4109401,https://servicodados.ibge.gov.br/api/v3/agregados/5938/periodos/2002%7C2003%7C2004%7C2005%7C2006%7C2007%7C2008%7C2009%7C2010%7C2011%7C2012%7C2013%7C2014%7C2015%7C2016%7C2017%7C2018%7C2019%7C2020%7C2021%7C2022%7C2023/variaveis/37%7C543%7C498%7C513%7C516%7C517%7C520%7C6575%7C6574%7C525%7C528?localidades=N6%5B4109401%5D,2026-10-06T15:05:19.153397+00:00,"Serviços, exceto administração pública",53.44,6574,vab-total,1900760000.0
4109401,Guarapuava,2008,R$,278854000.0,525,accounts-4109401,https://servicodados.ibge.gov.br/api/v3/agregados/5938/periodos/2002%7C2003%7C2004%7C2005%7C2006%7C2007%7C2008%7C2009%7C2010%7C2011%7C2012%7C2013%7C2014%7C2015%7C2016%7C2017%7C2018%7C2019%7C2020%7C2021%7C2022%7C2023/variaveis/37%7C543%7C498%7C513%7C516%7C517%7C520%7C6575%7C6574%7C525%7C528?localidades=N6%5B4109401%5D,2026-10-06T15:05:19.153397+00:00,"Administração, defesa, educação e saúde públicas e seguridade social",14.67,528,vab-total,1900760000.0
4109401,Guarapuava,2009,R$,159612000.0,513,accounts-4109401,https://servicodados.ibge.gov.br/api/v3/agregados/5938/periodos/2002%7C2003%7C2004%7C2005%7C2006%7C2007%7C2008%7C2009%7C2010%7C2011%7C2012%7C2013%7C2014%7C2015%7C2016%7C2017%7C2018%7C2019%7C2020%7C2021%7C2022%7C2023/variaveis/37%7C543%7C498%7C513%7C516%7C517%7C520%7C6575%7C6574%7C525%7C528?localidades=N6%5B4109401%5D,2026-10-06T15:05:19.153397+00:00,Agropecuária,7.9,516,vab-total,2021067000.0
4109401,Guarapuava,2009,R$,464740000.0,517,accounts-4109401,https://servicodados.ibge.gov.br/api/v3/agregados/5938/periodos/2002%7C2003%7C2004%7C2005%7C2006%7C2007%7C2008%7C2009%7C2010%7C2011%7C2012%7C2013%7C2014%7C2015%7C2016%7C2017%7C2018%7C2019%7C2020%7C2021%7C2022%7C2023/variaveis/37%7C543%7C498%7C513%7C516%7C517%7C520%7C6575%7C6574%7C525%7C528?localidades=N6%5B4109401%5D,2026-10-06T15:05:19.153397+00:00,Indústria,22.99,520,vab-total,2021067000.0
4109401,Guarapuava,2009,R$,1095113000.0,6575,accounts-4109401,https://servicodados.ibge.gov.br/api/v3/agregados/5938/periodos/2002%7C2003%7C2004%7C2005%7C2006%7C2007%7C2008%7C2009%7C2010%7C2011%7C2012%7C2013%7C2014%7C2015%7C2016%7C2017%7C2018%7C2019%7C2020%7C2021%7C2022%7C2023/variaveis/37%7C543%7C498%7C513%7C516%7C517%7C520%7C6575%7C6574%7C525%7C528?localidades=N6%5B4109401%5D,2026-10-06T15:05:19.153397+00:00,"Serviços, exceto administração pública",54.18,6574,vab-total,2021067000.0
4109401,Guarapuava,2009,R$,301602000.0,525,accounts-4109401,https://servicodados.ibge.gov.br/api/v3/agregados/5938/periodos/2002%7C2003%7C2004%7C2005%7C2006%7C2007%7C2008%7C2009%7C2010%7C2011%7C2012%7C2013%7C2014%7C2015%7C2016%7C2017%7C2018%7C2019%7C2020%7C2021%7C2022%7C2023/variaveis/37%7C543%7C498%7C513%7C516%7C517%7C520%7C6575%7C6574%7C525%7C528?localidades=N6%5B4109401%5D,2026-10-06T15:05:19.153397+00:00,"Administração, defesa, educação e saúde públicas e seguridade social",14.92,528,vab-total,2021067000.0
4109401,Guarapuava,2010,R$,154184000.0,513,accounts-4109401,https://servicodados.ibge.gov.br/api/v3/agregados/5938/periodos/2002%7C2003%7C2004%7C2005%7C2006%7C2007%7C2008%7C2009%7C2010%7C2011%7C2012%7C2013%7C2014%7C2015%7C2016%7C2017%7C2018%7C2019%7C2020%7C2021%7C2022%7C2023/variaveis/37%7C543%7C498%7C513%7C516%7C517%7C520%7C6575%7C6574%7C525%7C528?localidades=N6%5B4109401%5D,2026-10-06T15:05:19.153397+00:00,Agropecuária,6.87,516,vab-total,2245271000.0
4109401,Guarapuava,2010,R$,486300000.0,517,accounts-4109401,https://servicodados.ibge.gov.br/api/v3/agregados/5938/periodos/2002%7C2003%7C2004%7C2005%7C2006%7C2007%7C2008%7C2009%7C2010%7C2011%7C2012%7C2013%7C2014%7C2015%7C2016%7C2017%7C2018%7C2019%7C2020%7C2021%7C2022%7C2023/variaveis/37%7C543%7C498%7C513%7C516%7C517%7C520%7C6575%7C6574%7C525%7C528?localidades=N6%5B4109401%5D,2026-10-06T15:05:19.153397+00:00,Indústria,21.66,520,vab-total,2245271000.0
4109401,Guarapuava,2010,R$,1273104000.0,6575,accounts-4109401,https://servicodados.ibge.gov.br/api/v3/agregados/5938/periodos/2002%7C2003%7C2004%7C2005%7C2006%7C2007%7C2008%7C2009%7C2010%7C2011%7C2012%7C2013%7C2014%7C2015%7C2016%7C2017%7C2018%7C2019%7C2020%7C2021%7C2022%7C2023/variaveis/37%7C543%7C498%7C513%7C516%7C517%7C520%7C6575%7C6574%7C525%7C528?localidades=N6%5B4109401%5D,2026-10-06T15:05:19.153397+00:00,"Serviços, exceto administração pública",56.7,6574,vab-total,2245271000.0
4109401,Guarapuava,2010,R$,331682000.0,525,accounts-4109401,https://servicodados.ibge.gov.br/api/v3/agregados/5938/periodos/2002%7C2003%7C2004%7C2005%7C2006%7C2007%7C2008%7C2009%7C2010%7C2011%7C2012%7C2013%7C2014%7C2015%7C2016%7C2017%7C2018%7C2019%7C2020%7C2021%7C2022%7C2023/variaveis/37%7C543%7C498%7C513%7C516%7C517%7C520%7C6575%7C6574%7C525%7C528?localidades=N6%5B4109401%5D,2026-10-06T15:05:19.153397+00:00,"Administração, defesa, educação e saúde públicas e seguridade social",14.77,528,vab-total,2245271000.0
4109401,Guarapuava,2011,R$,197676000.0,513,accounts-4109401,https://servicodados.ibge.gov.br/api/v3/agregados/5938/periodos/2002%7C2003%7C2004%7C2005%7C2006%7C2007%7C2008%7C2009%7C2010%7C2011%7C2012%7C2013%7C2014%7C2015%7C2016%7C2017%7C2018%7C2019%7C2020%7C2021%7C2022%7C2023/variaveis/37%7C543%7C498%7C513%7C516%7C517%7C520%7C6575%7C6574%7C525%7C528?localidades=N6%5B4109401%5D,2026-10-06T15:05:19.153397+00:00,Agropecuária,7.59,516,vab-total,2605997000.0
4109401,Guarapuava,2011,R$,572447000.0,517,accounts-4109401,https://servicodados.ibge.gov.br/api/v3/agregados/5938/periodos/2002%7C2003%7C2004%7C2005%7C2006%7C2007%7C2008%7C2009%7C2010%7C2011%7C2012%7C2013%7C2014%7C2015%7C2016%7C2017%7C2018%7C2019%7C2020%7C2021%7C2022%7C2023/variaveis/37%7C543%7C498%7C513%7C516%7C517%7C520%7C6575%7C6574%7C525%7C528?localidades=N6%5B4109401%5D,2026-10-06T15:05:19.153397+00:00,Indústria,21.97,520,vab-total,2605997000.0
4109401,Guarapuava,2011,R$,1462320000.0,6575,accounts-4109401,https://servicodados.ibge.gov.br/api/v3/agregados/5938/periodos/2002%7C2003%7C2004%7C2005%7C2006%7C2007%7C2008%7C2009%7C2010%7C2011%7C2012%7C2013%7C2014%7C2015%7C2016%7C2017%7C2018%7C2019%7C2020%7C2021%7C2022%7C2023/variaveis/37%7C543%7C498%7C513%7C516%7C517%7C520%7C6575%7C6574%7C525%7C528?localidades=N6%5B4109401%5D,2026-10-06T15:05:19.153397+00:00,"Serviços, exceto administração pública",56.11,6574,vab-total,2605997000.0
4109401,Guarapuava,2011,R$,373555000.0,525,accounts-4109401,https://servicodados.ibge.gov.br/api/v3/agregados/5938/periodos/2002%7C2003%7C2004%7C2005%7C2006%7C2007%7C2008%7C2009%7C2010%7C2011%7C2012%7C2013%7C2014%7C2015%7C2016%7C2017%7C2018%7C2019%7C2020%7C2021%7C2022%7C2023/variaveis/37%7C543%7C498%7C513%7C516%7C517%7C520%7C6575%7C6574%7C525%7C528?localidades=N6%5B4109401%5D,2026-10-06T15:05:19.153397+00:00,"Administração, defesa, educação e saúde públicas e seguridade social",14.33,528,vab-total,2605997000.0
4109401,Guarapuava,2012,R$,204984000.0,513,accounts-4109401,https://servicodados.ibge.gov.br/api/v3/agregados/5938/periodos/2002%7C2003%7C2004%7C2005%7C2006%7C2007%7C2008%7C2009%7C2010%7C2011%7C2012%7C2013%7C2014%7C2015%7C2016%7C2017%7C2018%7C2019%7C2020%7C2021%7C2022%7C2023/variaveis/37%7C543%7C498%7C513%7C516%7C517%7C520%7C6575%7C6574%7C525%7C528?localidades=N6%5B4109401%5D,2026-10-06T15:05:19.153397+00:00,Agropecuária,6.67,516,vab-total,3072211000.0
4109401,Guarapuava,2012,R$,750073000.0,517,accounts-4109401,https://servicodados.ibge.gov.br/api/v3/agregados/5938/periodos/2002%7C2003%7C2004%7C2005%7C2006%7C2007%7C2008%7C2009%7C2010%7C2011%7C2012%7C2013%7C2014%7C2015%7C2016%7C2017%7C2018%7C2019%7C2020%7C2021%7C2022%7C2023/variaveis/37%7C543%7C498%7C513%7C516%7C517%7C520%7C6575%7C6574%7C525%7C528?localidades=N6%5B4109401%5D,2026-10-06T15:05:19.153397+00:00,Indústria,24.41,520,vab-total,3072211000.0
4109401,Guarapuava,2012,R$,1690450000.0,6575,accounts-4109401,https://servicodados.ibge.gov.br/api/v3/agregados/5938/periodos/2002%7C2003%7C2004%7C2005%7C2006%7C2007%7C2008%7C2009%7C2010%7C2011%7C2012%7C2013%7C2014%7C2015%7C2016%7C2017%7C2018%7C2019%7C2020%7C2021%7C2022%7C2023/variaveis/37%7C543%7C498%7C513%7C516%7C517%7C520%7C6575%7C6574%7C525%7C528?localidades=N6%5B4109401%5D,2026-10-06T15:05:19.153397+00:00,"Serviços, exceto administração pública",55.02,6574,vab-total,3072211000.0
4109401,Guarapuava,2012,R$,426703000.0,525,accounts-4109401,https://servicodados.ibge.gov.br/api/v3/agregados/5938/periodos/2002%7C2003%7C2004%7C2005%7C2006%7C2007%7C2008%7C2009%7C2010%7C2011%7C2012%7C2013%7C2014%7C2015%7C2016%7C2017%7C2018%7C2019%7C2020%7C2021%7C2022%7C2023/variaveis/37%7C543%7C498%7C513%7C516%7C517%7C520%7C6575%7C6574%7C525%7C528?localidades=N6%5B4109401%5D,2026-10-06T15:05:19.153397+00:00,"Administração, defesa, educação e saúde públicas e seguridade social",13.89,528,vab-total,3072211000.0
4109401,Guarapuava,2013,R$,274299000.0,513,accounts-4109401,https://servicodados.ibge.gov.br/api/v3/agregados/5938/periodos/2002%7C2003%7C2004%7C2005%7C2006%7C2007%7C2008%7C2009%7C2010%7C2011%7C2012%7C2013%7C2014%7C2015%7C2016%7C2017%7C2018%7C2019%7C2020%7C2021%7C2022%7C2023/variaveis/37%7C543%7C498%7C513%7C516%7C517%7C520%7C6575%7C6574%7C525%7C528?localidades=N6%5B4109401%5D,2026-10-06T15:05:19.153397+00:00,Agropecuária,7.45,516,vab-total,3681930000.0
4109401,Guarapuava,2013,R$,799018000.0,517,accounts-4109401,https://servicodados.ibge.gov.br/api/v3/agregados/5938/periodos/2002%7C2003%7C2004%7C2005%7C2006%7C2007%7C2008%7C2009%7C2010%7C2011%7C2012%7C2013%7C2014%7C2015%7C2016%7C2017%7C2018%7C2019%7C2020%7C2021%7C2022%7C2023/variaveis/37%7C543%7C498%7C513%7C516%7C517%7C520%7C6575%7C6574%7C525%7C528?localidades=N6%5B4109401%5D,2026-10-06T15:05:19.153397+00:00,Indústria,21.7,520,vab-total,3681930000.0
4109401,Guarapuava,2013,R$,2093248000.0,6575,accounts-4109401,https://servicodados.ibge.gov.br/api/v3/agregados/5938/periodos/2002%7C2003%7C2004%7C2005%7C2006%7C2007%7C2008%7C2009%7C2010%7C2011%7C2012%7C2013%7C2014%7C2015%7C2016%7C2017%7C2018%7C2019%7C2020%7C2021%7C2022%7C2023/variaveis/37%7C543%7C498%7C513%7C516%7C517%7C520%7C6575%7C6574%7C525%7C528?localidades=N6%5B4109401%5D,2026-10-06T15:05:19.153397+00:00,"Serviços, exceto administração pública",56.85,6574,vab-total,3681930000.0
4109401,Guarapuava,2013,R$,515364000.0,525,accounts-4109401,https://servicodados.ibge.gov.br/api/v3/agregados/5938/periodos/2002%7C2003%7C2004%7C2005%7C2006%7C2007%7C2008%7C2009%7C2010%7C2011%7C2012%7C2013%7C2014%7C2015%7C2016%7C2017%7C2018%7C2019%7C2020%7C2021%7C2022%7C2023/variaveis/37%7C543%7C498%7C513%7C516%7C517%7C520%7C6575%7C6574%7C525%7C528?localidades=N6%5B4109401%5D,2026-10-06T15:05:19.153397+00:00,"Administração, defesa, educação e saúde públicas e seguridade social",14.0,528,vab-total,3681930000.0
4109401,Guarapuava,2014,R$,259601000.0,513,accounts-4109401,https://servicodados.ibge.gov.br/api/v3/agregados/5938/periodos/2002%7C2003%7C2004%7C2005%7C2006%7C2007%7C2008%7C2009%7C2010%7C2011%7C2012%7C2013%7C2014%7C2015%7C2016%7C2017%7C2018%7C2019%7C2020%7C2021%7C2022%7C2023/variaveis/37%7C543%7C498%7C513%7C516%7C517%7C520%7C6575%7C6574%7C525%7C528?localidades=N6%5B4109401%5D,2026-10-06T15:05:19.153397+00:00,Agropecuária,6.58,516,vab-total,3943780000.0
4109401,Guarapuava,2014,R$,842483000.0,517,accounts-4109401,https://servicodados.ibge.gov.br/api/v3/agregados/5938/periodos/2002%7C2003%7C2004%7C2005%7C2006%7C2007%7C2008%7C2009%7C2010%7C2011%7C2012%7C2013%7C2014%7C2015%7C2016%7C2017%7C2018%7C2019%7C2020%7C2021%7C2022%7C2023/variaveis/37%7C543%7C498%7C513%7C516%7C517%7C520%7C6575%7C6574%7C525%7C528?localidades=N6%5B4109401%5D,2026-10-06T15:05:19.153397+00:00,Indústria,21.36,520,vab-total,3943780000.0
4109401,Guarapuava,2014,R$,2261314000.0,6575,accounts-4109401,https://servicodados.ibge.gov.br/api/v3/agregados/5938/periodos/2002%7C2003%7C2004%7C2005%7C2006%7C2007%7C2008%7C2009%7C2010%7C2011%7C2012%7C2013%7C2014%7C2015%7C2016%7C2017%7C2018%7C2019%7C2020%7C2021%7C2022%7C2023/variaveis/37%7C543%7C498%7C513%7C516%7C517%7C520%7C6575%7C6574%7C525%7C528?localidades=N6%5B4109401%5D,2026-10-06T15:05:19.153397+00:00,"Serviços, exceto administração pública",57.34,6574,vab-total,3943780000.0
4109401,Guarapuava,2014,R$,580381000.0,525,accounts-4109401,https://servicodados.ibge.gov.br/api/v3/agregados/5938/periodos/2002%7C2003%7C2004%7C2005%7C2006%7C2007%7C2008%7C2009%7C2010%7C2011%7C2012%7C2013%7C2014%7C2015%7C2016%7C2017%7C2018%7C2019%7C2020%7C2021%7C2022%7C2023/variaveis/37%7C543%7C498%7C513%7C516%7C517%7C520%7C6575%7C6574%7C525%7C528?localidades=N6%5B4109401%5D,2026-10-06T15:05:19.153397+00:00,"Administração, defesa, educação e saúde públicas e seguridade social",14.72,528,vab-total,3943780000.0
4109401,Guarapuava,2015,R$,269580000.0,513,accounts-4109401,https://servicodados.ibge.gov.br/api/v3/agregados/5938/periodos/2002%7C2003%7C2004%7C2005%7C2006%7C2007%7C2008%7C2009%7C2010%7C2011%7C2012%7C2013%7C2014%7C2015%7C2016%7C2017%7C2018%7C2019%7C2020%7C2021%7C2022%7C2023/variaveis/37%7C543%7C498%7C513%7C516%7C517%7C520%7C6575%7C6574%7C525%7C528?localidades=N6%5B4109401%5D,2026-10-06T15:05:19.153397+00:00,Agropecuária,6.39,516,vab-total,4220340000.0
4109401,Guarapuava,2015,R$,893810000.0,517,accounts-4109401,https://servicodados.ibge.gov.br/api/v3/agregados/5938/periodos/2002%7C2003%7C2004%7C2005%7C2006%7C2007%7C2008%7C2009%7C2010%7C2011%7C2012%7C2013%7C2014%7C2015%7C2016%7C2017%7C2018%7C2019%7C2020%7C2021%7C2022%7C2023/variaveis/37%7C543%7C498%7C513%7C516%7C517%7C520%7C6575%7C6574%7C525%7C528?localidades=N6%5B4109401%5D,2026-10-06T15:05:19.153397+00:00,Indústria,21.18,520,vab-total,4220340000.0
4109401,Guarapuava,2015,R$,2426083000.0,6575,accounts-4109401,https://servicodados.ibge.gov.br/api/v3/agregados/5938/periodos/2002%7C2003%7C2004%7C2005%7C2006%7C2007%7C2008%7C2009%7C2010%7C2011%7C2012%7C2013%7C2014%7C2015%7C2016%7C2017%7C2018%7C2019%7C2020%7C2021%7C2022%7C2023/variaveis/37%7C543%7C498%7C513%7C516%7C517%7C520%7C6575%7C6574%7C525%7C528?localidades=N6%5B4109401%5D,2026-10-06T15:05:19.153397+00:00,"Serviços, exceto administração pública",57.49,6574,vab-total,4220340000.0
4109401,Guarapuava,2015,R$,630866000.0,525,accounts-4109401,https://servicodados.ibge.gov.br/api/v3/agregados/5938/periodos/2002%7C2003%7C2004%7C2005%7C2006%7C2007%7C2008%7C2009%7C2010%7C2011%7C2012%7C2013%7C2014%7C2015%7C2016%7C2017%7C2018%7C2019%7C2020%7C2021%7C2022%7C2023/variaveis/37%7C543%7C498%7C513%7C516%7C517%7C520%7C6575%7C6574%7C525%7C528?localidades=N6%5B4109401%5D,2026-10-06T15:05:19.153397+00:00,"Administração, defesa, educação e saúde públicas e seguridade social",14.95,528,vab-total,4220340000.0
4109401,Guarapuava,2016,R$,345628000.0,513,accounts-4109401,https://servicodados.ibge.gov.br/api/v3/agregados/5938/periodos/2002%7C2003%7C2004%7C2005%7C2006%7C2007%7C2008%7C2009%7C2010%7C2011%7C2012%7C2013%7C2014%7C2015%7C2016%7C2017%7C2018%7C2019%7C2020%7C2021%7C2022%7C2023/variaveis/37%7C543%7C498%7C513%7C516%7C517%7C520%7C6575%7C6574%7C525%7C528?localidades=N6%5B4109401%5D,2026-10-06T15:05:19.153397+00:00,Agropecuária,7.51,516,vab-total,4604178000.0
4109401,Guarapuava,2016,R$,916234000.0,517,accounts-4109401,https://servicodados.ibge.gov.br/api/v3/agregados/5938/periodos/2002%7C2003%7C2004%7C2005%7C2006%7C2007%7C2008%7C2009%7C2010%7C2011%7C2012%7C2013%7C2014%7C2015%7C2016%7C2017%7C2018%7C2019%7C2020%7C2021%7C2022%7C2023/variaveis/37%7C543%7C498%7C513%7C516%7C517%7C520%7C6575%7C6574%7C525%7C528?localidades=N6%5B4109401%5D,2026-10-06T15:05:19.153397+00:00,Indústria,19.9,520,vab-total,4604178000.0
4109401,Guarapuava,2016,R$,2634616000.0,6575,accounts-4109401,https://servicodados.ibge.gov.br/api/v3/agregados/5938/periodos/2002%7C2003%7C2004%7C2005%7C2006%7C2007%7C2008%7C2009%7C2010%7C2011%7C2012%7C2013%7C2014%7C2015%7C2016%7C2017%7C2018%7C2019%7C2020%7C2021%7C2022%7C2023/variaveis/37%7C543%7C498%7C513%7C516%7C517%7C520%7C6575%7C6574%7C525%7C528?localidades=N6%5B4109401%5D,2026-10-06T15:05:19.153397+00:00,"Serviços, exceto administração pública",57.22,6574,vab-total,4604178000.0
4109401,Guarapuava,2016,R$,707700000.0,525,accounts-4109401,https://servicodados.ibge.gov.br/api/v3/agregados/5938/periodos/2002%7C2003%7C2004%7C2005%7C2006%7C2007%7C2008%7C2009%7C2010%7C2011%7C2012%7C2013%7C2014%7C2015%7C2016%7C2017%7C2018%7C2019%7C2020%7C2021%7C2022%7C2023/variaveis/37%7C543%7C498%7C513%7C516%7C517%7C520%7C6575%7C6574%7C525%7C528?localidades=N6%5B4109401%5D,2026-10-06T15:05:19.153397+00:00,"Administração, defesa, educação e saúde públicas e seguridade social",15.37,528,vab-total,4604178000.0
4109401,Guarapuava,2017,R$,320722000.0,513,accounts-4109401,https://servicodados.ibge.gov.br/api/v3/agregados/5938/periodos/2002%7C2003%7C2004%7C2005%7C2006%7C2007%7C2008%7C2009%7C2010%7C2011%7C2012%7C2013%7C2014%7C2015%7C2016%7C2017%7C2018%7C2019%7C2020%7C2021%7C2022%7C2023/variaveis/37%7C543%7C498%7C513%7C516%7C517%7C520%7C6575%7C6574%7C525%7C528?localidades=N6%5B4109401%5D,2026-10-06T15:05:19.153397+00:00,Agropecuária,6.51,516,vab-total,4924953000.0
4109401,Guarapuava,2017,R$,1070457000.0,517,accounts-4109401,https://servicodados.ibge.gov.br/api/v3/agregados/5938/periodos/2002%7C2003%7C2004%7C2005%7C2006%7C2007%7C2008%7C2009%7C2010%7C2011%7C2012%7C2013%7C2014%7C2015%7C2016%7C2017%7C2018%7C2019%7C2020%7C2021%7C2022%7C2023/variaveis/37%7C543%7C498%7C513%7C516%7C517%7C520%7C6575%7C6574%7C525%7C528?localidades=N6%5B4109401%5D,2026-10-06T15:05:19.153397+00:00,Indústria,21.74,520,vab-total,4924953000.0
4109401,Guarapuava,2017,R$,2769946000.0,6575,accounts-4109401,https://servicodados.ibge.gov.br/api/v3/agregados/5938/periodos/2002%7C2003%7C2004%7C2005%7C2006%7C2007%7C2008%7C2009%7C2010%7C2011%7C2012%7C2013%7C2014%7C2015%7C2016%7C2017%7C2018%7C2019%7C2020%7C2021%7C2022%7C2023/variaveis/37%7C543%7C498%7C513%7C516%7C517%7C520%7C6575%7C6574%7C525%7C528?localidades=N6%5B4109401%5D,2026-10-06T15:05:19.153397+00:00,"Serviços, exceto administração pública",56.24,6574,vab-total,4924953000.0
4109401,Guarapuava,2017,R$,763828000.0,525,accounts-4109401,https://servicodados.ibge.gov.br/api/v3/agregados/5938/periodos/2002%7C2003%7C2004%7C2005%7C2006%7C2007%7C2008%7C2009%7C2010%7C2011%7C2012%7C2013%7C2014%7C2015%7C2016%7C2017%7C2018%7C2019%7C2020%7C2021%7C2022%7C2023/variaveis/37%7C543%7C498%7C513%7C516%7C517%7C520%7C6575%7C6574%7C525%7C528?localidades=N6%5B4109401%5D,2026-10-06T15:05:19.153397+00:00,"Administração, defesa, educação e saúde públicas e seguridade social",15.51,528,vab-total,4924953000.0
4109401,Guarapuava,2018,R$,352431000.0,513,accounts-4109401,https://servicodados.ibge.gov.br/api/v3/agregados/5938/periodos/2002%7C2003%7C2004%7C2005%7C2006%7C2007%7C2008%7C2009%7C2010%7C2011%7C2012%7C2013%7C2014%7C2015%7C2016%7C2017%7C2018%7C2019%7C2020%7C2021%7C2022%7C2023/variaveis/37%7C543%7C498%7C513%7C516%7C517%7C520%7C6575%7C6574%7C525%7C528?localidades=N6%5B4109401%5D,2026-10-06T15:05:19.153397+00:00,Agropecuária,6.53,516,vab-total,5397160000.0
4109401,Guarapuava,2018,R$,1122213000.0,517,accounts-4109401,https://servicodados.ibge.gov.br/api/v3/agregados/5938/periodos/2002%7C2003%7C2004%7C2005%7C2006%7C2007%7C2008%7C2009%7C2010%7C2011%7C2012%7C2013%7C2014%7C2015%7C2016%7C2017%7C2018%7C2019%7C2020%7C2021%7C2022%7C2023/variaveis/37%7C543%7C498%7C513%7C516%7C517%7C520%7C6575%7C6574%7C525%7C528?localidades=N6%5B4109401%5D,2026-10-06T15:05:19.153397+00:00,Indústria,20.79,520,vab-total,5397160000.0
4109401,Guarapuava,2018,R$,3110836000.0,6575,accounts-4109401,https://servicodados.ibge.gov.br/api/v3/agregados/5938/periodos/2002%7C2003%7C2004%7C2005%7C2006%7C2007%7C2008%7C2009%7C2010%7C2011%7C2012%7C2013%7C2014%7C2015%7C2016%7C2017%7C2018%7C2019%7C2020%7C2021%7C2022%7C2023/variaveis/37%7C543%7C498%7C513%7C516%7C517%7C520%7C6575%7C6574%7C525%7C528?localidades=N6%5B4109401%5D,2026-10-06T15:05:19.153397+00:00,"Serviços, exceto administração pública",57.64,6574,vab-total,5397160000.0
4109401,Guarapuava,2018,R$,811680000.0,525,accounts-4109401,https://servicodados.ibge.gov.br/api/v3/agregados/5938/periodos/2002%7C2003%7C2004%7C2005%7C2006%7C2007%7C2008%7C2009%7C2010%7C2011%7C2012%7C2013%7C2014%7C2015%7C2016%7C2017%7C2018%7C2019%7C2020%7C2021%7C2022%7C2023/variaveis/37%7C543%7C498%7C513%7C516%7C517%7C520%7C6575%7C6574%7C525%7C528?localidades=N6%5B4109401%5D,2026-10-06T15:05:19.153397+00:00,"Administração, defesa, educação e saúde públicas e seguridade social",15.04,528,vab-total,5397160000.0
4109401,Guarapuava,2019,R$,351453000.0,513,accounts-4109401,https://servicodados.ibge.gov.br/api/v3/agregados/5938/periodos/2002%7C2003%7C2004%7C2005%7C2006%7C2007%7C2008%7C2009%7C2010%7C2011%7C2012%7C2013%7C2014%7C2015%7C2016%7C2017%7C2018%7C2019%7C2020%7C2021%7C2022%7C2023/variaveis/37%7C543%7C498%7C513%7C516%7C517%7C520%7C6575%7C6574%7C525%7C528?localidades=N6%5B4109401%5D,2026-10-06T15:05:19.153397+00:00,Agropecuária,6.56,516,vab-total,5357747000.0
4109401,Guarapuava,2019,R$,1087383000.0,517,accounts-4109401,https://servicodados.ibge.gov.br/api/v3/agregados/5938/periodos/2002%7C2003%7C2004%7C2005%7C2006%7C2007%7C2008%7C2009%7C2010%7C2011%7C2012%7C2013%7C2014%7C2015%7C2016%7C2017%7C2018%7C2019%7C2020%7C2021%7C2022%7C2023/variaveis/37%7C543%7C498%7C513%7C516%7C517%7C520%7C6575%7C6574%7C525%7C528?localidades=N6%5B4109401%5D,2026-10-06T15:05:19.153397+00:00,Indústria,20.3,520,vab-total,5357747000.0
4109401,Guarapuava,2019,R$,3130930000.0,6575,accounts-4109401,https://servicodados.ibge.gov.br/api/v3/agregados/5938/periodos/2002%7C2003%7C2004%7C2005%7C2006%7C2007%7C2008%7C2009%7C2010%7C2011%7C2012%7C2013%7C2014%7C2015%7C2016%7C2017%7C2018%7C2019%7C2020%7C2021%7C2022%7C2023/variaveis/37%7C543%7C498%7C513%7C516%7C517%7C520%7C6575%7C6574%7C525%7C528?localidades=N6%5B4109401%5D,2026-10-06T15:05:19.153397+00:00,"Serviços, exceto administração pública",58.44,6574,vab-total,5357747000.0
4109401,Guarapuava,2019,R$,787981000.0,525,accounts-4109401,https://servicodados.ibge.gov.br/api/v3/agregados/5938/periodos/2002%7C2003%7C2004%7C2005%7C2006%7C2007%7C2008%7C2009%7C2010%7C2011%7C2012%7C2013%7C2014%7C2015%7C2016%7C2017%7C2018%7C2019%7C2020%7C2021%7C2022%7C2023/variaveis/37%7C543%7C498%7C513%7C516%7C517%7C520%7C6575%7C6574%7C525%7C528?localidades=N6%5B4109401%5D,2026-10-06T15:05:19.153397+00:00,"Administração, defesa, educação e saúde públicas e seguridade social",14.71,528,vab-total,5357747000.0
4109401,Guarapuava,2020,R$,707200000.0,513,accounts-4109401,https://servicodados.ibge.gov.br/api/v3/agregados/5938/periodos/2002%7C2003%7C2004%7C2005%7C2006%7C2007%7C2008%7C2009%7C2010%7C2011%7C2012%7C2013%7C2014%7C2015%7C2016%7C2017%7C2018%7C2019%7C2020%7C2021%7C2022%7C2023/variaveis/37%7C543%7C498%7C513%7C516%7C517%7C520%7C6575%7C6574%7C525%7C528?localidades=N6%5B4109401%5D,2026-10-06T15:05:19.153397+00:00,Agropecuária,10.79,516,vab-total,6556217000.0
4109401,Guarapuava,2020,R$,1531409000.0,517,accounts-4109401,https://servicodados.ibge.gov.br/api/v3/agregados/5938/periodos/2002%7C2003%7C2004%7C2005%7C2006%7C2007%7C2008%7C2009%7C2010%7C2011%7C2012%7C2013%7C2014%7C2015%7C2016%7C2017%7C2018%7C2019%7C2020%7C2021%7C2022%7C2023/variaveis/37%7C543%7C498%7C513%7C516%7C517%7C520%7C6575%7C6574%7C525%7C528?localidades=N6%5B4109401%5D,2026-10-06T15:05:19.153397+00:00,Indústria,23.36,520,vab-total,6556217000.0
4109401,Guarapuava,2020,R$,3490946000.0,6575,accounts-4109401,https://servicodados.ibge.gov.br/api/v3/agregados/5938/periodos/2002%7C2003%7C2004%7C2005%7C2006%7C2007%7C2008%7C2009%7C2010%7C2011%7C2012%7C2013%7C2014%7C2015%7C2016%7C2017%7C2018%7C2019%7C2020%7C2021%7C2022%7C2023/variaveis/37%7C543%7C498%7C513%7C516%7C517%7C520%7C6575%7C6574%7C525%7C528?localidades=N6%5B4109401%5D,2026-10-06T15:05:19.153397+00:00,"Serviços, exceto administração pública",53.25,6574,vab-total,6556217000.0
4109401,Guarapuava,2020,R$,826662000.0,525,accounts-4109401,https://servicodados.ibge.gov.br/api/v3/agregados/5938/periodos/2002%7C2003%7C2004%7C2005%7C2006%7C2007%7C2008%7C2009%7C2010%7C2011%7C2012%7C2013%7C2014%7C2015%7C2016%7C2017%7C2018%7C2019%7C2020%7C2021%7C2022%7C2023/variaveis/37%7C543%7C498%7C513%7C516%7C517%7C520%7C6575%7C6574%7C525%7C528?localidades=N6%5B4109401%5D,2026-10-06T15:05:19.153397+00:00,"Administração, defesa, educação e saúde públicas e seguridade social",12.61,528,vab-total,6556217000.0
4109401,Guarapuava,2021,R$,770157000.0,513,accounts-4109401,https://servicodados.ibge.gov.br/api/v3/agregados/5938/periodos/2002%7C2003%7C2004%7C2005%7C2006%7C2007%7C2008%7C2009%7C2010%7C2011%7C2012%7C2013%7C2014%7C2015%7C2016%7C2017%7C2018%7C2019%7C2020%7C2021%7C2022%7C2023/variaveis/37%7C543%7C498%7C513%7C516%7C517%7C520%7C6575%7C6574%7C525%7C528?localidades=N6%5B4109401%5D,2026-10-06T15:05:19.153397+00:00,Agropecuária,10.74,516,vab-total,7168741000.0
4109401,Guarapuava,2021,R$,1708279000.0,517,accounts-4109401,https://servicodados.ibge.gov.br/api/v3/agregados/5938/periodos/2002%7C2003%7C2004%7C2005%7C2006%7C2007%7C2008%7C2009%7C2010%7C2011%7C2012%7C2013%7C2014%7C2015%7C2016%7C2017%7C2018%7C2019%7C2020%7C2021%7C2022%7C2023/variaveis/37%7C543%7C498%7C513%7C516%7C517%7C520%7C6575%7C6574%7C525%7C528?localidades=N6%5B4109401%5D,2026-10-06T15:05:19.153397+00:00,Indústria,23.83,520,vab-total,7168741000.0
4109401,Guarapuava,2021,R$,3818192000.0,6575,accounts-4109401,https://servicodados.ibge.gov.br/api/v3/agregados/5938/periodos/2002%7C2003%7C2004%7C2005%7C2006%7C2007%7C2008%7C2009%7C2010%7C2011%7C2012%7C2013%7C2014%7C2015%7C2016%7C2017%7C2018%7C2019%7C2020%7C2021%7C2022%7C2023/variaveis/37%7C543%7C498%7C513%7C516%7C517%7C520%7C6575%7C6574%7C525%7C528?localidades=N6%5B4109401%5D,2026-10-06T15:05:19.153397+00:00,"Serviços, exceto administração pública",53.26,6574,vab-total,7168741000.0
4109401,Guarapuava,2021,R$,872114000.0,525,accounts-4109401,https://servicodados.ibge.gov.br/api/v3/agregados/5938/periodos/2002%7C2003%7C2004%7C2005%7C2006%7C2007%7C2008%7C2009%7C2010%7C2011%7C2012%7C2013%7C2014%7C2015%7C2016%7C2017%7C2018%7C2019%7C2020%7C2021%7C2022%7C2023/variaveis/37%7C543%7C498%7C513%7C516%7C517%7C520%7C6575%7C6574%7C525%7C528?localidades=N6%5B4109401%5D,2026-10-06T15:05:19.153397+00:00,"Administração, defesa, educação e saúde públicas e seguridade social",12.17,528,vab-total,7168741000.0
4119608,Pitanga,2002,R$,58748000.0,513,accounts-4119608,https://servicodados.ibge.gov.br/api/v3/agregados/5938/periodos/2002%7C2003%7C2004%7C2005%7C2006%7C2007%7C2008%7C2009%7C2010%7C2011%7C2012%7C2013%7C2014%7C2015%7C2016%7C2017%7C2018%7C2019%7C2020%7C2021%7C2022%7C2023/variaveis/37%7C543%7C498%7C513%7C516%7C517%7C520%7C6575%7C6574%7C525%7C528?localidades=N6%5B4119608%5D,2026-10-06T15:05:19.153397+00:00,Agropecuária,35.51,516,vab-total,165445000.0
4119608,Pitanga,2002,R$,14916000.0,517,accounts-4119608,https://servicodados.ibge.gov.br/api/v3/agregados/5938/periodos/2002%7C2003%7C2004%7C2005%7C2006%7C2007%7C2008%7C2009%7C2010%7C2011%7C2012%7C2013%7C2014%7C2015%7C2016%7C2017%7C2018%7C2019%7C2020%7C2021%7C2022%7C2023/variaveis/37%7C543%7C498%7C513%7C516%7C517%7C520%7C6575%7C6574%7C525%7C528?localidades=N6%5B4119608%5D,2026-10-06T15:05:19.153397+00:00,Indústria,9.02,520,vab-total,165445000.0
4119608,Pitanga,2002,R$,57554000.0,6575,accounts-4119608,https://servicodados.ibge.gov.br/api/v3/agregados/5938/periodos/2002%7C2003%7C2004%7C2005%7C2006%7C2007%7C2008%7C2009%7C2010%7C2011%7C2012%7C2013%7C2014%7C2015%7C2016%7C2017%7C2018%7C2019%7C2020%7C2021%7C2022%7C2023/variaveis/37%7C543%7C498%7C513%7C516%7C517%7C520%7C6575%7C6574%7C525%7C528?localidades=N6%5B4119608%5D,2026-10-06T15:05:19.153397+00:00,"Serviços, exceto administração pública",34.79,6574,vab-total,165445000.0
4119608,Pitanga,2002,R$,34228000.0,525,accounts-4119608,https://servicodados.ibge.gov.br/api/v3/agregados/5938/periodos/2002%7C2003%7C2004%7C2005%7C2006%7C2007%7C2008%7C2009%7C2010%7C2011%7C2012%7C2013%7C2014%7C2015%7C2016%7C2017%7C2018%7C2019%7C2020%7C2021%7C2022%7C2023/variaveis/37%7C543%7C498%7C513%7C516%7C517%7C520%7C6575%7C6574%7C525%7C528?localidades=N6%5B4119608%5D,2026-10-06T15:05:19.153397+00:00,"Administração, defesa, educação e saúde públicas e seguridade social",20.69,528,vab-total,165445000.0
4119608,Pitanga,2003,R$,85856000.0,513,accounts-4119608,https://servicodados.ibge.gov.br/api/v3/agregados/5938/periodos/2002%7C2003%7C2004%7C2005%7C2006%7C2007%7C2008%7C2009%7C2010%7C2011%7C2012%7C2013%7C2014%7C2015%7C2016%7C2017%7C2018%7C2019%7C2020%7C2021%7C2022%7C2023/variaveis/37%7C543%7C498%7C513%7C516%7C517%7C520%7C6575%7C6574%7C525%7C528?localidades=N6%5B4119608%5D,2026-10-06T15:05:19.153397+00:00,Agropecuária,39.01,516,vab-total,220105000.0
4119608,Pitanga,2003,R$,14048000.0,517,accounts-4119608,https://servicodados.ibge.gov.br/api/v3/agregados/5938/periodos/2002%7C2003%7C2004%7C2005%7C2006%7C2007%7C2008%7C2009%7C2010%7C2011%7C2012%7C2013%7C2014%7C2015%7C2016%7C2017%7C2018%7C2019%7C2020%7C2021%7C2022%7C2023/variaveis/37%7C543%7C498%7C513%7C516%7C517%7C520%7C6575%7C6574%7C525%7C528?localidades=N6%5B4119608%5D,2026-10-06T15:05:19.153397+00:00,Indústria,6.38,520,vab-total,220105000.0
4119608,Pitanga,2003,R$,81583000.0,6575,accounts-4119608,https://servicodados.ibge.gov.br/api/v3/agregados/5938/periodos/2002%7C2003%7C2004%7C2005%7C2006%7C2007%7C2008%7C2009%7C2010%7C2011%7C2012%7C2013%7C2014%7C2015%7C2016%7C2017%7C2018%7C2019%7C2020%7C2021%7C2022%7C2023/variaveis/37%7C543%7C498%7C513%7C516%7C517%7C520%7C6575%7C6574%7C525%7C528?localidades=N6%5B4119608%5D,2026-10-06T15:05:19.153397+00:00,"Serviços, exceto administração pública",37.07,6574,vab-total,220105000.0
4119608,Pitanga,2003,R$,38619000.0,525,accounts-4119608,https://servicodados.ibge.gov.br/api/v3/agregados/5938/periodos/2002%7C2003%7C2004%7C2005%7C2006%7C2007%7C2008%7C2009%7C2010%7C2011%7C2012%7C2013%7C2014%7C2015%7C2016%7C2017%7C2018%7C2019%7C2020%7C2021%7C2022%7C2023/variaveis/37%7C543%7C498%7C513%7C516%7C517%7C520%7C6575%7C6574%7C525%7C528?localidades=N6%5B4119608%5D,2026-10-06T15:05:19.153397+00:00,"Administração, defesa, educação e saúde públicas e seguridade social",17.55,528,vab-total,220105000.0
4119608,Pitanga,2004,R$,74774000.0,513,accounts-4119608,https://servicodados.ibge.gov.br/api/v3/agregados/5938/periodos/2002%7C2003%7C2004%7C2005%7C2006%7C2007%7C2008%7C2009%7C2010%7C2011%7C2012%7C2013%7C2014%7C2015%7C2016%7C2017%7C2018%7C2019%7C2020%7C2021%7C2022%7C2023/variaveis/37%7C543%7C498%7C513%7C516%7C517%7C520%7C6575%7C6574%7C525%7C528?localidades=N6%5B4119608%5D,2026-10-06T15:05:19.153397+00:00,Agropecuária,34.48,516,vab-total,216856000.0
4119608,Pitanga,2004,R$,14324000.0,517,accounts-4119608,https://servicodados.ibge.gov.br/api/v3/agregados/5938/periodos/2002%7C2003%7C2004%7C2005%7C2006%7C2007%7C2008%7C2009%7C2010%7C2011%7C2012%7C2013%7C2014%7C2015%7C2016%7C2017%7C2018%7C2019%7C2020%7C2021%7C2022%7C2023/variaveis/37%7C543%7C498%7C513%7C516%7C517%7C520%7C6575%7C6574%7C525%7C528?localidades=N6%5B4119608%5D,2026-10-06T15:05:19.153397+00:00,Indústria,6.61,520,vab-total,216856000.0
4119608,Pitanga,2004,R$,88907000.0,6575,accounts-4119608,https://servicodados.ibge.gov.br/api/v3/agregados/5938/periodos/2002%7C2003%7C2004%7C2005%7C2006%7C2007%7C2008%7C2009%7C2010%7C2011%7C2012%7C2013%7C2014%7C2015%7C2016%7C2017%7C2018%7C2019%7C2020%7C2021%7C2022%7C2023/variaveis/37%7C543%7C498%7C513%7C516%7C517%7C520%7C6575%7C6574%7C525%7C528?localidades=N6%5B4119608%5D,2026-10-06T15:05:19.153397+00:00,"Serviços, exceto administração pública",41.0,6574,vab-total,216856000.0
4119608,Pitanga,2004,R$,38851000.0,525,accounts-4119608,https://servicodados.ibge.gov.br/api/v3/agregados/5938/periodos/2002%7C2003%7C2004%7C2005%7C2006%7C2007%7C2008%7C2009%7C2010%7C2011%7C2012%7C2013%7C2014%7C2015%7C2016%7C2017%7C2018%7C2019%7C2020%7C2021%7C2022%7C2023/variaveis/37%7C543%7C498%7C513%7C516%7C517%7C520%7C6575%7C6574%7C525%7C528?localidades=N6%5B4119608%5D,2026-10-06T15:05:19.153397+00:00,"Administração, defesa, educação e saúde públicas e seguridade social",17.92,528,vab-total,216856000.0
4119608,Pitanga,2005,R$,54169000.0,513,accounts-4119608,https://servicodados.ibge.gov.br/api/v3/agregados/5938/periodos/2002%7C2003%7C2004%7C2005%7C2006%7C2007%7C2008%7C2009%7C2010%7C2011%7C2012%7C2013%7C2014%7C2015%7C2016%7C2017%7C2018%7C2019%7C2020%7C2021%7C2022%7C2023/variaveis/37%7C543%7C498%7C513%7C516%7C517%7C520%7C6575%7C6574%7C525%7C528?localidades=N6%5B4119608%5D,2026-10-06T15:05:19.153397+00:00,Agropecuária,26.32,516,vab-total,205782000.0
4119608,Pitanga,2005,R$,14648000.0,517,accounts-4119608,https://servicodados.ibge.gov.br/api/v3/agregados/5938/periodos/2002%7C2003%7C2004%7C2005%7C2006%7C2007%7C2008%7C2009%7C2010%7C2011%7C2012%7C2013%7C2014%7C2015%7C2016%7C2017%7C2018%7C2019%7C2020%7C2021%7C2022%7C2023/variaveis/37%7C543%7C498%7C513%7C516%7C517%7C520%7C6575%7C6574%7C525%7C528?localidades=N6%5B4119608%5D,2026-10-06T15:05:19.153397+00:00,Indústria,7.12,520,vab-total,205782000.0
4119608,Pitanga,2005,R$,93280000.0,6575,accounts-4119608,https://servicodados.ibge.gov.br/api/v3/agregados/5938/periodos/2002%7C2003%7C2004%7C2005%7C2006%7C2007%7C2008%7C2009%7C2010%7C2011%7C2012%7C2013%7C2014%7C2015%7C2016%7C2017%7C2018%7C2019%7C2020%7C2021%7C2022%7C2023/variaveis/37%7C543%7C498%7C513%7C516%7C517%7C520%7C6575%7C6574%7C525%7C528?localidades=N6%5B4119608%5D,2026-10-06T15:05:19.153397+00:00,"Serviços, exceto administração pública",45.33,6574,vab-total,205782000.0
4119608,Pitanga,2005,R$,43685000.0,525,accounts-4119608,https://servicodados.ibge.gov.br/api/v3/agregados/5938/periodos/2002%7C2003%7C2004%7C2005%7C2006%7C2007%7C2008%7C2009%7C2010%7C2011%7C2012%7C2013%7C2014%7C2015%7C2016%7C2017%7C2018%7C2019%7C2020%7C2021%7C2022%7C2023/variaveis/37%7C543%7C498%7C513%7C516%7C517%7C520%7C6575%7C6574%7C525%7C528?localidades=N6%5B4119608%5D,2026-10-06T15:05:19.153397+00:00,"Administração, defesa, educação e saúde públicas e seguridade social",21.23,528,vab-total,205782000.0
4119608,Pitanga,2006,R$,64945000.0,513,accounts-4119608,https://servicodados.ibge.gov.br/api/v3/agregados/5938/periodos/2002%7C2003%7C2004%7C2005%7C2006%7C2007%7C2008%7C2009%7C2010%7C2011%7C2012%7C2013%7C2014%7C2015%7C2016%7C2017%7C2018%7C2019%7C2020%7C2021%7C2022%7C2023/variaveis/37%7C543%7C498%7C513%7C516%7C517%7C520%7C6575%7C6574%7C525%7C528?localidades=N6%5B4119608%5D,2026-10-06T15:05:19.153397+00:00,Agropecuária,27.82,516,vab-total,233452000.0
4119608,Pitanga,2006,R$,14813000.0,517,accounts-4119608,https://servicodados.ibge.gov.br/api/v3/agregados/5938/periodos/2002%7C2003%7C2004%7C2005%7C2006%7C2007%7C2008%7C2009%7C2010%7C2011%7C2012%7C2013%7C2014%7C2015%7C2016%7C2017%7C2018%7C2019%7C2020%7C2021%7C2022%7C2023/variaveis/37%7C543%7C498%7C513%7C516%7C517%7C520%7C6575%7C6574%7C525%7C528?localidades=N6%5B4119608%5D,2026-10-06T15:05:19.153397+00:00,Indústria,6.35,520,vab-total,233452000.0
4119608,Pitanga,2006,R$,106464000.0,6575,accounts-4119608,https://servicodados.ibge.gov.br/api/v3/agregados/5938/periodos/2002%7C2003%7C2004%7C2005%7C2006%7C2007%7C2008%7C2009%7C2010%7C2011%7C2012%7C2013%7C2014%7C2015%7C2016%7C2017%7C2018%7C2019%7C2020%7C2021%7C2022%7C2023/variaveis/37%7C543%7C498%7C513%7C516%7C517%7C520%7C6575%7C6574%7C525%7C528?localidades=N6%5B4119608%5D,2026-10-06T15:05:19.153397+00:00,"Serviços, exceto administração pública",45.6,6574,vab-total,233452000.0
4119608,Pitanga,2006,R$,47230000.0,525,accounts-4119608,https://servicodados.ibge.gov.br/api/v3/agregados/5938/periodos/2002%7C2003%7C2004%7C2005%7C2006%7C2007%7C2008%7C2009%7C2010%7C2011%7C2012%7C2013%7C2014%7C2015%7C2016%7C2017%7C2018%7C2019%7C2020%7C2021%7C2022%7C2023/variaveis/37%7C543%7C498%7C513%7C516%7C517%7C520%7C6575%7C6574%7C525%7C528?localidades=N6%5B4119608%5D,2026-10-06T15:05:19.153397+00:00,"Administração, defesa, educação e saúde públicas e seguridade social",20.23,528,vab-total,233452000.0
4119608,Pitanga,2007,R$,76037000.0,513,accounts-4119608,https://servicodados.ibge.gov.br/api/v3/agregados/5938/periodos/2002%7C2003%7C2004%7C2005%7C2006%7C2007%7C2008%7C2009%7C2010%7C2011%7C2012%7C2013%7C2014%7C2015%7C2016%7C2017%7C2018%7C2019%7C2020%7C2021%7C2022%7C2023/variaveis/37%7C543%7C498%7C513%7C516%7C517%7C520%7C6575%7C6574%7C525%7C528?localidades=N6%5B4119608%5D,2026-10-06T15:05:19.153397+00:00,Agropecuária,29.14,516,vab-total,260977000.0
4119608,Pitanga,2007,R$,17204000.0,517,accounts-4119608,https://servicodados.ibge.gov.br/api/v3/agregados/5938/periodos/2002%7C2003%7C2004%7C2005%7C2006%7C2007%7C2008%7C2009%7C2010%7C2011%7C2012%7C2013%7C2014%7C2015%7C2016%7C2017%7C2018%7C2019%7C2020%7C2021%7C2022%7C2023/variaveis/37%7C543%7C498%7C513%7C516%7C517%7C520%7C6575%7C6574%7C525%7C528?localidades=N6%5B4119608%5D,2026-10-06T15:05:19.153397+00:00,Indústria,6.59,520,vab-total,260977000.0
4119608,Pitanga,2007,R$,115241000.0,6575,accounts-4119608,https://servicodados.ibge.gov.br/api/v3/agregados/5938/periodos/2002%7C2003%7C2004%7C2005%7C2006%7C2007%7C2008%7C2009%7C2010%7C2011%7C2012%7C2013%7C2014%7C2015%7C2016%7C2017%7C2018%7C2019%7C2020%7C2021%7C2022%7C2023/variaveis/37%7C543%7C498%7C513%7C516%7C517%7C520%7C6575%7C6574%7C525%7C528?localidades=N6%5B4119608%5D,2026-10-06T15:05:19.153397+00:00,"Serviços, exceto administração pública",44.16,6574,vab-total,260977000.0
4119608,Pitanga,2007,R$,52495000.0,525,accounts-4119608,https://servicodados.ibge.gov.br/api/v3/agregados/5938/periodos/2002%7C2003%7C2004%7C2005%7C2006%7C2007%7C2008%7C2009%7C2010%7C2011%7C2012%7C2013%7C2014%7C2015%7C2016%7C2017%7C2018%7C2019%7C2020%7C2021%7C2022%7C2023/variaveis/37%7C543%7C498%7C513%7C516%7C517%7C520%7C6575%7C6574%7C525%7C528?localidades=N6%5B4119608%5D,2026-10-06T15:05:19.153397+00:00,"Administração, defesa, educação e saúde públicas e seguridade social",20.11,528,vab-total,260977000.0
4119608,Pitanga,2008,R$,102571000.0,513,accounts-4119608,https://servicodados.ibge.gov.br/api/v3/agregados/5938/periodos/2002%7C2003%7C2004%7C2005%7C2006%7C2007%7C2008%7C2009%7C2010%7C2011%7C2012%7C2013%7C2014%7C2015%7C2016%7C2017%7C2018%7C2019%7C2020%7C2021%7C2022%7C2023/variaveis/37%7C543%7C498%7C513%7C516%7C517%7C520%7C6575%7C6574%7C525%7C528?localidades=N6%5B4119608%5D,2026-10-06T15:05:19.153397+00:00,Agropecuária,31.84,516,vab-total,322185000.0
4119608,Pitanga,2008,R$,21020000.0,517,accounts-4119608,https://servicodados.ibge.gov.br/api/v3/agregados/5938/periodos/2002%7C2003%7C2004%7C2005%7C2006%7C2007%7C2008%7C2009%7C2010%7C2011%7C2012%7C2013%7C2014%7C2015%7C2016%7C2017%7C2018%7C2019%7C2020%7C2021%7C2022%7C2023/variaveis/37%7C543%7C498%7C513%7C516%7C517%7C520%7C6575%7C6574%7C525%7C528?localidades=N6%5B4119608%5D,2026-10-06T15:05:19.153397+00:00,Indústria,6.52,520,vab-total,322185000.0
4119608,Pitanga,2008,R$,138342000.0,6575,accounts-4119608,https://servicodados.ibge.gov.br/api/v3/agregados/5938/periodos/2002%7C2003%7C2004%7C2005%7C2006%7C2007%7C2008%7C2009%7C2010%7C2011%7C2012%7C2013%7C2014%7C2015%7C2016%7C2017%7C2018%7C2019%7C2020%7C2021%7C2022%7C2023/variaveis/37%7C543%7C498%7C513%7C516%7C517%7C520%7C6575%7C6574%7C525%7C528?localidades=N6%5B4119608%5D,2026-10-06T15:05:19.153397+00:00,"Serviços, exceto administração pública",42.94,6574,vab-total,322185000.0
4119608,Pitanga,2008,R$,60253000.0,525,accounts-4119608,https://servicodados.ibge.gov.br/api/v3/agregados/5938/periodos/2002%7C2003%7C2004%7C2005%7C2006%7C2007%7C2008%7C2009%7C2010%7C2011%7C2012%7C2013%7C2014%7C2015%7C2016%7C2017%7C2018%7C2019%7C2020%7C2021%7C2022%7C2023/variaveis/37%7C543%7C498%7C513%7C516%7C517%7C520%7C6575%7C6574%7C525%7C528?localidades=N6%5B4119608%5D,2026-10-06T15:05:19.153397+00:00,"Administração, defesa, educação e saúde públicas e seguridade social",18.7,528,vab-total,322185000.0
4119608,Pitanga,2009,R$,98900000.0,513,accounts-4119608,https://servicodados.ibge.gov.br/api/v3/agregados/5938/periodos/2002%7C2003%7C2004%7C2005%7C2006%7C2007%7C2008%7C2009%7C2010%7C2011%7C2012%7C2013%7C2014%7C2015%7C2016%7C2017%7C2018%7C2019%7C2020%7C2021%7C2022%7C2023/variaveis/37%7C543%7C498%7C513%7C516%7C517%7C520%7C6575%7C6574%7C525%7C528?localidades=N6%5B4119608%5D,2026-10-06T15:05:19.153397+00:00,Agropecuária,29.24,516,vab-total,338262000.0
4119608,Pitanga,2009,R$,23212000.0,517,accounts-4119608,https://servicodados.ibge.gov.br/api/v3/agregados/5938/periodos/2002%7C2003%7C2004%7C2005%7C2006%7C2007%7C2008%7C2009%7C2010%7C2011%7C2012%7C2013%7C2014%7C2015%7C2016%7C2017%7C2018%7C2019%7C2020%7C2021%7C2022%7C2023/variaveis/37%7C543%7C498%7C513%7C516%7C517%7C520%7C6575%7C6574%7C525%7C528?localidades=N6%5B4119608%5D,2026-10-06T15:05:19.153397+00:00,Indústria,6.86,520,vab-total,338262000.0
4119608,Pitanga,2009,R$,149121000.0,6575,accounts-4119608,https://servicodados.ibge.gov.br/api/v3/agregados/5938/periodos/2002%7C2003%7C2004%7C2005%7C2006%7C2007%7C2008%7C2009%7C2010%7C2011%7C2012%7C2013%7C2014%7C2015%7C2016%7C2017%7C2018%7C2019%7C2020%7C2021%7C2022%7C2023/variaveis/37%7C543%7C498%7C513%7C516%7C517%7C520%7C6575%7C6574%7C525%7C528?localidades=N6%5B4119608%5D,2026-10-06T15:05:19.153397+00:00,"Serviços, exceto administração pública",44.08,6574,vab-total,338262000.0
4119608,Pitanga,2009,R$,67029000.0,525,accounts-4119608,https://servicodados.ibge.gov.br/api/v3/agregados/5938/periodos/2002%7C2003%7C2004%7C2005%7C2006%7C2007%7C2008%7C2009%7C2010%7C2011%7C2012%7C2013%7C2014%7C2015%7C2016%7C2017%7C2018%7C2019%7C2020%7C2021%7C2022%7C2023/variaveis/37%7C543%7C498%7C513%7C516%7C517%7C520%7C6575%7C6574%7C525%7C528?localidades=N6%5B4119608%5D,2026-10-06T15:05:19.153397+00:00,"Administração, defesa, educação e saúde públicas e seguridade social",19.82,528,vab-total,338262000.0
4119608,Pitanga,2010,R$,85731000.0,513,accounts-4119608,https://servicodados.ibge.gov.br/api/v3/agregados/5938/periodos/2002%7C2003%7C2004%7C2005%7C2006%7C2007%7C2008%7C2009%7C2010%7C2011%7C2012%7C2013%7C2014%7C2015%7C2016%7C2017%7C2018%7C2019%7C2020%7C2021%7C2022%7C2023/variaveis/37%7C543%7C498%7C513%7C516%7C517%7C520%7C6575%7C6574%7C525%7C528?localidades=N6%5B4119608%5D,2026-10-06T15:05:19.153397+00:00,Agropecuária,26.03,516,vab-total,329325000.0
4119608,Pitanga,2010,R$,28353000.0,517,accounts-4119608,https://servicodados.ibge.gov.br/api/v3/agregados/5938/periodos/2002%7C2003%7C2004%7C2005%7C2006%7C2007%7C2008%7C2009%7C2010%7C2011%7C2012%7C2013%7C2014%7C2015%7C2016%7C2017%7C2018%7C2019%7C2020%7C2021%7C2022%7C2023/variaveis/37%7C543%7C498%7C513%7C516%7C517%7C520%7C6575%7C6574%7C525%7C528?localidades=N6%5B4119608%5D,2026-10-06T15:05:19.153397+00:00,Indústria,8.61,520,vab-total,329325000.0
4119608,Pitanga,2010,R$,144423000.0,6575,accounts-4119608,https://servicodados.ibge.gov.br/api/v3/agregados/5938/periodos/2002%7C2003%7C2004%7C2005%7C2006%7C2007%7C2008%7C2009%7C2010%7C2011%7C2012%7C2013%7C2014%7C2015%7C2016%7C2017%7C2018%7C2019%7C2020%7C2021%7C2022%7C2023/variaveis/37%7C543%7C498%7C513%7C516%7C517%7C520%7C6575%7C6574%7C525%7C528?localidades=N6%5B4119608%5D,2026-10-06T15:05:19.153397+00:00,"Serviços, exceto administração pública",43.85,6574,vab-total,329325000.0
4119608,Pitanga,2010,R$,70819000.0,525,accounts-4119608,https://servicodados.ibge.gov.br/api/v3/agregados/5938/periodos/2002%7C2003%7C2004%7C2005%7C2006%7C2007%7C2008%7C2009%7C2010%7C2011%7C2012%7C2013%7C2014%7C2015%7C2016%7C2017%7C2018%7C2019%7C2020%7C2021%7C2022%7C2023/variaveis/37%7C543%7C498%7C513%7C516%7C517%7C520%7C6575%7C6574%7C525%7C528?localidades=N6%5B4119608%5D,2026-10-06T15:05:19.153397+00:00,"Administração, defesa, educação e saúde públicas e seguridade social",21.5,528,vab-total,329325000.0
4119608,Pitanga,2011,R$,115445000.0,513,accounts-4119608,https://servicodados.ibge.gov.br/api/v3/agregados/5938/periodos/2002%7C2003%7C2004%7C2005%7C2006%7C2007%7C2008%7C2009%7C2010%7C2011%7C2012%7C2013%7C2014%7C2015%7C2016%7C2017%7C2018%7C2019%7C2020%7C2021%7C2022%7C2023/variaveis/37%7C543%7C498%7C513%7C516%7C517%7C520%7C6575%7C6574%7C525%7C528?localidades=N6%5B4119608%5D,2026-10-06T15:05:19.153397+00:00,Agropecuária,29.29,516,vab-total,394174000.0
4119608,Pitanga,2011,R$,32578000.0,517,accounts-4119608,https://servicodados.ibge.gov.br/api/v3/agregados/5938/periodos/2002%7C2003%7C2004%7C2005%7C2006%7C2007%7C2008%7C2009%7C2010%7C2011%7C2012%7C2013%7C2014%7C2015%7C2016%7C2017%7C2018%7C2019%7C2020%7C2021%7C2022%7C2023/variaveis/37%7C543%7C498%7C513%7C516%7C517%7C520%7C6575%7C6574%7C525%7C528?localidades=N6%5B4119608%5D,2026-10-06T15:05:19.153397+00:00,Indústria,8.26,520,vab-total,394174000.0
4119608,Pitanga,2011,R$,167143000.0,6575,accounts-4119608,https://servicodados.ibge.gov.br/api/v3/agregados/5938/periodos/2002%7C2003%7C2004%7C2005%7C2006%7C2007%7C2008%7C2009%7C2010%7C2011%7C2012%7C2013%7C2014%7C2015%7C2016%7C2017%7C2018%7C2019%7C2020%7C2021%7C2022%7C2023/variaveis/37%7C543%7C498%7C513%7C516%7C517%7C520%7C6575%7C6574%7C525%7C528?localidades=N6%5B4119608%5D,2026-10-06T15:05:19.153397+00:00,"Serviços, exceto administração pública",42.4,6574,vab-total,394174000.0
4119608,Pitanga,2011,R$,79008000.0,525,accounts-4119608,https://servicodados.ibge.gov.br/api/v3/agregados/5938/periodos/2002%7C2003%7C2004%7C2005%7C2006%7C2007%7C2008%7C2009%7C2010%7C2011%7C2012%7C2013%7C2014%7C2015%7C2016%7C2017%7C2018%7C2019%7C2020%7C2021%7C2022%7C2023/variaveis/37%7C543%7C498%7C513%7C516%7C517%7C520%7C6575%7C6574%7C525%7C528?localidades=N6%5B4119608%5D,2026-10-06T15:05:19.153397+00:00,"Administração, defesa, educação e saúde públicas e seguridade social",20.04,528,vab-total,394174000.0
4119608,Pitanga,2012,R$,132475000.0,513,accounts-4119608,https://servicodados.ibge.gov.br/api/v3/agregados/5938/periodos/2002%7C2003%7C2004%7C2005%7C2006%7C2007%7C2008%7C2009%7C2010%7C2011%7C2012%7C2013%7C2014%7C2015%7C2016%7C2017%7C2018%7C2019%7C2020%7C2021%7C2022%7C2023/variaveis/37%7C543%7C498%7C513%7C516%7C517%7C520%7C6575%7C6574%7C525%7C528?localidades=N6%5B4119608%5D,2026-10-06T15:05:19.153397+00:00,Agropecuária,28.31,516,vab-total,467925000.0
4119608,Pitanga,2012,R$,43323000.0,517,accounts-4119608,https://servicodados.ibge.gov.br/api/v3/agregados/5938/periodos/2002%7C2003%7C2004%7C2005%7C2006%7C2007%7C2008%7C2009%7C2010%7C2011%7C2012%7C2013%7C2014%7C2015%7C2016%7C2017%7C2018%7C2019%7C2020%7C2021%7C2022%7C2023/variaveis/37%7C543%7C498%7C513%7C516%7C517%7C520%7C6575%7C6574%7C525%7C528?localidades=N6%5B4119608%5D,2026-10-06T15:05:19.153397+00:00,Indústria,9.26,520,vab-total,467925000.0
4119608,Pitanga,2012,R$,204019000.0,6575,accounts-4119608,https://servicodados.ibge.gov.br/api/v3/agregados/5938/periodos/2002%7C2003%7C2004%7C2005%7C2006%7C2007%7C2008%7C2009%7C2010%7C2011%7C2012%7C2013%7C2014%7C2015%7C2016%7C2017%7C2018%7C2019%7C2020%7C2021%7C2022%7C2023/variaveis/37%7C543%7C498%7C513%7C516%7C517%7C520%7C6575%7C6574%7C525%7C528?localidades=N6%5B4119608%5D,2026-10-06T15:05:19.153397+00:00,"Serviços, exceto administração pública",43.6,6574,vab-total,467925000.0
4119608,Pitanga,2012,R$,88109000.0,525,accounts-4119608,https://servicodados.ibge.gov.br/api/v3/agregados/5938/periodos/2002%7C2003%7C2004%7C2005%7C2006%7C2007%7C2008%7C2009%7C2010%7C2011%7C2012%7C2013%7C2014%7C2015%7C2016%7C2017%7C2018%7C2019%7C2020%7C2021%7C2022%7C2023/variaveis/37%7C543%7C498%7C513%7C516%7C517%7C520%7C6575%7C6574%7C525%7C528?localidades=N6%5B4119608%5D,2026-10-06T15:05:19.153397+00:00,"Administração, defesa, educação e saúde públicas e seguridade social",18.83,528,vab-total,467925000.0
4119608,Pitanga,2013,R$,172800000.0,513,accounts-4119608,https://servicodados.ibge.gov.br/api/v3/agregados/5938/periodos/2002%7C2003%7C2004%7C2005%7C2006%7C2007%7C2008%7C2009%7C2010%7C2011%7C2012%7C2013%7C2014%7C2015%7C2016%7C2017%7C2018%7C2019%7C2020%7C2021%7C2022%7C2023/variaveis/37%7C543%7C498%7C513%7C516%7C517%7C520%7C6575%7C6574%7C525%7C528?localidades=N6%5B4119608%5D,2026-10-06T15:05:19.153397+00:00,Agropecuária,30.02,516,vab-total,575665000.0
4119608,Pitanga,2013,R$,47032000.0,517,accounts-4119608,https://servicodados.ibge.gov.br/api/v3/agregados/5938/periodos/2002%7C2003%7C2004%7C2005%7C2006%7C2007%7C2008%7C2009%7C2010%7C2011%7C2012%7C2013%7C2014%7C2015%7C2016%7C2017%7C2018%7C2019%7C2020%7C2021%7C2022%7C2023/variaveis/37%7C543%7C498%7C513%7C516%7C517%7C520%7C6575%7C6574%7C525%7C528?localidades=N6%5B4119608%5D,2026-10-06T15:05:19.153397+00:00,Indústria,8.17,520,vab-total,575665000.0
4119608,Pitanga,2013,R$,257511000.0,6575,accounts-4119608,https://servicodados.ibge.gov.br/api/v3/agregados/5938/periodos/2002%7C2003%7C2004%7C2005%7C2006%7C2007%7C2008%7C2009%7C2010%7C2011%7C2012%7C2013%7C2014%7C2015%7C2016%7C2017%7C2018%7C2019%7C2020%7C2021%7C2022%7C2023/variaveis/37%7C543%7C498%7C513%7C516%7C517%7C520%7C6575%7C6574%7C525%7C528?localidades=N6%5B4119608%5D,2026-10-06T15:05:19.153397+00:00,"Serviços, exceto administração pública",44.73,6574,vab-total,575665000.0
4119608,Pitanga,2013,R$,98322000.0,525,accounts-4119608,https://servicodados.ibge.gov.br/api/v3/agregados/5938/periodos/2002%7C2003%7C2004%7C2005%7C2006%7C2007%7C2008%7C2009%7C2010%7C2011%7C2012%7C2013%7C2014%7C2015%7C2016%7C2017%7C2018%7C2019%7C2020%7C2021%7C2022%7C2023/variaveis/37%7C543%7C498%7C513%7C516%7C517%7C520%7C6575%7C6574%7C525%7C528?localidades=N6%5B4119608%5D,2026-10-06T15:05:19.153397+00:00,"Administração, defesa, educação e saúde públicas e seguridade social",17.08,528,vab-total,575665000.0
4119608,Pitanga,2014,R$,202179000.0,513,accounts-4119608,https://servicodados.ibge.gov.br/api/v3/agregados/5938/periodos/2002%7C2003%7C2004%7C2005%7C2006%7C2007%7C2008%7C2009%7C2010%7C2011%7C2012%7C2013%7C2014%7C2015%7C2016%7C2017%7C2018%7C2019%7C2020%7C2021%7C2022%7C2023/variaveis/37%7C543%7C498%7C513%7C516%7C517%7C520%7C6575%7C6574%7C525%7C528?localidades=N6%5B4119608%5D,2026-10-06T15:05:19.153397+00:00,Agropecuária,31.23,516,vab-total,647346000.0
4119608,Pitanga,2014,R$,58706000.0,517,accounts-4119608,https://servicodados.ibge.gov.br/api/v3/agregados/5938/periodos/2002%7C2003%7C2004%7C2005%7C2006%7C2007%7C2008%7C2009%7C2010%7C2011%7C2012%7C2013%7C2014%7C2015%7C2016%7C2017%7C2018%7C2019%7C2020%7C2021%7C2022%7C2023/variaveis/37%7C543%7C498%7C513%7C516%7C517%7C520%7C6575%7C6574%7C525%7C528?localidades=N6%5B4119608%5D,2026-10-06T15:05:19.153397+00:00,Indústria,9.07,520,vab-total,647346000.0
4119608,Pitanga,2014,R$,277471000.0,6575,accounts-4119608,https://servicodados.ibge.gov.br/api/v3/agregados/5938/periodos/2002%7C2003%7C2004%7C2005%7C2006%7C2007%7C2008%7C2009%7C2010%7C2011%7C2012%7C2013%7C2014%7C2015%7C2016%7C2017%7C2018%7C2019%7C2020%7C2021%7C2022%7C2023/variaveis/37%7C543%7C498%7C513%7C516%7C517%7C520%7C6575%7C6574%7C525%7C528?localidades=N6%5B4119608%5D,2026-10-06T15:05:19.153397+00:00,"Serviços, exceto administração pública",42.86,6574,vab-total,647346000.0
4119608,Pitanga,2014,R$,108990000.0,525,accounts-4119608,https://servicodados.ibge.gov.br/api/v3/agregados/5938/periodos/2002%7C2003%7C2004%7C2005%7C2006%7C2007%7C2008%7C2009%7C2010%7C2011%7C2012%7C2013%7C2014%7C2015%7C2016%7C2017%7C2018%7C2019%7C2020%7C2021%7C2022%7C2023/variaveis/37%7C543%7C498%7C513%7C516%7C517%7C520%7C6575%7C6574%7C525%7C528?localidades=N6%5B4119608%5D,2026-10-06T15:05:19.153397+00:00,"Administração, defesa, educação e saúde públicas e seguridade social",16.84,528,vab-total,647346000.0
4119608,Pitanga,2015,R$,156345000.0,513,accounts-4119608,https://servicodados.ibge.gov.br/api/v3/agregados/5938/periodos/2002%7C2003%7C2004%7C2005%7C2006%7C2007%7C2008%7C2009%7C2010%7C2011%7C2012%7C2013%7C2014%7C2015%7C2016%7C2017%7C2018%7C2019%7C2020%7C2021%7C2022%7C2023/variaveis/37%7C543%7C498%7C513%7C516%7C517%7C520%7C6575%7C6574%7C525%7C528?localidades=N6%5B4119608%5D,2026-10-06T15:05:19.153397+00:00,Agropecuária,24.11,516,vab-total,648403000.0
4119608,Pitanga,2015,R$,64411000.0,517,accounts-4119608,https://servicodados.ibge.gov.br/api/v3/agregados/5938/periodos/2002%7C2003%7C2004%7C2005%7C2006%7C2007%7C2008%7C2009%7C2010%7C2011%7C2012%7C2013%7C2014%7C2015%7C2016%7C2017%7C2018%7C2019%7C2020%7C2021%7C2022%7C2023/variaveis/37%7C543%7C498%7C513%7C516%7C517%7C520%7C6575%7C6574%7C525%7C528?localidades=N6%5B4119608%5D,2026-10-06T15:05:19.153397+00:00,Indústria,9.93,520,vab-total,648403000.0
4119608,Pitanga,2015,R$,309023000.0,6575,accounts-4119608,https://servicodados.ibge.gov.br/api/v3/agregados/5938/periodos/2002%7C2003%7C2004%7C2005%7C2006%7C2007%7C2008%7C2009%7C2010%7C2011%7C2012%7C2013%7C2014%7C2015%7C2016%7C2017%7C2018%7C2019%7C2020%7C2021%7C2022%7C2023/variaveis/37%7C543%7C498%7C513%7C516%7C517%7C520%7C6575%7C6574%7C525%7C528?localidades=N6%5B4119608%5D,2026-10-06T15:05:19.153397+00:00,"Serviços, exceto administração pública",47.66,6574,vab-total,648403000.0
4119608,Pitanga,2015,R$,118625000.0,525,accounts-4119608,https://servicodados.ibge.gov.br/api/v3/agregados/5938/periodos/2002%7C2003%7C2004%7C2005%7C2006%7C2007%7C2008%7C2009%7C2010%7C2011%7C2012%7C2013%7C2014%7C2015%7C2016%7C2017%7C2018%7C2019%7C2020%7C2021%7C2022%7C2023/variaveis/37%7C543%7C498%7C513%7C516%7C517%7C520%7C6575%7C6574%7C525%7C528?localidades=N6%5B4119608%5D,2026-10-06T15:05:19.153397+00:00,"Administração, defesa, educação e saúde públicas e seguridade social",18.29,528,vab-total,648403000.0
4119608,Pitanga,2016,R$,217043000.0,513,accounts-4119608,https://servicodados.ibge.gov.br/api/v3/agregados/5938/periodos/2002%7C2003%7C2004%7C2005%7C2006%7C2007%7C2008%7C2009%7C2010%7C2011%7C2012%7C2013%7C2014%7C2015%7C2016%7C2017%7C2018%7C2019%7C2020%7C2021%7C2022%7C2023/variaveis/37%7C543%7C498%7C513%7C516%7C517%7C520%7C6575%7C6574%7C525%7C528?localidades=N6%5B4119608%5D,2026-10-06T15:05:19.153397+00:00,Agropecuária,28.57,516,vab-total,759803000.0
4119608,Pitanga,2016,R$,70830000.0,517,accounts-4119608,https://servicodados.ibge.gov.br/api/v3/agregados/5938/periodos/2002%7C2003%7C2004%7C2005%7C2006%7C2007%7C2008%7C2009%7C2010%7C2011%7C2012%7C2013%7C2014%7C2015%7C2016%7C2017%7C2018%7C2019%7C2020%7C2021%7C2022%7C2023/variaveis/37%7C543%7C498%7C513%7C516%7C517%7C520%7C6575%7C6574%7C525%7C528?localidades=N6%5B4119608%5D,2026-10-06T15:05:19.153397+00:00,Indústria,9.32,520,vab-total,759803000.0
4119608,Pitanga,2016,R$,341740000.0,6575,accounts-4119608,https://servicodados.ibge.gov.br/api/v3/agregados/5938/periodos/2002%7C2003%7C2004%7C2005%7C2006%7C2007%7C2008%7C2009%7C2010%7C2011%7C2012%7C2013%7C2014%7C2015%7C2016%7C2017%7C2018%7C2019%7C2020%7C2021%7C2022%7C2023/variaveis/37%7C543%7C498%7C513%7C516%7C517%7C520%7C6575%7C6574%7C525%7C528?localidades=N6%5B4119608%5D,2026-10-06T15:05:19.153397+00:00,"Serviços, exceto administração pública",44.98,6574,vab-total,759803000.0
4119608,Pitanga,2016,R$,130190000.0,525,accounts-4119608,https://servicodados.ibge.gov.br/api/v3/agregados/5938/periodos/2002%7C2003%7C2004%7C2005%7C2006%7C2007%7C2008%7C2009%7C2010%7C2011%7C2012%7C2013%7C2014%7C2015%7C2016%7C2017%7C2018%7C2019%7C2020%7C2021%7C2022%7C2023/variaveis/37%7C543%7C498%7C513%7C516%7C517%7C520%7C6575%7C6574%7C525%7C528?localidades=N6%5B4119608%5D,2026-10-06T15:05:19.153397+00:00,"Administração, defesa, educação e saúde públicas e seguridade social",17.13,528,vab-total,759803000.0
4119608,Pitanga,2017,R$,174312000.0,513,accounts-4119608,https://servicodados.ibge.gov.br/api/v3/agregados/5938/periodos/2002%7C2003%7C2004%7C2005%7C2006%7C2007%7C2008%7C2009%7C2010%7C2011%7C2012%7C2013%7C2014%7C2015%7C2016%7C2017%7C2018%7C2019%7C2020%7C2021%7C2022%7C2023/variaveis/37%7C543%7C498%7C513%7C516%7C517%7C520%7C6575%7C6574%7C525%7C528?localidades=N6%5B4119608%5D,2026-10-06T15:05:19.153397+00:00,Agropecuária,23.25,516,vab-total,749885000.0
4119608,Pitanga,2017,R$,73633000.0,517,accounts-4119608,https://servicodados.ibge.gov.br/api/v3/agregados/5938/periodos/2002%7C2003%7C2004%7C2005%7C2006%7C2007%7C2008%7C2009%7C2010%7C2011%7C2012%7C2013%7C2014%7C2015%7C2016%7C2017%7C2018%7C2019%7C2020%7C2021%7C2022%7C2023/variaveis/37%7C543%7C498%7C513%7C516%7C517%7C520%7C6575%7C6574%7C525%7C528?localidades=N6%5B4119608%5D,2026-10-06T15:05:19.153397+00:00,Indústria,9.82,520,vab-total,749885000.0
4119608,Pitanga,2017,R$,363074000.0,6575,accounts-4119608,https://servicodados.ibge.gov.br/api/v3/agregados/5938/periodos/2002%7C2003%7C2004%7C2005%7C2006%7C2007%7C2008%7C2009%7C2010%7C2011%7C2012%7C2013%7C2014%7C2015%7C2016%7C2017%7C2018%7C2019%7C2020%7C2021%7C2022%7C2023/variaveis/37%7C543%7C498%7C513%7C516%7C517%7C520%7C6575%7C6574%7C525%7C528?localidades=N6%5B4119608%5D,2026-10-06T15:05:19.153397+00:00,"Serviços, exceto administração pública",48.42,6574,vab-total,749885000.0
4119608,Pitanga,2017,R$,138866000.0,525,accounts-4119608,https://servicodados.ibge.gov.br/api/v3/agregados/5938/periodos/2002%7C2003%7C2004%7C2005%7C2006%7C2007%7C2008%7C2009%7C2010%7C2011%7C2012%7C2013%7C2014%7C2015%7C2016%7C2017%7C2018%7C2019%7C2020%7C2021%7C2022%7C2023/variaveis/37%7C543%7C498%7C513%7C516%7C517%7C520%7C6575%7C6574%7C525%7C528?localidades=N6%5B4119608%5D,2026-10-06T15:05:19.153397+00:00,"Administração, defesa, educação e saúde públicas e seguridade social",18.52,528,vab-total,749885000.0
4119608,Pitanga,2018,R$,212319000.0,513,accounts-4119608,https://servicodados.ibge.gov.br/api/v3/agregados/5938/periodos/2002%7C2003%7C2004%7C2005%7C2006%7C2007%7C2008%7C2009%7C2010%7C2011%7C2012%7C2013%7C2014%7C2015%7C2016%7C2017%7C2018%7C2019%7C2020%7C2021%7C2022%7C2023/variaveis/37%7C543%7C498%7C513%7C516%7C517%7C520%7C6575%7C6574%7C525%7C528?localidades=N6%5B4119608%5D,2026-10-06T15:05:19.153397+00:00,Agropecuária,25.8,516,vab-total,822940000.0
4119608,Pitanga,2018,R$,82831000.0,517,accounts-4119608,https://servicodados.ibge.gov.br/api/v3/agregados/5938/periodos/2002%7C2003%7C2004%7C2005%7C2006%7C2007%7C2008%7C2009%7C2010%7C2011%7C2012%7C2013%7C2014%7C2015%7C2016%7C2017%7C2018%7C2019%7C2020%7C2021%7C2022%7C2023/variaveis/37%7C543%7C498%7C513%7C516%7C517%7C520%7C6575%7C6574%7C525%7C528?localidades=N6%5B4119608%5D,2026-10-06T15:05:19.153397+00:00,Indústria,10.07,520,vab-total,822940000.0
4119608,Pitanga,2018,R$,392930000.0,6575,accounts-4119608,https://servicodados.ibge.gov.br/api/v3/agregados/5938/periodos/2002%7C2003%7C2004%7C2005%7C2006%7C2007%7C2008%7C2009%7C2010%7C2011%7C2012%7C2013%7C2014%7C2015%7C2016%7C2017%7C2018%7C2019%7C2020%7C2021%7C2022%7C2023/variaveis/37%7C543%7C498%7C513%7C516%7C517%7C520%7C6575%7C6574%7C525%7C528?localidades=N6%5B4119608%5D,2026-10-06T15:05:19.153397+00:00,"Serviços, exceto administração pública",47.75,6574,vab-total,822940000.0
4119608,Pitanga,2018,R$,134861000.0,525,accounts-4119608,https://servicodados.ibge.gov.br/api/v3/agregados/5938/periodos/2002%7C2003%7C2004%7C2005%7C2006%7C2007%7C2008%7C2009%7C2010%7C2011%7C2012%7C2013%7C2014%7C2015%7C2016%7C2017%7C2018%7C2019%7C2020%7C2021%7C2022%7C2023/variaveis/37%7C543%7C498%7C513%7C516%7C517%7C520%7C6575%7C6574%7C525%7C528?localidades=N6%5B4119608%5D,2026-10-06T15:05:19.153397+00:00,"Administração, defesa, educação e saúde públicas e seguridade social",16.39,528,vab-total,822940000.0
4119608,Pitanga,2019,R$,183842000.0,513,accounts-4119608,https://servicodados.ibge.gov.br/api/v3/agregados/5938/periodos/2002%7C2003%7C2004%7C2005%7C2006%7C2007%7C2008%7C2009%7C2010%7C2011%7C2012%7C2013%7C2014%7C2015%7C2016%7C2017%7C2018%7C2019%7C2020%7C2021%7C2022%7C2023/variaveis/37%7C543%7C498%7C513%7C516%7C517%7C520%7C6575%7C6574%7C525%7C528?localidades=N6%5B4119608%5D,2026-10-06T15:05:19.153397+00:00,Agropecuária,23.09,516,vab-total,796304000.0
4119608,Pitanga,2019,R$,72989000.0,517,accounts-4119608,https://servicodados.ibge.gov.br/api/v3/agregados/5938/periodos/2002%7C2003%7C2004%7C2005%7C2006%7C2007%7C2008%7C2009%7C2010%7C2011%7C2012%7C2013%7C2014%7C2015%7C2016%7C2017%7C2018%7C2019%7C2020%7C2021%7C2022%7C2023/variaveis/37%7C543%7C498%7C513%7C516%7C517%7C520%7C6575%7C6574%7C525%7C528?localidades=N6%5B4119608%5D,2026-10-06T15:05:19.153397+00:00,Indústria,9.17,520,vab-total,796304000.0
4119608,Pitanga,2019,R$,400367000.0,6575,accounts-4119608,https://servicodados.ibge.gov.br/api/v3/agregados/5938/periodos/2002%7C2003%7C2004%7C2005%7C2006%7C2007%7C2008%7C2009%7C2010%7C2011%7C2012%7C2013%7C2014%7C2015%7C2016%7C2017%7C2018%7C2019%7C2020%7C2021%7C2022%7C2023/variaveis/37%7C543%7C498%7C513%7C516%7C517%7C520%7C6575%7C6574%7C525%7C528?localidades=N6%5B4119608%5D,2026-10-06T15:05:19.153397+00:00,"Serviços, exceto administração pública",50.28,6574,vab-total,796304000.0
4119608,Pitanga,2019,R$,139106000.0,525,accounts-4119608,https://servicodados.ibge.gov.br/api/v3/agregados/5938/periodos/2002%7C2003%7C2004%7C2005%7C2006%7C2007%7C2008%7C2009%7C2010%7C2011%7C2012%7C2013%7C2014%7C2015%7C2016%7C2017%7C2018%7C2019%7C2020%7C2021%7C2022%7C2023/variaveis/37%7C543%7C498%7C513%7C516%7C517%7C520%7C6575%7C6574%7C525%7C528?localidades=N6%5B4119608%5D,2026-10-06T15:05:19.153397+00:00,"Administração, defesa, educação e saúde públicas e seguridade social",17.47,528,vab-total,796304000.0
4119608,Pitanga,2020,R$,355191000.0,513,accounts-4119608,https://servicodados.ibge.gov.br/api/v3/agregados/5938/periodos/2002%7C2003%7C2004%7C2005%7C2006%7C2007%7C2008%7C2009%7C2010%7C2011%7C2012%7C2013%7C2014%7C2015%7C2016%7C2017%7C2018%7C2019%7C2020%7C2021%7C2022%7C2023/variaveis/37%7C543%7C498%7C513%7C516%7C517%7C520%7C6575%7C6574%7C525%7C528?localidades=N6%5B4119608%5D,2026-10-06T15:05:19.153397+00:00,Agropecuária,34.84,516,vab-total,1019591000.0
4119608,Pitanga,2020,R$,95429000.0,517,accounts-4119608,https://servicodados.ibge.gov.br/api/v3/agregados/5938/periodos/2002%7C2003%7C2004%7C2005%7C2006%7C2007%7C2008%7C2009%7C2010%7C2011%7C2012%7C2013%7C2014%7C2015%7C2016%7C2017%7C2018%7C2019%7C2020%7C2021%7C2022%7C2023/variaveis/37%7C543%7C498%7C513%7C516%7C517%7C520%7C6575%7C6574%7C525%7C528?localidades=N6%5B4119608%5D,2026-10-06T15:05:19.153397+00:00,Indústria,9.36,520,vab-total,1019591000.0
4119608,Pitanga,2020,R$,428385000.0,6575,accounts-4119608,https://servicodados.ibge.gov.br/api/v3/agregados/5938/periodos/2002%7C2003%7C2004%7C2005%7C2006%7C2007%7C2008%7C2009%7C2010%7C2011%7C2012%7C2013%7C2014%7C2015%7C2016%7C2017%7C2018%7C2019%7C2020%7C2021%7C2022%7C2023/variaveis/37%7C543%7C498%7C513%7C516%7C517%7C520%7C6575%7C6574%7C525%7C528?localidades=N6%5B4119608%5D,2026-10-06T15:05:19.153397+00:00,"Serviços, exceto administração pública",42.02,6574,vab-total,1019591000.0
4119608,Pitanga,2020,R$,140586000.0,525,accounts-4119608,https://servicodados.ibge.gov.br/api/v3/agregados/5938/periodos/2002%7C2003%7C2004%7C2005%7C2006%7C2007%7C2008%7C2009%7C2010%7C2011%7C2012%7C2013%7C2014%7C2015%7C2016%7C2017%7C2018%7C2019%7C2020%7C2021%7C2022%7C2023/variaveis/37%7C543%7C498%7C513%7C516%7C517%7C520%7C6575%7C6574%7C525%7C528?localidades=N6%5B4119608%5D,2026-10-06T15:05:19.153397+00:00,"Administração, defesa, educação e saúde públicas e seguridade social",13.79,528,vab-total,1019591000.0
4119608,Pitanga,2021,R$,359232000.0,513,accounts-4119608,https://servicodados.ibge.gov.br/api/v3/agregados/5938/periodos/2002%7C2003%7C2004%7C2005%7C2006%7C2007%7C2008%7C2009%7C2010%7C2011%7C2012%7C2013%7C2014%7C2015%7C2016%7C2017%7C2018%7C2019%7C2020%7C2021%7C2022%7C2023/variaveis/37%7C543%7C498%7C513%7C516%7C517%7C520%7C6575%7C6574%7C525%7C528?localidades=N6%5B4119608%5D,2026-10-06T15:05:19.153397+00:00,Agropecuária,34.19,516,vab-total,1050804000.0
4119608,Pitanga,2021,R$,102086000.0,517,accounts-4119608,https://servicodados.ibge.gov.br/api/v3/agregados/5938/periodos/2002%7C2003%7C2004%7C2005%7C2006%7C2007%7C2008%7C2009%7C2010%7C2011%7C2012%7C2013%7C2014%7C2015%7C2016%7C2017%7C2018%7C2019%7C2020%7C2021%7C2022%7C2023/variaveis/37%7C543%7C498%7C513%7C516%7C517%7C520%7C6575%7C6574%7C525%7C528?localidades=N6%5B4119608%5D,2026-10-06T15:05:19.153397+00:00,Indústria,9.72,520,vab-total,1050804000.0
4119608,Pitanga,2021,R$,441483000.0,6575,accounts-4119608,https://servicodados.ibge.gov.br/api/v3/agregados/5938/periodos/2002%7C2003%7C2004%7C2005%7C2006%7C2007%7C2008%7C2009%7C2010%7C2011%7C2012%7C2013%7C2014%7C2015%7C2016%7C2017%7C2018%7C2019%7C2020%7C2021%7C2022%7C2023/variaveis/37%7C543%7C498%7C513%7C516%7C517%7C520%7C6575%7C6574%7C525%7C528?localidades=N6%5B4119608%5D,2026-10-06T15:05:19.153397+00:00,"Serviços, exceto administração pública",42.01,6574,vab-total,1050804000.0
4119608,Pitanga,2021,R$,148003000.0,525,accounts-4119608,https://servicodados.ibge.gov.br/api/v3/agregados/5938/periodos/2002%7C2003%7C2004%7C2005%7C2006%7C2007%7C2008%7C2009%7C2010%7C2011%7C2012%7C2013%7C2014%7C2015%7C2016%7C2017%7C2018%7C2019%7C2020%7C2021%7C2022%7C2023/variaveis/37%7C543%7C498%7C513%7C516%7C517%7C520%7C6575%7C6574%7C525%7C528?localidades=N6%5B4119608%5D,2026-10-06T15:05:19.153397+00:00,"Administração, defesa, educação e saúde públicas e seguridade social",14.08,528,vab-total,1050804000.0
4113254,Laranjal,2002,R$,7385000.0,513,accounts-4113254,https://servicodados.ibge.gov.br/api/v3/agregados/5938/periodos/2002%7C2003%7C2004%7C2005%7C2006%7C2007%7C2008%7C2009%7C2010%7C2011%7C2012%7C2013%7C2014%7C2015%7C2016%7C2017%7C2018%7C2019%7C2020%7C2021%7C2022%7C2023/variaveis/37%7C543%7C498%7C513%7C516%7C517%7C520%7C6575%7C6574%7C525%7C528?localidades=N6%5B4113254%5D,2026-10-06T15:05:19.153397+00:00,Agropecuária,43.94,516,vab-total,16806000.0
4113254,Laranjal,2002,R$,639000.0,517,accounts-4113254,https://servicodados.ibge.gov.br/api/v3/agregados/5938/periodos/2002%7C2003%7C2004%7C2005%7C2006%7C2007%7C2008%7C2009%7C2010%7C2011%7C2012%7C2013%7C2014%7C2015%7C2016%7C2017%7C2018%7C2019%7C2020%7C2021%7C2022%7C2023/variaveis/37%7C543%7C498%7C513%7C516%7C517%7C520%7C6575%7C6574%7C525%7C528?localidades=N6%5B4113254%5D,2026-10-06T15:05:19.153397+00:00,Indústria,3.8,520,vab-total,16806000.0
4113254,Laranjal,2002,R$,2289000.0,6575,accounts-4113254,https://servicodados.ibge.gov.br/api/v3/agregados/5938/periodos/2002%7C2003%7C2004%7C2005%7C2006%7C2007%7C2008%7C2009%7C2010%7C2011%7C2012%7C2013%7C2014%7C2015%7C2016%7C2017%7C2018%7C2019%7C2020%7C2021%7C2022%7C2023/variaveis/37%7C543%7C498%7C513%7C516%7C517%7C520%7C6575%7C6574%7C525%7C528?localidades=N6%5B4113254%5D,2026-10-06T15:05:19.153397+00:00,"Serviços, exceto administração pública",13.62,6574,vab-total,16806000.0
4113254,Laranjal,2002,R$,6493000.0,525,accounts-4113254,https://servicodados.ibge.gov.br/api/v3/agregados/5938/periodos/2002%7C2003%7C2004%7C2005%7C2006%7C2007%7C2008%7C2009%7C2010%7C2011%7C2012%7C2013%7C2014%7C2015%7C2016%7C2017%7C2018%7C2019%7C2020%7C2021%7C2022%7C2023/variaveis/37%7C543%7C498%7C513%7C516%7C517%7C520%7C6575%7C6574%7C525%7C528?localidades=N6%5B4113254%5D,2026-10-06T15:05:19.153397+00:00,"Administração, defesa, educação e saúde públicas e seguridade social",38.64,528,vab-total,16806000.0
4113254,Laranjal,2003,R$,9230000.0,513,accounts-4113254,https://servicodados.ibge.gov.br/api/v3/agregados/5938/periodos/2002%7C2003%7C2004%7C2005%7C2006%7C2007%7C2008%7C2009%7C2010%7C2011%7C2012%7C2013%7C2014%7C2015%7C2016%7C2017%7C2018%7C2019%7C2020%7C2021%7C2022%7C2023/variaveis/37%7C543%7C498%7C513%7C516%7C517%7C520%7C6575%7C6574%7C525%7C528?localidades=N6%5B4113254%5D,2026-10-06T15:05:19.153397+00:00,Agropecuária,46.18,516,vab-total,19988000.0
4113254,Laranjal,2003,R$,505000.0,517,accounts-4113254,https://servicodados.ibge.gov.br/api/v3/agregados/5938/periodos/2002%7C2003%7C2004%7C2005%7C2006%7C2007%7C2008%7C2009%7C2010%7C2011%7C2012%7C2013%7C2014%7C2015%7C2016%7C2017%7C2018%7C2019%7C2020%7C2021%7C2022%7C2023/variaveis/37%7C543%7C498%7C513%7C516%7C517%7C520%7C6575%7C6574%7C525%7C528?localidades=N6%5B4113254%5D,2026-10-06T15:05:19.153397+00:00,Indústria,2.53,520,vab-total,19988000.0
4113254,Laranjal,2003,R$,2702000.0,6575,accounts-4113254,https://servicodados.ibge.gov.br/api/v3/agregados/5938/periodos/2002%7C2003%7C2004%7C2005%7C2006%7C2007%7C2008%7C2009%7C2010%7C2011%7C2012%7C2013%7C2014%7C2015%7C2016%7C2017%7C2018%7C2019%7C2020%7C2021%7C2022%7C2023/variaveis/37%7C543%7C498%7C513%7C516%7C517%7C520%7C6575%7C6574%7C525%7C528?localidades=N6%5B4113254%5D,2026-10-06T15:05:19.153397+00:00,"Serviços, exceto administração pública",13.52,6574,vab-total,19988000.0
4113254,Laranjal,2003,R$,7551000.0,525,accounts-4113254,https://servicodados.ibge.gov.br/api/v3/agregados/5938/periodos/2002%7C2003%7C2004%7C2005%7C2006%7C2007%7C2008%7C2009%7C2010%7C2011%7C2012%7C2013%7C2014%7C2015%7C2016%7C2017%7C2018%7C2019%7C2020%7C2021%7C2022%7C2023/variaveis/37%7C543%7C498%7C513%7C516%7C517%7C520%7C6575%7C6574%7C525%7C528?localidades=N6%5B4113254%5D,2026-10-06T15:05:19.153397+00:00,"Administração, defesa, educação e saúde públicas e seguridade social",37.78,528,vab-total,19988000.0
4113254,Laranjal,2004,R$,10471000.0,513,accounts-4113254,https://servicodados.ibge.gov.br/api/v3/agregados/5938/periodos/2002%7C2003%7C2004%7C2005%7C2006%7C2007%7C2008%7C2009%7C2010%7C2011%7C2012%7C2013%7C2014%7C2015%7C2016%7C2017%7C2018%7C2019%7C2020%7C2021%7C2022%7C2023/variaveis/37%7C543%7C498%7C513%7C516%7C517%7C520%7C6575%7C6574%7C525%7C528?localidades=N6%5B4113254%5D,2026-10-06T15:05:19.153397+00:00,Agropecuária,47.87,516,vab-total,21874000.0
4113254,Laranjal,2004,R$,605000.0,517,accounts-4113254,https://servicodados.ibge.gov.br/api/v3/agregados/5938/periodos/2002%7C2003%7C2004%7C2005%7C2006%7C2007%7C2008%7C2009%7C2010%7C2011%7C2012%7C2013%7C2014%7C2015%7C2016%7C2017%7C2018%7C2019%7C2020%7C2021%7C2022%7C2023/variaveis/37%7C543%7C498%7C513%7C516%7C517%7C520%7C6575%7C6574%7C525%7C528?localidades=N6%5B4113254%5D,2026-10-06T15:05:19.153397+00:00,Indústria,2.77,520,vab-total,21874000.0
4113254,Laranjal,2004,R$,2889000.0,6575,accounts-4113254,https://servicodados.ibge.gov.br/api/v3/agregados/5938/periodos/2002%7C2003%7C2004%7C2005%7C2006%7C2007%7C2008%7C2009%7C2010%7C2011%7C2012%7C2013%7C2014%7C2015%7C2016%7C2017%7C2018%7C2019%7C2020%7C2021%7C2022%7C2023/variaveis/37%7C543%7C498%7C513%7C516%7C517%7C520%7C6575%7C6574%7C525%7C528?localidades=N6%5B4113254%5D,2026-10-06T15:05:19.153397+00:00,"Serviços, exceto administração pública",13.21,6574,vab-total,21874000.0
4113254,Laranjal,2004,R$,7910000.0,525,accounts-4113254,https://servicodados.ibge.gov.br/api/v3/agregados/5938/periodos/2002%7C2003%7C2004%7C2005%7C2006%7C2007%7C2008%7C2009%7C2010%7C2011%7C2012%7C2013%7C2014%7C2015%7C2016%7C2017%7C2018%7C2019%7C2020%7C2021%7C2022%7C2023/variaveis/37%7C543%7C498%7C513%7C516%7C517%7C520%7C6575%7C6574%7C525%7C528?localidades=N6%5B4113254%5D,2026-10-06T15:05:19.153397+00:00,"Administração, defesa, educação e saúde públicas e seguridade social",36.16,528,vab-total,21874000.0
4113254,Laranjal,2005,R$,9929000.0,513,accounts-4113254,https://servicodados.ibge.gov.br/api/v3/agregados/5938/periodos/2002%7C2003%7C2004%7C2005%7C2006%7C2007%7C2008%7C2009%7C2010%7C2011%7C2012%7C2013%7C2014%7C2015%7C2016%7C2017%7C2018%7C2019%7C2020%7C2021%7C2022%7C2023/variaveis/37%7C543%7C498%7C513%7C516%7C517%7C520%7C6575%7C6574%7C525%7C528?localidades=N6%5B4113254%5D,2026-10-06T15:05:19.153397+00:00,Agropecuária,42.46,516,vab-total,23381000.0
4113254,Laranjal,2005,R$,677000.0,517,accounts-4113254,https://servicodados.ibge.gov.br/api/v3/agregados/5938/periodos/2002%7C2003%7C2004%7C2005%7C2006%7C2007%7C2008%7C2009%7C2010%7C2011%7C2012%7C2013%7C2014%7C2015%7C2016%7C2017%7C2018%7C2019%7C2020%7C2021%7C2022%7C2023/variaveis/37%7C543%7C498%7C513%7C516%7C517%7C520%7C6575%7C6574%7C525%7C528?localidades=N6%5B4113254%5D,2026-10-06T15:05:19.153397+00:00,Indústria,2.9,520,vab-total,23381000.0
4113254,Laranjal,2005,R$,3389000.0,6575,accounts-4113254,https://servicodados.ibge.gov.br/api/v3/agregados/5938/periodos/2002%7C2003%7C2004%7C2005%7C2006%7C2007%7C2008%7C2009%7C2010%7C2011%7C2012%7C2013%7C2014%7C2015%7C2016%7C2017%7C2018%7C2019%7C2020%7C2021%7C2022%7C2023/variaveis/37%7C543%7C498%7C513%7C516%7C517%7C520%7C6575%7C6574%7C525%7C528?localidades=N6%5B4113254%5D,2026-10-06T15:05:19.153397+00:00,"Serviços, exceto administração pública",14.49,6574,vab-total,23381000.0
4113254,Laranjal,2005,R$,9387000.0,525,accounts-4113254,https://servicodados.ibge.gov.br/api/v3/agregados/5938/periodos/2002%7C2003%7C2004%7C2005%7C2006%7C2007%7C2008%7C2009%7C2010%7C2011%7C2012%7C2013%7C2014%7C2015%7C2016%7C2017%7C2018%7C2019%7C2020%7C2021%7C2022%7C2023/variaveis/37%7C543%7C498%7C513%7C516%7C517%7C520%7C6575%7C6574%7C525%7C528?localidades=N6%5B4113254%5D,2026-10-06T15:05:19.153397+00:00,"Administração, defesa, educação e saúde públicas e seguridade social",40.15,528,vab-total,23381000.0
4113254,Laranjal,2006,R$,10323000.0,513,accounts-4113254,https://servicodados.ibge.gov.br/api/v3/agregados/5938/periodos/2002%7C2003%7C2004%7C2005%7C2006%7C2007%7C2008%7C2009%7C2010%7C2011%7C2012%7C2013%7C2014%7C2015%7C2016%7C2017%7C2018%7C2019%7C2020%7C2021%7C2022%7C2023/variaveis/37%7C543%7C498%7C513%7C516%7C517%7C520%7C6575%7C6574%7C525%7C528?localidades=N6%5B4113254%5D,2026-10-06T15:05:19.153397+00:00,Agropecuária,40.02,516,vab-total,25798000.0
4113254,Laranjal,2006,R$,668000.0,517,accounts-4113254,https://servicodados.ibge.gov.br/api/v3/agregados/5938/periodos/2002%7C2003%7C2004%7C2005%7C2006%7C2007%7C2008%7C2009%7C2010%7C2011%7C2012%7C2013%7C2014%7C2015%7C2016%7C2017%7C2018%7C2019%7C2020%7C2021%7C2022%7C2023/variaveis/37%7C543%7C498%7C513%7C516%7C517%7C520%7C6575%7C6574%7C525%7C528?localidades=N6%5B4113254%5D,2026-10-06T15:05:19.153397+00:00,Indústria,2.59,520,vab-total,25798000.0
4113254,Laranjal,2006,R$,3948000.0,6575,accounts-4113254,https://servicodados.ibge.gov.br/api/v3/agregados/5938/periodos/2002%7C2003%7C2004%7C2005%7C2006%7C2007%7C2008%7C2009%7C2010%7C2011%7C2012%7C2013%7C2014%7C2015%7C2016%7C2017%7C2018%7C2019%7C2020%7C2021%7C2022%7C2023/variaveis/37%7C543%7C498%7C513%7C516%7C517%7C520%7C6575%7C6574%7C525%7C528?localidades=N6%5B4113254%5D,2026-10-06T15:05:19.153397+00:00,"Serviços, exceto administração pública",15.3,6574,vab-total,25798000.0
4113254,Laranjal,2006,R$,10859000.0,525,accounts-4113254,https://servicodados.ibge.gov.br/api/v3/agregados/5938/periodos/2002%7C2003%7C2004%7C2005%7C2006%7C2007%7C2008%7C2009%7C2010%7C2011%7C2012%7C2013%7C2014%7C2015%7C2016%7C2017%7C2018%7C2019%7C2020%7C2021%7C2022%7C2023/variaveis/37%7C543%7C498%7C513%7C516%7C517%7C520%7C6575%7C6574%7C525%7C528?localidades=N6%5B4113254%5D,2026-10-06T15:05:19.153397+00:00,"Administração, defesa, educação e saúde públicas e seguridade social",42.09,528,vab-total,25798000.0
4113254,Laranjal,2007,R$,11842000.0,513,accounts-4113254,https://servicodados.ibge.gov.br/api/v3/agregados/5938/periodos/2002%7C2003%7C2004%7C2005%7C2006%7C2007%7C2008%7C2009%7C2010%7C2011%7C2012%7C2013%7C2014%7C2015%7C2016%7C2017%7C2018%7C2019%7C2020%7C2021%7C2022%7C2023/variaveis/37%7C543%7C498%7C513%7C516%7C517%7C520%7C6575%7C6574%7C525%7C528?localidades=N6%5B4113254%5D,2026-10-06T15:05:19.153397+00:00,Agropecuária,42.07,516,vab-total,28152000.0
4113254,Laranjal,2007,R$,785000.0,517,accounts-4113254,https://servicodados.ibge.gov.br/api/v3/agregados/5938/periodos/2002%7C2003%7C2004%7C2005%7C2006%7C2007%7C2008%7C2009%7C2010%7C2011%7C2012%7C2013%7C2014%7C2015%7C2016%7C2017%7C2018%7C2019%7C2020%7C2021%7C2022%7C2023/variaveis/37%7C543%7C498%7C513%7C516%7C517%7C520%7C6575%7C6574%7C525%7C528?localidades=N6%5B4113254%5D,2026-10-06T15:05:19.153397+00:00,Indústria,2.79,520,vab-total,28152000.0
4113254,Laranjal,2007,R$,4382000.0,6575,accounts-4113254,https://servicodados.ibge.gov.br/api/v3/agregados/5938/periodos/2002%7C2003%7C2004%7C2005%7C2006%7C2007%7C2008%7C2009%7C2010%7C2011%7C2012%7C2013%7C2014%7C2015%7C2016%7C2017%7C2018%7C2019%7C2020%7C2021%7C2022%7C2023/variaveis/37%7C543%7C498%7C513%7C516%7C517%7C520%7C6575%7C6574%7C525%7C528?localidades=N6%5B4113254%5D,2026-10-06T15:05:19.153397+00:00,"Serviços, exceto administração pública",15.57,6574,vab-total,28152000.0
4113254,Laranjal,2007,R$,11142000.0,525,accounts-4113254,https://servicodados.ibge.gov.br/api/v3/agregados/5938/periodos/2002%7C2003%7C2004%7C2005%7C2006%7C2007%7C2008%7C2009%7C2010%7C2011%7C2012%7C2013%7C2014%7C2015%7C2016%7C2017%7C2018%7C2019%7C2020%7C2021%7C2022%7C2023/variaveis/37%7C543%7C498%7C513%7C516%7C517%7C520%7C6575%7C6574%7C525%7C528?localidades=N6%5B4113254%5D,2026-10-06T15:05:19.153397+00:00,"Administração, defesa, educação e saúde públicas e seguridade social",39.58,528,vab-total,28152000.0
4113254,Laranjal,2008,R$,16055000.0,513,accounts-4113254,https://servicodados.ibge.gov.br/api/v3/agregados/5938/periodos/2002%7C2003%7C2004%7C2005%7C2006%7C2007%7C2008%7C2009%7C2010%7C2011%7C2012%7C2013%7C2014%7C2015%7C2016%7C2017%7C2018%7C2019%7C2020%7C2021%7C2022%7C2023/variaveis/37%7C543%7C498%7C513%7C516%7C517%7C520%7C6575%7C6574%7C525%7C528?localidades=N6%5B4113254%5D,2026-10-06T15:05:19.153397+00:00,Agropecuária,45.74,516,vab-total,35099000.0
4113254,Laranjal,2008,R$,927000.0,517,accounts-4113254,https://servicodados.ibge.gov.br/api/v3/agregados/5938/periodos/2002%7C2003%7C2004%7C2005%7C2006%7C2007%7C2008%7C2009%7C2010%7C2011%7C2012%7C2013%7C2014%7C2015%7C2016%7C2017%7C2018%7C2019%7C2020%7C2021%7C2022%7C2023/variaveis/37%7C543%7C498%7C513%7C516%7C517%7C520%7C6575%7C6574%7C525%7C528?localidades=N6%5B4113254%5D,2026-10-06T15:05:19.153397+00:00,Indústria,2.64,520,vab-total,35099000.0
4113254,Laranjal,2008,R$,5299000.0,6575,accounts-4113254,https://servicodados.ibge.gov.br/api/v3/agregados/5938/periodos/2002%7C2003%7C2004%7C2005%7C2006%7C2007%7C2008%7C2009%7C2010%7C2011%7C2012%7C2013%7C2014%7C2015%7C2016%7C2017%7C2018%7C2019%7C2020%7C2021%7C2022%7C2023/variaveis/37%7C543%7C498%7C513%7C516%7C517%7C520%7C6575%7C6574%7C525%7C528?localidades=N6%5B4113254%5D,2026-10-06T15:05:19.153397+00:00,"Serviços, exceto administração pública",15.1,6574,vab-total,35099000.0
4113254,Laranjal,2008,R$,12817000.0,525,accounts-4113254,https://servicodados.ibge.gov.br/api/v3/agregados/5938/periodos/2002%7C2003%7C2004%7C2005%7C2006%7C2007%7C2008%7C2009%7C2010%7C2011%7C2012%7C2013%7C2014%7C2015%7C2016%7C2017%7C2018%7C2019%7C2020%7C2021%7C2022%7C2023/variaveis/37%7C543%7C498%7C513%7C516%7C517%7C520%7C6575%7C6574%7C525%7C528?localidades=N6%5B4113254%5D,2026-10-06T15:05:19.153397+00:00,"Administração, defesa, educação e saúde públicas e seguridade social",36.52,528,vab-total,35099000.0
4113254,Laranjal,2009,R$,16849000.0,513,accounts-4113254,https://servicodados.ibge.gov.br/api/v3/agregados/5938/periodos/2002%7C2003%7C2004%7C2005%7C2006%7C2007%7C2008%7C2009%7C2010%7C2011%7C2012%7C2013%7C2014%7C2015%7C2016%7C2017%7C2018%7C2019%7C2020%7C2021%7C2022%7C2023/variaveis/37%7C543%7C498%7C513%7C516%7C517%7C520%7C6575%7C6574%7C525%7C528?localidades=N6%5B4113254%5D,2026-10-06T15:05:19.153397+00:00,Agropecuária,44.67,516,vab-total,37721000.0
4113254,Laranjal,2009,R$,1096000.0,517,accounts-4113254,https://servicodados.ibge.gov.br/api/v3/agregados/5938/periodos/2002%7C2003%7C2004%7C2005%7C2006%7C2007%7C2008%7C2009%7C2010%7C2011%7C2012%7C2013%7C2014%7C2015%7C2016%7C2017%7C2018%7C2019%7C2020%7C2021%7C2022%7C2023/variaveis/37%7C543%7C498%7C513%7C516%7C517%7C520%7C6575%7C6574%7C525%7C528?localidades=N6%5B4113254%5D,2026-10-06T15:05:19.153397+00:00,Indústria,2.9,520,vab-total,37721000.0
4113254,Laranjal,2009,R$,5917000.0,6575,accounts-4113254,https://servicodados.ibge.gov.br/api/v3/agregados/5938/periodos/2002%7C2003%7C2004%7C2005%7C2006%7C2007%7C2008%7C2009%7C2010%7C2011%7C2012%7C2013%7C2014%7C2015%7C2016%7C2017%7C2018%7C2019%7C2020%7C2021%7C2022%7C2023/variaveis/37%7C543%7C498%7C513%7C516%7C517%7C520%7C6575%7C6574%7C525%7C528?localidades=N6%5B4113254%5D,2026-10-06T15:05:19.153397+00:00,"Serviços, exceto administração pública",15.69,6574,vab-total,37721000.0
4113254,Laranjal,2009,R$,13859000.0,525,accounts-4113254,https://servicodados.ibge.gov.br/api/v3/agregados/5938/periodos/2002%7C2003%7C2004%7C2005%7C2006%7C2007%7C2008%7C2009%7C2010%7C2011%7C2012%7C2013%7C2014%7C2015%7C2016%7C2017%7C2018%7C2019%7C2020%7C2021%7C2022%7C2023/variaveis/37%7C543%7C498%7C513%7C516%7C517%7C520%7C6575%7C6574%7C525%7C528?localidades=N6%5B4113254%5D,2026-10-06T15:05:19.153397+00:00,"Administração, defesa, educação e saúde públicas e seguridade social",36.74,528,vab-total,37721000.0
4113254,Laranjal,2010,R$,17021000.0,513,accounts-4113254,https://servicodados.ibge.gov.br/api/v3/agregados/5938/periodos/2002%7C2003%7C2004%7C2005%7C2006%7C2007%7C2008%7C2009%7C2010%7C2011%7C2012%7C2013%7C2014%7C2015%7C2016%7C2017%7C2018%7C2019%7C2020%7C2021%7C2022%7C2023/variaveis/37%7C543%7C498%7C513%7C516%7C517%7C520%7C6575%7C6574%7C525%7C528?localidades=N6%5B4113254%5D,2026-10-06T15:05:19.153397+00:00,Agropecuária,43.7,516,vab-total,38949000.0
4113254,Laranjal,2010,R$,1191000.0,517,accounts-4113254,https://servicodados.ibge.gov.br/api/v3/agregados/5938/periodos/2002%7C2003%7C2004%7C2005%7C2006%7C2007%7C2008%7C2009%7C2010%7C2011%7C2012%7C2013%7C2014%7C2015%7C2016%7C2017%7C2018%7C2019%7C2020%7C2021%7C2022%7C2023/variaveis/37%7C543%7C498%7C513%7C516%7C517%7C520%7C6575%7C6574%7C525%7C528?localidades=N6%5B4113254%5D,2026-10-06T15:05:19.153397+00:00,Indústria,3.06,520,vab-total,38949000.0
4113254,Laranjal,2010,R$,5765000.0,6575,accounts-4113254,https://servicodados.ibge.gov.br/api/v3/agregados/5938/periodos/2002%7C2003%7C2004%7C2005%7C2006%7C2007%7C2008%7C2009%7C2010%7C2011%7C2012%7C2013%7C2014%7C2015%7C2016%7C2017%7C2018%7C2019%7C2020%7C2021%7C2022%7C2023/variaveis/37%7C543%7C498%7C513%7C516%7C517%7C520%7C6575%7C6574%7C525%7C528?localidades=N6%5B4113254%5D,2026-10-06T15:05:19.153397+00:00,"Serviços, exceto administração pública",14.8,6574,vab-total,38949000.0
4113254,Laranjal,2010,R$,14971000.0,525,accounts-4113254,https://servicodados.ibge.gov.br/api/v3/agregados/5938/periodos/2002%7C2003%7C2004%7C2005%7C2006%7C2007%7C2008%7C2009%7C2010%7C2011%7C2012%7C2013%7C2014%7C2015%7C2016%7C2017%7C2018%7C2019%7C2020%7C2021%7C2022%7C2023/variaveis/37%7C543%7C498%7C513%7C516%7C517%7C520%7C6575%7C6574%7C525%7C528?localidades=N6%5B4113254%5D,2026-10-06T15:05:19.153397+00:00,"Administração, defesa, educação e saúde públicas e seguridade social",38.44,528,vab-total,38949000.0
4113254,Laranjal,2011,R$,20486000.0,513,accounts-4113254,https://servicodados.ibge.gov.br/api/v3/agregados/5938/periodos/2002%7C2003%7C2004%7C2005%7C2006%7C2007%7C2008%7C2009%7C2010%7C2011%7C2012%7C2013%7C2014%7C2015%7C2016%7C2017%7C2018%7C2019%7C2020%7C2021%7C2022%7C2023/variaveis/37%7C543%7C498%7C513%7C516%7C517%7C520%7C6575%7C6574%7C525%7C528?localidades=N6%5B4113254%5D,2026-10-06T15:05:19.153397+00:00,Agropecuária,43.5,516,vab-total,47090000.0
4113254,Laranjal,2011,R$,1515000.0,517,accounts-4113254,https://servicodados.ibge.gov.br/api/v3/agregados/5938/periodos/2002%7C2003%7C2004%7C2005%7C2006%7C2007%7C2008%7C2009%7C2010%7C2011%7C2012%7C2013%7C2014%7C2015%7C2016%7C2017%7C2018%7C2019%7C2020%7C2021%7C2022%7C2023/variaveis/37%7C543%7C498%7C513%7C516%7C517%7C520%7C6575%7C6574%7C525%7C528?localidades=N6%5B4113254%5D,2026-10-06T15:05:19.153397+00:00,Indústria,3.22,520,vab-total,47090000.0
4113254,Laranjal,2011,R$,8387000.0,6575,accounts-4113254,https://servicodados.ibge.gov.br/api/v3/agregados/5938/periodos/2002%7C2003%7C2004%7C2005%7C2006%7C2007%7C2008%7C2009%7C2010%7C2011%7C2012%7C2013%7C2014%7C2015%7C2016%7C2017%7C2018%7C2019%7C2020%7C2021%7C2022%7C2023/variaveis/37%7C543%7C498%7C513%7C516%7C517%7C520%7C6575%7C6574%7C525%7C528?localidades=N6%5B4113254%5D,2026-10-06T15:05:19.153397+00:00,"Serviços, exceto administração pública",17.81,6574,vab-total,47090000.0
4113254,Laranjal,2011,R$,16702000.0,525,accounts-4113254,https://servicodados.ibge.gov.br/api/v3/agregados/5938/periodos/2002%7C2003%7C2004%7C2005%7C2006%7C2007%7C2008%7C2009%7C2010%7C2011%7C2012%7C2013%7C2014%7C2015%7C2016%7C2017%7C2018%7C2019%7C2020%7C2021%7C2022%7C2023/variaveis/37%7C543%7C498%7C513%7C516%7C517%7C520%7C6575%7C6574%7C525%7C528?localidades=N6%5B4113254%5D,2026-10-06T15:05:19.153397+00:00,"Administração, defesa, educação e saúde públicas e seguridade social",35.47,528,vab-total,47090000.0
4113254,Laranjal,2012,R$,21775000.0,513,accounts-4113254,https://servicodados.ibge.gov.br/api/v3/agregados/5938/periodos/2002%7C2003%7C2004%7C2005%7C2006%7C2007%7C2008%7C2009%7C2010%7C2011%7C2012%7C2013%7C2014%7C2015%7C2016%7C2017%7C2018%7C2019%7C2020%7C2021%7C2022%7C2023/variaveis/37%7C543%7C498%7C513%7C516%7C517%7C520%7C6575%7C6574%7C525%7C528?localidades=N6%5B4113254%5D,2026-10-06T15:05:19.153397+00:00,Agropecuária,41.41,516,vab-total,52582000.0
4113254,Laranjal,2012,R$,2170000.0,517,accounts-4113254,https://servicodados.ibge.gov.br/api/v3/agregados/5938/periodos/2002%7C2003%7C2004%7C2005%7C2006%7C2007%7C2008%7C2009%7C2010%7C2011%7C2012%7C2013%7C2014%7C2015%7C2016%7C2017%7C2018%7C2019%7C2020%7C2021%7C2022%7C2023/variaveis/37%7C543%7C498%7C513%7C516%7C517%7C520%7C6575%7C6574%7C525%7C528?localidades=N6%5B4113254%5D,2026-10-06T15:05:19.153397+00:00,Indústria,4.13,520,vab-total,52582000.0
4113254,Laranjal,2012,R$,10231000.0,6575,accounts-4113254,https://servicodados.ibge.gov.br/api/v3/agregados/5938/periodos/2002%7C2003%7C2004%7C2005%7C2006%7C2007%7C2008%7C2009%7C2010%7C2011%7C2012%7C2013%7C2014%7C2015%7C2016%7C2017%7C2018%7C2019%7C2020%7C2021%7C2022%7C2023/variaveis/37%7C543%7C498%7C513%7C516%7C517%7C520%7C6575%7C6574%7C525%7C528?localidades=N6%5B4113254%5D,2026-10-06T15:05:19.153397+00:00,"Serviços, exceto administração pública",19.46,6574,vab-total,52582000.0
4113254,Laranjal,2012,R$,18407000.0,525,accounts-4113254,https://servicodados.ibge.gov.br/api/v3/agregados/5938/periodos/2002%7C2003%7C2004%7C2005%7C2006%7C2007%7C2008%7C2009%7C2010%7C2011%7C2012%7C2013%7C2014%7C2015%7C2016%7C2017%7C2018%7C2019%7C2020%7C2021%7C2022%7C2023/variaveis/37%7C543%7C498%7C513%7C516%7C517%7C520%7C6575%7C6574%7C525%7C528?localidades=N6%5B4113254%5D,2026-10-06T15:05:19.153397+00:00,"Administração, defesa, educação e saúde públicas e seguridade social",35.01,528,vab-total,52582000.0
4113254,Laranjal,2013,R$,26349000.0,513,accounts-4113254,https://servicodados.ibge.gov.br/api/v3/agregados/5938/periodos/2002%7C2003%7C2004%7C2005%7C2006%7C2007%7C2008%7C2009%7C2010%7C2011%7C2012%7C2013%7C2014%7C2015%7C2016%7C2017%7C2018%7C2019%7C2020%7C2021%7C2022%7C2023/variaveis/37%7C543%7C498%7C513%7C516%7C517%7C520%7C6575%7C6574%7C525%7C528?localidades=N6%5B4113254%5D,2026-10-06T15:05:19.153397+00:00,Agropecuária,43.73,516,vab-total,60260000.0
4113254,Laranjal,2013,R$,2143000.0,517,accounts-4113254,https://servicodados.ibge.gov.br/api/v3/agregados/5938/periodos/2002%7C2003%7C2004%7C2005%7C2006%7C2007%7C2008%7C2009%7C2010%7C2011%7C2012%7C2013%7C2014%7C2015%7C2016%7C2017%7C2018%7C2019%7C2020%7C2021%7C2022%7C2023/variaveis/37%7C543%7C498%7C513%7C516%7C517%7C520%7C6575%7C6574%7C525%7C528?localidades=N6%5B4113254%5D,2026-10-06T15:05:19.153397+00:00,Indústria,3.56,520,vab-total,60260000.0
4113254,Laranjal,2013,R$,11038000.0,6575,accounts-4113254,https://servicodados.ibge.gov.br/api/v3/agregados/5938/periodos/2002%7C2003%7C2004%7C2005%7C2006%7C2007%7C2008%7C2009%7C2010%7C2011%7C2012%7C2013%7C2014%7C2015%7C2016%7C2017%7C2018%7C2019%7C2020%7C2021%7C2022%7C2023/variaveis/37%7C543%7C498%7C513%7C516%7C517%7C520%7C6575%7C6574%7C525%7C528?localidades=N6%5B4113254%5D,2026-10-06T15:05:19.153397+00:00,"Serviços, exceto administração pública",18.32,6574,vab-total,60260000.0
4113254,Laranjal,2013,R$,20729000.0,525,accounts-4113254,https://servicodados.ibge.gov.br/api/v3/agregados/5938/periodos/2002%7C2003%7C2004%7C2005%7C2006%7C2007%7C2008%7C2009%7C2010%7C2011%7C2012%7C2013%7C2014%7C2015%7C2016%7C2017%7C2018%7C2019%7C2020%7C2021%7C2022%7C2023/variaveis/37%7C543%7C498%7C513%7C516%7C517%7C520%7C6575%7C6574%7C525%7C528?localidades=N6%5B4113254%5D,2026-10-06T15:05:19.153397+00:00,"Administração, defesa, educação e saúde públicas e seguridade social",34.4,528,vab-total,60260000.0
4113254,Laranjal,2014,R$,29367000.0,513,accounts-4113254,https://servicodados.ibge.gov.br/api/v3/agregados/5938/periodos/2002%7C2003%7C2004%7C2005%7C2006%7C2007%7C2008%7C2009%7C2010%7C2011%7C2012%7C2013%7C2014%7C2015%7C2016%7C2017%7C2018%7C2019%7C2020%7C2021%7C2022%7C2023/variaveis/37%7C543%7C498%7C513%7C516%7C517%7C520%7C6575%7C6574%7C525%7C528?localidades=N6%5B4113254%5D,2026-10-06T15:05:19.153397+00:00,Agropecuária,44.39,516,vab-total,66151000.0
4113254,Laranjal,2014,R$,2159000.0,517,accounts-4113254,https://servicodados.ibge.gov.br/api/v3/agregados/5938/periodos/2002%7C2003%7C2004%7C2005%7C2006%7C2007%7C2008%7C2009%7C2010%7C2011%7C2012%7C2013%7C2014%7C2015%7C2016%7C2017%7C2018%7C2019%7C2020%7C2021%7C2022%7C2023/variaveis/37%7C543%7C498%7C513%7C516%7C517%7C520%7C6575%7C6574%7C525%7C528?localidades=N6%5B4113254%5D,2026-10-06T15:05:19.153397+00:00,Indústria,3.26,520,vab-total,66151000.0
4113254,Laranjal,2014,R$,11849000.0,6575,accounts-4113254,https://servicodados.ibge.gov.br/api/v3/agregados/5938/periodos/2002%7C2003%7C2004%7C2005%7C2006%7C2007%7C2008%7C2009%7C2010%7C2011%7C2012%7C2013%7C2014%7C2015%7C2016%7C2017%7C2018%7C2019%7C2020%7C2021%7C2022%7C2023/variaveis/37%7C543%7C498%7C513%7C516%7C517%7C520%7C6575%7C6574%7C525%7C528?localidades=N6%5B4113254%5D,2026-10-06T15:05:19.153397+00:00,"Serviços, exceto administração pública",17.91,6574,vab-total,66151000.0
4113254,Laranjal,2014,R$,22775000.0,525,accounts-4113254,https://servicodados.ibge.gov.br/api/v3/agregados/5938/periodos/2002%7C2003%7C2004%7C2005%7C2006%7C2007%7C2008%7C2009%7C2010%7C2011%7C2012%7C2013%7C2014%7C2015%7C2016%7C2017%7C2018%7C2019%7C2020%7C2021%7C2022%7C2023/variaveis/37%7C543%7C498%7C513%7C516%7C517%7C520%7C6575%7C6574%7C525%7C528?localidades=N6%5B4113254%5D,2026-10-06T15:05:19.153397+00:00,"Administração, defesa, educação e saúde públicas e seguridade social",34.43,528,vab-total,66151000.0
4113254,Laranjal,2015,R$,32327000.0,513,accounts-4113254,https://servicodados.ibge.gov.br/api/v3/agregados/5938/periodos/2002%7C2003%7C2004%7C2005%7C2006%7C2007%7C2008%7C2009%7C2010%7C2011%7C2012%7C2013%7C2014%7C2015%7C2016%7C2017%7C2018%7C2019%7C2020%7C2021%7C2022%7C2023/variaveis/37%7C543%7C498%7C513%7C516%7C517%7C520%7C6575%7C6574%7C525%7C528?localidades=N6%5B4113254%5D,2026-10-06T15:05:19.153397+00:00,Agropecuária,44.0,516,vab-total,73470000.0
4113254,Laranjal,2015,R$,2366000.0,517,accounts-4113254,https://servicodados.ibge.gov.br/api/v3/agregados/5938/periodos/2002%7C2003%7C2004%7C2005%7C2006%7C2007%7C2008%7C2009%7C2010%7C2011%7C2012%7C2013%7C2014%7C2015%7C2016%7C2017%7C2018%7C2019%7C2020%7C2021%7C2022%7C2023/variaveis/37%7C543%7C498%7C513%7C516%7C517%7C520%7C6575%7C6574%7C525%7C528?localidades=N6%5B4113254%5D,2026-10-06T15:05:19.153397+00:00,Indústria,3.22,520,vab-total,73470000.0
4113254,Laranjal,2015,R$,14046000.0,6575,accounts-4113254,https://servicodados.ibge.gov.br/api/v3/agregados/5938/periodos/2002%7C2003%7C2004%7C2005%7C2006%7C2007%7C2008%7C2009%7C2010%7C2011%7C2012%7C2013%7C2014%7C2015%7C2016%7C2017%7C2018%7C2019%7C2020%7C2021%7C2022%7C2023/variaveis/37%7C543%7C498%7C513%7C516%7C517%7C520%7C6575%7C6574%7C525%7C528?localidades=N6%5B4113254%5D,2026-10-06T15:05:19.153397+00:00,"Serviços, exceto administração pública",19.12,6574,vab-total,73470000.0
4113254,Laranjal,2015,R$,24731000.0,525,accounts-4113254,https://servicodados.ibge.gov.br/api/v3/agregados/5938/periodos/2002%7C2003%7C2004%7C2005%7C2006%7C2007%7C2008%7C2009%7C2010%7C2011%7C2012%7C2013%7C2014%7C2015%7C2016%7C2017%7C2018%7C2019%7C2020%7C2021%7C2022%7C2023/variaveis/37%7C543%7C498%7C513%7C516%7C517%7C520%7C6575%7C6574%7C525%7C528?localidades=N6%5B4113254%5D,2026-10-06T15:05:19.153397+00:00,"Administração, defesa, educação e saúde públicas e seguridade social",33.66,528,vab-total,73470000.0
4113254,Laranjal,2016,R$,35933000.0,513,accounts-4113254,https://servicodados.ibge.gov.br/api/v3/agregados/5938/periodos/2002%7C2003%7C2004%7C2005%7C2006%7C2007%7C2008%7C2009%7C2010%7C2011%7C2012%7C2013%7C2014%7C2015%7C2016%7C2017%7C2018%7C2019%7C2020%7C2021%7C2022%7C2023/variaveis/37%7C543%7C498%7C513%7C516%7C517%7C520%7C6575%7C6574%7C525%7C528?localidades=N6%5B4113254%5D,2026-10-06T15:05:19.153397+00:00,Agropecuária,45.08,516,vab-total,79707000.0
4113254,Laranjal,2016,R$,2333000.0,517,accounts-4113254,https://servicodados.ibge.gov.br/api/v3/agregados/5938/periodos/2002%7C2003%7C2004%7C2005%7C2006%7C2007%7C2008%7C2009%7C2010%7C2011%7C2012%7C2013%7C2014%7C2015%7C2016%7C2017%7C2018%7C2019%7C2020%7C2021%7C2022%7C2023/variaveis/37%7C543%7C498%7C513%7C516%7C517%7C520%7C6575%7C6574%7C525%7C528?localidades=N6%5B4113254%5D,2026-10-06T15:05:19.153397+00:00,Indústria,2.93,520,vab-total,79707000.0
4113254,Laranjal,2016,R$,14031000.0,6575,accounts-4113254,https://servicodados.ibge.gov.br/api/v3/agregados/5938/periodos/2002%7C2003%7C2004%7C2005%7C2006%7C2007%7C2008%7C2009%7C2010%7C2011%7C2012%7C2013%7C2014%7C2015%7C2016%7C2017%7C2018%7C2019%7C2020%7C2021%7C2022%7C2023/variaveis/37%7C543%7C498%7C513%7C516%7C517%7C520%7C6575%7C6574%7C525%7C528?localidades=N6%5B4113254%5D,2026-10-06T15:05:19.153397+00:00,"Serviços, exceto administração pública",17.6,6574,vab-total,79707000.0
4113254,Laranjal,2016,R$,27410000.0,525,accounts-4113254,https://servicodados.ibge.gov.br/api/v3/agregados/5938/periodos/2002%7C2003%7C2004%7C2005%7C2006%7C2007%7C2008%7C2009%7C2010%7C2011%7C2012%7C2013%7C2014%7C2015%7C2016%7C2017%7C2018%7C2019%7C2020%7C2021%7C2022%7C2023/variaveis/37%7C543%7C498%7C513%7C516%7C517%7C520%7C6575%7C6574%7C525%7C528?localidades=N6%5B4113254%5D,2026-10-06T15:05:19.153397+00:00,"Administração, defesa, educação e saúde públicas e seguridade social",34.39,528,vab-total,79707000.0
4113254,Laranjal,2017,R$,34376000.0,513,accounts-4113254,https://servicodados.ibge.gov.br/api/v3/agregados/5938/periodos/2002%7C2003%7C2004%7C2005%7C2006%7C2007%7C2008%7C2009%7C2010%7C2011%7C2012%7C2013%7C2014%7C2015%7C2016%7C2017%7C2018%7C2019%7C2020%7C2021%7C2022%7C2023/variaveis/37%7C543%7C498%7C513%7C516%7C517%7C520%7C6575%7C6574%7C525%7C528?localidades=N6%5B4113254%5D,2026-10-06T15:05:19.153397+00:00,Agropecuária,42.42,516,vab-total,81029000.0
4113254,Laranjal,2017,R$,2070000.0,517,accounts-4113254,https://servicodados.ibge.gov.br/api/v3/agregados/5938/periodos/2002%7C2003%7C2004%7C2005%7C2006%7C2007%7C2008%7C2009%7C2010%7C2011%7C2012%7C2013%7C2014%7C2015%7C2016%7C2017%7C2018%7C2019%7C2020%7C2021%7C2022%7C2023/variaveis/37%7C543%7C498%7C513%7C516%7C517%7C520%7C6575%7C6574%7C525%7C528?localidades=N6%5B4113254%5D,2026-10-06T15:05:19.153397+00:00,Indústria,2.56,520,vab-total,81029000.0
4113254,Laranjal,2017,R$,15489000.0,6575,accounts-4113254,https://servicodados.ibge.gov.br/api/v3/agregados/5938/periodos/2002%7C2003%7C2004%7C2005%7C2006%7C2007%7C2008%7C2009%7C2010%7C2011%7C2012%7C2013%7C2014%7C2015%7C2016%7C2017%7C2018%7C2019%7C2020%7C2021%7C2022%7C2023/variaveis/37%7C543%7C498%7C513%7C516%7C517%7C520%7C6575%7C6574%7C525%7C528?localidades=N6%5B4113254%5D,2026-10-06T15:05:19.153397+00:00,"Serviços, exceto administração pública",19.12,6574,vab-total,81029000.0
4113254,Laranjal,2017,R$,29094000.0,525,accounts-4113254,https://servicodados.ibge.gov.br/api/v3/agregados/5938/periodos/2002%7C2003%7C2004%7C2005%7C2006%7C2007%7C2008%7C2009%7C2010%7C2011%7C2012%7C2013%7C2014%7C2015%7C2016%7C2017%7C2018%7C2019%7C2020%7C2021%7C2022%7C2023/variaveis/37%7C543%7C498%7C513%7C516%7C517%7C520%7C6575%7C6574%7C525%7C528?localidades=N6%5B4113254%5D,2026-10-06T15:05:19.153397+00:00,"Administração, defesa, educação e saúde públicas e seguridade social",35.91,528,vab-total,81029000.0
4113254,Laranjal,2018,R$,31971000.0,513,accounts-4113254,https://servicodados.ibge.gov.br/api/v3/agregados/5938/periodos/2002%7C2003%7C2004%7C2005%7C2006%7C2007%7C2008%7C2009%7C2010%7C2011%7C2012%7C2013%7C2014%7C2015%7C2016%7C2017%7C2018%7C2019%7C2020%7C2021%7C2022%7C2023/variaveis/37%7C543%7C498%7C513%7C516%7C517%7C520%7C6575%7C6574%7C525%7C528?localidades=N6%5B4113254%5D,2026-10-06T15:05:19.153397+00:00,Agropecuária,40.48,516,vab-total,78983000.0
4113254,Laranjal,2018,R$,2119000.0,517,accounts-4113254,https://servicodados.ibge.gov.br/api/v3/agregados/5938/periodos/2002%7C2003%7C2004%7C2005%7C2006%7C2007%7C2008%7C2009%7C2010%7C2011%7C2012%7C2013%7C2014%7C2015%7C2016%7C2017%7C2018%7C2019%7C2020%7C2021%7C2022%7C2023/variaveis/37%7C543%7C498%7C513%7C516%7C517%7C520%7C6575%7C6574%7C525%7C528?localidades=N6%5B4113254%5D,2026-10-06T15:05:19.153397+00:00,Indústria,2.68,520,vab-total,78983000.0
4113254,Laranjal,2018,R$,16789000.0,6575,accounts-4113254,https://servicodados.ibge.gov.br/api/v3/agregados/5938/periodos/2002%7C2003%7C2004%7C2005%7C2006%7C2007%7C2008%7C2009%7C2010%7C2011%7C2012%7C2013%7C2014%7C2015%7C2016%7C2017%7C2018%7C2019%7C2020%7C2021%7C2022%7C2023/variaveis/37%7C543%7C498%7C513%7C516%7C517%7C520%7C6575%7C6574%7C525%7C528?localidades=N6%5B4113254%5D,2026-10-06T15:05:19.153397+00:00,"Serviços, exceto administração pública",21.26,6574,vab-total,78983000.0
4113254,Laranjal,2018,R$,28104000.0,525,accounts-4113254,https://servicodados.ibge.gov.br/api/v3/agregados/5938/periodos/2002%7C2003%7C2004%7C2005%7C2006%7C2007%7C2008%7C2009%7C2010%7C2011%7C2012%7C2013%7C2014%7C2015%7C2016%7C2017%7C2018%7C2019%7C2020%7C2021%7C2022%7C2023/variaveis/37%7C543%7C498%7C513%7C516%7C517%7C520%7C6575%7C6574%7C525%7C528?localidades=N6%5B4113254%5D,2026-10-06T15:05:19.153397+00:00,"Administração, defesa, educação e saúde públicas e seguridade social",35.58,528,vab-total,78983000.0
4113254,Laranjal,2019,R$,31162000.0,513,accounts-4113254,https://servicodados.ibge.gov.br/api/v3/agregados/5938/periodos/2002%7C2003%7C2004%7C2005%7C2006%7C2007%7C2008%7C2009%7C2010%7C2011%7C2012%7C2013%7C2014%7C2015%7C2016%7C2017%7C2018%7C2019%7C2020%7C2021%7C2022%7C2023/variaveis/37%7C543%7C498%7C513%7C516%7C517%7C520%7C6575%7C6574%7C525%7C528?localidades=N6%5B4113254%5D,2026-10-06T15:05:19.153397+00:00,Agropecuária,38.54,516,vab-total,80858000.0
4113254,Laranjal,2019,R$,2618000.0,517,accounts-4113254,https://servicodados.ibge.gov.br/api/v3/agregados/5938/periodos/2002%7C2003%7C2004%7C2005%7C2006%7C2007%7C2008%7C2009%7C2010%7C2011%7C2012%7C2013%7C2014%7C2015%7C2016%7C2017%7C2018%7C2019%7C2020%7C2021%7C2022%7C2023/variaveis/37%7C543%7C498%7C513%7C516%7C517%7C520%7C6575%7C6574%7C525%7C528?localidades=N6%5B4113254%5D,2026-10-06T15:05:19.153397+00:00,Indústria,3.24,520,vab-total,80858000.0
4113254,Laranjal,2019,R$,17854000.0,6575,accounts-4113254,https://servicodados.ibge.gov.br/api/v3/agregados/5938/periodos/2002%7C2003%7C2004%7C2005%7C2006%7C2007%7C2008%7C2009%7C2010%7C2011%7C2012%7C2013%7C2014%7C2015%7C2016%7C2017%7C2018%7C2019%7C2020%7C2021%7C2022%7C2023/variaveis/37%7C543%7C498%7C513%7C516%7C517%7C520%7C6575%7C6574%7C525%7C528?localidades=N6%5B4113254%5D,2026-10-06T15:05:19.153397+00:00,"Serviços, exceto administração pública",22.08,6574,vab-total,80858000.0
4113254,Laranjal,2019,R$,29225000.0,525,accounts-4113254,https://servicodados.ibge.gov.br/api/v3/agregados/5938/periodos/2002%7C2003%7C2004%7C2005%7C2006%7C2007%7C2008%7C2009%7C2010%7C2011%7C2012%7C2013%7C2014%7C2015%7C2016%7C2017%7C2018%7C2019%7C2020%7C2021%7C2022%7C2023/variaveis/37%7C543%7C498%7C513%7C516%7C517%7C520%7C6575%7C6574%7C525%7C528?localidades=N6%5B4113254%5D,2026-10-06T15:05:19.153397+00:00,"Administração, defesa, educação e saúde públicas e seguridade social",36.14,528,vab-total,80858000.0
4113254,Laranjal,2020,R$,47326000.0,513,accounts-4113254,https://servicodados.ibge.gov.br/api/v3/agregados/5938/periodos/2002%7C2003%7C2004%7C2005%7C2006%7C2007%7C2008%7C2009%7C2010%7C2011%7C2012%7C2013%7C2014%7C2015%7C2016%7C2017%7C2018%7C2019%7C2020%7C2021%7C2022%7C2023/variaveis/37%7C543%7C498%7C513%7C516%7C517%7C520%7C6575%7C6574%7C525%7C528?localidades=N6%5B4113254%5D,2026-10-06T15:05:19.153397+00:00,Agropecuária,48.57,516,vab-total,97447000.0
4113254,Laranjal,2020,R$,2587000.0,517,accounts-4113254,https://servicodados.ibge.gov.br/api/v3/agregados/5938/periodos/2002%7C2003%7C2004%7C2005%7C2006%7C2007%7C2008%7C2009%7C2010%7C2011%7C2012%7C2013%7C2014%7C2015%7C2016%7C2017%7C2018%7C2019%7C2020%7C2021%7C2022%7C2023/variaveis/37%7C543%7C498%7C513%7C516%7C517%7C520%7C6575%7C6574%7C525%7C528?localidades=N6%5B4113254%5D,2026-10-06T15:05:19.153397+00:00,Indústria,2.65,520,vab-total,97447000.0
4113254,Laranjal,2020,R$,18417000.0,6575,accounts-4113254,https://servicodados.ibge.gov.br/api/v3/agregados/5938/periodos/2002%7C2003%7C2004%7C2005%7C2006%7C2007%7C2008%7C2009%7C2010%7C2011%7C2012%7C2013%7C2014%7C2015%7C2016%7C2017%7C2018%7C2019%7C2020%7C2021%7C2022%7C2023/variaveis/37%7C543%7C498%7C513%7C516%7C517%7C520%7C6575%7C6574%7C525%7C528?localidades=N6%5B4113254%5D,2026-10-06T15:05:19.153397+00:00,"Serviços, exceto administração pública",18.9,6574,vab-total,97447000.0
4113254,Laranjal,2020,R$,29116000.0,525,accounts-4113254,https://servicodados.ibge.gov.br/api/v3/agregados/5938/periodos/2002%7C2003%7C2004%7C2005%7C2006%7C2007%7C2008%7C2009%7C2010%7C2011%7C2012%7C2013%7C2014%7C2015%7C2016%7C2017%7C2018%7C2019%7C2020%7C2021%7C2022%7C2023/variaveis/37%7C543%7C498%7C513%7C516%7C517%7C520%7C6575%7C6574%7C525%7C528?localidades=N6%5B4113254%5D,2026-10-06T15:05:19.153397+00:00,"Administração, defesa, educação e saúde públicas e seguridade social",29.88,528,vab-total,97447000.0
4113254,Laranjal,2021,R$,54581000.0,513,accounts-4113254,https://servicodados.ibge.gov.br/api/v3/agregados/5938/periodos/2002%7C2003%7C2004%7C2005%7C2006%7C2007%7C2008%7C2009%7C2010%7C2011%7C2012%7C2013%7C2014%7C2015%7C2016%7C2017%7C2018%7C2019%7C2020%7C2021%7C2022%7C2023/variaveis/37%7C543%7C498%7C513%7C516%7C517%7C520%7C6575%7C6574%7C525%7C528?localidades=N6%5B4113254%5D,2026-10-06T15:05:19.153397+00:00,Agropecuária,50.53,516,vab-total,108024000.0
4113254,Laranjal,2021,R$,3015000.0,517,accounts-4113254,https://servicodados.ibge.gov.br/api/v3/agregados/5938/periodos/2002%7C2003%7C2004%7C2005%7C2006%7C2007%7C2008%7C2009%7C2010%7C2011%7C2012%7C2013%7C2014%7C2015%7C2016%7C2017%7C2018%7C2019%7C2020%7C2021%7C2022%7C2023/variaveis/37%7C543%7C498%7C513%7C516%7C517%7C520%7C6575%7C6574%7C525%7C528?localidades=N6%5B4113254%5D,2026-10-06T15:05:19.153397+00:00,Indústria,2.79,520,vab-total,108024000.0
4113254,Laranjal,2021,R$,21080000.0,6575,accounts-4113254,https://servicodados.ibge.gov.br/api/v3/agregados/5938/periodos/2002%7C2003%7C2004%7C2005%7C2006%7C2007%7C2008%7C2009%7C2010%7C2011%7C2012%7C2013%7C2014%7C2015%7C2016%7C2017%7C2018%7C2019%7C2020%7C2021%7C2022%7C2023/variaveis/37%7C543%7C498%7C513%7C516%7C517%7C520%7C6575%7C6574%7C525%7C528?localidades=N6%5B4113254%5D,2026-10-06T15:05:19.153397+00:00,"Serviços, exceto administração pública",19.51,6574,vab-total,108024000.0
4113254,Laranjal,2021,R$,29347000.0,525,accounts-4113254,https://servicodados.ibge.gov.br/api/v3/agregados/5938/periodos/2002%7C2003%7C2004%7C2005%7C2006%7C2007%7C2008%7C2009%7C2010%7C2011%7C2012%7C2013%7C2014%7C2015%7C2016%7C2017%7C2018%7C2019%7C2020%7C2021%7C2022%7C2023/variaveis/37%7C543%7C498%7C513%7C516%7C517%7C520%7C6575%7C6574%7C525%7C528?localidades=N6%5B4113254%5D,2026-10-06T15:05:19.153397+00:00,"Administração, defesa, educação e saúde públicas e seguridade social",27.17,528,vab-total,108024000.0
