municipalityCode;municipality;state;source;collectedAt;period;code;label;admissions;dismissals;balance
4127965;Turvo;PR;Novo CAGED;2026-10-06T16:53:23.546027+00:00;2024-09;other;Outras categorias (agregadas);67;46;21
4127965;Turvo;PR;Novo CAGED;2026-10-06T16:53:23.546027+00:00;2024-09;8411600;Administração Pública em Geral;10;9;1
4127965;Turvo;PR;Novo CAGED;2026-10-06T16:53:23.546027+00:00;2024-09;2539001;Serviços de Usinagem, Tornearia e Solda;10;0;10
4127965;Turvo;PR;Novo CAGED;2026-10-06T16:53:23.546027+00:00;2024-09;1623400;Fabricação de Artefatos de Tanoaria e de Embalagens de Madeira;6;7;-1
4127965;Turvo;PR;Novo CAGED;2026-10-06T16:53:23.546027+00:00;2024-09;0139302;Cultivo de Erva-Mate;0;11;-11
4127965;Turvo;PR;Novo CAGED;2026-10-06T16:53:23.546027+00:00;2024-10;other;Outras categorias (agregadas);59;51;8
4127965;Turvo;PR;Novo CAGED;2026-10-06T16:53:23.546027+00:00;2024-10;1710900;Fabricação de Celulose e Outras Pastas para a Fabricação de Papel;11;12;-1
4127965;Turvo;PR;Novo CAGED;2026-10-06T16:53:23.546027+00:00;2024-10;1623400;Fabricação de Artefatos de Tanoaria e de Embalagens de Madeira;9;7;2
4127965;Turvo;PR;Novo CAGED;2026-10-06T16:53:23.546027+00:00;2024-10;0139302;Cultivo de Erva-Mate;0;14;-14
4127965;Turvo;PR;Novo CAGED;2026-10-06T16:53:23.546027+00:00;2024-11;other;Outras categorias (agregadas);53;73;-20
4127965;Turvo;PR;Novo CAGED;2026-10-06T16:53:23.546027+00:00;2024-11;1623400;Fabricação de Artefatos de Tanoaria e de Embalagens de Madeira;15;9;6
4127965;Turvo;PR;Novo CAGED;2026-10-06T16:53:23.546027+00:00;2024-12;other;Outras categorias (agregadas);46;90;-44
4127965;Turvo;PR;Novo CAGED;2026-10-06T16:53:23.546027+00:00;2024-12;1623400;Fabricação de Artefatos de Tanoaria e de Embalagens de Madeira;12;14;-2
4127965;Turvo;PR;Novo CAGED;2026-10-06T16:53:23.546027+00:00;2024-12;1710900;Fabricação de Celulose e Outras Pastas para a Fabricação de Papel;5;0;5
4127965;Turvo;PR;Novo CAGED;2026-10-06T16:53:23.546027+00:00;2024-12;4924800;Transporte Escolar;0;7;-7
4127965;Turvo;PR;Novo CAGED;2026-10-06T16:53:23.546027+00:00;2025-01;other;Outras categorias (agregadas);48;69;-21
4127965;Turvo;PR;Novo CAGED;2026-10-06T16:53:23.546027+00:00;2025-01;1623400;Fabricação de Artefatos de Tanoaria e de Embalagens de Madeira;15;12;3
4127965;Turvo;PR;Novo CAGED;2026-10-06T16:53:23.546027+00:00;2025-01;8211300;Serviços Combinados de Escritório e Apoio Administrativo;6;6;0
4127965;Turvo;PR;Novo CAGED;2026-10-06T16:53:23.546027+00:00;2025-01;1610203;Serrarias com Desdobramento de Madeira em Bruto;5;6;-1
4127965;Turvo;PR;Novo CAGED;2026-10-06T16:53:23.546027+00:00;2025-02;other;Outras categorias (agregadas);73;71;2
4127965;Turvo;PR;Novo CAGED;2026-10-06T16:53:23.546027+00:00;2025-02;1623400;Fabricação de Artefatos de Tanoaria e de Embalagens de Madeira;18;6;12
4127965;Turvo;PR;Novo CAGED;2026-10-06T16:53:23.546027+00:00;2025-02;4753900;Comércio Varejista Especializado de Eletrodomésticos e Equipamentos de áudio e Vídeo;9;0;9
4127965;Turvo;PR;Novo CAGED;2026-10-06T16:53:23.546027+00:00;2025-02;1710900;Fabricação de Celulose e Outras Pastas para a Fabricação de Papel;5;7;-2
4127965;Turvo;PR;Novo CAGED;2026-10-06T16:53:23.546027+00:00;2025-03;other;Outras categorias (agregadas);70;57;13
4127965;Turvo;PR;Novo CAGED;2026-10-06T16:53:23.546027+00:00;2025-03;1623400;Fabricação de Artefatos de Tanoaria e de Embalagens de Madeira;15;5;10
4127965;Turvo;PR;Novo CAGED;2026-10-06T16:53:23.546027+00:00;2025-03;1122402;Fabricação de Chá Mate e Outros Chás Prontos para Consumo;9;0;9
4127965;Turvo;PR;Novo CAGED;2026-10-06T16:53:23.546027+00:00;2025-03;8211300;Serviços Combinados de Escritório e Apoio Administrativo;6;10;-4
4127965;Turvo;PR;Novo CAGED;2026-10-06T16:53:23.546027+00:00;2025-04;other;Outras categorias (agregadas);70;59;11
4127965;Turvo;PR;Novo CAGED;2026-10-06T16:53:23.546027+00:00;2025-04;8211300;Serviços Combinados de Escritório e Apoio Administrativo;10;7;3
4127965;Turvo;PR;Novo CAGED;2026-10-06T16:53:23.546027+00:00;2025-04;1623400;Fabricação de Artefatos de Tanoaria e de Embalagens de Madeira;8;11;-3
4127965;Turvo;PR;Novo CAGED;2026-10-06T16:53:23.546027+00:00;2025-04;1710900;Fabricação de Celulose e Outras Pastas para a Fabricação de Papel;6;6;0
4127965;Turvo;PR;Novo CAGED;2026-10-06T16:53:23.546027+00:00;2025-05;other;Outras categorias (agregadas);60;57;3
4127965;Turvo;PR;Novo CAGED;2026-10-06T16:53:23.546027+00:00;2025-05;8411600;Administração Pública em Geral;9;5;4
4127965;Turvo;PR;Novo CAGED;2026-10-06T16:53:23.546027+00:00;2025-05;1623400;Fabricação de Artefatos de Tanoaria e de Embalagens de Madeira;5;13;-8
4127965;Turvo;PR;Novo CAGED;2026-10-06T16:53:23.546027+00:00;2025-06;other;Outras categorias (agregadas);73;55;18
4127965;Turvo;PR;Novo CAGED;2026-10-06T16:53:23.546027+00:00;2025-06;8411600;Administração Pública em Geral;20;6;14
4127965;Turvo;PR;Novo CAGED;2026-10-06T16:53:23.546027+00:00;2025-06;1122402;Fabricação de Chá Mate e Outros Chás Prontos para Consumo;18;0;18
4127965;Turvo;PR;Novo CAGED;2026-10-06T16:53:23.546027+00:00;2025-06;1623400;Fabricação de Artefatos de Tanoaria e de Embalagens de Madeira;7;5;2
4127965;Turvo;PR;Novo CAGED;2026-10-06T16:53:23.546027+00:00;2025-06;1610203;Serrarias com Desdobramento de Madeira em Bruto;6;7;-1
4127965;Turvo;PR;Novo CAGED;2026-10-06T16:53:23.546027+00:00;2025-07;other;Outras categorias (agregadas);76;47;29
4127965;Turvo;PR;Novo CAGED;2026-10-06T16:53:23.546027+00:00;2025-07;1623400;Fabricação de Artefatos de Tanoaria e de Embalagens de Madeira;11;11;0
4127965;Turvo;PR;Novo CAGED;2026-10-06T16:53:23.546027+00:00;2025-07;4744099;Comércio Varejista de Materiais de Construção em Geral;6;6;0
4127965;Turvo;PR;Novo CAGED;2026-10-06T16:53:23.546027+00:00;2025-07;1710900;Fabricação de Celulose e Outras Pastas para a Fabricação de Papel;6;5;1
4127965;Turvo;PR;Novo CAGED;2026-10-06T16:53:23.546027+00:00;2025-07;8211300;Serviços Combinados de Escritório e Apoio Administrativo;6;6;0
4127965;Turvo;PR;Novo CAGED;2026-10-06T16:53:23.546027+00:00;2025-08;other;Outras categorias (agregadas);56;54;2
4127965;Turvo;PR;Novo CAGED;2026-10-06T16:53:23.546027+00:00;2025-08;1623400;Fabricação de Artefatos de Tanoaria e de Embalagens de Madeira;9;11;-2
4127965;Turvo;PR;Novo CAGED;2026-10-06T16:53:23.546027+00:00;2025-08;8411600;Administração Pública em Geral;6;5;1
4127965;Turvo;PR;Novo CAGED;2026-10-06T16:53:23.546027+00:00;2025-08;1122402;Fabricação de Chá Mate e Outros Chás Prontos para Consumo;6;5;1
4127965;Turvo;PR;Novo CAGED;2026-10-06T16:53:23.546027+00:00;2025-09;other;Outras categorias (agregadas);73;55;18
4127965;Turvo;PR;Novo CAGED;2026-10-06T16:53:23.546027+00:00;2025-09;1710900;Fabricação de Celulose e Outras Pastas para a Fabricação de Papel;6;8;-2
4127965;Turvo;PR;Novo CAGED;2026-10-06T16:53:23.546027+00:00;2025-09;1122402;Fabricação de Chá Mate e Outros Chás Prontos para Consumo;6;6;0
4127965;Turvo;PR;Novo CAGED;2026-10-06T16:53:23.546027+00:00;2025-10;other;Outras categorias (agregadas);61;65;-4
4127965;Turvo;PR;Novo CAGED;2026-10-06T16:53:23.546027+00:00;2025-10;1710900;Fabricação de Celulose e Outras Pastas para a Fabricação de Papel;22;25;-3
4127965;Turvo;PR;Novo CAGED;2026-10-06T16:53:23.546027+00:00;2025-10;1122402;Fabricação de Chá Mate e Outros Chás Prontos para Consumo;12;5;7
4127965;Turvo;PR;Novo CAGED;2026-10-06T16:53:23.546027+00:00;2025-10;8411600;Administração Pública em Geral;9;5;4
4127965;Turvo;PR;Novo CAGED;2026-10-06T16:53:23.546027+00:00;2025-10;1610203;Serrarias com Desdobramento de Madeira em Bruto;7;5;2
4127965;Turvo;PR;Novo CAGED;2026-10-06T16:53:23.546027+00:00;2025-11;other;Outras categorias (agregadas);51;56;-5
4127965;Turvo;PR;Novo CAGED;2026-10-06T16:53:23.546027+00:00;2025-11;1122402;Fabricação de Chá Mate e Outros Chás Prontos para Consumo;26;12;14
4127965;Turvo;PR;Novo CAGED;2026-10-06T16:53:23.546027+00:00;2025-11;0139302;Cultivo de Erva-Mate;10;0;10
4127965;Turvo;PR;Novo CAGED;2026-10-06T16:53:23.546027+00:00;2025-11;7119702;Atividades de Estudos Geológicos;6;0;6
4127965;Turvo;PR;Novo CAGED;2026-10-06T16:53:23.546027+00:00;2025-11;8211300;Serviços Combinados de Escritório e Apoio Administrativo;6;7;-1
4127965;Turvo;PR;Novo CAGED;2026-10-06T16:53:23.546027+00:00;2025-12;other;Outras categorias (agregadas);48;61;-13
4127965;Turvo;PR;Novo CAGED;2026-10-06T16:53:23.546027+00:00;2025-12;8411600;Administração Pública em Geral;7;34;-27
4127965;Turvo;PR;Novo CAGED;2026-10-06T16:53:23.546027+00:00;2026-01;other;Outras categorias (agregadas);53;66;-13
4127965;Turvo;PR;Novo CAGED;2026-10-06T16:53:23.546027+00:00;2026-01;8411600;Administração Pública em Geral;50;6;44
4127965;Turvo;PR;Novo CAGED;2026-10-06T16:53:23.546027+00:00;2026-01;1122402;Fabricação de Chá Mate e Outros Chás Prontos para Consumo;16;15;1
4127965;Turvo;PR;Novo CAGED;2026-10-06T16:53:23.546027+00:00;2026-01;8211300;Serviços Combinados de Escritório e Apoio Administrativo;13;11;2
4127965;Turvo;PR;Novo CAGED;2026-10-06T16:53:23.546027+00:00;2026-01;1710900;Fabricação de Celulose e Outras Pastas para a Fabricação de Papel;6;13;-7
4127965;Turvo;PR;Novo CAGED;2026-10-06T16:53:23.546027+00:00;2026-01;1623400;Fabricação de Artefatos de Tanoaria e de Embalagens de Madeira;5;8;-3
4127965;Turvo;PR;Novo CAGED;2026-10-06T16:53:23.546027+00:00;2026-02;other;Outras categorias (agregadas);76;61;15
4127965;Turvo;PR;Novo CAGED;2026-10-06T16:53:23.546027+00:00;2026-02;4211101;Construção de Rodovias e Ferrovias;50;10;40
4127965;Turvo;PR;Novo CAGED;2026-10-06T16:53:23.546027+00:00;2026-02;8411600;Administração Pública em Geral;47;5;42
4127965;Turvo;PR;Novo CAGED;2026-10-06T16:53:23.546027+00:00;2026-02;8211300;Serviços Combinados de Escritório e Apoio Administrativo;14;7;7
4127965;Turvo;PR;Novo CAGED;2026-10-06T16:53:23.546027+00:00;2026-02;1623400;Fabricação de Artefatos de Tanoaria e de Embalagens de Madeira;10;9;1
4127965;Turvo;PR;Novo CAGED;2026-10-06T16:53:23.546027+00:00;2026-02;1710900;Fabricação de Celulose e Outras Pastas para a Fabricação de Papel;9;10;-1
4127965;Turvo;PR;Novo CAGED;2026-10-06T16:53:23.546027+00:00;2026-02;9430800;Atividades de Associações de Defesa de Direitos Sociais;8;0;8
4127965;Turvo;PR;Novo CAGED;2026-10-06T16:53:23.546027+00:00;2026-02;3511501;Geração de Energia Elétrica;5;0;5
4127965;Turvo;PR;Novo CAGED;2026-10-06T16:53:23.546027+00:00;2026-02;4399103;Obras de Alvenaria;0;8;-8
4127965;Turvo;PR;Novo CAGED;2026-10-06T16:53:23.546027+00:00;2026-03;other;Outras categorias (agregadas);88;69;19
4127965;Turvo;PR;Novo CAGED;2026-10-06T16:53:23.546027+00:00;2026-03;4211101;Construção de Rodovias e Ferrovias;41;29;12
4127965;Turvo;PR;Novo CAGED;2026-10-06T16:53:23.546027+00:00;2026-03;8411600;Administração Pública em Geral;28;5;23
4127965;Turvo;PR;Novo CAGED;2026-10-06T16:53:23.546027+00:00;2026-03;8111700;Serviços Combinados para Apoio a Edifícios, Exceto Condomínios Prediais;10;0;10
4127965;Turvo;PR;Novo CAGED;2026-10-06T16:53:23.546027+00:00;2026-03;8211300;Serviços Combinados de Escritório e Apoio Administrativo;8;10;-2
4127965;Turvo;PR;Novo CAGED;2026-10-06T16:53:23.546027+00:00;2026-03;1710900;Fabricação de Celulose e Outras Pastas para a Fabricação de Papel;5;5;0
4127965;Turvo;PR;Novo CAGED;2026-10-06T16:53:23.546027+00:00;2026-03;2539001;Serviços de Usinagem, Tornearia e Solda;0;11;-11
4127965;Turvo;PR;Novo CAGED;2026-10-06T16:53:23.546027+00:00;2026-04;other;Outras categorias (agregadas);75;73;2
4127965;Turvo;PR;Novo CAGED;2026-10-06T16:53:23.546027+00:00;2026-04;4211101;Construção de Rodovias e Ferrovias;27;35;-8
4127965;Turvo;PR;Novo CAGED;2026-10-06T16:53:23.546027+00:00;2026-04;8211300;Serviços Combinados de Escritório e Apoio Administrativo;15;18;-3
4127965;Turvo;PR;Novo CAGED;2026-10-06T16:53:23.546027+00:00;2026-04;1710900;Fabricação de Celulose e Outras Pastas para a Fabricação de Papel;7;8;-1
4127965;Turvo;PR;Novo CAGED;2026-10-06T16:53:23.546027+00:00;2026-04;8411600;Administração Pública em Geral;6;7;-1
4127965;Turvo;PR;Novo CAGED;2026-10-06T16:53:23.546027+00:00;2026-05;other;Outras categorias (agregadas);56;55;1
4127965;Turvo;PR;Novo CAGED;2026-10-06T16:53:23.546027+00:00;2026-05;4211101;Construção de Rodovias e Ferrovias;24;12;12
4127965;Turvo;PR;Novo CAGED;2026-10-06T16:53:23.546027+00:00;2026-05;8411600;Administração Pública em Geral;9;6;3
4127965;Turvo;PR;Novo CAGED;2026-10-06T16:53:23.546027+00:00;2026-05;1710900;Fabricação de Celulose e Outras Pastas para a Fabricação de Papel;9;5;4
4127965;Turvo;PR;Novo CAGED;2026-10-06T16:53:23.546027+00:00;2026-05;8211300;Serviços Combinados de Escritório e Apoio Administrativo;9;9;0
4127965;Turvo;PR;Novo CAGED;2026-10-06T16:53:23.546027+00:00;2026-05;1623400;Fabricação de Artefatos de Tanoaria e de Embalagens de Madeira;7;8;-1
4127965;Turvo;PR;Novo CAGED;2026-10-06T16:53:23.546027+00:00;2026-06;other;Outras categorias (agregadas);63;60;3
4127965;Turvo;PR;Novo CAGED;2026-10-06T16:53:23.546027+00:00;2026-06;4211101;Construção de Rodovias e Ferrovias;33;20;13
4127965;Turvo;PR;Novo CAGED;2026-10-06T16:53:23.546027+00:00;2026-06;8411600;Administração Pública em Geral;21;7;14
4127965;Turvo;PR;Novo CAGED;2026-10-06T16:53:23.546027+00:00;2026-06;1710900;Fabricação de Celulose e Outras Pastas para a Fabricação de Papel;9;5;4
4127965;Turvo;PR;Novo CAGED;2026-10-06T16:53:23.546027+00:00;2026-06;0139302;Cultivo de Erva-Mate;8;0;8
4127965;Turvo;PR;Novo CAGED;2026-10-06T16:53:23.546027+00:00;2026-06;8211300;Serviços Combinados de Escritório e Apoio Administrativo;7;7;0
4127965;Turvo;PR;Novo CAGED;2026-10-06T16:53:23.546027+00:00;2026-06;1623400;Fabricação de Artefatos de Tanoaria e de Embalagens de Madeira;6;6;0
4127965;Turvo;PR;Novo CAGED;2026-10-06T16:53:23.546027+00:00;2026-06;8111700;Serviços Combinados para Apoio a Edifícios, Exceto Condomínios Prediais;0;8;-8
4127965;Turvo;PR;Novo CAGED;2026-10-06T16:53:23.546027+00:00;2026-07;other;Outras categorias (agregadas);106;57;49
4127965;Turvo;PR;Novo CAGED;2026-10-06T16:53:23.546027+00:00;2026-07;4211101;Construção de Rodovias e Ferrovias;36;30;6
4127965;Turvo;PR;Novo CAGED;2026-10-06T16:53:23.546027+00:00;2026-07;1710900;Fabricação de Celulose e Outras Pastas para a Fabricação de Papel;7;5;2
4127965;Turvo;PR;Novo CAGED;2026-10-06T16:53:23.546027+00:00;2026-07;8211300;Serviços Combinados de Escritório e Apoio Administrativo;6;6;0
4127965;Turvo;PR;Novo CAGED;2026-10-06T16:53:23.546027+00:00;2026-07;0210107;Extração de Madeira em Florestas Plantadas;0;6;-6
4127965;Turvo;PR;Novo CAGED;2026-10-06T16:53:23.546027+00:00;2026-07;1623400;Fabricação de Artefatos de Tanoaria e de Embalagens de Madeira;0;5;-5
4127965;Turvo;PR;Novo CAGED;2026-10-06T16:53:23.546027+00:00;2026-08;other;Outras categorias (agregadas);70;57;13
4127965;Turvo;PR;Novo CAGED;2026-10-06T16:53:23.546027+00:00;2026-08;4211101;Construção de Rodovias e Ferrovias;22;18;4
4127965;Turvo;PR;Novo CAGED;2026-10-06T16:53:23.546027+00:00;2026-08;8211300;Serviços Combinados de Escritório e Apoio Administrativo;7;8;-1
4127965;Turvo;PR;Novo CAGED;2026-10-06T16:53:23.546027+00:00;2026-08;1011201;Frigorífico - Abate de Bovinos;6;0;6
4127965;Turvo;PR;Novo CAGED;2026-10-06T16:53:23.546027+00:00;2026-08;5611201;Restaurantes e Similares;6;0;6
4127965;Turvo;PR;Novo CAGED;2026-10-06T16:53:23.546027+00:00;2026-08;8111700;Serviços Combinados para Apoio a Edifícios, Exceto Condomínios Prediais;5;5;0
4127965;Turvo;PR;Novo CAGED;2026-10-06T16:53:23.546027+00:00;2026-08;4712100;Comércio Varejista de Mercadorias em Geral, com Predominância de Produtos Alimentícios - Minimercados, Mercearias e Armazéns;0;5;-5
4109401;Guarapuava;PR;Novo CAGED;2026-10-06T16:53:23.546027+00:00;2024-09;other;Outras categorias (agregadas);512;512;0
4109401;Guarapuava;PR;Novo CAGED;2026-10-06T16:53:23.546027+00:00;2024-09;4711302;Comércio Varejista de Mercadorias em Geral, com Predominância de Produtos Alimentícios - Supermercados;145;139;6
4109401;Guarapuava;PR;Novo CAGED;2026-10-06T16:53:23.546027+00:00;2024-09;4120400;Construção de Edifícios;108;82;26
4109401;Guarapuava;PR;Novo CAGED;2026-10-06T16:53:23.546027+00:00;2024-09;2222600;Fabricação de Embalagens de Material Plástico;104;87;17
4109401;Guarapuava;PR;Novo CAGED;2026-10-06T16:53:23.546027+00:00;2024-09;4211101;Construção de Rodovias e Ferrovias;76;95;-19
4109401;Guarapuava;PR;Novo CAGED;2026-10-06T16:53:23.546027+00:00;2024-09;4930202;Transporte Rodoviário de Carga, Exceto Produtos Perigosos e Mudanças, Intermunicipal, Interestadual e Internacional;73;73;0
4109401;Guarapuava;PR;Novo CAGED;2026-10-06T16:53:23.546027+00:00;2024-09;5611201;Restaurantes e Similares;70;75;-5
4109401;Guarapuava;PR;Novo CAGED;2026-10-06T16:53:23.546027+00:00;2024-09;8610101;Atividades de Atendimento Hospitalar, Exceto Pronto-Socorro e Unidades para Atendimento a Urgências;68;50;18
4109401;Guarapuava;PR;Novo CAGED;2026-10-06T16:53:23.546027+00:00;2024-09;5611203;Lanchonetes, Casas de Chá, de Sucos e Similares;63;47;16
4109401;Guarapuava;PR;Novo CAGED;2026-10-06T16:53:23.546027+00:00;2024-09;8211300;Serviços Combinados de Escritório e Apoio Administrativo;61;37;24
4109401;Guarapuava;PR;Novo CAGED;2026-10-06T16:53:23.546027+00:00;2024-09;1621800;Fabricação de Madeira Laminada e de Chapas de Madeira Compensada, Prensada e Aglomerada;53;49;4
4109401;Guarapuava;PR;Novo CAGED;2026-10-06T16:53:23.546027+00:00;2024-09;4781400;Comércio Varejista de Artigos do Vestuário e Acessórios;48;43;5
4109401;Guarapuava;PR;Novo CAGED;2026-10-06T16:53:23.546027+00:00;2024-09;4711301;Comércio Varejista de Mercadorias em Geral, com Predominância de Produtos Alimentícios - Hipermercados;44;35;9
4109401;Guarapuava;PR;Novo CAGED;2026-10-06T16:53:23.546027+00:00;2024-09;4671100;Comércio Atacadista de Madeira e Produtos Derivados;43;39;4
4109401;Guarapuava;PR;Novo CAGED;2026-10-06T16:53:23.546027+00:00;2024-09;1323500;Tecelagem de Fios de Fibras Artificiais e Sintéticas;43;36;7
4109401;Guarapuava;PR;Novo CAGED;2026-10-06T16:53:23.546027+00:00;2024-09;1610203;Serrarias com Desdobramento de Madeira em Bruto;34;37;-3
4109401;Guarapuava;PR;Novo CAGED;2026-10-06T16:53:23.546027+00:00;2024-09;4721102;Padaria e Confeitaria com Predominância de Revenda;32;15;17
4109401;Guarapuava;PR;Novo CAGED;2026-10-06T16:53:23.546027+00:00;2024-09;7319002;Promoção de Vendas;30;39;-9
4109401;Guarapuava;PR;Novo CAGED;2026-10-06T16:53:23.546027+00:00;2024-09;4511101;Comércio a Varejo de Automóveis, Camionetas e Utilitários Novos;28;14;14
4109401;Guarapuava;PR;Novo CAGED;2026-10-06T16:53:23.546027+00:00;2024-09;5212500;Carga e Descarga;23;22;1
4109401;Guarapuava;PR;Novo CAGED;2026-10-06T16:53:23.546027+00:00;2024-09;4771701;Comércio Varejista de Produtos Farmacêuticos, sem Manipulação de Fórmulas;21;23;-2
4109401;Guarapuava;PR;Novo CAGED;2026-10-06T16:53:23.546027+00:00;2024-09;4530701;Comércio por Atacado de Peças e Acessórios Novos para Veículos Automotores;21;7;14
4109401;Guarapuava;PR;Novo CAGED;2026-10-06T16:53:23.546027+00:00;2024-09;4731800;Comércio Varejista de Combustíveis para Veículos Automotores;19;18;1
4109401;Guarapuava;PR;Novo CAGED;2026-10-06T16:53:23.546027+00:00;2024-09;6920601;Atividades de Contabilidade;18;14;4
4109401;Guarapuava;PR;Novo CAGED;2026-10-06T16:53:23.546027+00:00;2024-09;4754701;Comércio Varejista de Móveis;18;20;-2
4109401;Guarapuava;PR;Novo CAGED;2026-10-06T16:53:23.546027+00:00;2024-09;8513900;Ensino Fundamental;18;21;-3
4109401;Guarapuava;PR;Novo CAGED;2026-10-06T16:53:23.546027+00:00;2024-09;4530703;Comércio a Varejo de Peças e Acessórios Novos para Veículos Automotores;17;19;-2
4109401;Guarapuava;PR;Novo CAGED;2026-10-06T16:53:23.546027+00:00;2024-09;2399199;Fabricação de Outros Produtos de Minerais Não-Metálicos não Especificados Anteriormente;17;18;-1
4109401;Guarapuava;PR;Novo CAGED;2026-10-06T16:53:23.546027+00:00;2024-09;8299799;Outras Atividades de Serviços Prestados Principalmente às Empresas não Especificadas Anteriormente;17;8;9
4109401;Guarapuava;PR;Novo CAGED;2026-10-06T16:53:23.546027+00:00;2024-09;4693100;Comércio Atacadista de Mercadorias em Geral, sem Predominância de Alimentos ou de Insumos Agropecuários;16;9;7
4109401;Guarapuava;PR;Novo CAGED;2026-10-06T16:53:23.546027+00:00;2024-09;4744099;Comércio Varejista de Materiais de Construção em Geral;14;10;4
4109401;Guarapuava;PR;Novo CAGED;2026-10-06T16:53:23.546027+00:00;2024-09;8532500;Educação Superior - Graduação e Pós-Graduação;14;9;5
4109401;Guarapuava;PR;Novo CAGED;2026-10-06T16:53:23.546027+00:00;2024-09;8630504;Atividade Odontológica com Recursos para Realização de Procedimentos Cirúrgicos;13;9;4
4109401;Guarapuava;PR;Novo CAGED;2026-10-06T16:53:23.546027+00:00;2024-09;8011101;Atividades de Vigilância e Segurança Privada;13;10;3
4109401;Guarapuava;PR;Novo CAGED;2026-10-06T16:53:23.546027+00:00;2024-09;4637199;Comércio Atacadista Especializado em Outros Produtos Alimentícios não Especificados Anteriormente;13;12;1
4109401;Guarapuava;PR;Novo CAGED;2026-10-06T16:53:23.546027+00:00;2024-09;4712100;Comércio Varejista de Mercadorias em Geral, com Predominância de Produtos Alimentícios - Minimercados, Mercearias e Armazéns;13;10;3
4109401;Guarapuava;PR;Novo CAGED;2026-10-06T16:53:23.546027+00:00;2024-09;4729699;Comércio Varejista de Produtos Alimentícios em Geral ou Especializado em Produtos Alimentícios não Especificados Anteriormente;13;8;5
4109401;Guarapuava;PR;Novo CAGED;2026-10-06T16:53:23.546027+00:00;2024-09;0115600;Cultivo de Soja;13;23;-10
4109401;Guarapuava;PR;Novo CAGED;2026-10-06T16:53:23.546027+00:00;2024-09;7490199;Outras Atividades Profissionais, Científicas e Técnicas não Especificadas Anteriormente;13;17;-4
4109401;Guarapuava;PR;Novo CAGED;2026-10-06T16:53:23.546027+00:00;2024-09;5620101;Fornecimento de Alimentos Preparados Preponderantemente para Empresas;12;14;-2
4109401;Guarapuava;PR;Novo CAGED;2026-10-06T16:53:23.546027+00:00;2024-09;4520001;Serviços de Manutenção e Reparação Mecânica de Veículos Automotores;12;15;-3
4109401;Guarapuava;PR;Novo CAGED;2026-10-06T16:53:23.546027+00:00;2024-09;7732201;Aluguel de Máquinas e Equipamentos para Construção sem Operador, Exceto Andaimes;11;9;2
4109401;Guarapuava;PR;Novo CAGED;2026-10-06T16:53:23.546027+00:00;2024-09;8291100;Atividades de Cobrança e Informações Cadastrais;11;10;1
4109401;Guarapuava;PR;Novo CAGED;2026-10-06T16:53:23.546027+00:00;2024-09;4661300;Comércio Atacadista de Máquinas, Aparelhos e Equipamentos para Uso Agropecuário, Partes e Peças;11;16;-5
4109401;Guarapuava;PR;Novo CAGED;2026-10-06T16:53:23.546027+00:00;2024-09;2212900;Reforma de Pneumáticos Usados;11;6;5
4109401;Guarapuava;PR;Novo CAGED;2026-10-06T16:53:23.546027+00:00;2024-09;0161099;Atividades de Apoio à Agricultura não Especificadas Anteriormente;10;9;1
4109401;Guarapuava;PR;Novo CAGED;2026-10-06T16:53:23.546027+00:00;2024-09;9430800;Atividades de Associações de Defesa de Direitos Sociais;10;10;0
4109401;Guarapuava;PR;Novo CAGED;2026-10-06T16:53:23.546027+00:00;2024-09;4634601;Comércio Atacadista de Carnes Bovinas e Suínas e Derivados;10;8;2
4109401;Guarapuava;PR;Novo CAGED;2026-10-06T16:53:23.546027+00:00;2024-09;4633801;Comércio Atacadista de Frutas, Verduras, Raízes, Tubérculos, Hortaliças e Legumes Frescos;10;7;3
4109401;Guarapuava;PR;Novo CAGED;2026-10-06T16:53:23.546027+00:00;2024-09;4772500;Comércio Varejista de Cosméticos, Produtos de Perfumaria e de Higiene Pessoal;10;12;-2
4109401;Guarapuava;PR;Novo CAGED;2026-10-06T16:53:23.546027+00:00;2024-09;8112500;Condomínios Prediais;10;11;-1
4109401;Guarapuava;PR;Novo CAGED;2026-10-06T16:53:23.546027+00:00;2024-09;1092900;Fabricação de Biscoitos e Bolachas;10;15;-5
4109401;Guarapuava;PR;Novo CAGED;2026-10-06T16:53:23.546027+00:00;2024-09;1091102;Fabricação de Produtos de Padaria e Confeitaria com Predominância de Produção Própria;10;5;5
4109401;Guarapuava;PR;Novo CAGED;2026-10-06T16:53:23.546027+00:00;2024-09;5510801;Hotéis;10;16;-6
4109401;Guarapuava;PR;Novo CAGED;2026-10-06T16:53:23.546027+00:00;2024-09;4321500;Instalação e Manutenção Elétrica;10;17;-7
4109401;Guarapuava;PR;Novo CAGED;2026-10-06T16:53:23.546027+00:00;2024-09;4399103;Obras de Alvenaria;10;5;5
4109401;Guarapuava;PR;Novo CAGED;2026-10-06T16:53:23.546027+00:00;2024-09;4632001;Comércio Atacadista de Cereais e Leguminosas Beneficiados;9;9;0
4109401;Guarapuava;PR;Novo CAGED;2026-10-06T16:53:23.546027+00:00;2024-09;8512100;Educação Infantil - Pré-Escola;9;11;-2
4109401;Guarapuava;PR;Novo CAGED;2026-10-06T16:53:23.546027+00:00;2024-09;1629301;Fabricação de Artefatos Diversos de Madeira, Exceto Móveis;9;7;2
4109401;Guarapuava;PR;Novo CAGED;2026-10-06T16:53:23.546027+00:00;2024-09;1721400;Fabricação de Papel;9;11;-2
4109401;Guarapuava;PR;Novo CAGED;2026-10-06T16:53:23.546027+00:00;2024-09;4110700;Incorporação de Empreendimentos Imobiliários;9;5;4
4109401;Guarapuava;PR;Novo CAGED;2026-10-06T16:53:23.546027+00:00;2024-09;4921301;Transporte Rodoviário Coletivo de Passageiros, com Itinerário Fixo, Municipal;9;8;1
4109401;Guarapuava;PR;Novo CAGED;2026-10-06T16:53:23.546027+00:00;2024-09;9313100;Atividades de Condicionamento Físico;8;8;0
4109401;Guarapuava;PR;Novo CAGED;2026-10-06T16:53:23.546027+00:00;2024-09;4683400;Comércio Atacadista de Defensivos Agrícolas, Adubos, Fertilizantes e Corretivos do Solo;8;8;0
4109401;Guarapuava;PR;Novo CAGED;2026-10-06T16:53:23.546027+00:00;2024-09;4782201;Comércio Varejista de Calçados;8;6;2
4109401;Guarapuava;PR;Novo CAGED;2026-10-06T16:53:23.546027+00:00;2024-09;0119903;Cultivo de Batata-Inglesa;8;7;1
4109401;Guarapuava;PR;Novo CAGED;2026-10-06T16:53:23.546027+00:00;2024-09;3101200;Fabricação de Móveis com Predominância de Madeira;8;13;-5
4109401;Guarapuava;PR;Novo CAGED;2026-10-06T16:53:23.546027+00:00;2024-09;3321000;Instalação de Máquinas e Equipamentos Industriais;8;5;3
4109401;Guarapuava;PR;Novo CAGED;2026-10-06T16:53:23.546027+00:00;2024-09;0161001;Serviço de Pulverização e Controle de Pragas Agrícolas;8;0;8
4109401;Guarapuava;PR;Novo CAGED;2026-10-06T16:53:23.546027+00:00;2024-09;8230001;Serviços de Organização de Feiras, Congressos, Exposições e Festas;8;11;-3
4109401;Guarapuava;PR;Novo CAGED;2026-10-06T16:53:23.546027+00:00;2024-09;8630502;Atividade Médica Ambulatorial com Recursos para Realização de Exames Complementares;7;0;7
4109401;Guarapuava;PR;Novo CAGED;2026-10-06T16:53:23.546027+00:00;2024-09;4753900;Comércio Varejista Especializado de Eletrodomésticos e Equipamentos de áudio e Vídeo;7;8;-1
4109401;Guarapuava;PR;Novo CAGED;2026-10-06T16:53:23.546027+00:00;2024-09;4744005;Comércio Varejista de Materiais de Construção não Especificados Anteriormente;7;7;0
4109401;Guarapuava;PR;Novo CAGED;2026-10-06T16:53:23.546027+00:00;2024-09;0111302;Cultivo de Milho;7;6;1
4109401;Guarapuava;PR;Novo CAGED;2026-10-06T16:53:23.546027+00:00;2024-09;5320202;Serviços de Entrega Rápida;7;7;0
4109401;Guarapuava;PR;Novo CAGED;2026-10-06T16:53:23.546027+00:00;2024-09;7500100;Atividades Veterinárias;6;5;1
4109401;Guarapuava;PR;Novo CAGED;2026-10-06T16:53:23.546027+00:00;2024-09;8020001;Atividades de Monitoramento de Sistemas de Segurança Eletronico;6;10;-4
4109401;Guarapuava;PR;Novo CAGED;2026-10-06T16:53:23.546027+00:00;2024-09;4723700;Comércio Varejista de Bebidas;6;6;0
4109401;Guarapuava;PR;Novo CAGED;2026-10-06T16:53:23.546027+00:00;2024-09;0111399;Cultivo de Outros Cereais não Especificados Anteriormente;6;8;-2
4109401;Guarapuava;PR;Novo CAGED;2026-10-06T16:53:23.546027+00:00;2024-09;6462000;Holdings de Instituições Não-Financeiras;6;8;-2
4109401;Guarapuava;PR;Novo CAGED;2026-10-06T16:53:23.546027+00:00;2024-09;4930201;Transporte Rodoviário de Carga, Exceto Produtos Perigosos e Mudanças, Municipal;6;10;-4
4109401;Guarapuava;PR;Novo CAGED;2026-10-06T16:53:23.546027+00:00;2024-09;7490104;Atividades de Intermediação e Agenciamento de Serviços e Negócios em Geral, Exceto Imobiliários;5;6;-1
4109401;Guarapuava;PR;Novo CAGED;2026-10-06T16:53:23.546027+00:00;2024-09;8220200;Atividades de Teleatendimento;5;6;-1
4109401;Guarapuava;PR;Novo CAGED;2026-10-06T16:53:23.546027+00:00;2024-09;2539001;Serviços de Usinagem, Tornearia e Solda;5;9;-4
4109401;Guarapuava;PR;Novo CAGED;2026-10-06T16:53:23.546027+00:00;2024-09;1722200;Fabricação de Cartolina e Papel-Cartão;0;5;-5
4109401;Guarapuava;PR;Novo CAGED;2026-10-06T16:53:23.546027+00:00;2024-10;other;Outras categorias (agregadas);569;550;19
4109401;Guarapuava;PR;Novo CAGED;2026-10-06T16:53:23.546027+00:00;2024-10;2222600;Fabricação de Embalagens de Material Plástico;172;117;55
4109401;Guarapuava;PR;Novo CAGED;2026-10-06T16:53:23.546027+00:00;2024-10;4711302;Comércio Varejista de Mercadorias em Geral, com Predominância de Produtos Alimentícios - Supermercados;139;131;8
4109401;Guarapuava;PR;Novo CAGED;2026-10-06T16:53:23.546027+00:00;2024-10;4120400;Construção de Edifícios;117;114;3
4109401;Guarapuava;PR;Novo CAGED;2026-10-06T16:53:23.546027+00:00;2024-10;4211101;Construção de Rodovias e Ferrovias;109;92;17
4109401;Guarapuava;PR;Novo CAGED;2026-10-06T16:53:23.546027+00:00;2024-10;4930202;Transporte Rodoviário de Carga, Exceto Produtos Perigosos e Mudanças, Intermunicipal, Interestadual e Internacional;83;89;-6
4109401;Guarapuava;PR;Novo CAGED;2026-10-06T16:53:23.546027+00:00;2024-10;5611201;Restaurantes e Similares;68;72;-4
4109401;Guarapuava;PR;Novo CAGED;2026-10-06T16:53:23.546027+00:00;2024-10;4781400;Comércio Varejista de Artigos do Vestuário e Acessórios;66;52;14
4109401;Guarapuava;PR;Novo CAGED;2026-10-06T16:53:23.546027+00:00;2024-10;5611203;Lanchonetes, Casas de Chá, de Sucos e Similares;65;73;-8
4109401;Guarapuava;PR;Novo CAGED;2026-10-06T16:53:23.546027+00:00;2024-10;1621800;Fabricação de Madeira Laminada e de Chapas de Madeira Compensada, Prensada e Aglomerada;57;39;18
4109401;Guarapuava;PR;Novo CAGED;2026-10-06T16:53:23.546027+00:00;2024-10;8610101;Atividades de Atendimento Hospitalar, Exceto Pronto-Socorro e Unidades para Atendimento a Urgências;47;42;5
4109401;Guarapuava;PR;Novo CAGED;2026-10-06T16:53:23.546027+00:00;2024-10;4671100;Comércio Atacadista de Madeira e Produtos Derivados;44;35;9
4109401;Guarapuava;PR;Novo CAGED;2026-10-06T16:53:23.546027+00:00;2024-10;8211300;Serviços Combinados de Escritório e Apoio Administrativo;44;32;12
4109401;Guarapuava;PR;Novo CAGED;2026-10-06T16:53:23.546027+00:00;2024-10;1610203;Serrarias com Desdobramento de Madeira em Bruto;43;47;-4
4109401;Guarapuava;PR;Novo CAGED;2026-10-06T16:53:23.546027+00:00;2024-10;4693100;Comércio Atacadista de Mercadorias em Geral, sem Predominância de Alimentos ou de Insumos Agropecuários;41;11;30
4109401;Guarapuava;PR;Novo CAGED;2026-10-06T16:53:23.546027+00:00;2024-10;4711301;Comércio Varejista de Mercadorias em Geral, com Predominância de Produtos Alimentícios - Hipermercados;40;39;1
4109401;Guarapuava;PR;Novo CAGED;2026-10-06T16:53:23.546027+00:00;2024-10;1323500;Tecelagem de Fios de Fibras Artificiais e Sintéticas;40;54;-14
4109401;Guarapuava;PR;Novo CAGED;2026-10-06T16:53:23.546027+00:00;2024-10;7490199;Outras Atividades Profissionais, Científicas e Técnicas não Especificadas Anteriormente;39;17;22
4109401;Guarapuava;PR;Novo CAGED;2026-10-06T16:53:23.546027+00:00;2024-10;0161003;Serviço de Preparação de Terreno, Cultivo e Colheita;38;0;38
4109401;Guarapuava;PR;Novo CAGED;2026-10-06T16:53:23.546027+00:00;2024-10;7732201;Aluguel de Máquinas e Equipamentos para Construção sem Operador, Exceto Andaimes;35;9;26
4109401;Guarapuava;PR;Novo CAGED;2026-10-06T16:53:23.546027+00:00;2024-10;0121101;Horticultura, Exceto Morango;34;0;34
4109401;Guarapuava;PR;Novo CAGED;2026-10-06T16:53:23.546027+00:00;2024-10;2399199;Fabricação de Outros Produtos de Minerais Não-Metálicos não Especificados Anteriormente;32;31;1
4109401;Guarapuava;PR;Novo CAGED;2026-10-06T16:53:23.546027+00:00;2024-10;7319002;Promoção de Vendas;28;31;-3
4109401;Guarapuava;PR;Novo CAGED;2026-10-06T16:53:23.546027+00:00;2024-10;4731800;Comércio Varejista de Combustíveis para Veículos Automotores;25;31;-6
4109401;Guarapuava;PR;Novo CAGED;2026-10-06T16:53:23.546027+00:00;2024-10;5510801;Hotéis;25;21;4
4109401;Guarapuava;PR;Novo CAGED;2026-10-06T16:53:23.546027+00:00;2024-10;8513900;Ensino Fundamental;23;22;1
4109401;Guarapuava;PR;Novo CAGED;2026-10-06T16:53:23.546027+00:00;2024-10;1092900;Fabricação de Biscoitos e Bolachas;22;18;4
4109401;Guarapuava;PR;Novo CAGED;2026-10-06T16:53:23.546027+00:00;2024-10;4721102;Padaria e Confeitaria com Predominância de Revenda;22;21;1
4109401;Guarapuava;PR;Novo CAGED;2026-10-06T16:53:23.546027+00:00;2024-10;4771701;Comércio Varejista de Produtos Farmacêuticos, sem Manipulação de Fórmulas;21;19;2
4109401;Guarapuava;PR;Novo CAGED;2026-10-06T16:53:23.546027+00:00;2024-10;4634601;Comércio Atacadista de Carnes Bovinas e Suínas e Derivados;20;13;7
4109401;Guarapuava;PR;Novo CAGED;2026-10-06T16:53:23.546027+00:00;2024-10;4772500;Comércio Varejista de Cosméticos, Produtos de Perfumaria e de Higiene Pessoal;20;9;11
4109401;Guarapuava;PR;Novo CAGED;2026-10-06T16:53:23.546027+00:00;2024-10;4530703;Comércio a Varejo de Peças e Acessórios Novos para Veículos Automotores;19;15;4
4109401;Guarapuava;PR;Novo CAGED;2026-10-06T16:53:23.546027+00:00;2024-10;1721400;Fabricação de Papel;18;11;7
4109401;Guarapuava;PR;Novo CAGED;2026-10-06T16:53:23.546027+00:00;2024-10;8299799;Outras Atividades de Serviços Prestados Principalmente às Empresas não Especificadas Anteriormente;18;22;-4
4109401;Guarapuava;PR;Novo CAGED;2026-10-06T16:53:23.546027+00:00;2024-10;3321000;Instalação de Máquinas e Equipamentos Industriais;17;10;7
4109401;Guarapuava;PR;Novo CAGED;2026-10-06T16:53:23.546027+00:00;2024-10;8020001;Atividades de Monitoramento de Sistemas de Segurança Eletronico;16;16;0
4109401;Guarapuava;PR;Novo CAGED;2026-10-06T16:53:23.546027+00:00;2024-10;8011101;Atividades de Vigilância e Segurança Privada;16;8;8
4109401;Guarapuava;PR;Novo CAGED;2026-10-06T16:53:23.546027+00:00;2024-10;8512100;Educação Infantil - Pré-Escola;16;11;5
4109401;Guarapuava;PR;Novo CAGED;2026-10-06T16:53:23.546027+00:00;2024-10;4321500;Instalação e Manutenção Elétrica;16;17;-1
4109401;Guarapuava;PR;Novo CAGED;2026-10-06T16:53:23.546027+00:00;2024-10;6920601;Atividades de Contabilidade;15;7;8
4109401;Guarapuava;PR;Novo CAGED;2026-10-06T16:53:23.546027+00:00;2024-10;4661300;Comércio Atacadista de Máquinas, Aparelhos e Equipamentos para Uso Agropecuário, Partes e Peças;15;19;-4
4109401;Guarapuava;PR;Novo CAGED;2026-10-06T16:53:23.546027+00:00;2024-10;0115600;Cultivo de Soja;15;7;8
4109401;Guarapuava;PR;Novo CAGED;2026-10-06T16:53:23.546027+00:00;2024-10;8219999;Preparação de Documentos e Serviços Especializados de Apoio Administrativo não Especificados Anteriormente;15;9;6
4109401;Guarapuava;PR;Novo CAGED;2026-10-06T16:53:23.546027+00:00;2024-10;4520001;Serviços de Manutenção e Reparação Mecânica de Veículos Automotores;15;15;0
4109401;Guarapuava;PR;Novo CAGED;2026-10-06T16:53:23.546027+00:00;2024-10;4744001;Comércio Varejista de Ferragens e Ferramentas;14;9;5
4109401;Guarapuava;PR;Novo CAGED;2026-10-06T16:53:23.546027+00:00;2024-10;0161099;Atividades de Apoio à Agricultura não Especificadas Anteriormente;13;7;6
4109401;Guarapuava;PR;Novo CAGED;2026-10-06T16:53:23.546027+00:00;2024-10;8291100;Atividades de Cobrança e Informações Cadastrais;13;13;0
4109401;Guarapuava;PR;Novo CAGED;2026-10-06T16:53:23.546027+00:00;2024-10;4511101;Comércio a Varejo de Automóveis, Camionetas e Utilitários Novos;13;11;2
4109401;Guarapuava;PR;Novo CAGED;2026-10-06T16:53:23.546027+00:00;2024-10;8112500;Condomínios Prediais;13;9;4
4109401;Guarapuava;PR;Novo CAGED;2026-10-06T16:53:23.546027+00:00;2024-10;0119903;Cultivo de Batata-Inglesa;13;32;-19
4109401;Guarapuava;PR;Novo CAGED;2026-10-06T16:53:23.546027+00:00;2024-10;4921301;Transporte Rodoviário Coletivo de Passageiros, com Itinerário Fixo, Municipal;13;10;3
4109401;Guarapuava;PR;Novo CAGED;2026-10-06T16:53:23.546027+00:00;2024-10;4744005;Comércio Varejista de Materiais de Construção não Especificados Anteriormente;11;8;3
4109401;Guarapuava;PR;Novo CAGED;2026-10-06T16:53:23.546027+00:00;2024-10;4729699;Comércio Varejista de Produtos Alimentícios em Geral ou Especializado em Produtos Alimentícios não Especificados Anteriormente;11;6;5
4109401;Guarapuava;PR;Novo CAGED;2026-10-06T16:53:23.546027+00:00;2024-10;8532500;Educação Superior - Graduação e Pós-Graduação;11;8;3
4109401;Guarapuava;PR;Novo CAGED;2026-10-06T16:53:23.546027+00:00;2024-10;0230600;Atividades de Apoio à Produção Florestal;10;5;5
4109401;Guarapuava;PR;Novo CAGED;2026-10-06T16:53:23.546027+00:00;2024-10;5212500;Carga e Descarga;10;35;-25
4109401;Guarapuava;PR;Novo CAGED;2026-10-06T16:53:23.546027+00:00;2024-10;4722901;Comércio Varejista de Carnes - Açougues;10;8;2
4109401;Guarapuava;PR;Novo CAGED;2026-10-06T16:53:23.546027+00:00;2024-10;4754701;Comércio Varejista de Móveis;10;14;-4
4109401;Guarapuava;PR;Novo CAGED;2026-10-06T16:53:23.546027+00:00;2024-10;4753900;Comércio Varejista Especializado de Eletrodomésticos e Equipamentos de áudio e Vídeo;9;6;3
4109401;Guarapuava;PR;Novo CAGED;2026-10-06T16:53:23.546027+00:00;2024-10;4637199;Comércio Atacadista Especializado em Outros Produtos Alimentícios não Especificados Anteriormente;8;12;-4
4109401;Guarapuava;PR;Novo CAGED;2026-10-06T16:53:23.546027+00:00;2024-10;4635403;Comércio Atacadista de Bebidas com Atividade de Fracionamento e Acondicionamento Associada;8;12;-4
4109401;Guarapuava;PR;Novo CAGED;2026-10-06T16:53:23.546027+00:00;2024-10;4752100;Comércio Varejista Especializado de Equipamentos de Telefonia e Comunicação;8;7;1
4109401;Guarapuava;PR;Novo CAGED;2026-10-06T16:53:23.546027+00:00;2024-10;4782201;Comércio Varejista de Calçados;8;7;1
4109401;Guarapuava;PR;Novo CAGED;2026-10-06T16:53:23.546027+00:00;2024-10;0111399;Cultivo de Outros Cereais não Especificados Anteriormente;8;8;0
4109401;Guarapuava;PR;Novo CAGED;2026-10-06T16:53:23.546027+00:00;2024-10;2013401;Fabricação de Adubos e Fertilizantes Organominerais;8;7;1
4109401;Guarapuava;PR;Novo CAGED;2026-10-06T16:53:23.546027+00:00;2024-10;8111700;Serviços Combinados para Apoio a Edifícios, Exceto Condomínios Prediais;8;5;3
4109401;Guarapuava;PR;Novo CAGED;2026-10-06T16:53:23.546027+00:00;2024-10;8630504;Atividade Odontológica com Recursos para Realização de Procedimentos Cirúrgicos;7;9;-2
4109401;Guarapuava;PR;Novo CAGED;2026-10-06T16:53:23.546027+00:00;2024-10;7490104;Atividades de Intermediação e Agenciamento de Serviços e Negócios em Geral, Exceto Imobiliários;7;13;-6
4109401;Guarapuava;PR;Novo CAGED;2026-10-06T16:53:23.546027+00:00;2024-10;4751201;Comércio Varejista Especializado de Equipamentos e Suprimentos de Informática;7;8;-1
4109401;Guarapuava;PR;Novo CAGED;2026-10-06T16:53:23.546027+00:00;2024-10;4744099;Comércio Varejista de Materiais de Construção em Geral;7;18;-11
4109401;Guarapuava;PR;Novo CAGED;2026-10-06T16:53:23.546027+00:00;2024-10;3101200;Fabricação de Móveis com Predominância de Madeira;7;11;-4
4109401;Guarapuava;PR;Novo CAGED;2026-10-06T16:53:23.546027+00:00;2024-10;4399103;Obras de Alvenaria;7;11;-4
4109401;Guarapuava;PR;Novo CAGED;2026-10-06T16:53:23.546027+00:00;2024-10;4292802;Obras de Montagem Industrial;7;5;2
4109401;Guarapuava;PR;Novo CAGED;2026-10-06T16:53:23.546027+00:00;2024-10;0155505;Produção de Ovos;7;5;2
4109401;Guarapuava;PR;Novo CAGED;2026-10-06T16:53:23.546027+00:00;2024-10;8230001;Serviços de Organização de Feiras, Congressos, Exposições e Festas;7;7;0
4109401;Guarapuava;PR;Novo CAGED;2026-10-06T16:53:23.546027+00:00;2024-10;8220200;Atividades de Teleatendimento;6;7;-1
4109401;Guarapuava;PR;Novo CAGED;2026-10-06T16:53:23.546027+00:00;2024-10;4744006;Comércio Varejista de Pedras para Revestimento;6;0;6
4109401;Guarapuava;PR;Novo CAGED;2026-10-06T16:53:23.546027+00:00;2024-10;4741500;Comércio Varejista de Tintas e Materiais para Pintura;6;9;-3
4109401;Guarapuava;PR;Novo CAGED;2026-10-06T16:53:23.546027+00:00;2024-10;4530701;Comércio por Atacado de Peças e Acessórios Novos para Veículos Automotores;6;9;-3
4109401;Guarapuava;PR;Novo CAGED;2026-10-06T16:53:23.546027+00:00;2024-10;2511000;Fabricação de Estruturas Metálicas;6;6;0
4109401;Guarapuava;PR;Novo CAGED;2026-10-06T16:53:23.546027+00:00;2024-10;1091102;Fabricação de Produtos de Padaria e Confeitaria com Predominância de Produção Própria;6;8;-2
4109401;Guarapuava;PR;Novo CAGED;2026-10-06T16:53:23.546027+00:00;2024-10;2311700;Fabricação de Vidro Plano e de Segurança;6;5;1
4109401;Guarapuava;PR;Novo CAGED;2026-10-06T16:53:23.546027+00:00;2024-10;7112000;Serviços de Engenharia;6;9;-3
4109401;Guarapuava;PR;Novo CAGED;2026-10-06T16:53:23.546027+00:00;2024-10;4930201;Transporte Rodoviário de Carga, Exceto Produtos Perigosos e Mudanças, Municipal;6;14;-8
4109401;Guarapuava;PR;Novo CAGED;2026-10-06T16:53:23.546027+00:00;2024-10;4632001;Comércio Atacadista de Cereais e Leguminosas Beneficiados;5;6;-1
4109401;Guarapuava;PR;Novo CAGED;2026-10-06T16:53:23.546027+00:00;2024-10;4712100;Comércio Varejista de Mercadorias em Geral, com Predominância de Produtos Alimentícios - Minimercados, Mercearias e Armazéns;5;13;-8
4109401;Guarapuava;PR;Novo CAGED;2026-10-06T16:53:23.546027+00:00;2024-10;5620101;Fornecimento de Alimentos Preparados Preponderantemente para Empresas;5;8;-3
4109401;Guarapuava;PR;Novo CAGED;2026-10-06T16:53:23.546027+00:00;2024-10;6462000;Holdings de Instituições Não-Financeiras;5;6;-1
4109401;Guarapuava;PR;Novo CAGED;2026-10-06T16:53:23.546027+00:00;2024-10;3314799;Manutenção e Reparação de Outras Máquinas e Equipamentos para Usos Industriais não Especificados Anteriormente;5;9;-4
4109401;Guarapuava;PR;Novo CAGED;2026-10-06T16:53:23.546027+00:00;2024-10;6810201;Compra e Venda de Imóveis Próprios;0;7;-7
4109401;Guarapuava;PR;Novo CAGED;2026-10-06T16:53:23.546027+00:00;2024-10;0210108;Produção de Carvão Vegetal - Florestas Plantadas;0;5;-5
4109401;Guarapuava;PR;Novo CAGED;2026-10-06T16:53:23.546027+00:00;2024-10;0142300;Produção de Mudas e Outras Formas de Propagação Vegetal, Certificadas;0;7;-7
4109401;Guarapuava;PR;Novo CAGED;2026-10-06T16:53:23.546027+00:00;2024-10;1610205;Serviço de Tratamento de Madeira Realizado Sob Contrato;0;6;-6
4109401;Guarapuava;PR;Novo CAGED;2026-10-06T16:53:23.546027+00:00;2024-10;7111100;Serviços de Arquitetura;0;6;-6
4109401;Guarapuava;PR;Novo CAGED;2026-10-06T16:53:23.546027+00:00;2024-11;other;Outras categorias (agregadas);699;488;211
4109401;Guarapuava;PR;Novo CAGED;2026-10-06T16:53:23.546027+00:00;2024-11;4711302;Comércio Varejista de Mercadorias em Geral, com Predominância de Produtos Alimentícios - Supermercados;127;124;3
4109401;Guarapuava;PR;Novo CAGED;2026-10-06T16:53:23.546027+00:00;2024-11;2222600;Fabricação de Embalagens de Material Plástico;127;98;29
4109401;Guarapuava;PR;Novo CAGED;2026-10-06T16:53:23.546027+00:00;2024-11;4211101;Construção de Rodovias e Ferrovias;118;62;56
4109401;Guarapuava;PR;Novo CAGED;2026-10-06T16:53:23.546027+00:00;2024-11;4120400;Construção de Edifícios;74;88;-14
4109401;Guarapuava;PR;Novo CAGED;2026-10-06T16:53:23.546027+00:00;2024-11;4781400;Comércio Varejista de Artigos do Vestuário e Acessórios;70;45;25
4109401;Guarapuava;PR;Novo CAGED;2026-10-06T16:53:23.546027+00:00;2024-11;8610101;Atividades de Atendimento Hospitalar, Exceto Pronto-Socorro e Unidades para Atendimento a Urgências;66;49;17
4109401;Guarapuava;PR;Novo CAGED;2026-10-06T16:53:23.546027+00:00;2024-11;5611203;Lanchonetes, Casas de Chá, de Sucos e Similares;62;72;-10
4109401;Guarapuava;PR;Novo CAGED;2026-10-06T16:53:23.546027+00:00;2024-11;4930202;Transporte Rodoviário de Carga, Exceto Produtos Perigosos e Mudanças, Intermunicipal, Interestadual e Internacional;58;72;-14
4109401;Guarapuava;PR;Novo CAGED;2026-10-06T16:53:23.546027+00:00;2024-11;1610203;Serrarias com Desdobramento de Madeira em Bruto;57;52;5
4109401;Guarapuava;PR;Novo CAGED;2026-10-06T16:53:23.546027+00:00;2024-11;5611201;Restaurantes e Similares;56;74;-18
4109401;Guarapuava;PR;Novo CAGED;2026-10-06T16:53:23.546027+00:00;2024-11;0163600;Atividades de Pós-Colheita;52;19;33
4109401;Guarapuava;PR;Novo CAGED;2026-10-06T16:53:23.546027+00:00;2024-11;0119903;Cultivo de Batata-Inglesa;52;9;43
4109401;Guarapuava;PR;Novo CAGED;2026-10-06T16:53:23.546027+00:00;2024-11;8211300;Serviços Combinados de Escritório e Apoio Administrativo;49;35;14
4109401;Guarapuava;PR;Novo CAGED;2026-10-06T16:53:23.546027+00:00;2024-11;1323500;Tecelagem de Fios de Fibras Artificiais e Sintéticas;39;30;9
4109401;Guarapuava;PR;Novo CAGED;2026-10-06T16:53:23.546027+00:00;2024-11;4711301;Comércio Varejista de Mercadorias em Geral, com Predominância de Produtos Alimentícios - Hipermercados;38;39;-1
4109401;Guarapuava;PR;Novo CAGED;2026-10-06T16:53:23.546027+00:00;2024-11;0161099;Atividades de Apoio à Agricultura não Especificadas Anteriormente;37;34;3
4109401;Guarapuava;PR;Novo CAGED;2026-10-06T16:53:23.546027+00:00;2024-11;0111399;Cultivo de Outros Cereais não Especificados Anteriormente;37;9;28
4109401;Guarapuava;PR;Novo CAGED;2026-10-06T16:53:23.546027+00:00;2024-11;4693100;Comércio Atacadista de Mercadorias em Geral, sem Predominância de Alimentos ou de Insumos Agropecuários;30;19;11
4109401;Guarapuava;PR;Novo CAGED;2026-10-06T16:53:23.546027+00:00;2024-11;4731800;Comércio Varejista de Combustíveis para Veículos Automotores;28;27;1
4109401;Guarapuava;PR;Novo CAGED;2026-10-06T16:53:23.546027+00:00;2024-11;4771701;Comércio Varejista de Produtos Farmacêuticos, sem Manipulação de Fórmulas;27;10;17
4109401;Guarapuava;PR;Novo CAGED;2026-10-06T16:53:23.546027+00:00;2024-11;4530703;Comércio a Varejo de Peças e Acessórios Novos para Veículos Automotores;27;22;5
4109401;Guarapuava;PR;Novo CAGED;2026-10-06T16:53:23.546027+00:00;2024-11;0115600;Cultivo de Soja;27;17;10
4109401;Guarapuava;PR;Novo CAGED;2026-10-06T16:53:23.546027+00:00;2024-11;2399199;Fabricação de Outros Produtos de Minerais Não-Metálicos não Especificados Anteriormente;24;29;-5
4109401;Guarapuava;PR;Novo CAGED;2026-10-06T16:53:23.546027+00:00;2024-11;7319002;Promoção de Vendas;24;22;2
4109401;Guarapuava;PR;Novo CAGED;2026-10-06T16:53:23.546027+00:00;2024-11;5510801;Hotéis;22;10;12
4109401;Guarapuava;PR;Novo CAGED;2026-10-06T16:53:23.546027+00:00;2024-11;4754701;Comércio Varejista de Móveis;20;11;9
4109401;Guarapuava;PR;Novo CAGED;2026-10-06T16:53:23.546027+00:00;2024-11;4511101;Comércio a Varejo de Automóveis, Camionetas e Utilitários Novos;17;13;4
4109401;Guarapuava;PR;Novo CAGED;2026-10-06T16:53:23.546027+00:00;2024-11;3321000;Instalação de Máquinas e Equipamentos Industriais;17;10;7
4109401;Guarapuava;PR;Novo CAGED;2026-10-06T16:53:23.546027+00:00;2024-11;8020001;Atividades de Monitoramento de Sistemas de Segurança Eletronico;15;11;4
4109401;Guarapuava;PR;Novo CAGED;2026-10-06T16:53:23.546027+00:00;2024-11;8112500;Condomínios Prediais;15;9;6
4109401;Guarapuava;PR;Novo CAGED;2026-10-06T16:53:23.546027+00:00;2024-11;1091102;Fabricação de Produtos de Padaria e Confeitaria com Predominância de Produção Própria;15;6;9
4109401;Guarapuava;PR;Novo CAGED;2026-10-06T16:53:23.546027+00:00;2024-11;8121400;Limpeza em Prédios e em Domicílios;14;11;3
4109401;Guarapuava;PR;Novo CAGED;2026-10-06T16:53:23.546027+00:00;2024-11;7732201;Aluguel de Máquinas e Equipamentos para Construção sem Operador, Exceto Andaimes;13;11;2
4109401;Guarapuava;PR;Novo CAGED;2026-10-06T16:53:23.546027+00:00;2024-11;1621800;Fabricação de Madeira Laminada e de Chapas de Madeira Compensada, Prensada e Aglomerada;13;47;-34
4109401;Guarapuava;PR;Novo CAGED;2026-10-06T16:53:23.546027+00:00;2024-11;7490199;Outras Atividades Profissionais, Científicas e Técnicas não Especificadas Anteriormente;13;18;-5
4109401;Guarapuava;PR;Novo CAGED;2026-10-06T16:53:23.546027+00:00;2024-11;4721102;Padaria e Confeitaria com Predominância de Revenda;13;13;0
4109401;Guarapuava;PR;Novo CAGED;2026-10-06T16:53:23.546027+00:00;2024-11;8011101;Atividades de Vigilância e Segurança Privada;12;28;-16
4109401;Guarapuava;PR;Novo CAGED;2026-10-06T16:53:23.546027+00:00;2024-11;4712100;Comércio Varejista de Mercadorias em Geral, com Predominância de Produtos Alimentícios - Minimercados, Mercearias e Armazéns;12;10;2
4109401;Guarapuava;PR;Novo CAGED;2026-10-06T16:53:23.546027+00:00;2024-11;1721400;Fabricação de Papel;12;9;3
4109401;Guarapuava;PR;Novo CAGED;2026-10-06T16:53:23.546027+00:00;2024-11;4399103;Obras de Alvenaria;12;13;-1
4109401;Guarapuava;PR;Novo CAGED;2026-10-06T16:53:23.546027+00:00;2024-11;6920601;Atividades de Contabilidade;11;17;-6
4109401;Guarapuava;PR;Novo CAGED;2026-10-06T16:53:23.546027+00:00;2024-11;4632001;Comércio Atacadista de Cereais e Leguminosas Beneficiados;11;10;1
4109401;Guarapuava;PR;Novo CAGED;2026-10-06T16:53:23.546027+00:00;2024-11;4722901;Comércio Varejista de Carnes - Açougues;11;9;2
4109401;Guarapuava;PR;Novo CAGED;2026-10-06T16:53:23.546027+00:00;2024-11;4729699;Comércio Varejista de Produtos Alimentícios em Geral ou Especializado em Produtos Alimentícios não Especificados Anteriormente;11;10;1
4109401;Guarapuava;PR;Novo CAGED;2026-10-06T16:53:23.546027+00:00;2024-11;4321500;Instalação e Manutenção Elétrica;11;13;-2
4109401;Guarapuava;PR;Novo CAGED;2026-10-06T16:53:23.546027+00:00;2024-11;4637199;Comércio Atacadista Especializado em Outros Produtos Alimentícios não Especificados Anteriormente;10;8;2
4109401;Guarapuava;PR;Novo CAGED;2026-10-06T16:53:23.546027+00:00;2024-11;8299799;Outras Atividades de Serviços Prestados Principalmente às Empresas não Especificadas Anteriormente;10;8;2
4109401;Guarapuava;PR;Novo CAGED;2026-10-06T16:53:23.546027+00:00;2024-11;7112000;Serviços de Engenharia;10;14;-4
4109401;Guarapuava;PR;Novo CAGED;2026-10-06T16:53:23.546027+00:00;2024-11;4520001;Serviços de Manutenção e Reparação Mecânica de Veículos Automotores;10;13;-3
4109401;Guarapuava;PR;Novo CAGED;2026-10-06T16:53:23.546027+00:00;2024-11;4634601;Comércio Atacadista de Carnes Bovinas e Suínas e Derivados;9;13;-4
4109401;Guarapuava;PR;Novo CAGED;2026-10-06T16:53:23.546027+00:00;2024-11;4661300;Comércio Atacadista de Máquinas, Aparelhos e Equipamentos para Uso Agropecuário, Partes e Peças;9;28;-19
4109401;Guarapuava;PR;Novo CAGED;2026-10-06T16:53:23.546027+00:00;2024-11;4753900;Comércio Varejista Especializado de Eletrodomésticos e Equipamentos de áudio e Vídeo;9;7;2
4109401;Guarapuava;PR;Novo CAGED;2026-10-06T16:53:23.546027+00:00;2024-11;4772500;Comércio Varejista de Cosméticos, Produtos de Perfumaria e de Higiene Pessoal;9;7;2
4109401;Guarapuava;PR;Novo CAGED;2026-10-06T16:53:23.546027+00:00;2024-11;3101200;Fabricação de Móveis com Predominância de Madeira;9;7;2
4109401;Guarapuava;PR;Novo CAGED;2026-10-06T16:53:23.546027+00:00;2024-11;8630504;Atividade Odontológica com Recursos para Realização de Procedimentos Cirúrgicos;8;6;2
4109401;Guarapuava;PR;Novo CAGED;2026-10-06T16:53:23.546027+00:00;2024-11;4774100;Comércio Varejista de Artigos de óptica;8;8;0
4109401;Guarapuava;PR;Novo CAGED;2026-10-06T16:53:23.546027+00:00;2024-11;4782201;Comércio Varejista de Calçados;8;10;-2
4109401;Guarapuava;PR;Novo CAGED;2026-10-06T16:53:23.546027+00:00;2024-11;6424703;Cooperativas de Crédito Mútuo;8;5;3
4109401;Guarapuava;PR;Novo CAGED;2026-10-06T16:53:23.546027+00:00;2024-11;4789099;Comércio Varejista de Outros Produtos não Especificados Anteriormente;7;5;2
4109401;Guarapuava;PR;Novo CAGED;2026-10-06T16:53:23.546027+00:00;2024-11;1092900;Fabricação de Biscoitos e Bolachas;7;15;-8
4109401;Guarapuava;PR;Novo CAGED;2026-10-06T16:53:23.546027+00:00;2024-11;1062700;Moagem de Trigo e Fabricação de Derivados;7;6;1
4109401;Guarapuava;PR;Novo CAGED;2026-10-06T16:53:23.546027+00:00;2024-11;3832700;Recuperação de Materiais Plásticos;7;0;7
4109401;Guarapuava;PR;Novo CAGED;2026-10-06T16:53:23.546027+00:00;2024-11;4686902;Comércio Atacadista de Embalagens;6;6;0
4109401;Guarapuava;PR;Novo CAGED;2026-10-06T16:53:23.546027+00:00;2024-11;4671100;Comércio Atacadista de Madeira e Produtos Derivados;6;56;-50
4109401;Guarapuava;PR;Novo CAGED;2026-10-06T16:53:23.546027+00:00;2024-11;4751201;Comércio Varejista Especializado de Equipamentos e Suprimentos de Informática;6;7;-1
4109401;Guarapuava;PR;Novo CAGED;2026-10-06T16:53:23.546027+00:00;2024-11;8230001;Serviços de Organização de Feiras, Congressos, Exposições e Festas;6;8;-2
4109401;Guarapuava;PR;Novo CAGED;2026-10-06T16:53:23.546027+00:00;2024-11;2539001;Serviços de Usinagem, Tornearia e Solda;6;5;1
4109401;Guarapuava;PR;Novo CAGED;2026-10-06T16:53:23.546027+00:00;2024-11;9313100;Atividades de Condicionamento Físico;5;8;-3
4109401;Guarapuava;PR;Novo CAGED;2026-10-06T16:53:23.546027+00:00;2024-11;4752100;Comércio Varejista Especializado de Equipamentos de Telefonia e Comunicação;5;13;-8
4109401;Guarapuava;PR;Novo CAGED;2026-10-06T16:53:23.546027+00:00;2024-11;4744005;Comércio Varejista de Materiais de Construção não Especificados Anteriormente;5;6;-1
4109401;Guarapuava;PR;Novo CAGED;2026-10-06T16:53:23.546027+00:00;2024-11;4222701;Construção de Redes de Abastecimento de água, Coleta de Esgoto e Construções Correlatas, Exceto Obras de Irrigação;5;5;0
4109401;Guarapuava;PR;Novo CAGED;2026-10-06T16:53:23.546027+00:00;2024-11;5620101;Fornecimento de Alimentos Preparados Preponderantemente para Empresas;5;12;-7
4109401;Guarapuava;PR;Novo CAGED;2026-10-06T16:53:23.546027+00:00;2024-11;8630599;Atividades de Atenção Ambulatorial não Especificadas Anteriormente;0;11;-11
4109401;Guarapuava;PR;Novo CAGED;2026-10-06T16:53:23.546027+00:00;2024-11;5212500;Carga e Descarga;0;12;-12
4109401;Guarapuava;PR;Novo CAGED;2026-10-06T16:53:23.546027+00:00;2024-11;6462000;Holdings de Instituições Não-Financeiras;0;6;-6
4109401;Guarapuava;PR;Novo CAGED;2026-10-06T16:53:23.546027+00:00;2024-11;0121101;Horticultura, Exceto Morango;0;6;-6
4109401;Guarapuava;PR;Novo CAGED;2026-10-06T16:53:23.546027+00:00;2024-11;9319199;Outras Atividades Esportivas não Especificadas Anteriormente;0;11;-11
4109401;Guarapuava;PR;Novo CAGED;2026-10-06T16:53:23.546027+00:00;2024-12;other;Outras categorias (agregadas);416;621;-205
4109401;Guarapuava;PR;Novo CAGED;2026-10-06T16:53:23.546027+00:00;2024-12;4711302;Comércio Varejista de Mercadorias em Geral, com Predominância de Produtos Alimentícios - Supermercados;160;168;-8
4109401;Guarapuava;PR;Novo CAGED;2026-10-06T16:53:23.546027+00:00;2024-12;0163600;Atividades de Pós-Colheita;118;12;106
4109401;Guarapuava;PR;Novo CAGED;2026-10-06T16:53:23.546027+00:00;2024-12;0119903;Cultivo de Batata-Inglesa;78;16;62
4109401;Guarapuava;PR;Novo CAGED;2026-10-06T16:53:23.546027+00:00;2024-12;4724500;Comércio Varejista de Hortifrutigranjeiros;61;8;53
4109401;Guarapuava;PR;Novo CAGED;2026-10-06T16:53:23.546027+00:00;2024-12;4781400;Comércio Varejista de Artigos do Vestuário e Acessórios;60;56;4
4109401;Guarapuava;PR;Novo CAGED;2026-10-06T16:53:23.546027+00:00;2024-12;4633801;Comércio Atacadista de Frutas, Verduras, Raízes, Tubérculos, Hortaliças e Legumes Frescos;57;7;50
4109401;Guarapuava;PR;Novo CAGED;2026-10-06T16:53:23.546027+00:00;2024-12;5611201;Restaurantes e Similares;51;48;3
4109401;Guarapuava;PR;Novo CAGED;2026-10-06T16:53:23.546027+00:00;2024-12;5611203;Lanchonetes, Casas de Chá, de Sucos e Similares;49;54;-5
4109401;Guarapuava;PR;Novo CAGED;2026-10-06T16:53:23.546027+00:00;2024-12;4930202;Transporte Rodoviário de Carga, Exceto Produtos Perigosos e Mudanças, Intermunicipal, Interestadual e Internacional;47;47;0
4109401;Guarapuava;PR;Novo CAGED;2026-10-06T16:53:23.546027+00:00;2024-12;4120400;Construção de Edifícios;40;80;-40
4109401;Guarapuava;PR;Novo CAGED;2026-10-06T16:53:23.546027+00:00;2024-12;4211101;Construção de Rodovias e Ferrovias;39;30;9
4109401;Guarapuava;PR;Novo CAGED;2026-10-06T16:53:23.546027+00:00;2024-12;8610101;Atividades de Atendimento Hospitalar, Exceto Pronto-Socorro e Unidades para Atendimento a Urgências;35;32;3
4109401;Guarapuava;PR;Novo CAGED;2026-10-06T16:53:23.546027+00:00;2024-12;1610203;Serrarias com Desdobramento de Madeira em Bruto;34;45;-11
4109401;Guarapuava;PR;Novo CAGED;2026-10-06T16:53:23.546027+00:00;2024-12;8211300;Serviços Combinados de Escritório e Apoio Administrativo;34;33;1
4109401;Guarapuava;PR;Novo CAGED;2026-10-06T16:53:23.546027+00:00;2024-12;7490199;Outras Atividades Profissionais, Científicas e Técnicas não Especificadas Anteriormente;29;14;15
4109401;Guarapuava;PR;Novo CAGED;2026-10-06T16:53:23.546027+00:00;2024-12;4711301;Comércio Varejista de Mercadorias em Geral, com Predominância de Produtos Alimentícios - Hipermercados;28;32;-4
4109401;Guarapuava;PR;Novo CAGED;2026-10-06T16:53:23.546027+00:00;2024-12;0111399;Cultivo de Outros Cereais não Especificados Anteriormente;28;10;18
4109401;Guarapuava;PR;Novo CAGED;2026-10-06T16:53:23.546027+00:00;2024-12;4731800;Comércio Varejista de Combustíveis para Veículos Automotores;24;23;1
4109401;Guarapuava;PR;Novo CAGED;2026-10-06T16:53:23.546027+00:00;2024-12;1092900;Fabricação de Biscoitos e Bolachas;24;13;11
4109401;Guarapuava;PR;Novo CAGED;2026-10-06T16:53:23.546027+00:00;2024-12;4693100;Comércio Atacadista de Mercadorias em Geral, sem Predominância de Alimentos ou de Insumos Agropecuários;23;26;-3
4109401;Guarapuava;PR;Novo CAGED;2026-10-06T16:53:23.546027+00:00;2024-12;5510801;Hotéis;22;18;4
4109401;Guarapuava;PR;Novo CAGED;2026-10-06T16:53:23.546027+00:00;2024-12;1323500;Tecelagem de Fios de Fibras Artificiais e Sintéticas;18;27;-9
4109401;Guarapuava;PR;Novo CAGED;2026-10-06T16:53:23.546027+00:00;2024-12;4661300;Comércio Atacadista de Máquinas, Aparelhos e Equipamentos para Uso Agropecuário, Partes e Peças;17;9;8
4109401;Guarapuava;PR;Novo CAGED;2026-10-06T16:53:23.546027+00:00;2024-12;7732201;Aluguel de Máquinas e Equipamentos para Construção sem Operador, Exceto Andaimes;16;12;4
4109401;Guarapuava;PR;Novo CAGED;2026-10-06T16:53:23.546027+00:00;2024-12;4771701;Comércio Varejista de Produtos Farmacêuticos, sem Manipulação de Fórmulas;15;16;-1
4109401;Guarapuava;PR;Novo CAGED;2026-10-06T16:53:23.546027+00:00;2024-12;4511101;Comércio a Varejo de Automóveis, Camionetas e Utilitários Novos;15;14;1
4109401;Guarapuava;PR;Novo CAGED;2026-10-06T16:53:23.546027+00:00;2024-12;4222701;Construção de Redes de Abastecimento de água, Coleta de Esgoto e Construções Correlatas, Exceto Obras de Irrigação;14;5;9
4109401;Guarapuava;PR;Novo CAGED;2026-10-06T16:53:23.546027+00:00;2024-12;0115600;Cultivo de Soja;14;11;3
4109401;Guarapuava;PR;Novo CAGED;2026-10-06T16:53:23.546027+00:00;2024-12;0161003;Serviço de Preparação de Terreno, Cultivo e Colheita;14;13;1
4109401;Guarapuava;PR;Novo CAGED;2026-10-06T16:53:23.546027+00:00;2024-12;4671100;Comércio Atacadista de Madeira e Produtos Derivados;13;35;-22
4109401;Guarapuava;PR;Novo CAGED;2026-10-06T16:53:23.546027+00:00;2024-12;4632001;Comércio Atacadista de Cereais e Leguminosas Beneficiados;12;6;6
4109401;Guarapuava;PR;Novo CAGED;2026-10-06T16:53:23.546027+00:00;2024-12;4530703;Comércio a Varejo de Peças e Acessórios Novos para Veículos Automotores;11;14;-3
4109401;Guarapuava;PR;Novo CAGED;2026-10-06T16:53:23.546027+00:00;2024-12;4721102;Padaria e Confeitaria com Predominância de Revenda;11;12;-1
4109401;Guarapuava;PR;Novo CAGED;2026-10-06T16:53:23.546027+00:00;2024-12;7319002;Promoção de Vendas;11;31;-20
4109401;Guarapuava;PR;Novo CAGED;2026-10-06T16:53:23.546027+00:00;2024-12;4634601;Comércio Atacadista de Carnes Bovinas e Suínas e Derivados;10;11;-1
4109401;Guarapuava;PR;Novo CAGED;2026-10-06T16:53:23.546027+00:00;2024-12;2399199;Fabricação de Outros Produtos de Minerais Não-Metálicos não Especificados Anteriormente;10;10;0
4109401;Guarapuava;PR;Novo CAGED;2026-10-06T16:53:23.546027+00:00;2024-12;6920601;Atividades de Contabilidade;9;12;-3
4109401;Guarapuava;PR;Novo CAGED;2026-10-06T16:53:23.546027+00:00;2024-12;4637199;Comércio Atacadista Especializado em Outros Produtos Alimentícios não Especificados Anteriormente;9;8;1
4109401;Guarapuava;PR;Novo CAGED;2026-10-06T16:53:23.546027+00:00;2024-12;4635403;Comércio Atacadista de Bebidas com Atividade de Fracionamento e Acondicionamento Associada;9;6;3
4109401;Guarapuava;PR;Novo CAGED;2026-10-06T16:53:23.546027+00:00;2024-12;4772500;Comércio Varejista de Cosméticos, Produtos de Perfumaria e de Higiene Pessoal;9;10;-1
4109401;Guarapuava;PR;Novo CAGED;2026-10-06T16:53:23.546027+00:00;2024-12;4729699;Comércio Varejista de Produtos Alimentícios em Geral ou Especializado em Produtos Alimentícios não Especificados Anteriormente;9;11;-2
4109401;Guarapuava;PR;Novo CAGED;2026-10-06T16:53:23.546027+00:00;2024-12;4520001;Serviços de Manutenção e Reparação Mecânica de Veículos Automotores;9;8;1
4109401;Guarapuava;PR;Novo CAGED;2026-10-06T16:53:23.546027+00:00;2024-12;8020001;Atividades de Monitoramento de Sistemas de Segurança Eletronico;8;14;-6
4109401;Guarapuava;PR;Novo CAGED;2026-10-06T16:53:23.546027+00:00;2024-12;8011101;Atividades de Vigilância e Segurança Privada;8;14;-6
4109401;Guarapuava;PR;Novo CAGED;2026-10-06T16:53:23.546027+00:00;2024-12;8112500;Condomínios Prediais;8;6;2
4109401;Guarapuava;PR;Novo CAGED;2026-10-06T16:53:23.546027+00:00;2024-12;8121400;Limpeza em Prédios e em Domicílios;8;7;1
4109401;Guarapuava;PR;Novo CAGED;2026-10-06T16:53:23.546027+00:00;2024-12;4722901;Comércio Varejista de Carnes - Açougues;7;6;1
4109401;Guarapuava;PR;Novo CAGED;2026-10-06T16:53:23.546027+00:00;2024-12;1621800;Fabricação de Madeira Laminada e de Chapas de Madeira Compensada, Prensada e Aglomerada;7;23;-16
4109401;Guarapuava;PR;Novo CAGED;2026-10-06T16:53:23.546027+00:00;2024-12;4321500;Instalação e Manutenção Elétrica;7;11;-4
4109401;Guarapuava;PR;Novo CAGED;2026-10-06T16:53:23.546027+00:00;2024-12;3314721;Manutenção e Reparação de Máquinas e Aparelhos para a Indústria de Celulose, Papel e Papelão e Artefatos;7;0;7
4109401;Guarapuava;PR;Novo CAGED;2026-10-06T16:53:23.546027+00:00;2024-12;4683400;Comércio Atacadista de Defensivos Agrícolas, Adubos, Fertilizantes e Corretivos do Solo;6;9;-3
4109401;Guarapuava;PR;Novo CAGED;2026-10-06T16:53:23.546027+00:00;2024-12;4744099;Comércio Varejista de Materiais de Construção em Geral;6;8;-2
4109401;Guarapuava;PR;Novo CAGED;2026-10-06T16:53:23.546027+00:00;2024-12;4754701;Comércio Varejista de Móveis;6;10;-4
4109401;Guarapuava;PR;Novo CAGED;2026-10-06T16:53:23.546027+00:00;2024-12;2222600;Fabricação de Embalagens de Material Plástico;6;54;-48
4109401;Guarapuava;PR;Novo CAGED;2026-10-06T16:53:23.546027+00:00;2024-12;2511000;Fabricação de Estruturas Metálicas;6;6;0
4109401;Guarapuava;PR;Novo CAGED;2026-10-06T16:53:23.546027+00:00;2024-12;1721400;Fabricação de Papel;6;11;-5
4109401;Guarapuava;PR;Novo CAGED;2026-10-06T16:53:23.546027+00:00;2024-12;6462000;Holdings de Instituições Não-Financeiras;6;0;6
4109401;Guarapuava;PR;Novo CAGED;2026-10-06T16:53:23.546027+00:00;2024-12;3321000;Instalação de Máquinas e Equipamentos Industriais;6;7;-1
4109401;Guarapuava;PR;Novo CAGED;2026-10-06T16:53:23.546027+00:00;2024-12;8299799;Outras Atividades de Serviços Prestados Principalmente às Empresas não Especificadas Anteriormente;6;7;-1
4109401;Guarapuava;PR;Novo CAGED;2026-10-06T16:53:23.546027+00:00;2024-12;0161099;Atividades de Apoio à Agricultura não Especificadas Anteriormente;5;8;-3
4109401;Guarapuava;PR;Novo CAGED;2026-10-06T16:53:23.546027+00:00;2024-12;9313100;Atividades de Condicionamento Físico;5;19;-14
4109401;Guarapuava;PR;Novo CAGED;2026-10-06T16:53:23.546027+00:00;2024-12;4761003;Comércio Varejista de Artigos de Papelaria;5;0;5
4109401;Guarapuava;PR;Novo CAGED;2026-10-06T16:53:23.546027+00:00;2024-12;4723700;Comércio Varejista de Bebidas;5;5;0
4109401;Guarapuava;PR;Novo CAGED;2026-10-06T16:53:23.546027+00:00;2024-12;4712100;Comércio Varejista de Mercadorias em Geral, com Predominância de Produtos Alimentícios - Minimercados, Mercearias e Armazéns;5;7;-2
4109401;Guarapuava;PR;Novo CAGED;2026-10-06T16:53:23.546027+00:00;2024-12;0210107;Extração de Madeira em Florestas Plantadas;5;7;-2
4109401;Guarapuava;PR;Novo CAGED;2026-10-06T16:53:23.546027+00:00;2024-12;4713004;Lojas de Departamentos ou Magazines, Exceto Lojas Francas (Duty Free);5;5;0
4109401;Guarapuava;PR;Novo CAGED;2026-10-06T16:53:23.546027+00:00;2024-12;1062700;Moagem de Trigo e Fabricação de Derivados;5;6;-1
4109401;Guarapuava;PR;Novo CAGED;2026-10-06T16:53:23.546027+00:00;2024-12;8630599;Atividades de Atenção Ambulatorial não Especificadas Anteriormente;0;43;-43
4109401;Guarapuava;PR;Novo CAGED;2026-10-06T16:53:23.546027+00:00;2024-12;5212500;Carga e Descarga;0;10;-10
4109401;Guarapuava;PR;Novo CAGED;2026-10-06T16:53:23.546027+00:00;2024-12;8520100;Ensino Médio;0;5;-5
4109401;Guarapuava;PR;Novo CAGED;2026-10-06T16:53:23.546027+00:00;2024-12;3101200;Fabricação de Móveis com Predominância de Madeira;0;8;-8
4109401;Guarapuava;PR;Novo CAGED;2026-10-06T16:53:23.546027+00:00;2024-12;2599399;Fabricação de Outros Produtos de Metal não Especificados Anteriormente;0;5;-5
4109401;Guarapuava;PR;Novo CAGED;2026-10-06T16:53:23.546027+00:00;2024-12;1099605;Fabricação de Produtos para Infusão (Chá, Mate, Etc.);0;5;-5
4109401;Guarapuava;PR;Novo CAGED;2026-10-06T16:53:23.546027+00:00;2024-12;2311700;Fabricação de Vidro Plano e de Segurança;0;6;-6
4109401;Guarapuava;PR;Novo CAGED;2026-10-06T16:53:23.546027+00:00;2024-12;8111700;Serviços Combinados para Apoio a Edifícios, Exceto Condomínios Prediais;0;5;-5
4109401;Guarapuava;PR;Novo CAGED;2026-10-06T16:53:23.546027+00:00;2024-12;7111100;Serviços de Arquitetura;0;6;-6
4109401;Guarapuava;PR;Novo CAGED;2026-10-06T16:53:23.546027+00:00;2024-12;8800600;Serviços de Assistência Social sem Alojamento;0;6;-6
4109401;Guarapuava;PR;Novo CAGED;2026-10-06T16:53:23.546027+00:00;2025-01;other;Outras categorias (agregadas);569;615;-46
4109401;Guarapuava;PR;Novo CAGED;2026-10-06T16:53:23.546027+00:00;2025-01;4711302;Comércio Varejista de Mercadorias em Geral, com Predominância de Produtos Alimentícios - Supermercados;136;165;-29
4109401;Guarapuava;PR;Novo CAGED;2026-10-06T16:53:23.546027+00:00;2025-01;2222600;Fabricação de Embalagens de Material Plástico;134;102;32
4109401;Guarapuava;PR;Novo CAGED;2026-10-06T16:53:23.546027+00:00;2025-01;4120400;Construção de Edifícios;117;104;13
4109401;Guarapuava;PR;Novo CAGED;2026-10-06T16:53:23.546027+00:00;2025-01;4211101;Construção de Rodovias e Ferrovias;79;34;45
4109401;Guarapuava;PR;Novo CAGED;2026-10-06T16:53:23.546027+00:00;2025-01;4930202;Transporte Rodoviário de Carga, Exceto Produtos Perigosos e Mudanças, Intermunicipal, Interestadual e Internacional;75;103;-28
4109401;Guarapuava;PR;Novo CAGED;2026-10-06T16:53:23.546027+00:00;2025-01;5611201;Restaurantes e Similares;64;68;-4
4109401;Guarapuava;PR;Novo CAGED;2026-10-06T16:53:23.546027+00:00;2025-01;1621800;Fabricação de Madeira Laminada e de Chapas de Madeira Compensada, Prensada e Aglomerada;61;71;-10
4109401;Guarapuava;PR;Novo CAGED;2026-10-06T16:53:23.546027+00:00;2025-01;8513900;Ensino Fundamental;59;16;43
4109401;Guarapuava;PR;Novo CAGED;2026-10-06T16:53:23.546027+00:00;2025-01;5611203;Lanchonetes, Casas de Chá, de Sucos e Similares;55;71;-16
4109401;Guarapuava;PR;Novo CAGED;2026-10-06T16:53:23.546027+00:00;2025-01;0111399;Cultivo de Outros Cereais não Especificados Anteriormente;48;10;38
4109401;Guarapuava;PR;Novo CAGED;2026-10-06T16:53:23.546027+00:00;2025-01;0119903;Cultivo de Batata-Inglesa;47;20;27
4109401;Guarapuava;PR;Novo CAGED;2026-10-06T16:53:23.546027+00:00;2025-01;8610101;Atividades de Atendimento Hospitalar, Exceto Pronto-Socorro e Unidades para Atendimento a Urgências;44;58;-14
4109401;Guarapuava;PR;Novo CAGED;2026-10-06T16:53:23.546027+00:00;2025-01;4711301;Comércio Varejista de Mercadorias em Geral, com Predominância de Produtos Alimentícios - Hipermercados;42;38;4
4109401;Guarapuava;PR;Novo CAGED;2026-10-06T16:53:23.546027+00:00;2025-01;0163600;Atividades de Pós-Colheita;40;27;13
4109401;Guarapuava;PR;Novo CAGED;2026-10-06T16:53:23.546027+00:00;2025-01;8211300;Serviços Combinados de Escritório e Apoio Administrativo;40;42;-2
4109401;Guarapuava;PR;Novo CAGED;2026-10-06T16:53:23.546027+00:00;2025-01;1323500;Tecelagem de Fios de Fibras Artificiais e Sintéticas;38;53;-15
4109401;Guarapuava;PR;Novo CAGED;2026-10-06T16:53:23.546027+00:00;2025-01;4781400;Comércio Varejista de Artigos do Vestuário e Acessórios;37;60;-23
4109401;Guarapuava;PR;Novo CAGED;2026-10-06T16:53:23.546027+00:00;2025-01;2399199;Fabricação de Outros Produtos de Minerais Não-Metálicos não Especificados Anteriormente;36;19;17
4109401;Guarapuava;PR;Novo CAGED;2026-10-06T16:53:23.546027+00:00;2025-01;4520001;Serviços de Manutenção e Reparação Mecânica de Veículos Automotores;34;18;16
4109401;Guarapuava;PR;Novo CAGED;2026-10-06T16:53:23.546027+00:00;2025-01;6920601;Atividades de Contabilidade;31;12;19
4109401;Guarapuava;PR;Novo CAGED;2026-10-06T16:53:23.546027+00:00;2025-01;1610203;Serrarias com Desdobramento de Madeira em Bruto;31;56;-25
4109401;Guarapuava;PR;Novo CAGED;2026-10-06T16:53:23.546027+00:00;2025-01;8532500;Educação Superior - Graduação e Pós-Graduação;28;28;0
4109401;Guarapuava;PR;Novo CAGED;2026-10-06T16:53:23.546027+00:00;2025-01;9313100;Atividades de Condicionamento Físico;24;12;12
4109401;Guarapuava;PR;Novo CAGED;2026-10-06T16:53:23.546027+00:00;2025-01;5510801;Hotéis;22;30;-8
4109401;Guarapuava;PR;Novo CAGED;2026-10-06T16:53:23.546027+00:00;2025-01;4633801;Comércio Atacadista de Frutas, Verduras, Raízes, Tubérculos, Hortaliças e Legumes Frescos;21;11;10
4109401;Guarapuava;PR;Novo CAGED;2026-10-06T16:53:23.546027+00:00;2025-01;4731800;Comércio Varejista de Combustíveis para Veículos Automotores;21;21;0
4109401;Guarapuava;PR;Novo CAGED;2026-10-06T16:53:23.546027+00:00;2025-01;4771701;Comércio Varejista de Produtos Farmacêuticos, sem Manipulação de Fórmulas;21;26;-5
4109401;Guarapuava;PR;Novo CAGED;2026-10-06T16:53:23.546027+00:00;2025-01;8112500;Condomínios Prediais;21;21;0
4109401;Guarapuava;PR;Novo CAGED;2026-10-06T16:53:23.546027+00:00;2025-01;4321500;Instalação e Manutenção Elétrica;20;18;2
4109401;Guarapuava;PR;Novo CAGED;2026-10-06T16:53:23.546027+00:00;2025-01;4721102;Padaria e Confeitaria com Predominância de Revenda;20;15;5
4109401;Guarapuava;PR;Novo CAGED;2026-10-06T16:53:23.546027+00:00;2025-01;8020001;Atividades de Monitoramento de Sistemas de Segurança Eletronico;19;8;11
4109401;Guarapuava;PR;Novo CAGED;2026-10-06T16:53:23.546027+00:00;2025-01;4754701;Comércio Varejista de Móveis;18;24;-6
4109401;Guarapuava;PR;Novo CAGED;2026-10-06T16:53:23.546027+00:00;2025-01;4530703;Comércio a Varejo de Peças e Acessórios Novos para Veículos Automotores;18;16;2
4109401;Guarapuava;PR;Novo CAGED;2026-10-06T16:53:23.546027+00:00;2025-01;0115600;Cultivo de Soja;18;34;-16
4109401;Guarapuava;PR;Novo CAGED;2026-10-06T16:53:23.546027+00:00;2025-01;4930201;Transporte Rodoviário de Carga, Exceto Produtos Perigosos e Mudanças, Municipal;16;12;4
4109401;Guarapuava;PR;Novo CAGED;2026-10-06T16:53:23.546027+00:00;2025-01;7319002;Promoção de Vendas;15;21;-6
4109401;Guarapuava;PR;Novo CAGED;2026-10-06T16:53:23.546027+00:00;2025-01;4772500;Comércio Varejista de Cosméticos, Produtos de Perfumaria e de Higiene Pessoal;13;15;-2
4109401;Guarapuava;PR;Novo CAGED;2026-10-06T16:53:23.546027+00:00;2025-01;4744099;Comércio Varejista de Materiais de Construção em Geral;13;14;-1
4109401;Guarapuava;PR;Novo CAGED;2026-10-06T16:53:23.546027+00:00;2025-01;6462000;Holdings de Instituições Não-Financeiras;13;11;2
4109401;Guarapuava;PR;Novo CAGED;2026-10-06T16:53:23.546027+00:00;2025-01;8291100;Atividades de Cobrança e Informações Cadastrais;12;12;0
4109401;Guarapuava;PR;Novo CAGED;2026-10-06T16:53:23.546027+00:00;2025-01;0161099;Atividades de Apoio à Agricultura não Especificadas Anteriormente;11;16;-5
4109401;Guarapuava;PR;Novo CAGED;2026-10-06T16:53:23.546027+00:00;2025-01;4671100;Comércio Atacadista de Madeira e Produtos Derivados;11;25;-14
4109401;Guarapuava;PR;Novo CAGED;2026-10-06T16:53:23.546027+00:00;2025-01;4752100;Comércio Varejista Especializado de Equipamentos de Telefonia e Comunicação;11;12;-1
4109401;Guarapuava;PR;Novo CAGED;2026-10-06T16:53:23.546027+00:00;2025-01;4722901;Comércio Varejista de Carnes - Açougues;11;6;5
4109401;Guarapuava;PR;Novo CAGED;2026-10-06T16:53:23.546027+00:00;2025-01;4712100;Comércio Varejista de Mercadorias em Geral, com Predominância de Produtos Alimentícios - Minimercados, Mercearias e Armazéns;11;14;-3
4109401;Guarapuava;PR;Novo CAGED;2026-10-06T16:53:23.546027+00:00;2025-01;1092900;Fabricação de Biscoitos e Bolachas;11;14;-3
4109401;Guarapuava;PR;Novo CAGED;2026-10-06T16:53:23.546027+00:00;2025-01;3321000;Instalação de Máquinas e Equipamentos Industriais;11;8;3
4109401;Guarapuava;PR;Novo CAGED;2026-10-06T16:53:23.546027+00:00;2025-01;7732201;Aluguel de Máquinas e Equipamentos para Construção sem Operador, Exceto Andaimes;10;9;1
4109401;Guarapuava;PR;Novo CAGED;2026-10-06T16:53:23.546027+00:00;2025-01;8630504;Atividade Odontológica com Recursos para Realização de Procedimentos Cirúrgicos;10;10;0
4109401;Guarapuava;PR;Novo CAGED;2026-10-06T16:53:23.546027+00:00;2025-01;9491000;Atividades de Organizações Religiosas;10;8;2
4109401;Guarapuava;PR;Novo CAGED;2026-10-06T16:53:23.546027+00:00;2025-01;4744005;Comércio Varejista de Materiais de Construção não Especificados Anteriormente;10;10;0
4109401;Guarapuava;PR;Novo CAGED;2026-10-06T16:53:23.546027+00:00;2025-01;4511101;Comércio a Varejo de Automóveis, Camionetas e Utilitários Novos;10;16;-6
4109401;Guarapuava;PR;Novo CAGED;2026-10-06T16:53:23.546027+00:00;2025-01;4511102;Comércio a Varejo de Automóveis, Camionetas e Utilitários Usados;10;5;5
4109401;Guarapuava;PR;Novo CAGED;2026-10-06T16:53:23.546027+00:00;2025-01;4222701;Construção de Redes de Abastecimento de água, Coleta de Esgoto e Construções Correlatas, Exceto Obras de Irrigação;10;8;2
4109401;Guarapuava;PR;Novo CAGED;2026-10-06T16:53:23.546027+00:00;2025-01;1721400;Fabricação de Papel;10;8;2
4109401;Guarapuava;PR;Novo CAGED;2026-10-06T16:53:23.546027+00:00;2025-01;8299799;Outras Atividades de Serviços Prestados Principalmente às Empresas não Especificadas Anteriormente;10;10;0
4109401;Guarapuava;PR;Novo CAGED;2026-10-06T16:53:23.546027+00:00;2025-01;2539001;Serviços de Usinagem, Tornearia e Solda;10;7;3
4109401;Guarapuava;PR;Novo CAGED;2026-10-06T16:53:23.546027+00:00;2025-01;4687701;Comércio Atacadista de Resíduos de Papel e Papelão;9;5;4
4109401;Guarapuava;PR;Novo CAGED;2026-10-06T16:53:23.546027+00:00;2025-01;8011101;Atividades de Vigilância e Segurança Privada;8;14;-6
4109401;Guarapuava;PR;Novo CAGED;2026-10-06T16:53:23.546027+00:00;2025-01;4661300;Comércio Atacadista de Máquinas, Aparelhos e Equipamentos para Uso Agropecuário, Partes e Peças;8;10;-2
4109401;Guarapuava;PR;Novo CAGED;2026-10-06T16:53:23.546027+00:00;2025-01;4789099;Comércio Varejista de Outros Produtos não Especificados Anteriormente;8;8;0
4109401;Guarapuava;PR;Novo CAGED;2026-10-06T16:53:23.546027+00:00;2025-01;8219999;Preparação de Documentos e Serviços Especializados de Apoio Administrativo não Especificados Anteriormente;8;6;2
4109401;Guarapuava;PR;Novo CAGED;2026-10-06T16:53:23.546027+00:00;2025-01;4634601;Comércio Atacadista de Carnes Bovinas e Suínas e Derivados;7;6;1
4109401;Guarapuava;PR;Novo CAGED;2026-10-06T16:53:23.546027+00:00;2025-01;4753900;Comércio Varejista Especializado de Eletrodomésticos e Equipamentos de áudio e Vídeo;7;14;-7
4109401;Guarapuava;PR;Novo CAGED;2026-10-06T16:53:23.546027+00:00;2025-01;4744001;Comércio Varejista de Ferragens e Ferramentas;7;9;-2
4109401;Guarapuava;PR;Novo CAGED;2026-10-06T16:53:23.546027+00:00;2025-01;4771702;Comércio Varejista de Produtos Farmacêuticos, com Manipulação de Fórmulas;7;6;1
4109401;Guarapuava;PR;Novo CAGED;2026-10-06T16:53:23.546027+00:00;2025-01;3101200;Fabricação de Móveis com Predominância de Madeira;7;0;7
4109401;Guarapuava;PR;Novo CAGED;2026-10-06T16:53:23.546027+00:00;2025-01;4110700;Incorporação de Empreendimentos Imobiliários;7;10;-3
4109401;Guarapuava;PR;Novo CAGED;2026-10-06T16:53:23.546027+00:00;2025-01;3314721;Manutenção e Reparação de Máquinas e Aparelhos para a Indústria de Celulose, Papel e Papelão e Artefatos;7;0;7
4109401;Guarapuava;PR;Novo CAGED;2026-10-06T16:53:23.546027+00:00;2025-01;3314799;Manutenção e Reparação de Outras Máquinas e Equipamentos para Usos Industriais não Especificados Anteriormente;7;9;-2
4109401;Guarapuava;PR;Novo CAGED;2026-10-06T16:53:23.546027+00:00;2025-01;7739099;Aluguel de Outras Máquinas e Equipamentos Comerciais e Industriais não Especificados Anteriormente, sem Operador;6;5;1
4109401;Guarapuava;PR;Novo CAGED;2026-10-06T16:53:23.546027+00:00;2025-01;8130300;Atividades Paisagísticas;6;0;6
4109401;Guarapuava;PR;Novo CAGED;2026-10-06T16:53:23.546027+00:00;2025-01;8220200;Atividades de Teleatendimento;6;10;-4
4109401;Guarapuava;PR;Novo CAGED;2026-10-06T16:53:23.546027+00:00;2025-01;4632001;Comércio Atacadista de Cereais e Leguminosas Beneficiados;6;6;0
4109401;Guarapuava;PR;Novo CAGED;2026-10-06T16:53:23.546027+00:00;2025-01;4761003;Comércio Varejista de Artigos de Papelaria;6;0;6
4109401;Guarapuava;PR;Novo CAGED;2026-10-06T16:53:23.546027+00:00;2025-01;4782201;Comércio Varejista de Calçados;6;9;-3
4109401;Guarapuava;PR;Novo CAGED;2026-10-06T16:53:23.546027+00:00;2025-01;0111302;Cultivo de Milho;6;0;6
4109401;Guarapuava;PR;Novo CAGED;2026-10-06T16:53:23.546027+00:00;2025-01;2330302;Fabricação de Artefatos de Cimento para Uso na Construção;6;0;6
4109401;Guarapuava;PR;Novo CAGED;2026-10-06T16:53:23.546027+00:00;2025-01;2833000;Fabricação de Máquinas e Equipamentos para a Agricultura e Pecuária, Peças e Acessórios, Exceto para Irrigação;6;0;6
4109401;Guarapuava;PR;Novo CAGED;2026-10-06T16:53:23.546027+00:00;2025-01;8121400;Limpeza em Prédios e em Domicílios;6;22;-16
4109401;Guarapuava;PR;Novo CAGED;2026-10-06T16:53:23.546027+00:00;2025-01;8599699;Outras Atividades de Ensino não Especificadas Anteriormente;6;5;1
4109401;Guarapuava;PR;Novo CAGED;2026-10-06T16:53:23.546027+00:00;2025-01;1610205;Serviço de Tratamento de Madeira Realizado Sob Contrato;6;18;-12
4109401;Guarapuava;PR;Novo CAGED;2026-10-06T16:53:23.546027+00:00;2025-01;7112000;Serviços de Engenharia;6;10;-4
4109401;Guarapuava;PR;Novo CAGED;2026-10-06T16:53:23.546027+00:00;2025-01;4921301;Transporte Rodoviário Coletivo de Passageiros, com Itinerário Fixo, Municipal;6;7;-1
4109401;Guarapuava;PR;Novo CAGED;2026-10-06T16:53:23.546027+00:00;2025-01;8630503;Atividade Médica Ambulatorial Restrita a Consultas;5;5;0
4109401;Guarapuava;PR;Novo CAGED;2026-10-06T16:53:23.546027+00:00;2025-01;4686902;Comércio Atacadista de Embalagens;5;6;-1
4109401;Guarapuava;PR;Novo CAGED;2026-10-06T16:53:23.546027+00:00;2025-01;4729699;Comércio Varejista de Produtos Alimentícios em Geral ou Especializado em Produtos Alimentícios não Especificados Anteriormente;5;9;-4
4109401;Guarapuava;PR;Novo CAGED;2026-10-06T16:53:23.546027+00:00;2025-01;4743100;Comércio Varejista de Vidros;5;0;5
4109401;Guarapuava;PR;Novo CAGED;2026-10-06T16:53:23.546027+00:00;2025-01;1091102;Fabricação de Produtos de Padaria e Confeitaria com Predominância de Produção Própria;5;10;-5
4109401;Guarapuava;PR;Novo CAGED;2026-10-06T16:53:23.546027+00:00;2025-01;4330402;Instalação de Portas, Janelas, Tetos, Divisórias e Armários Embutidos de Qualquer Material;5;0;5
4109401;Guarapuava;PR;Novo CAGED;2026-10-06T16:53:23.546027+00:00;2025-01;3832700;Recuperação de Materiais Plásticos;5;0;5
4109401;Guarapuava;PR;Novo CAGED;2026-10-06T16:53:23.546027+00:00;2025-01;0161003;Serviço de Preparação de Terreno, Cultivo e Colheita;5;53;-48
4109401;Guarapuava;PR;Novo CAGED;2026-10-06T16:53:23.546027+00:00;2025-01;8230001;Serviços de Organização de Feiras, Congressos, Exposições e Festas;5;8;-3
4109401;Guarapuava;PR;Novo CAGED;2026-10-06T16:53:23.546027+00:00;2025-01;8630599;Atividades de Atenção Ambulatorial não Especificadas Anteriormente;0;7;-7
4109401;Guarapuava;PR;Novo CAGED;2026-10-06T16:53:23.546027+00:00;2025-01;4520006;Serviços de Borracharia para Veículos Automotores;0;13;-13
4109401;Guarapuava;PR;Novo CAGED;2026-10-06T16:53:23.546027+00:00;2025-02;other;Outras categorias (agregadas);621;473;148
4109401;Guarapuava;PR;Novo CAGED;2026-10-06T16:53:23.546027+00:00;2025-02;4711302;Comércio Varejista de Mercadorias em Geral, com Predominância de Produtos Alimentícios - Supermercados;244;216;28
4109401;Guarapuava;PR;Novo CAGED;2026-10-06T16:53:23.546027+00:00;2025-02;2222600;Fabricação de Embalagens de Material Plástico;113;112;1
4109401;Guarapuava;PR;Novo CAGED;2026-10-06T16:53:23.546027+00:00;2025-02;4930202;Transporte Rodoviário de Carga, Exceto Produtos Perigosos e Mudanças, Intermunicipal, Interestadual e Internacional;105;64;41
4109401;Guarapuava;PR;Novo CAGED;2026-10-06T16:53:23.546027+00:00;2025-02;5611201;Restaurantes e Similares;86;80;6
4109401;Guarapuava;PR;Novo CAGED;2026-10-06T16:53:23.546027+00:00;2025-02;4120400;Construção de Edifícios;81;114;-33
4109401;Guarapuava;PR;Novo CAGED;2026-10-06T16:53:23.546027+00:00;2025-02;1621800;Fabricação de Madeira Laminada e de Chapas de Madeira Compensada, Prensada e Aglomerada;77;54;23
4109401;Guarapuava;PR;Novo CAGED;2026-10-06T16:53:23.546027+00:00;2025-02;4211101;Construção de Rodovias e Ferrovias;63;64;-1
4109401;Guarapuava;PR;Novo CAGED;2026-10-06T16:53:23.546027+00:00;2025-02;4711301;Comércio Varejista de Mercadorias em Geral, com Predominância de Produtos Alimentícios - Hipermercados;59;42;17
4109401;Guarapuava;PR;Novo CAGED;2026-10-06T16:53:23.546027+00:00;2025-02;5611203;Lanchonetes, Casas de Chá, de Sucos e Similares;57;51;6
4109401;Guarapuava;PR;Novo CAGED;2026-10-06T16:53:23.546027+00:00;2025-02;8513900;Ensino Fundamental;56;13;43
4109401;Guarapuava;PR;Novo CAGED;2026-10-06T16:53:23.546027+00:00;2025-02;8211300;Serviços Combinados de Escritório e Apoio Administrativo;53;48;5
4109401;Guarapuava;PR;Novo CAGED;2026-10-06T16:53:23.546027+00:00;2025-02;4781400;Comércio Varejista de Artigos do Vestuário e Acessórios;52;52;0
4109401;Guarapuava;PR;Novo CAGED;2026-10-06T16:53:23.546027+00:00;2025-02;8532500;Educação Superior - Graduação e Pós-Graduação;52;25;27
4109401;Guarapuava;PR;Novo CAGED;2026-10-06T16:53:23.546027+00:00;2025-02;1323500;Tecelagem de Fios de Fibras Artificiais e Sintéticas;39;41;-2
4109401;Guarapuava;PR;Novo CAGED;2026-10-06T16:53:23.546027+00:00;2025-02;1610203;Serrarias com Desdobramento de Madeira em Bruto;35;55;-20
4109401;Guarapuava;PR;Novo CAGED;2026-10-06T16:53:23.546027+00:00;2025-02;4712100;Comércio Varejista de Mercadorias em Geral, com Predominância de Produtos Alimentícios - Minimercados, Mercearias e Armazéns;29;11;18
4109401;Guarapuava;PR;Novo CAGED;2026-10-06T16:53:23.546027+00:00;2025-02;9313100;Atividades de Condicionamento Físico;27;14;13
4109401;Guarapuava;PR;Novo CAGED;2026-10-06T16:53:23.546027+00:00;2025-02;4930201;Transporte Rodoviário de Carga, Exceto Produtos Perigosos e Mudanças, Municipal;27;8;19
4109401;Guarapuava;PR;Novo CAGED;2026-10-06T16:53:23.546027+00:00;2025-02;4693100;Comércio Atacadista de Mercadorias em Geral, sem Predominância de Alimentos ou de Insumos Agropecuários;26;27;-1
4109401;Guarapuava;PR;Novo CAGED;2026-10-06T16:53:23.546027+00:00;2025-02;4731800;Comércio Varejista de Combustíveis para Veículos Automotores;25;18;7
4109401;Guarapuava;PR;Novo CAGED;2026-10-06T16:53:23.546027+00:00;2025-02;8610101;Atividades de Atendimento Hospitalar, Exceto Pronto-Socorro e Unidades para Atendimento a Urgências;24;56;-32
4109401;Guarapuava;PR;Novo CAGED;2026-10-06T16:53:23.546027+00:00;2025-02;6920601;Atividades de Contabilidade;24;24;0
4109401;Guarapuava;PR;Novo CAGED;2026-10-06T16:53:23.546027+00:00;2025-02;4771701;Comércio Varejista de Produtos Farmacêuticos, sem Manipulação de Fórmulas;24;25;-1
4109401;Guarapuava;PR;Novo CAGED;2026-10-06T16:53:23.546027+00:00;2025-02;8512100;Educação Infantil - Pré-Escola;24;8;16
4109401;Guarapuava;PR;Novo CAGED;2026-10-06T16:53:23.546027+00:00;2025-02;4721102;Padaria e Confeitaria com Predominância de Revenda;24;14;10
4109401;Guarapuava;PR;Novo CAGED;2026-10-06T16:53:23.546027+00:00;2025-02;0115600;Cultivo de Soja;23;21;2
4109401;Guarapuava;PR;Novo CAGED;2026-10-06T16:53:23.546027+00:00;2025-02;4686902;Comércio Atacadista de Embalagens;22;16;6
4109401;Guarapuava;PR;Novo CAGED;2026-10-06T16:53:23.546027+00:00;2025-02;4530703;Comércio a Varejo de Peças e Acessórios Novos para Veículos Automotores;22;29;-7
4109401;Guarapuava;PR;Novo CAGED;2026-10-06T16:53:23.546027+00:00;2025-02;7732201;Aluguel de Máquinas e Equipamentos para Construção sem Operador, Exceto Andaimes;21;12;9
4109401;Guarapuava;PR;Novo CAGED;2026-10-06T16:53:23.546027+00:00;2025-02;4635403;Comércio Atacadista de Bebidas com Atividade de Fracionamento e Acondicionamento Associada;21;13;8
4109401;Guarapuava;PR;Novo CAGED;2026-10-06T16:53:23.546027+00:00;2025-02;4744099;Comércio Varejista de Materiais de Construção em Geral;21;10;11
4109401;Guarapuava;PR;Novo CAGED;2026-10-06T16:53:23.546027+00:00;2025-02;5510801;Hotéis;21;24;-3
4109401;Guarapuava;PR;Novo CAGED;2026-10-06T16:53:23.546027+00:00;2025-02;4633801;Comércio Atacadista de Frutas, Verduras, Raízes, Tubérculos, Hortaliças e Legumes Frescos;19;10;9
4109401;Guarapuava;PR;Novo CAGED;2026-10-06T16:53:23.546027+00:00;2025-02;4754701;Comércio Varejista de Móveis;19;20;-1
4109401;Guarapuava;PR;Novo CAGED;2026-10-06T16:53:23.546027+00:00;2025-02;7319002;Promoção de Vendas;19;19;0
4109401;Guarapuava;PR;Novo CAGED;2026-10-06T16:53:23.546027+00:00;2025-02;4634601;Comércio Atacadista de Carnes Bovinas e Suínas e Derivados;18;10;8
4109401;Guarapuava;PR;Novo CAGED;2026-10-06T16:53:23.546027+00:00;2025-02;0163600;Atividades de Pós-Colheita;17;22;-5
4109401;Guarapuava;PR;Novo CAGED;2026-10-06T16:53:23.546027+00:00;2025-02;4511101;Comércio a Varejo de Automóveis, Camionetas e Utilitários Novos;17;16;1
4109401;Guarapuava;PR;Novo CAGED;2026-10-06T16:53:23.546027+00:00;2025-02;4683400;Comércio Atacadista de Defensivos Agrícolas, Adubos, Fertilizantes e Corretivos do Solo;16;10;6
4109401;Guarapuava;PR;Novo CAGED;2026-10-06T16:53:23.546027+00:00;2025-02;2399199;Fabricação de Outros Produtos de Minerais Não-Metálicos não Especificados Anteriormente;16;22;-6
4109401;Guarapuava;PR;Novo CAGED;2026-10-06T16:53:23.546027+00:00;2025-02;8299799;Outras Atividades de Serviços Prestados Principalmente às Empresas não Especificadas Anteriormente;16;19;-3
4109401;Guarapuava;PR;Novo CAGED;2026-10-06T16:53:23.546027+00:00;2025-02;5320202;Serviços de Entrega Rápida;16;6;10
4109401;Guarapuava;PR;Novo CAGED;2026-10-06T16:53:23.546027+00:00;2025-02;8020001;Atividades de Monitoramento de Sistemas de Segurança Eletronico;15;13;2
4109401;Guarapuava;PR;Novo CAGED;2026-10-06T16:53:23.546027+00:00;2025-02;3321000;Instalação de Máquinas e Equipamentos Industriais;15;11;4
4109401;Guarapuava;PR;Novo CAGED;2026-10-06T16:53:23.546027+00:00;2025-02;4399103;Obras de Alvenaria;15;8;7
4109401;Guarapuava;PR;Novo CAGED;2026-10-06T16:53:23.546027+00:00;2025-02;4671100;Comércio Atacadista de Madeira e Produtos Derivados;14;20;-6
4109401;Guarapuava;PR;Novo CAGED;2026-10-06T16:53:23.546027+00:00;2025-02;4661300;Comércio Atacadista de Máquinas, Aparelhos e Equipamentos para Uso Agropecuário, Partes e Peças;14;8;6
4109401;Guarapuava;PR;Novo CAGED;2026-10-06T16:53:23.546027+00:00;2025-02;4771702;Comércio Varejista de Produtos Farmacêuticos, com Manipulação de Fórmulas;14;5;9
4109401;Guarapuava;PR;Novo CAGED;2026-10-06T16:53:23.546027+00:00;2025-02;4321500;Instalação e Manutenção Elétrica;14;15;-1
4109401;Guarapuava;PR;Novo CAGED;2026-10-06T16:53:23.546027+00:00;2025-02;8219999;Preparação de Documentos e Serviços Especializados de Apoio Administrativo não Especificados Anteriormente;14;12;2
4109401;Guarapuava;PR;Novo CAGED;2026-10-06T16:53:23.546027+00:00;2025-02;0161099;Atividades de Apoio à Agricultura não Especificadas Anteriormente;13;13;0
4109401;Guarapuava;PR;Novo CAGED;2026-10-06T16:53:23.546027+00:00;2025-02;4782201;Comércio Varejista de Calçados;13;11;2
4109401;Guarapuava;PR;Novo CAGED;2026-10-06T16:53:23.546027+00:00;2025-02;8112500;Condomínios Prediais;13;17;-4
4109401;Guarapuava;PR;Novo CAGED;2026-10-06T16:53:23.546027+00:00;2025-02;1092900;Fabricação de Biscoitos e Bolachas;13;15;-2
4109401;Guarapuava;PR;Novo CAGED;2026-10-06T16:53:23.546027+00:00;2025-02;8291100;Atividades de Cobrança e Informações Cadastrais;12;13;-1
4109401;Guarapuava;PR;Novo CAGED;2026-10-06T16:53:23.546027+00:00;2025-02;8011101;Atividades de Vigilância e Segurança Privada;12;9;3
4109401;Guarapuava;PR;Novo CAGED;2026-10-06T16:53:23.546027+00:00;2025-02;4722901;Comércio Varejista de Carnes - Açougues;12;10;2
4109401;Guarapuava;PR;Novo CAGED;2026-10-06T16:53:23.546027+00:00;2025-02;4744001;Comércio Varejista de Ferragens e Ferramentas;12;11;1
4109401;Guarapuava;PR;Novo CAGED;2026-10-06T16:53:23.546027+00:00;2025-02;0119903;Cultivo de Batata-Inglesa;12;37;-25
4109401;Guarapuava;PR;Novo CAGED;2026-10-06T16:53:23.546027+00:00;2025-02;8230001;Serviços de Organização de Feiras, Congressos, Exposições e Festas;12;15;-3
4109401;Guarapuava;PR;Novo CAGED;2026-10-06T16:53:23.546027+00:00;2025-02;2539001;Serviços de Usinagem, Tornearia e Solda;12;12;0
4109401;Guarapuava;PR;Novo CAGED;2026-10-06T16:53:23.546027+00:00;2025-02;8630504;Atividade Odontológica com Recursos para Realização de Procedimentos Cirúrgicos;11;8;3
4109401;Guarapuava;PR;Novo CAGED;2026-10-06T16:53:23.546027+00:00;2025-02;9430800;Atividades de Associações de Defesa de Direitos Sociais;10;11;-1
4109401;Guarapuava;PR;Novo CAGED;2026-10-06T16:53:23.546027+00:00;2025-02;4637104;Comércio Atacadista de Pães, Bolos, Biscoitos e Similares;10;7;3
4109401;Guarapuava;PR;Novo CAGED;2026-10-06T16:53:23.546027+00:00;2025-02;4222701;Construção de Redes de Abastecimento de água, Coleta de Esgoto e Construções Correlatas, Exceto Obras de Irrigação;10;8;2
4109401;Guarapuava;PR;Novo CAGED;2026-10-06T16:53:23.546027+00:00;2025-02;3101200;Fabricação de Móveis com Predominância de Madeira;10;12;-2
4109401;Guarapuava;PR;Novo CAGED;2026-10-06T16:53:23.546027+00:00;2025-02;1091102;Fabricação de Produtos de Padaria e Confeitaria com Predominância de Produção Própria;10;10;0
4109401;Guarapuava;PR;Novo CAGED;2026-10-06T16:53:23.546027+00:00;2025-02;7112000;Serviços de Engenharia;10;9;1
4109401;Guarapuava;PR;Novo CAGED;2026-10-06T16:53:23.546027+00:00;2025-02;4637107;Comércio Atacadista de Chocolates, Confeitos, Balas, Bombons e Semelhantes;9;0;9
4109401;Guarapuava;PR;Novo CAGED;2026-10-06T16:53:23.546027+00:00;2025-02;4753900;Comércio Varejista Especializado de Eletrodomésticos e Equipamentos de áudio e Vídeo;9;5;4
4109401;Guarapuava;PR;Novo CAGED;2026-10-06T16:53:23.546027+00:00;2025-02;4772500;Comércio Varejista de Cosméticos, Produtos de Perfumaria e de Higiene Pessoal;9;9;0
4109401;Guarapuava;PR;Novo CAGED;2026-10-06T16:53:23.546027+00:00;2025-02;4744005;Comércio Varejista de Materiais de Construção não Especificados Anteriormente;9;6;3
4109401;Guarapuava;PR;Novo CAGED;2026-10-06T16:53:23.546027+00:00;2025-02;0161003;Serviço de Preparação de Terreno, Cultivo e Colheita;9;33;-24
4109401;Guarapuava;PR;Novo CAGED;2026-10-06T16:53:23.546027+00:00;2025-02;4520001;Serviços de Manutenção e Reparação Mecânica de Veículos Automotores;9;19;-10
4109401;Guarapuava;PR;Novo CAGED;2026-10-06T16:53:23.546027+00:00;2025-02;4921301;Transporte Rodoviário Coletivo de Passageiros, com Itinerário Fixo, Municipal;9;8;1
4109401;Guarapuava;PR;Novo CAGED;2026-10-06T16:53:23.546027+00:00;2025-02;9491000;Atividades de Organizações Religiosas;8;7;1
4109401;Guarapuava;PR;Novo CAGED;2026-10-06T16:53:23.546027+00:00;2025-02;4789099;Comércio Varejista de Outros Produtos não Especificados Anteriormente;8;10;-2
4109401;Guarapuava;PR;Novo CAGED;2026-10-06T16:53:23.546027+00:00;2025-02;0111302;Cultivo de Milho;8;8;0
4109401;Guarapuava;PR;Novo CAGED;2026-10-06T16:53:23.546027+00:00;2025-02;8630503;Atividade Médica Ambulatorial Restrita a Consultas;7;6;1
4109401;Guarapuava;PR;Novo CAGED;2026-10-06T16:53:23.546027+00:00;2025-02;4729699;Comércio Varejista de Produtos Alimentícios em Geral ou Especializado em Produtos Alimentícios não Especificados Anteriormente;7;14;-7
4109401;Guarapuava;PR;Novo CAGED;2026-10-06T16:53:23.546027+00:00;2025-02;4530701;Comércio por Atacado de Peças e Acessórios Novos para Veículos Automotores;7;8;-1
4109401;Guarapuava;PR;Novo CAGED;2026-10-06T16:53:23.546027+00:00;2025-02;0111399;Cultivo de Outros Cereais não Especificados Anteriormente;7;10;-3
4109401;Guarapuava;PR;Novo CAGED;2026-10-06T16:53:23.546027+00:00;2025-02;1629301;Fabricação de Artefatos Diversos de Madeira, Exceto Móveis;7;9;-2
4109401;Guarapuava;PR;Novo CAGED;2026-10-06T16:53:23.546027+00:00;2025-02;0155502;Produção de Pintos de Um Dia;7;0;7
4109401;Guarapuava;PR;Novo CAGED;2026-10-06T16:53:23.546027+00:00;2025-02;8800600;Serviços de Assistência Social sem Alojamento;7;5;2
4109401;Guarapuava;PR;Novo CAGED;2026-10-06T16:53:23.546027+00:00;2025-02;4637199;Comércio Atacadista Especializado em Outros Produtos Alimentícios não Especificados Anteriormente;6;10;-4
4109401;Guarapuava;PR;Novo CAGED;2026-10-06T16:53:23.546027+00:00;2025-02;4751201;Comércio Varejista Especializado de Equipamentos e Suprimentos de Informática;6;5;1
4109401;Guarapuava;PR;Novo CAGED;2026-10-06T16:53:23.546027+00:00;2025-02;4761003;Comércio Varejista de Artigos de Papelaria;6;6;0
4109401;Guarapuava;PR;Novo CAGED;2026-10-06T16:53:23.546027+00:00;2025-02;4774100;Comércio Varejista de Artigos de óptica;6;5;1
4109401;Guarapuava;PR;Novo CAGED;2026-10-06T16:53:23.546027+00:00;2025-02;4511104;Comércio por Atacado de Caminhões Novos e Usados;6;6;0
4109401;Guarapuava;PR;Novo CAGED;2026-10-06T16:53:23.546027+00:00;2025-02;1721400;Fabricação de Papel;6;8;-2
4109401;Guarapuava;PR;Novo CAGED;2026-10-06T16:53:23.546027+00:00;2025-02;4110700;Incorporação de Empreendimentos Imobiliários;6;8;-2
4109401;Guarapuava;PR;Novo CAGED;2026-10-06T16:53:23.546027+00:00;2025-02;2212900;Reforma de Pneumáticos Usados;6;5;1
4109401;Guarapuava;PR;Novo CAGED;2026-10-06T16:53:23.546027+00:00;2025-02;6110803;Serviços de Comunicação Multimídia - Scm;6;6;0
4109401;Guarapuava;PR;Novo CAGED;2026-10-06T16:53:23.546027+00:00;2025-02;7739099;Aluguel de Outras Máquinas e Equipamentos Comerciais e Industriais não Especificados Anteriormente, sem Operador;5;0;5
4109401;Guarapuava;PR;Novo CAGED;2026-10-06T16:53:23.546027+00:00;2025-02;8550302;Atividades de Apoio à Educação, Exceto Caixas Escolares;5;0;5
4109401;Guarapuava;PR;Novo CAGED;2026-10-06T16:53:23.546027+00:00;2025-02;4752100;Comércio Varejista Especializado de Equipamentos de Telefonia e Comunicação;5;7;-2
4109401;Guarapuava;PR;Novo CAGED;2026-10-06T16:53:23.546027+00:00;2025-02;0151201;Criação de Bovinos para Corte;5;0;5
4109401;Guarapuava;PR;Novo CAGED;2026-10-06T16:53:23.546027+00:00;2025-02;4313400;Obras de Terraplenagem;5;5;0
4109401;Guarapuava;PR;Novo CAGED;2026-10-06T16:53:23.546027+00:00;2025-02;1610205;Serviço de Tratamento de Madeira Realizado Sob Contrato;5;11;-6
4109401;Guarapuava;PR;Novo CAGED;2026-10-06T16:53:23.546027+00:00;2025-02;8630599;Atividades de Atenção Ambulatorial não Especificadas Anteriormente;0;17;-17
4109401;Guarapuava;PR;Novo CAGED;2026-10-06T16:53:23.546027+00:00;2025-02;8299706;Casas Lotéricas;0;5;-5
4109401;Guarapuava;PR;Novo CAGED;2026-10-06T16:53:23.546027+00:00;2025-02;0155505;Produção de Ovos;0;10;-10
4109401;Guarapuava;PR;Novo CAGED;2026-10-06T16:53:23.546027+00:00;2025-02;4922102;Transporte Rodoviário Coletivo de Passageiros, com Itinerário Fixo, Interestadual;0;5;-5
4109401;Guarapuava;PR;Novo CAGED;2026-10-06T16:53:23.546027+00:00;2025-03;other;Outras categorias (agregadas);516;570;-54
4109401;Guarapuava;PR;Novo CAGED;2026-10-06T16:53:23.546027+00:00;2025-03;4711302;Comércio Varejista de Mercadorias em Geral, com Predominância de Produtos Alimentícios - Supermercados;170;195;-25
4109401;Guarapuava;PR;Novo CAGED;2026-10-06T16:53:23.546027+00:00;2025-03;4120400;Construção de Edifícios;154;124;30
4109401;Guarapuava;PR;Novo CAGED;2026-10-06T16:53:23.546027+00:00;2025-03;2222600;Fabricação de Embalagens de Material Plástico;140;73;67
4109401;Guarapuava;PR;Novo CAGED;2026-10-06T16:53:23.546027+00:00;2025-03;5611201;Restaurantes e Similares;103;80;23
4109401;Guarapuava;PR;Novo CAGED;2026-10-06T16:53:23.546027+00:00;2025-03;1621800;Fabricação de Madeira Laminada e de Chapas de Madeira Compensada, Prensada e Aglomerada;76;54;22
4109401;Guarapuava;PR;Novo CAGED;2026-10-06T16:53:23.546027+00:00;2025-03;1610203;Serrarias com Desdobramento de Madeira em Bruto;71;35;36
4109401;Guarapuava;PR;Novo CAGED;2026-10-06T16:53:23.546027+00:00;2025-03;5611203;Lanchonetes, Casas de Chá, de Sucos e Similares;69;73;-4
4109401;Guarapuava;PR;Novo CAGED;2026-10-06T16:53:23.546027+00:00;2025-03;8532500;Educação Superior - Graduação e Pós-Graduação;63;16;47
4109401;Guarapuava;PR;Novo CAGED;2026-10-06T16:53:23.546027+00:00;2025-03;4930202;Transporte Rodoviário de Carga, Exceto Produtos Perigosos e Mudanças, Intermunicipal, Interestadual e Internacional;56;82;-26
4109401;Guarapuava;PR;Novo CAGED;2026-10-06T16:53:23.546027+00:00;2025-03;8610101;Atividades de Atendimento Hospitalar, Exceto Pronto-Socorro e Unidades para Atendimento a Urgências;53;55;-2
4109401;Guarapuava;PR;Novo CAGED;2026-10-06T16:53:23.546027+00:00;2025-03;1323500;Tecelagem de Fios de Fibras Artificiais e Sintéticas;48;28;20
4109401;Guarapuava;PR;Novo CAGED;2026-10-06T16:53:23.546027+00:00;2025-03;8211300;Serviços Combinados de Escritório e Apoio Administrativo;43;39;4
4109401;Guarapuava;PR;Novo CAGED;2026-10-06T16:53:23.546027+00:00;2025-03;4211101;Construção de Rodovias e Ferrovias;37;73;-36
4109401;Guarapuava;PR;Novo CAGED;2026-10-06T16:53:23.546027+00:00;2025-03;4781400;Comércio Varejista de Artigos do Vestuário e Acessórios;36;42;-6
4109401;Guarapuava;PR;Novo CAGED;2026-10-06T16:53:23.546027+00:00;2025-03;4731800;Comércio Varejista de Combustíveis para Veículos Automotores;34;33;1
4109401;Guarapuava;PR;Novo CAGED;2026-10-06T16:53:23.546027+00:00;2025-03;4711301;Comércio Varejista de Mercadorias em Geral, com Predominância de Produtos Alimentícios - Hipermercados;30;41;-11
4109401;Guarapuava;PR;Novo CAGED;2026-10-06T16:53:23.546027+00:00;2025-03;0115600;Cultivo de Soja;26;21;5
4109401;Guarapuava;PR;Novo CAGED;2026-10-06T16:53:23.546027+00:00;2025-03;4321500;Instalação e Manutenção Elétrica;24;19;5
4109401;Guarapuava;PR;Novo CAGED;2026-10-06T16:53:23.546027+00:00;2025-03;4530703;Comércio a Varejo de Peças e Acessórios Novos para Veículos Automotores;23;33;-10
4109401;Guarapuava;PR;Novo CAGED;2026-10-06T16:53:23.546027+00:00;2025-03;4399103;Obras de Alvenaria;23;10;13
4109401;Guarapuava;PR;Novo CAGED;2026-10-06T16:53:23.546027+00:00;2025-03;8299799;Outras Atividades de Serviços Prestados Principalmente às Empresas não Especificadas Anteriormente;23;18;5
4109401;Guarapuava;PR;Novo CAGED;2026-10-06T16:53:23.546027+00:00;2025-03;4771701;Comércio Varejista de Produtos Farmacêuticos, sem Manipulação de Fórmulas;21;21;0
4109401;Guarapuava;PR;Novo CAGED;2026-10-06T16:53:23.546027+00:00;2025-03;7112000;Serviços de Engenharia;21;15;6
4109401;Guarapuava;PR;Novo CAGED;2026-10-06T16:53:23.546027+00:00;2025-03;4712100;Comércio Varejista de Mercadorias em Geral, com Predominância de Produtos Alimentícios - Minimercados, Mercearias e Armazéns;20;23;-3
4109401;Guarapuava;PR;Novo CAGED;2026-10-06T16:53:23.546027+00:00;2025-03;8630503;Atividade Médica Ambulatorial Restrita a Consultas;19;6;13
4109401;Guarapuava;PR;Novo CAGED;2026-10-06T16:53:23.546027+00:00;2025-03;8513900;Ensino Fundamental;19;21;-2
4109401;Guarapuava;PR;Novo CAGED;2026-10-06T16:53:23.546027+00:00;2025-03;4721102;Padaria e Confeitaria com Predominância de Revenda;19;30;-11
4109401;Guarapuava;PR;Novo CAGED;2026-10-06T16:53:23.546027+00:00;2025-03;4520001;Serviços de Manutenção e Reparação Mecânica de Veículos Automotores;19;14;5
4109401;Guarapuava;PR;Novo CAGED;2026-10-06T16:53:23.546027+00:00;2025-03;4634601;Comércio Atacadista de Carnes Bovinas e Suínas e Derivados;18;11;7
4109401;Guarapuava;PR;Novo CAGED;2026-10-06T16:53:23.546027+00:00;2025-03;4753900;Comércio Varejista Especializado de Eletrodomésticos e Equipamentos de áudio e Vídeo;17;13;4
4109401;Guarapuava;PR;Novo CAGED;2026-10-06T16:53:23.546027+00:00;2025-03;4511101;Comércio a Varejo de Automóveis, Camionetas e Utilitários Novos;17;13;4
4109401;Guarapuava;PR;Novo CAGED;2026-10-06T16:53:23.546027+00:00;2025-03;8112500;Condomínios Prediais;17;10;7
4109401;Guarapuava;PR;Novo CAGED;2026-10-06T16:53:23.546027+00:00;2025-03;5510801;Hotéis;17;11;6
4109401;Guarapuava;PR;Novo CAGED;2026-10-06T16:53:23.546027+00:00;2025-03;1610205;Serviço de Tratamento de Madeira Realizado Sob Contrato;17;10;7
4109401;Guarapuava;PR;Novo CAGED;2026-10-06T16:53:23.546027+00:00;2025-03;4671100;Comércio Atacadista de Madeira e Produtos Derivados;16;22;-6
4109401;Guarapuava;PR;Novo CAGED;2026-10-06T16:53:23.546027+00:00;2025-03;6462000;Holdings de Instituições Não-Financeiras;16;11;5
4109401;Guarapuava;PR;Novo CAGED;2026-10-06T16:53:23.546027+00:00;2025-03;8020001;Atividades de Monitoramento de Sistemas de Segurança Eletronico;15;22;-7
4109401;Guarapuava;PR;Novo CAGED;2026-10-06T16:53:23.546027+00:00;2025-03;4661300;Comércio Atacadista de Máquinas, Aparelhos e Equipamentos para Uso Agropecuário, Partes e Peças;15;13;2
4109401;Guarapuava;PR;Novo CAGED;2026-10-06T16:53:23.546027+00:00;2025-03;0161099;Atividades de Apoio à Agricultura não Especificadas Anteriormente;14;20;-6
4109401;Guarapuava;PR;Novo CAGED;2026-10-06T16:53:23.546027+00:00;2025-03;6920601;Atividades de Contabilidade;14;13;1
4109401;Guarapuava;PR;Novo CAGED;2026-10-06T16:53:23.546027+00:00;2025-03;4633801;Comércio Atacadista de Frutas, Verduras, Raízes, Tubérculos, Hortaliças e Legumes Frescos;14;12;2
4109401;Guarapuava;PR;Novo CAGED;2026-10-06T16:53:23.546027+00:00;2025-03;4729699;Comércio Varejista de Produtos Alimentícios em Geral ou Especializado em Produtos Alimentícios não Especificados Anteriormente;14;9;5
4109401;Guarapuava;PR;Novo CAGED;2026-10-06T16:53:23.546027+00:00;2025-03;2399199;Fabricação de Outros Produtos de Minerais Não-Metálicos não Especificados Anteriormente;14;15;-1
4109401;Guarapuava;PR;Novo CAGED;2026-10-06T16:53:23.546027+00:00;2025-03;4921301;Transporte Rodoviário Coletivo de Passageiros, com Itinerário Fixo, Municipal;14;10;4
4109401;Guarapuava;PR;Novo CAGED;2026-10-06T16:53:23.546027+00:00;2025-03;4754701;Comércio Varejista de Móveis;13;26;-13
4109401;Guarapuava;PR;Novo CAGED;2026-10-06T16:53:23.546027+00:00;2025-03;3832700;Recuperação de Materiais Plásticos;13;0;13
4109401;Guarapuava;PR;Novo CAGED;2026-10-06T16:53:23.546027+00:00;2025-03;0163600;Atividades de Pós-Colheita;12;27;-15
4109401;Guarapuava;PR;Novo CAGED;2026-10-06T16:53:23.546027+00:00;2025-03;4686902;Comércio Atacadista de Embalagens;12;10;2
4109401;Guarapuava;PR;Novo CAGED;2026-10-06T16:53:23.546027+00:00;2025-03;4693100;Comércio Atacadista de Mercadorias em Geral, sem Predominância de Alimentos ou de Insumos Agropecuários;12;19;-7
4109401;Guarapuava;PR;Novo CAGED;2026-10-06T16:53:23.546027+00:00;2025-03;4722901;Comércio Varejista de Carnes - Açougues;12;8;4
4109401;Guarapuava;PR;Novo CAGED;2026-10-06T16:53:23.546027+00:00;2025-03;3321000;Instalação de Máquinas e Equipamentos Industriais;12;13;-1
4109401;Guarapuava;PR;Novo CAGED;2026-10-06T16:53:23.546027+00:00;2025-03;7319002;Promoção de Vendas;12;18;-6
4109401;Guarapuava;PR;Novo CAGED;2026-10-06T16:53:23.546027+00:00;2025-03;7732201;Aluguel de Máquinas e Equipamentos para Construção sem Operador, Exceto Andaimes;11;13;-2
4109401;Guarapuava;PR;Novo CAGED;2026-10-06T16:53:23.546027+00:00;2025-03;9313100;Atividades de Condicionamento Físico;11;9;2
4109401;Guarapuava;PR;Novo CAGED;2026-10-06T16:53:23.546027+00:00;2025-03;4637199;Comércio Atacadista Especializado em Outros Produtos Alimentícios não Especificados Anteriormente;11;12;-1
4109401;Guarapuava;PR;Novo CAGED;2026-10-06T16:53:23.546027+00:00;2025-03;8512100;Educação Infantil - Pré-Escola;11;11;0
4109401;Guarapuava;PR;Novo CAGED;2026-10-06T16:53:23.546027+00:00;2025-03;8520100;Ensino Médio;11;8;3
4109401;Guarapuava;PR;Novo CAGED;2026-10-06T16:53:23.546027+00:00;2025-03;8630504;Atividade Odontológica com Recursos para Realização de Procedimentos Cirúrgicos;10;7;3
4109401;Guarapuava;PR;Novo CAGED;2026-10-06T16:53:23.546027+00:00;2025-03;1091102;Fabricação de Produtos de Padaria e Confeitaria com Predominância de Produção Própria;10;11;-1
4109401;Guarapuava;PR;Novo CAGED;2026-10-06T16:53:23.546027+00:00;2025-03;4930201;Transporte Rodoviário de Carga, Exceto Produtos Perigosos e Mudanças, Municipal;10;11;-1
4109401;Guarapuava;PR;Novo CAGED;2026-10-06T16:53:23.546027+00:00;2025-03;4752100;Comércio Varejista Especializado de Equipamentos de Telefonia e Comunicação;9;12;-3
4109401;Guarapuava;PR;Novo CAGED;2026-10-06T16:53:23.546027+00:00;2025-03;4744001;Comércio Varejista de Ferragens e Ferramentas;9;8;1
4109401;Guarapuava;PR;Novo CAGED;2026-10-06T16:53:23.546027+00:00;2025-03;0119903;Cultivo de Batata-Inglesa;9;13;-4
4109401;Guarapuava;PR;Novo CAGED;2026-10-06T16:53:23.546027+00:00;2025-03;8230001;Serviços de Organização de Feiras, Congressos, Exposições e Festas;9;13;-4
4109401;Guarapuava;PR;Novo CAGED;2026-10-06T16:53:23.546027+00:00;2025-03;8011101;Atividades de Vigilância e Segurança Privada;8;8;0
4109401;Guarapuava;PR;Novo CAGED;2026-10-06T16:53:23.546027+00:00;2025-03;4782201;Comércio Varejista de Calçados;8;9;-1
4109401;Guarapuava;PR;Novo CAGED;2026-10-06T16:53:23.546027+00:00;2025-03;5320202;Serviços de Entrega Rápida;8;8;0
4109401;Guarapuava;PR;Novo CAGED;2026-10-06T16:53:23.546027+00:00;2025-03;9430800;Atividades de Associações de Defesa de Direitos Sociais;7;10;-3
4109401;Guarapuava;PR;Novo CAGED;2026-10-06T16:53:23.546027+00:00;2025-03;4772500;Comércio Varejista de Cosméticos, Produtos de Perfumaria e de Higiene Pessoal;7;8;-1
4109401;Guarapuava;PR;Novo CAGED;2026-10-06T16:53:23.546027+00:00;2025-03;4744005;Comércio Varejista de Materiais de Construção não Especificados Anteriormente;7;9;-2
4109401;Guarapuava;PR;Novo CAGED;2026-10-06T16:53:23.546027+00:00;2025-03;4771702;Comércio Varejista de Produtos Farmacêuticos, com Manipulação de Fórmulas;7;10;-3
4109401;Guarapuava;PR;Novo CAGED;2026-10-06T16:53:23.546027+00:00;2025-03;4530701;Comércio por Atacado de Peças e Acessórios Novos para Veículos Automotores;7;5;2
4109401;Guarapuava;PR;Novo CAGED;2026-10-06T16:53:23.546027+00:00;2025-03;4292802;Obras de Montagem Industrial;7;6;1
4109401;Guarapuava;PR;Novo CAGED;2026-10-06T16:53:23.546027+00:00;2025-03;8219999;Preparação de Documentos e Serviços Especializados de Apoio Administrativo não Especificados Anteriormente;7;5;2
4109401;Guarapuava;PR;Novo CAGED;2026-10-06T16:53:23.546027+00:00;2025-03;8291100;Atividades de Cobrança e Informações Cadastrais;6;11;-5
4109401;Guarapuava;PR;Novo CAGED;2026-10-06T16:53:23.546027+00:00;2025-03;4744099;Comércio Varejista de Materiais de Construção em Geral;6;13;-7
4109401;Guarapuava;PR;Novo CAGED;2026-10-06T16:53:23.546027+00:00;2025-03;4789099;Comércio Varejista de Outros Produtos não Especificados Anteriormente;6;12;-6
4109401;Guarapuava;PR;Novo CAGED;2026-10-06T16:53:23.546027+00:00;2025-03;4222701;Construção de Redes de Abastecimento de água, Coleta de Esgoto e Construções Correlatas, Exceto Obras de Irrigação;6;6;0
4109401;Guarapuava;PR;Novo CAGED;2026-10-06T16:53:23.546027+00:00;2025-03;0111302;Cultivo de Milho;6;10;-4
4109401;Guarapuava;PR;Novo CAGED;2026-10-06T16:53:23.546027+00:00;2025-03;0111399;Cultivo de Outros Cereais não Especificados Anteriormente;6;11;-5
4109401;Guarapuava;PR;Novo CAGED;2026-10-06T16:53:23.546027+00:00;2025-03;1092900;Fabricação de Biscoitos e Bolachas;6;15;-9
4109401;Guarapuava;PR;Novo CAGED;2026-10-06T16:53:23.546027+00:00;2025-03;2511000;Fabricação de Estruturas Metálicas;6;7;-1
4109401;Guarapuava;PR;Novo CAGED;2026-10-06T16:53:23.546027+00:00;2025-03;2311700;Fabricação de Vidro Plano e de Segurança;6;6;0
4109401;Guarapuava;PR;Novo CAGED;2026-10-06T16:53:23.546027+00:00;2025-03;3314799;Manutenção e Reparação de Outras Máquinas e Equipamentos para Usos Industriais não Especificados Anteriormente;6;6;0
4109401;Guarapuava;PR;Novo CAGED;2026-10-06T16:53:23.546027+00:00;2025-03;4520007;Serviços de Instalação, Manutenção e Reparação de Acessórios para Veículos Automotores;6;0;6
4109401;Guarapuava;PR;Novo CAGED;2026-10-06T16:53:23.546027+00:00;2025-03;9602502;Atividades de Estética e Outros Serviços de Cuidados com a Beleza;5;11;-6
4109401;Guarapuava;PR;Novo CAGED;2026-10-06T16:53:23.546027+00:00;2025-03;4774100;Comércio Varejista de Artigos de óptica;5;6;-1
4109401;Guarapuava;PR;Novo CAGED;2026-10-06T16:53:23.546027+00:00;2025-03;4759899;Comércio Varejista de Outros Artigos de Uso Doméstico não Especificados Anteriormente;5;6;-1
4109401;Guarapuava;PR;Novo CAGED;2026-10-06T16:53:23.546027+00:00;2025-03;0210103;Cultivo de Pinus;5;5;0
4109401;Guarapuava;PR;Novo CAGED;2026-10-06T16:53:23.546027+00:00;2025-03;2013401;Fabricação de Adubos e Fertilizantes Organominerais;5;5;0
4109401;Guarapuava;PR;Novo CAGED;2026-10-06T16:53:23.546027+00:00;2025-03;3101200;Fabricação de Móveis com Predominância de Madeira;5;7;-2
4109401;Guarapuava;PR;Novo CAGED;2026-10-06T16:53:23.546027+00:00;2025-03;0121101;Horticultura, Exceto Morango;0;23;-23
4109401;Guarapuava;PR;Novo CAGED;2026-10-06T16:53:23.546027+00:00;2025-03;6190699;Outras Atividades de Telecomunicações não Especificadas Anteriormente;0;7;-7
4109401;Guarapuava;PR;Novo CAGED;2026-10-06T16:53:23.546027+00:00;2025-03;4520003;Serviços de Manutenção e Reparação Elétrica de Veículos Automotores;0;5;-5
4109401;Guarapuava;PR;Novo CAGED;2026-10-06T16:53:23.546027+00:00;2025-04;other;Outras categorias (agregadas);586;581;5
4109401;Guarapuava;PR;Novo CAGED;2026-10-06T16:53:23.546027+00:00;2025-04;4711302;Comércio Varejista de Mercadorias em Geral, com Predominância de Produtos Alimentícios - Supermercados;155;138;17
4109401;Guarapuava;PR;Novo CAGED;2026-10-06T16:53:23.546027+00:00;2025-04;4120400;Construção de Edifícios;124;112;12
4109401;Guarapuava;PR;Novo CAGED;2026-10-06T16:53:23.546027+00:00;2025-04;2222600;Fabricação de Embalagens de Material Plástico;112;104;8
4109401;Guarapuava;PR;Novo CAGED;2026-10-06T16:53:23.546027+00:00;2025-04;1621800;Fabricação de Madeira Laminada e de Chapas de Madeira Compensada, Prensada e Aglomerada;83;53;30
4109401;Guarapuava;PR;Novo CAGED;2026-10-06T16:53:23.546027+00:00;2025-04;5611201;Restaurantes e Similares;83;71;12
4109401;Guarapuava;PR;Novo CAGED;2026-10-06T16:53:23.546027+00:00;2025-04;4930202;Transporte Rodoviário de Carga, Exceto Produtos Perigosos e Mudanças, Intermunicipal, Interestadual e Internacional;76;73;3
4109401;Guarapuava;PR;Novo CAGED;2026-10-06T16:53:23.546027+00:00;2025-04;5611203;Lanchonetes, Casas de Chá, de Sucos e Similares;73;55;18
4109401;Guarapuava;PR;Novo CAGED;2026-10-06T16:53:23.546027+00:00;2025-04;8610101;Atividades de Atendimento Hospitalar, Exceto Pronto-Socorro e Unidades para Atendimento a Urgências;57;51;6
4109401;Guarapuava;PR;Novo CAGED;2026-10-06T16:53:23.546027+00:00;2025-04;8211300;Serviços Combinados de Escritório e Apoio Administrativo;44;31;13
4109401;Guarapuava;PR;Novo CAGED;2026-10-06T16:53:23.546027+00:00;2025-04;2399199;Fabricação de Outros Produtos de Minerais Não-Metálicos não Especificados Anteriormente;40;22;18
4109401;Guarapuava;PR;Novo CAGED;2026-10-06T16:53:23.546027+00:00;2025-04;1323500;Tecelagem de Fios de Fibras Artificiais e Sintéticas;40;41;-1
4109401;Guarapuava;PR;Novo CAGED;2026-10-06T16:53:23.546027+00:00;2025-04;4731800;Comércio Varejista de Combustíveis para Veículos Automotores;32;18;14
4109401;Guarapuava;PR;Novo CAGED;2026-10-06T16:53:23.546027+00:00;2025-04;4721102;Padaria e Confeitaria com Predominância de Revenda;32;26;6
4109401;Guarapuava;PR;Novo CAGED;2026-10-06T16:53:23.546027+00:00;2025-04;4781400;Comércio Varejista de Artigos do Vestuário e Acessórios;31;38;-7
4109401;Guarapuava;PR;Novo CAGED;2026-10-06T16:53:23.546027+00:00;2025-04;8532500;Educação Superior - Graduação e Pós-Graduação;25;24;1
4109401;Guarapuava;PR;Novo CAGED;2026-10-06T16:53:23.546027+00:00;2025-04;4711301;Comércio Varejista de Mercadorias em Geral, com Predominância de Produtos Alimentícios - Hipermercados;23;21;2
4109401;Guarapuava;PR;Novo CAGED;2026-10-06T16:53:23.546027+00:00;2025-04;4511101;Comércio a Varejo de Automóveis, Camionetas e Utilitários Novos;21;25;-4
4109401;Guarapuava;PR;Novo CAGED;2026-10-06T16:53:23.546027+00:00;2025-04;4321500;Instalação e Manutenção Elétrica;21;17;4
4109401;Guarapuava;PR;Novo CAGED;2026-10-06T16:53:23.546027+00:00;2025-04;4712100;Comércio Varejista de Mercadorias em Geral, com Predominância de Produtos Alimentícios - Minimercados, Mercearias e Armazéns;20;11;9
4109401;Guarapuava;PR;Novo CAGED;2026-10-06T16:53:23.546027+00:00;2025-04;8513900;Ensino Fundamental;20;19;1
4109401;Guarapuava;PR;Novo CAGED;2026-10-06T16:53:23.546027+00:00;2025-04;5510801;Hotéis;20;16;4
4109401;Guarapuava;PR;Novo CAGED;2026-10-06T16:53:23.546027+00:00;2025-04;4754701;Comércio Varejista de Móveis;19;14;5
4109401;Guarapuava;PR;Novo CAGED;2026-10-06T16:53:23.546027+00:00;2025-04;4530703;Comércio a Varejo de Peças e Acessórios Novos para Veículos Automotores;19;31;-12
4109401;Guarapuava;PR;Novo CAGED;2026-10-06T16:53:23.546027+00:00;2025-04;4789002;Comércio Varejista de Plantas e Flores Naturais;18;5;13
4109401;Guarapuava;PR;Novo CAGED;2026-10-06T16:53:23.546027+00:00;2025-04;8112500;Condomínios Prediais;18;14;4
4109401;Guarapuava;PR;Novo CAGED;2026-10-06T16:53:23.546027+00:00;2025-04;4211101;Construção de Rodovias e Ferrovias;18;16;2
4109401;Guarapuava;PR;Novo CAGED;2026-10-06T16:53:23.546027+00:00;2025-04;4771701;Comércio Varejista de Produtos Farmacêuticos, sem Manipulação de Fórmulas;17;17;0
4109401;Guarapuava;PR;Novo CAGED;2026-10-06T16:53:23.546027+00:00;2025-04;0161099;Atividades de Apoio à Agricultura não Especificadas Anteriormente;16;9;7
4109401;Guarapuava;PR;Novo CAGED;2026-10-06T16:53:23.546027+00:00;2025-04;4634601;Comércio Atacadista de Carnes Bovinas e Suínas e Derivados;16;17;-1
4109401;Guarapuava;PR;Novo CAGED;2026-10-06T16:53:23.546027+00:00;2025-04;4661300;Comércio Atacadista de Máquinas, Aparelhos e Equipamentos para Uso Agropecuário, Partes e Peças;15;11;4
4109401;Guarapuava;PR;Novo CAGED;2026-10-06T16:53:23.546027+00:00;2025-04;4744099;Comércio Varejista de Materiais de Construção em Geral;15;11;4
4109401;Guarapuava;PR;Novo CAGED;2026-10-06T16:53:23.546027+00:00;2025-04;4729602;Comércio Varejista de Mercadorias em Lojas de Conveniência;15;7;8
4109401;Guarapuava;PR;Novo CAGED;2026-10-06T16:53:23.546027+00:00;2025-04;4789099;Comércio Varejista de Outros Produtos não Especificados Anteriormente;15;7;8
4109401;Guarapuava;PR;Novo CAGED;2026-10-06T16:53:23.546027+00:00;2025-04;0115600;Cultivo de Soja;15;28;-13
4109401;Guarapuava;PR;Novo CAGED;2026-10-06T16:53:23.546027+00:00;2025-04;1092900;Fabricação de Biscoitos e Bolachas;15;17;-2
4109401;Guarapuava;PR;Novo CAGED;2026-10-06T16:53:23.546027+00:00;2025-04;6462000;Holdings de Instituições Não-Financeiras;15;6;9
4109401;Guarapuava;PR;Novo CAGED;2026-10-06T16:53:23.546027+00:00;2025-04;6920601;Atividades de Contabilidade;14;16;-2
4109401;Guarapuava;PR;Novo CAGED;2026-10-06T16:53:23.546027+00:00;2025-04;4671100;Comércio Atacadista de Madeira e Produtos Derivados;14;29;-15
4109401;Guarapuava;PR;Novo CAGED;2026-10-06T16:53:23.546027+00:00;2025-04;4693100;Comércio Atacadista de Mercadorias em Geral, sem Predominância de Alimentos ou de Insumos Agropecuários;13;12;1
4109401;Guarapuava;PR;Novo CAGED;2026-10-06T16:53:23.546027+00:00;2025-04;4753900;Comércio Varejista Especializado de Eletrodomésticos e Equipamentos de áudio e Vídeo;13;15;-2
4109401;Guarapuava;PR;Novo CAGED;2026-10-06T16:53:23.546027+00:00;2025-04;4782201;Comércio Varejista de Calçados;13;7;6
4109401;Guarapuava;PR;Novo CAGED;2026-10-06T16:53:23.546027+00:00;2025-04;8299799;Outras Atividades de Serviços Prestados Principalmente às Empresas não Especificadas Anteriormente;13;11;2
4109401;Guarapuava;PR;Novo CAGED;2026-10-06T16:53:23.546027+00:00;2025-04;8020001;Atividades de Monitoramento de Sistemas de Segurança Eletronico;12;13;-1
4109401;Guarapuava;PR;Novo CAGED;2026-10-06T16:53:23.546027+00:00;2025-04;4729699;Comércio Varejista de Produtos Alimentícios em Geral ou Especializado em Produtos Alimentícios não Especificados Anteriormente;12;12;0
4109401;Guarapuava;PR;Novo CAGED;2026-10-06T16:53:23.546027+00:00;2025-04;4632001;Comércio Atacadista de Cereais e Leguminosas Beneficiados;11;12;-1
4109401;Guarapuava;PR;Novo CAGED;2026-10-06T16:53:23.546027+00:00;2025-04;8630504;Atividade Odontológica com Recursos para Realização de Procedimentos Cirúrgicos;10;9;1
4109401;Guarapuava;PR;Novo CAGED;2026-10-06T16:53:23.546027+00:00;2025-04;1091102;Fabricação de Produtos de Padaria e Confeitaria com Predominância de Produção Própria;10;7;3
4109401;Guarapuava;PR;Novo CAGED;2026-10-06T16:53:23.546027+00:00;2025-04;7319002;Promoção de Vendas;10;15;-5
4109401;Guarapuava;PR;Novo CAGED;2026-10-06T16:53:23.546027+00:00;2025-04;9430800;Atividades de Associações de Defesa de Direitos Sociais;9;7;2
4109401;Guarapuava;PR;Novo CAGED;2026-10-06T16:53:23.546027+00:00;2025-04;4789004;Comércio Varejista de Animais Vivos e de Artigos e Alimentos para Animais de Estimação;9;5;4
4109401;Guarapuava;PR;Novo CAGED;2026-10-06T16:53:23.546027+00:00;2025-04;4530701;Comércio por Atacado de Peças e Acessórios Novos para Veículos Automotores;9;5;4
4109401;Guarapuava;PR;Novo CAGED;2026-10-06T16:53:23.546027+00:00;2025-04;1062700;Moagem de Trigo e Fabricação de Derivados;9;6;3
4109401;Guarapuava;PR;Novo CAGED;2026-10-06T16:53:23.546027+00:00;2025-04;1610203;Serrarias com Desdobramento de Madeira em Bruto;9;32;-23
4109401;Guarapuava;PR;Novo CAGED;2026-10-06T16:53:23.546027+00:00;2025-04;4520001;Serviços de Manutenção e Reparação Mecânica de Veículos Automotores;9;11;-2
4109401;Guarapuava;PR;Novo CAGED;2026-10-06T16:53:23.546027+00:00;2025-04;2539001;Serviços de Usinagem, Tornearia e Solda;9;8;1
4109401;Guarapuava;PR;Novo CAGED;2026-10-06T16:53:23.546027+00:00;2025-04;4930201;Transporte Rodoviário de Carga, Exceto Produtos Perigosos e Mudanças, Municipal;9;10;-1
4109401;Guarapuava;PR;Novo CAGED;2026-10-06T16:53:23.546027+00:00;2025-04;9313100;Atividades de Condicionamento Físico;8;10;-2
4109401;Guarapuava;PR;Novo CAGED;2026-10-06T16:53:23.546027+00:00;2025-04;4683400;Comércio Atacadista de Defensivos Agrícolas, Adubos, Fertilizantes e Corretivos do Solo;8;5;3
4109401;Guarapuava;PR;Novo CAGED;2026-10-06T16:53:23.546027+00:00;2025-04;4744001;Comércio Varejista de Ferragens e Ferramentas;8;8;0
4109401;Guarapuava;PR;Novo CAGED;2026-10-06T16:53:23.546027+00:00;2025-04;4222701;Construção de Redes de Abastecimento de água, Coleta de Esgoto e Construções Correlatas, Exceto Obras de Irrigação;8;8;0
4109401;Guarapuava;PR;Novo CAGED;2026-10-06T16:53:23.546027+00:00;2025-04;2311700;Fabricação de Vidro Plano e de Segurança;8;5;3
4109401;Guarapuava;PR;Novo CAGED;2026-10-06T16:53:23.546027+00:00;2025-04;7112000;Serviços de Engenharia;8;15;-7
4109401;Guarapuava;PR;Novo CAGED;2026-10-06T16:53:23.546027+00:00;2025-04;8230001;Serviços de Organização de Feiras, Congressos, Exposições e Festas;8;10;-2
4109401;Guarapuava;PR;Novo CAGED;2026-10-06T16:53:23.546027+00:00;2025-04;7732201;Aluguel de Máquinas e Equipamentos para Construção sem Operador, Exceto Andaimes;7;8;-1
4109401;Guarapuava;PR;Novo CAGED;2026-10-06T16:53:23.546027+00:00;2025-04;8291100;Atividades de Cobrança e Informações Cadastrais;7;10;-3
4109401;Guarapuava;PR;Novo CAGED;2026-10-06T16:53:23.546027+00:00;2025-04;4511102;Comércio a Varejo de Automóveis, Camionetas e Utilitários Usados;7;5;2
4109401;Guarapuava;PR;Novo CAGED;2026-10-06T16:53:23.546027+00:00;2025-04;0119903;Cultivo de Batata-Inglesa;7;11;-4
4109401;Guarapuava;PR;Novo CAGED;2026-10-06T16:53:23.546027+00:00;2025-04;8512100;Educação Infantil - Pré-Escola;7;10;-3
4109401;Guarapuava;PR;Novo CAGED;2026-10-06T16:53:23.546027+00:00;2025-04;8121400;Limpeza em Prédios e em Domicílios;7;6;1
4109401;Guarapuava;PR;Novo CAGED;2026-10-06T16:53:23.546027+00:00;2025-04;8219999;Preparação de Documentos e Serviços Especializados de Apoio Administrativo não Especificados Anteriormente;7;8;-1
4109401;Guarapuava;PR;Novo CAGED;2026-10-06T16:53:23.546027+00:00;2025-04;0155505;Produção de Ovos;7;5;2
4109401;Guarapuava;PR;Novo CAGED;2026-10-06T16:53:23.546027+00:00;2025-04;4921301;Transporte Rodoviário Coletivo de Passageiros, com Itinerário Fixo, Municipal;7;6;1
4109401;Guarapuava;PR;Novo CAGED;2026-10-06T16:53:23.546027+00:00;2025-04;0230600;Atividades de Apoio à Produção Florestal;6;5;1
4109401;Guarapuava;PR;Novo CAGED;2026-10-06T16:53:23.546027+00:00;2025-04;0163600;Atividades de Pós-Colheita;6;10;-4
4109401;Guarapuava;PR;Novo CAGED;2026-10-06T16:53:23.546027+00:00;2025-04;8011101;Atividades de Vigilância e Segurança Privada;6;12;-6
4109401;Guarapuava;PR;Novo CAGED;2026-10-06T16:53:23.546027+00:00;2025-04;4637199;Comércio Atacadista Especializado em Outros Produtos Alimentícios não Especificados Anteriormente;6;9;-3
4109401;Guarapuava;PR;Novo CAGED;2026-10-06T16:53:23.546027+00:00;2025-04;4724500;Comércio Varejista de Hortifrutigranjeiros;6;5;1
4109401;Guarapuava;PR;Novo CAGED;2026-10-06T16:53:23.546027+00:00;2025-04;0111399;Cultivo de Outros Cereais não Especificados Anteriormente;6;6;0
4109401;Guarapuava;PR;Novo CAGED;2026-10-06T16:53:23.546027+00:00;2025-04;3101200;Fabricação de Móveis com Predominância de Madeira;6;5;1
4109401;Guarapuava;PR;Novo CAGED;2026-10-06T16:53:23.546027+00:00;2025-04;1721400;Fabricação de Papel;6;12;-6
4109401;Guarapuava;PR;Novo CAGED;2026-10-06T16:53:23.546027+00:00;2025-04;5510803;Motéis;6;6;0
4109401;Guarapuava;PR;Novo CAGED;2026-10-06T16:53:23.546027+00:00;2025-04;4763602;Comércio Varejista de Artigos Esportivos;5;5;0
4109401;Guarapuava;PR;Novo CAGED;2026-10-06T16:53:23.546027+00:00;2025-04;4772500;Comércio Varejista de Cosméticos, Produtos de Perfumaria e de Higiene Pessoal;5;6;-1
4109401;Guarapuava;PR;Novo CAGED;2026-10-06T16:53:23.546027+00:00;2025-04;2511000;Fabricação de Estruturas Metálicas;5;5;0
4109401;Guarapuava;PR;Novo CAGED;2026-10-06T16:53:23.546027+00:00;2025-04;4110700;Incorporação de Empreendimentos Imobiliários;5;9;-4
4109401;Guarapuava;PR;Novo CAGED;2026-10-06T16:53:23.546027+00:00;2025-04;4322303;Instalações de Sistema de Prevenção Contra Incêndio;5;0;5
4109401;Guarapuava;PR;Novo CAGED;2026-10-06T16:53:23.546027+00:00;2025-04;1610205;Serviço de Tratamento de Madeira Realizado Sob Contrato;5;7;-2
4109401;Guarapuava;PR;Novo CAGED;2026-10-06T16:53:23.546027+00:00;2025-04;8130300;Atividades Paisagísticas;0;7;-7
4109401;Guarapuava;PR;Novo CAGED;2026-10-06T16:53:23.546027+00:00;2025-04;3299003;Fabricação de Letras, Letreiros e Placas de Qualquer Material, Exceto Luminosos;0;5;-5
4109401;Guarapuava;PR;Novo CAGED;2026-10-06T16:53:23.546027+00:00;2025-05;other;Outras categorias (agregadas);567;607;-40
4109401;Guarapuava;PR;Novo CAGED;2026-10-06T16:53:23.546027+00:00;2025-05;4711302;Comércio Varejista de Mercadorias em Geral, com Predominância de Produtos Alimentícios - Supermercados;147;165;-18
4109401;Guarapuava;PR;Novo CAGED;2026-10-06T16:53:23.546027+00:00;2025-05;2222600;Fabricação de Embalagens de Material Plástico;136;114;22
4109401;Guarapuava;PR;Novo CAGED;2026-10-06T16:53:23.546027+00:00;2025-05;1621800;Fabricação de Madeira Laminada e de Chapas de Madeira Compensada, Prensada e Aglomerada;84;70;14
4109401;Guarapuava;PR;Novo CAGED;2026-10-06T16:53:23.546027+00:00;2025-05;5611201;Restaurantes e Similares;80;82;-2
4109401;Guarapuava;PR;Novo CAGED;2026-10-06T16:53:23.546027+00:00;2025-05;8610101;Atividades de Atendimento Hospitalar, Exceto Pronto-Socorro e Unidades para Atendimento a Urgências;77;45;32
4109401;Guarapuava;PR;Novo CAGED;2026-10-06T16:53:23.546027+00:00;2025-05;4930202;Transporte Rodoviário de Carga, Exceto Produtos Perigosos e Mudanças, Intermunicipal, Interestadual e Internacional;71;57;14
4109401;Guarapuava;PR;Novo CAGED;2026-10-06T16:53:23.546027+00:00;2025-05;4120400;Construção de Edifícios;53;92;-39
4109401;Guarapuava;PR;Novo CAGED;2026-10-06T16:53:23.546027+00:00;2025-05;1323500;Tecelagem de Fios de Fibras Artificiais e Sintéticas;49;51;-2
4109401;Guarapuava;PR;Novo CAGED;2026-10-06T16:53:23.546027+00:00;2025-05;5611203;Lanchonetes, Casas de Chá, de Sucos e Similares;48;82;-34
4109401;Guarapuava;PR;Novo CAGED;2026-10-06T16:53:23.546027+00:00;2025-05;4781400;Comércio Varejista de Artigos do Vestuário e Acessórios;43;39;4
4109401;Guarapuava;PR;Novo CAGED;2026-10-06T16:53:23.546027+00:00;2025-05;8211300;Serviços Combinados de Escritório e Apoio Administrativo;38;38;0
4109401;Guarapuava;PR;Novo CAGED;2026-10-06T16:53:23.546027+00:00;2025-05;4211101;Construção de Rodovias e Ferrovias;35;18;17
4109401;Guarapuava;PR;Novo CAGED;2026-10-06T16:53:23.546027+00:00;2025-05;4721102;Padaria e Confeitaria com Predominância de Revenda;33;22;11
4109401;Guarapuava;PR;Novo CAGED;2026-10-06T16:53:23.546027+00:00;2025-05;4731800;Comércio Varejista de Combustíveis para Veículos Automotores;28;27;1
4109401;Guarapuava;PR;Novo CAGED;2026-10-06T16:53:23.546027+00:00;2025-05;4711301;Comércio Varejista de Mercadorias em Geral, com Predominância de Produtos Alimentícios - Hipermercados;28;49;-21
4109401;Guarapuava;PR;Novo CAGED;2026-10-06T16:53:23.546027+00:00;2025-05;2399199;Fabricação de Outros Produtos de Minerais Não-Metálicos não Especificados Anteriormente;28;21;7
4109401;Guarapuava;PR;Novo CAGED;2026-10-06T16:53:23.546027+00:00;2025-05;0115600;Cultivo de Soja;26;21;5
4109401;Guarapuava;PR;Novo CAGED;2026-10-06T16:53:23.546027+00:00;2025-05;4222701;Construção de Redes de Abastecimento de água, Coleta de Esgoto e Construções Correlatas, Exceto Obras de Irrigação;22;23;-1
4109401;Guarapuava;PR;Novo CAGED;2026-10-06T16:53:23.546027+00:00;2025-05;8020001;Atividades de Monitoramento de Sistemas de Segurança Eletronico;21;13;8
4109401;Guarapuava;PR;Novo CAGED;2026-10-06T16:53:23.546027+00:00;2025-05;4671100;Comércio Atacadista de Madeira e Produtos Derivados;21;28;-7
4109401;Guarapuava;PR;Novo CAGED;2026-10-06T16:53:23.546027+00:00;2025-05;4530703;Comércio a Varejo de Peças e Acessórios Novos para Veículos Automotores;21;17;4
4109401;Guarapuava;PR;Novo CAGED;2026-10-06T16:53:23.546027+00:00;2025-05;4722901;Comércio Varejista de Carnes - Açougues;19;8;11
4109401;Guarapuava;PR;Novo CAGED;2026-10-06T16:53:23.546027+00:00;2025-05;4712100;Comércio Varejista de Mercadorias em Geral, com Predominância de Produtos Alimentícios - Minimercados, Mercearias e Armazéns;19;9;10
4109401;Guarapuava;PR;Novo CAGED;2026-10-06T16:53:23.546027+00:00;2025-05;8112500;Condomínios Prediais;19;14;5
4109401;Guarapuava;PR;Novo CAGED;2026-10-06T16:53:23.546027+00:00;2025-05;3101200;Fabricação de Móveis com Predominância de Madeira;19;12;7
4109401;Guarapuava;PR;Novo CAGED;2026-10-06T16:53:23.546027+00:00;2025-05;4771701;Comércio Varejista de Produtos Farmacêuticos, sem Manipulação de Fórmulas;18;16;2
4109401;Guarapuava;PR;Novo CAGED;2026-10-06T16:53:23.546027+00:00;2025-05;1092900;Fabricação de Biscoitos e Bolachas;18;11;7
4109401;Guarapuava;PR;Novo CAGED;2026-10-06T16:53:23.546027+00:00;2025-05;9430800;Atividades de Associações de Defesa de Direitos Sociais;17;10;7
4109401;Guarapuava;PR;Novo CAGED;2026-10-06T16:53:23.546027+00:00;2025-05;4511101;Comércio a Varejo de Automóveis, Camionetas e Utilitários Novos;17;19;-2
4109401;Guarapuava;PR;Novo CAGED;2026-10-06T16:53:23.546027+00:00;2025-05;8532500;Educação Superior - Graduação e Pós-Graduação;17;15;2
4109401;Guarapuava;PR;Novo CAGED;2026-10-06T16:53:23.546027+00:00;2025-05;8513900;Ensino Fundamental;17;20;-3
4109401;Guarapuava;PR;Novo CAGED;2026-10-06T16:53:23.546027+00:00;2025-05;5510801;Hotéis;16;21;-5
4109401;Guarapuava;PR;Novo CAGED;2026-10-06T16:53:23.546027+00:00;2025-05;8220200;Atividades de Teleatendimento;15;8;7
4109401;Guarapuava;PR;Novo CAGED;2026-10-06T16:53:23.546027+00:00;2025-05;8299799;Outras Atividades de Serviços Prestados Principalmente às Empresas não Especificadas Anteriormente;15;16;-1
4109401;Guarapuava;PR;Novo CAGED;2026-10-06T16:53:23.546027+00:00;2025-05;0161003;Serviço de Preparação de Terreno, Cultivo e Colheita;15;6;9
4109401;Guarapuava;PR;Novo CAGED;2026-10-06T16:53:23.546027+00:00;2025-05;4520001;Serviços de Manutenção e Reparação Mecânica de Veículos Automotores;15;15;0
4109401;Guarapuava;PR;Novo CAGED;2026-10-06T16:53:23.546027+00:00;2025-05;4693100;Comércio Atacadista de Mercadorias em Geral, sem Predominância de Alimentos ou de Insumos Agropecuários;14;13;1
4109401;Guarapuava;PR;Novo CAGED;2026-10-06T16:53:23.546027+00:00;2025-05;4639701;Comércio Atacadista de Produtos Alimentícios em Geral;14;7;7
4109401;Guarapuava;PR;Novo CAGED;2026-10-06T16:53:23.546027+00:00;2025-05;6424704;Cooperativas de Crédito Rural;14;7;7
4109401;Guarapuava;PR;Novo CAGED;2026-10-06T16:53:23.546027+00:00;2025-05;4634601;Comércio Atacadista de Carnes Bovinas e Suínas e Derivados;13;19;-6
4109401;Guarapuava;PR;Novo CAGED;2026-10-06T16:53:23.546027+00:00;2025-05;4782201;Comércio Varejista de Calçados;13;11;2
4109401;Guarapuava;PR;Novo CAGED;2026-10-06T16:53:23.546027+00:00;2025-05;1091102;Fabricação de Produtos de Padaria e Confeitaria com Predominância de Produção Própria;13;7;6
4109401;Guarapuava;PR;Novo CAGED;2026-10-06T16:53:23.546027+00:00;2025-05;6462000;Holdings de Instituições Não-Financeiras;13;7;6
4109401;Guarapuava;PR;Novo CAGED;2026-10-06T16:53:23.546027+00:00;2025-05;4637199;Comércio Atacadista Especializado em Outros Produtos Alimentícios não Especificados Anteriormente;12;7;5
4109401;Guarapuava;PR;Novo CAGED;2026-10-06T16:53:23.546027+00:00;2025-05;4661300;Comércio Atacadista de Máquinas, Aparelhos e Equipamentos para Uso Agropecuário, Partes e Peças;12;20;-8
4109401;Guarapuava;PR;Novo CAGED;2026-10-06T16:53:23.546027+00:00;2025-05;1052000;Fabricação de Laticínios;12;5;7
4109401;Guarapuava;PR;Novo CAGED;2026-10-06T16:53:23.546027+00:00;2025-05;7319002;Promoção de Vendas;12;14;-2
4109401;Guarapuava;PR;Novo CAGED;2026-10-06T16:53:23.546027+00:00;2025-05;8011101;Atividades de Vigilância e Segurança Privada;11;13;-2
4109401;Guarapuava;PR;Novo CAGED;2026-10-06T16:53:23.546027+00:00;2025-05;1721400;Fabricação de Papel;11;8;3
4109401;Guarapuava;PR;Novo CAGED;2026-10-06T16:53:23.546027+00:00;2025-05;3321000;Instalação de Máquinas e Equipamentos Industriais;11;10;1
4109401;Guarapuava;PR;Novo CAGED;2026-10-06T16:53:23.546027+00:00;2025-05;4399103;Obras de Alvenaria;11;12;-1
4109401;Guarapuava;PR;Novo CAGED;2026-10-06T16:53:23.546027+00:00;2025-05;6920601;Atividades de Contabilidade;10;11;-1
4109401;Guarapuava;PR;Novo CAGED;2026-10-06T16:53:23.546027+00:00;2025-05;4772500;Comércio Varejista de Cosméticos, Produtos de Perfumaria e de Higiene Pessoal;10;5;5
4109401;Guarapuava;PR;Novo CAGED;2026-10-06T16:53:23.546027+00:00;2025-05;4530701;Comércio por Atacado de Peças e Acessórios Novos para Veículos Automotores;10;8;2
4109401;Guarapuava;PR;Novo CAGED;2026-10-06T16:53:23.546027+00:00;2025-05;5620104;Fornecimento de Alimentos Preparados Preponderantemente para Consumo Domiciliar;10;7;3
4109401;Guarapuava;PR;Novo CAGED;2026-10-06T16:53:23.546027+00:00;2025-05;8630503;Atividade Médica Ambulatorial Restrita a Consultas;9;8;1
4109401;Guarapuava;PR;Novo CAGED;2026-10-06T16:53:23.546027+00:00;2025-05;4753900;Comércio Varejista Especializado de Eletrodomésticos e Equipamentos de áudio e Vídeo;9;8;1
4109401;Guarapuava;PR;Novo CAGED;2026-10-06T16:53:23.546027+00:00;2025-05;4752100;Comércio Varejista Especializado de Equipamentos de Telefonia e Comunicação;9;9;0
4109401;Guarapuava;PR;Novo CAGED;2026-10-06T16:53:23.546027+00:00;2025-05;4744099;Comércio Varejista de Materiais de Construção em Geral;9;15;-6
4109401;Guarapuava;PR;Novo CAGED;2026-10-06T16:53:23.546027+00:00;2025-05;4321500;Instalação e Manutenção Elétrica;9;12;-3
4109401;Guarapuava;PR;Novo CAGED;2026-10-06T16:53:23.546027+00:00;2025-05;1610203;Serrarias com Desdobramento de Madeira em Bruto;9;84;-75
4109401;Guarapuava;PR;Novo CAGED;2026-10-06T16:53:23.546027+00:00;2025-05;7112000;Serviços de Engenharia;9;8;1
4109401;Guarapuava;PR;Novo CAGED;2026-10-06T16:53:23.546027+00:00;2025-05;7732201;Aluguel de Máquinas e Equipamentos para Construção sem Operador, Exceto Andaimes;8;10;-2
4109401;Guarapuava;PR;Novo CAGED;2026-10-06T16:53:23.546027+00:00;2025-05;8630504;Atividade Odontológica com Recursos para Realização de Procedimentos Cirúrgicos;8;7;1
4109401;Guarapuava;PR;Novo CAGED;2026-10-06T16:53:23.546027+00:00;2025-05;8291100;Atividades de Cobrança e Informações Cadastrais;8;5;3
4109401;Guarapuava;PR;Novo CAGED;2026-10-06T16:53:23.546027+00:00;2025-05;2512800;Fabricação de Esquadrias de Metal;8;7;1
4109401;Guarapuava;PR;Novo CAGED;2026-10-06T16:53:23.546027+00:00;2025-05;2311700;Fabricação de Vidro Plano e de Segurança;8;6;2
4109401;Guarapuava;PR;Novo CAGED;2026-10-06T16:53:23.546027+00:00;2025-05;1062700;Moagem de Trigo e Fabricação de Derivados;8;10;-2
4109401;Guarapuava;PR;Novo CAGED;2026-10-06T16:53:23.546027+00:00;2025-05;4520003;Serviços de Manutenção e Reparação Elétrica de Veículos Automotores;8;0;8
4109401;Guarapuava;PR;Novo CAGED;2026-10-06T16:53:23.546027+00:00;2025-05;8230001;Serviços de Organização de Feiras, Congressos, Exposições e Festas;8;8;0
4109401;Guarapuava;PR;Novo CAGED;2026-10-06T16:53:23.546027+00:00;2025-05;0161099;Atividades de Apoio à Agricultura não Especificadas Anteriormente;7;12;-5
4109401;Guarapuava;PR;Novo CAGED;2026-10-06T16:53:23.546027+00:00;2025-05;4921301;Transporte Rodoviário Coletivo de Passageiros, com Itinerário Fixo, Municipal;7;6;1
4109401;Guarapuava;PR;Novo CAGED;2026-10-06T16:53:23.546027+00:00;2025-05;4930201;Transporte Rodoviário de Carga, Exceto Produtos Perigosos e Mudanças, Municipal;7;11;-4
4109401;Guarapuava;PR;Novo CAGED;2026-10-06T16:53:23.546027+00:00;2025-05;0230600;Atividades de Apoio à Produção Florestal;6;7;-1
4109401;Guarapuava;PR;Novo CAGED;2026-10-06T16:53:23.546027+00:00;2025-05;4683400;Comércio Atacadista de Defensivos Agrícolas, Adubos, Fertilizantes e Corretivos do Solo;6;6;0
4109401;Guarapuava;PR;Novo CAGED;2026-10-06T16:53:23.546027+00:00;2025-05;4633801;Comércio Atacadista de Frutas, Verduras, Raízes, Tubérculos, Hortaliças e Legumes Frescos;6;56;-50
4109401;Guarapuava;PR;Novo CAGED;2026-10-06T16:53:23.546027+00:00;2025-05;4789099;Comércio Varejista de Outros Produtos não Especificados Anteriormente;6;9;-3
4109401;Guarapuava;PR;Novo CAGED;2026-10-06T16:53:23.546027+00:00;2025-05;4743100;Comércio Varejista de Vidros;6;7;-1
4109401;Guarapuava;PR;Novo CAGED;2026-10-06T16:53:23.546027+00:00;2025-05;0119903;Cultivo de Batata-Inglesa;6;39;-33
4109401;Guarapuava;PR;Novo CAGED;2026-10-06T16:53:23.546027+00:00;2025-05;0210107;Extração de Madeira em Florestas Plantadas;6;6;0
4109401;Guarapuava;PR;Novo CAGED;2026-10-06T16:53:23.546027+00:00;2025-05;4213800;Obras de Urbanização - Ruas, Praças e Calçadas;6;8;-2
4109401;Guarapuava;PR;Novo CAGED;2026-10-06T16:53:23.546027+00:00;2025-05;7490104;Atividades de Intermediação e Agenciamento de Serviços e Negócios em Geral, Exceto Imobiliários;5;6;-1
4109401;Guarapuava;PR;Novo CAGED;2026-10-06T16:53:23.546027+00:00;2025-05;4632001;Comércio Atacadista de Cereais e Leguminosas Beneficiados;5;12;-7
4109401;Guarapuava;PR;Novo CAGED;2026-10-06T16:53:23.546027+00:00;2025-05;4687702;Comércio Atacadista de Resíduos e Sucatas Não-Metálicos, Exceto de Papel e Papelão;5;0;5
4109401;Guarapuava;PR;Novo CAGED;2026-10-06T16:53:23.546027+00:00;2025-05;4744001;Comércio Varejista de Ferragens e Ferramentas;5;5;0
4109401;Guarapuava;PR;Novo CAGED;2026-10-06T16:53:23.546027+00:00;2025-05;1113502;Fabricação de Cervejas e Chopes;5;5;0
4109401;Guarapuava;PR;Novo CAGED;2026-10-06T16:53:23.546027+00:00;2025-05;5620101;Fornecimento de Alimentos Preparados Preponderantemente para Empresas;5;5;0
4109401;Guarapuava;PR;Novo CAGED;2026-10-06T16:53:23.546027+00:00;2025-05;3314799;Manutenção e Reparação de Outras Máquinas e Equipamentos para Usos Industriais não Especificados Anteriormente;5;8;-3
4109401;Guarapuava;PR;Novo CAGED;2026-10-06T16:53:23.546027+00:00;2025-05;4635403;Comércio Atacadista de Bebidas com Atividade de Fracionamento e Acondicionamento Associada;0;8;-8
4109401;Guarapuava;PR;Novo CAGED;2026-10-06T16:53:23.546027+00:00;2025-05;4724500;Comércio Varejista de Hortifrutigranjeiros;0;16;-16
4109401;Guarapuava;PR;Novo CAGED;2026-10-06T16:53:23.546027+00:00;2025-05;8122200;Imunização e Controle de Pragas Urbanas;0;6;-6
4109401;Guarapuava;PR;Novo CAGED;2026-10-06T16:53:23.546027+00:00;2025-06;other;Outras categorias (agregadas);471;836;-365
4109401;Guarapuava;PR;Novo CAGED;2026-10-06T16:53:23.546027+00:00;2025-06;2222600;Fabricação de Embalagens de Material Plástico;122;88;34
4109401;Guarapuava;PR;Novo CAGED;2026-10-06T16:53:23.546027+00:00;2025-06;4711302;Comércio Varejista de Mercadorias em Geral, com Predominância de Produtos Alimentícios - Supermercados;118;133;-15
4109401;Guarapuava;PR;Novo CAGED;2026-10-06T16:53:23.546027+00:00;2025-06;4120400;Construção de Edifícios;81;116;-35
4109401;Guarapuava;PR;Novo CAGED;2026-10-06T16:53:23.546027+00:00;2025-06;5611201;Restaurantes e Similares;75;68;7
4109401;Guarapuava;PR;Novo CAGED;2026-10-06T16:53:23.546027+00:00;2025-06;8610101;Atividades de Atendimento Hospitalar, Exceto Pronto-Socorro e Unidades para Atendimento a Urgências;74;41;33
4109401;Guarapuava;PR;Novo CAGED;2026-10-06T16:53:23.546027+00:00;2025-06;4930202;Transporte Rodoviário de Carga, Exceto Produtos Perigosos e Mudanças, Intermunicipal, Interestadual e Internacional;69;66;3
4109401;Guarapuava;PR;Novo CAGED;2026-10-06T16:53:23.546027+00:00;2025-06;8211300;Serviços Combinados de Escritório e Apoio Administrativo;58;44;14
4109401;Guarapuava;PR;Novo CAGED;2026-10-06T16:53:23.546027+00:00;2025-06;1621800;Fabricação de Madeira Laminada e de Chapas de Madeira Compensada, Prensada e Aglomerada;57;60;-3
4109401;Guarapuava;PR;Novo CAGED;2026-10-06T16:53:23.546027+00:00;2025-06;5611203;Lanchonetes, Casas de Chá, de Sucos e Similares;51;56;-5
4109401;Guarapuava;PR;Novo CAGED;2026-10-06T16:53:23.546027+00:00;2025-06;4634601;Comércio Atacadista de Carnes Bovinas e Suínas e Derivados;45;21;24
4109401;Guarapuava;PR;Novo CAGED;2026-10-06T16:53:23.546027+00:00;2025-06;4781400;Comércio Varejista de Artigos do Vestuário e Acessórios;35;40;-5
4109401;Guarapuava;PR;Novo CAGED;2026-10-06T16:53:23.546027+00:00;2025-06;4711301;Comércio Varejista de Mercadorias em Geral, com Predominância de Produtos Alimentícios - Hipermercados;34;29;5
4109401;Guarapuava;PR;Novo CAGED;2026-10-06T16:53:23.546027+00:00;2025-06;1323500;Tecelagem de Fios de Fibras Artificiais e Sintéticas;33;38;-5
4109401;Guarapuava;PR;Novo CAGED;2026-10-06T16:53:23.546027+00:00;2025-06;4211101;Construção de Rodovias e Ferrovias;32;29;3
4109401;Guarapuava;PR;Novo CAGED;2026-10-06T16:53:23.546027+00:00;2025-06;9313100;Atividades de Condicionamento Físico;30;13;17
4109401;Guarapuava;PR;Novo CAGED;2026-10-06T16:53:23.546027+00:00;2025-06;4721102;Padaria e Confeitaria com Predominância de Revenda;30;25;5
4109401;Guarapuava;PR;Novo CAGED;2026-10-06T16:53:23.546027+00:00;2025-06;5620101;Fornecimento de Alimentos Preparados Preponderantemente para Empresas;26;5;21
4109401;Guarapuava;PR;Novo CAGED;2026-10-06T16:53:23.546027+00:00;2025-06;8513900;Ensino Fundamental;24;12;12
4109401;Guarapuava;PR;Novo CAGED;2026-10-06T16:53:23.546027+00:00;2025-06;4731800;Comércio Varejista de Combustíveis para Veículos Automotores;18;26;-8
4109401;Guarapuava;PR;Novo CAGED;2026-10-06T16:53:23.546027+00:00;2025-06;4530703;Comércio a Varejo de Peças e Acessórios Novos para Veículos Automotores;17;28;-11
4109401;Guarapuava;PR;Novo CAGED;2026-10-06T16:53:23.546027+00:00;2025-06;8532500;Educação Superior - Graduação e Pós-Graduação;17;23;-6
4109401;Guarapuava;PR;Novo CAGED;2026-10-06T16:53:23.546027+00:00;2025-06;1092900;Fabricação de Biscoitos e Bolachas;16;15;1
4109401;Guarapuava;PR;Novo CAGED;2026-10-06T16:53:23.546027+00:00;2025-06;4321500;Instalação e Manutenção Elétrica;16;14;2
4109401;Guarapuava;PR;Novo CAGED;2026-10-06T16:53:23.546027+00:00;2025-06;4661300;Comércio Atacadista de Máquinas, Aparelhos e Equipamentos para Uso Agropecuário, Partes e Peças;15;22;-7
4109401;Guarapuava;PR;Novo CAGED;2026-10-06T16:53:23.546027+00:00;2025-06;0115600;Cultivo de Soja;15;28;-13
4109401;Guarapuava;PR;Novo CAGED;2026-10-06T16:53:23.546027+00:00;2025-06;6920601;Atividades de Contabilidade;14;11;3
4109401;Guarapuava;PR;Novo CAGED;2026-10-06T16:53:23.546027+00:00;2025-06;8121400;Limpeza em Prédios e em Domicílios;14;14;0
4109401;Guarapuava;PR;Novo CAGED;2026-10-06T16:53:23.546027+00:00;2025-06;4399103;Obras de Alvenaria;14;7;7
4109401;Guarapuava;PR;Novo CAGED;2026-10-06T16:53:23.546027+00:00;2025-06;4520001;Serviços de Manutenção e Reparação Mecânica de Veículos Automotores;14;13;1
4109401;Guarapuava;PR;Novo CAGED;2026-10-06T16:53:23.546027+00:00;2025-06;8011101;Atividades de Vigilância e Segurança Privada;13;19;-6
4109401;Guarapuava;PR;Novo CAGED;2026-10-06T16:53:23.546027+00:00;2025-06;4683400;Comércio Atacadista de Defensivos Agrícolas, Adubos, Fertilizantes e Corretivos do Solo;13;12;1
4109401;Guarapuava;PR;Novo CAGED;2026-10-06T16:53:23.546027+00:00;2025-06;4771701;Comércio Varejista de Produtos Farmacêuticos, sem Manipulação de Fórmulas;13;12;1
4109401;Guarapuava;PR;Novo CAGED;2026-10-06T16:53:23.546027+00:00;2025-06;4511101;Comércio a Varejo de Automóveis, Camionetas e Utilitários Novos;13;11;2
4109401;Guarapuava;PR;Novo CAGED;2026-10-06T16:53:23.546027+00:00;2025-06;8112500;Condomínios Prediais;13;14;-1
4109401;Guarapuava;PR;Novo CAGED;2026-10-06T16:53:23.546027+00:00;2025-06;1052000;Fabricação de Laticínios;13;8;5
4109401;Guarapuava;PR;Novo CAGED;2026-10-06T16:53:23.546027+00:00;2025-06;5620104;Fornecimento de Alimentos Preparados Preponderantemente para Consumo Domiciliar;13;6;7
4109401;Guarapuava;PR;Novo CAGED;2026-10-06T16:53:23.546027+00:00;2025-06;0230600;Atividades de Apoio à Produção Florestal;12;17;-5
4109401;Guarapuava;PR;Novo CAGED;2026-10-06T16:53:23.546027+00:00;2025-06;9430800;Atividades de Associações de Defesa de Direitos Sociais;12;6;6
4109401;Guarapuava;PR;Novo CAGED;2026-10-06T16:53:23.546027+00:00;2025-06;4752100;Comércio Varejista Especializado de Equipamentos de Telefonia e Comunicação;12;5;7
4109401;Guarapuava;PR;Novo CAGED;2026-10-06T16:53:23.546027+00:00;2025-06;4772500;Comércio Varejista de Cosméticos, Produtos de Perfumaria e de Higiene Pessoal;12;12;0
4109401;Guarapuava;PR;Novo CAGED;2026-10-06T16:53:23.546027+00:00;2025-06;4744099;Comércio Varejista de Materiais de Construção em Geral;12;14;-2
4109401;Guarapuava;PR;Novo CAGED;2026-10-06T16:53:23.546027+00:00;2025-06;4754701;Comércio Varejista de Móveis;12;14;-2
4109401;Guarapuava;PR;Novo CAGED;2026-10-06T16:53:23.546027+00:00;2025-06;4222701;Construção de Redes de Abastecimento de água, Coleta de Esgoto e Construções Correlatas, Exceto Obras de Irrigação;12;10;2
4109401;Guarapuava;PR;Novo CAGED;2026-10-06T16:53:23.546027+00:00;2025-06;2399199;Fabricação de Outros Produtos de Minerais Não-Metálicos não Especificados Anteriormente;12;21;-9
4109401;Guarapuava;PR;Novo CAGED;2026-10-06T16:53:23.546027+00:00;2025-06;5510801;Hotéis;12;32;-20
4109401;Guarapuava;PR;Novo CAGED;2026-10-06T16:53:23.546027+00:00;2025-06;4671100;Comércio Atacadista de Madeira e Produtos Derivados;11;12;-1
4109401;Guarapuava;PR;Novo CAGED;2026-10-06T16:53:23.546027+00:00;2025-06;4722901;Comércio Varejista de Carnes - Açougues;11;13;-2
4109401;Guarapuava;PR;Novo CAGED;2026-10-06T16:53:23.546027+00:00;2025-06;8219999;Preparação de Documentos e Serviços Especializados de Apoio Administrativo não Especificados Anteriormente;11;6;5
4109401;Guarapuava;PR;Novo CAGED;2026-10-06T16:53:23.546027+00:00;2025-06;7732201;Aluguel de Máquinas e Equipamentos para Construção sem Operador, Exceto Andaimes;10;6;4
4109401;Guarapuava;PR;Novo CAGED;2026-10-06T16:53:23.546027+00:00;2025-06;8630504;Atividade Odontológica com Recursos para Realização de Procedimentos Cirúrgicos;10;10;0
4109401;Guarapuava;PR;Novo CAGED;2026-10-06T16:53:23.546027+00:00;2025-06;1721400;Fabricação de Papel;10;12;-2
4109401;Guarapuava;PR;Novo CAGED;2026-10-06T16:53:23.546027+00:00;2025-06;4213800;Obras de Urbanização - Ruas, Praças e Calçadas;10;5;5
4109401;Guarapuava;PR;Novo CAGED;2026-10-06T16:53:23.546027+00:00;2025-06;4639701;Comércio Atacadista de Produtos Alimentícios em Geral;9;5;4
4109401;Guarapuava;PR;Novo CAGED;2026-10-06T16:53:23.546027+00:00;2025-06;4712100;Comércio Varejista de Mercadorias em Geral, com Predominância de Produtos Alimentícios - Minimercados, Mercearias e Armazéns;9;17;-8
4109401;Guarapuava;PR;Novo CAGED;2026-10-06T16:53:23.546027+00:00;2025-06;4530701;Comércio por Atacado de Peças e Acessórios Novos para Veículos Automotores;9;5;4
4109401;Guarapuava;PR;Novo CAGED;2026-10-06T16:53:23.546027+00:00;2025-06;0119904;Cultivo de Cebola;9;6;3
4109401;Guarapuava;PR;Novo CAGED;2026-10-06T16:53:23.546027+00:00;2025-06;8220200;Atividades de Teleatendimento;8;5;3
4109401;Guarapuava;PR;Novo CAGED;2026-10-06T16:53:23.546027+00:00;2025-06;4632001;Comércio Atacadista de Cereais e Leguminosas Beneficiados;8;22;-14
4109401;Guarapuava;PR;Novo CAGED;2026-10-06T16:53:23.546027+00:00;2025-06;4693100;Comércio Atacadista de Mercadorias em Geral, sem Predominância de Alimentos ou de Insumos Agropecuários;8;22;-14
4109401;Guarapuava;PR;Novo CAGED;2026-10-06T16:53:23.546027+00:00;2025-06;4729699;Comércio Varejista de Produtos Alimentícios em Geral ou Especializado em Produtos Alimentícios não Especificados Anteriormente;8;5;3
4109401;Guarapuava;PR;Novo CAGED;2026-10-06T16:53:23.546027+00:00;2025-06;1610203;Serrarias com Desdobramento de Madeira em Bruto;8;74;-66
4109401;Guarapuava;PR;Novo CAGED;2026-10-06T16:53:23.546027+00:00;2025-06;1610205;Serviço de Tratamento de Madeira Realizado Sob Contrato;8;8;0
4109401;Guarapuava;PR;Novo CAGED;2026-10-06T16:53:23.546027+00:00;2025-06;7112000;Serviços de Engenharia;8;15;-7
4109401;Guarapuava;PR;Novo CAGED;2026-10-06T16:53:23.546027+00:00;2025-06;4637199;Comércio Atacadista Especializado em Outros Produtos Alimentícios não Especificados Anteriormente;7;12;-5
4109401;Guarapuava;PR;Novo CAGED;2026-10-06T16:53:23.546027+00:00;2025-06;4744005;Comércio Varejista de Materiais de Construção não Especificados Anteriormente;7;12;-5
4109401;Guarapuava;PR;Novo CAGED;2026-10-06T16:53:23.546027+00:00;2025-06;0210107;Extração de Madeira em Florestas Plantadas;7;10;-3
4109401;Guarapuava;PR;Novo CAGED;2026-10-06T16:53:23.546027+00:00;2025-06;3101200;Fabricação de Móveis com Predominância de Madeira;7;11;-4
4109401;Guarapuava;PR;Novo CAGED;2026-10-06T16:53:23.546027+00:00;2025-06;4713004;Lojas de Departamentos ou Magazines, Exceto Lojas Francas (Duty Free);7;5;2
4109401;Guarapuava;PR;Novo CAGED;2026-10-06T16:53:23.546027+00:00;2025-06;1062700;Moagem de Trigo e Fabricação de Derivados;7;7;0
4109401;Guarapuava;PR;Novo CAGED;2026-10-06T16:53:23.546027+00:00;2025-06;2539001;Serviços de Usinagem, Tornearia e Solda;7;6;1
4109401;Guarapuava;PR;Novo CAGED;2026-10-06T16:53:23.546027+00:00;2025-06;0161099;Atividades de Apoio à Agricultura não Especificadas Anteriormente;6;5;1
4109401;Guarapuava;PR;Novo CAGED;2026-10-06T16:53:23.546027+00:00;2025-06;9602502;Atividades de Estética e Outros Serviços de Cuidados com a Beleza;6;6;0
4109401;Guarapuava;PR;Novo CAGED;2026-10-06T16:53:23.546027+00:00;2025-06;8020001;Atividades de Monitoramento de Sistemas de Segurança Eletronico;6;13;-7
4109401;Guarapuava;PR;Novo CAGED;2026-10-06T16:53:23.546027+00:00;2025-06;4633801;Comércio Atacadista de Frutas, Verduras, Raízes, Tubérculos, Hortaliças e Legumes Frescos;6;5;1
4109401;Guarapuava;PR;Novo CAGED;2026-10-06T16:53:23.546027+00:00;2025-06;4753900;Comércio Varejista Especializado de Eletrodomésticos e Equipamentos de áudio e Vídeo;6;11;-5
4109401;Guarapuava;PR;Novo CAGED;2026-10-06T16:53:23.546027+00:00;2025-06;4774100;Comércio Varejista de Artigos de óptica;6;8;-2
4109401;Guarapuava;PR;Novo CAGED;2026-10-06T16:53:23.546027+00:00;2025-06;4789099;Comércio Varejista de Outros Produtos não Especificados Anteriormente;6;6;0
4109401;Guarapuava;PR;Novo CAGED;2026-10-06T16:53:23.546027+00:00;2025-06;4789001;Comércio Varejista de Suvenires, Bijuterias e Artesanatos;6;0;6
4109401;Guarapuava;PR;Novo CAGED;2026-10-06T16:53:23.546027+00:00;2025-06;0111302;Cultivo de Milho;6;6;0
4109401;Guarapuava;PR;Novo CAGED;2026-10-06T16:53:23.546027+00:00;2025-06;2869100;Fabricação de Máquinas e Equipamentos para Uso Industrial Específico não Especificados Anteriormente, Peças e Acessórios;6;0;6
4109401;Guarapuava;PR;Novo CAGED;2026-10-06T16:53:23.546027+00:00;2025-06;8299799;Outras Atividades de Serviços Prestados Principalmente às Empresas não Especificadas Anteriormente;6;11;-5
4109401;Guarapuava;PR;Novo CAGED;2026-10-06T16:53:23.546027+00:00;2025-06;0155505;Produção de Ovos;6;7;-1
4109401;Guarapuava;PR;Novo CAGED;2026-10-06T16:53:23.546027+00:00;2025-06;7319002;Promoção de Vendas;6;20;-14
4109401;Guarapuava;PR;Novo CAGED;2026-10-06T16:53:23.546027+00:00;2025-06;4930201;Transporte Rodoviário de Carga, Exceto Produtos Perigosos e Mudanças, Municipal;6;12;-6
4109401;Guarapuava;PR;Novo CAGED;2026-10-06T16:53:23.546027+00:00;2025-06;8130300;Atividades Paisagísticas;5;0;5
4109401;Guarapuava;PR;Novo CAGED;2026-10-06T16:53:23.546027+00:00;2025-06;8291100;Atividades de Cobrança e Informações Cadastrais;5;8;-3
4109401;Guarapuava;PR;Novo CAGED;2026-10-06T16:53:23.546027+00:00;2025-06;4635403;Comércio Atacadista de Bebidas com Atividade de Fracionamento e Acondicionamento Associada;5;5;0
4109401;Guarapuava;PR;Novo CAGED;2026-10-06T16:53:23.546027+00:00;2025-06;4782201;Comércio Varejista de Calçados;5;7;-2
4109401;Guarapuava;PR;Novo CAGED;2026-10-06T16:53:23.546027+00:00;2025-06;4212000;Construção de Obras-De-Arte Especiais;5;0;5
4109401;Guarapuava;PR;Novo CAGED;2026-10-06T16:53:23.546027+00:00;2025-06;2029100;Fabricação de Produtos Químicos Orgânicos não Especificados Anteriormente;5;7;-2
4109401;Guarapuava;PR;Novo CAGED;2026-10-06T16:53:23.546027+00:00;2025-06;2311700;Fabricação de Vidro Plano e de Segurança;5;6;-1
4109401;Guarapuava;PR;Novo CAGED;2026-10-06T16:53:23.546027+00:00;2025-06;5510803;Motéis;5;5;0
4109401;Guarapuava;PR;Novo CAGED;2026-10-06T16:53:23.546027+00:00;2025-06;4724500;Comércio Varejista de Hortifrutigranjeiros;0;46;-46
4109401;Guarapuava;PR;Novo CAGED;2026-10-06T16:53:23.546027+00:00;2025-06;1066000;Fabricação de Alimentos para Animais;0;6;-6
4109401;Guarapuava;PR;Novo CAGED;2026-10-06T16:53:23.546027+00:00;2025-06;7810800;Seleção e Agenciamento de Mão-De-Obra;0;6;-6
4109401;Guarapuava;PR;Novo CAGED;2026-10-06T16:53:23.546027+00:00;2025-07;other;Outras categorias (agregadas);518;546;-28
4109401;Guarapuava;PR;Novo CAGED;2026-10-06T16:53:23.546027+00:00;2025-07;4211101;Construção de Rodovias e Ferrovias;138;39;99
4109401;Guarapuava;PR;Novo CAGED;2026-10-06T16:53:23.546027+00:00;2025-07;4711302;Comércio Varejista de Mercadorias em Geral, com Predominância de Produtos Alimentícios - Supermercados;134;159;-25
4109401;Guarapuava;PR;Novo CAGED;2026-10-06T16:53:23.546027+00:00;2025-07;2222600;Fabricação de Embalagens de Material Plástico;112;125;-13
4109401;Guarapuava;PR;Novo CAGED;2026-10-06T16:53:23.546027+00:00;2025-07;4120400;Construção de Edifícios;101;75;26
4109401;Guarapuava;PR;Novo CAGED;2026-10-06T16:53:23.546027+00:00;2025-07;5611203;Lanchonetes, Casas de Chá, de Sucos e Similares;81;61;20
4109401;Guarapuava;PR;Novo CAGED;2026-10-06T16:53:23.546027+00:00;2025-07;4930202;Transporte Rodoviário de Carga, Exceto Produtos Perigosos e Mudanças, Intermunicipal, Interestadual e Internacional;80;68;12
4109401;Guarapuava;PR;Novo CAGED;2026-10-06T16:53:23.546027+00:00;2025-07;5611201;Restaurantes e Similares;79;84;-5
4109401;Guarapuava;PR;Novo CAGED;2026-10-06T16:53:23.546027+00:00;2025-07;8211300;Serviços Combinados de Escritório e Apoio Administrativo;52;41;11
4109401;Guarapuava;PR;Novo CAGED;2026-10-06T16:53:23.546027+00:00;2025-07;1621800;Fabricação de Madeira Laminada e de Chapas de Madeira Compensada, Prensada e Aglomerada;50;66;-16
4109401;Guarapuava;PR;Novo CAGED;2026-10-06T16:53:23.546027+00:00;2025-07;1323500;Tecelagem de Fios de Fibras Artificiais e Sintéticas;50;41;9
4109401;Guarapuava;PR;Novo CAGED;2026-10-06T16:53:23.546027+00:00;2025-07;8610101;Atividades de Atendimento Hospitalar, Exceto Pronto-Socorro e Unidades para Atendimento a Urgências;46;37;9
4109401;Guarapuava;PR;Novo CAGED;2026-10-06T16:53:23.546027+00:00;2025-07;8532500;Educação Superior - Graduação e Pós-Graduação;43;29;14
4109401;Guarapuava;PR;Novo CAGED;2026-10-06T16:53:23.546027+00:00;2025-07;4781400;Comércio Varejista de Artigos do Vestuário e Acessórios;35;50;-15
4109401;Guarapuava;PR;Novo CAGED;2026-10-06T16:53:23.546027+00:00;2025-07;4721102;Padaria e Confeitaria com Predominância de Revenda;34;38;-4
4109401;Guarapuava;PR;Novo CAGED;2026-10-06T16:53:23.546027+00:00;2025-07;4711301;Comércio Varejista de Mercadorias em Geral, com Predominância de Produtos Alimentícios - Hipermercados;33;32;1
4109401;Guarapuava;PR;Novo CAGED;2026-10-06T16:53:23.546027+00:00;2025-07;4731800;Comércio Varejista de Combustíveis para Veículos Automotores;25;32;-7
4109401;Guarapuava;PR;Novo CAGED;2026-10-06T16:53:23.546027+00:00;2025-07;4729699;Comércio Varejista de Produtos Alimentícios em Geral ou Especializado em Produtos Alimentícios não Especificados Anteriormente;23;6;17
4109401;Guarapuava;PR;Novo CAGED;2026-10-06T16:53:23.546027+00:00;2025-07;4321500;Instalação e Manutenção Elétrica;23;17;6
4109401;Guarapuava;PR;Novo CAGED;2026-10-06T16:53:23.546027+00:00;2025-07;7732201;Aluguel de Máquinas e Equipamentos para Construção sem Operador, Exceto Andaimes;22;15;7
4109401;Guarapuava;PR;Novo CAGED;2026-10-06T16:53:23.546027+00:00;2025-07;1092900;Fabricação de Biscoitos e Bolachas;21;16;5
4109401;Guarapuava;PR;Novo CAGED;2026-10-06T16:53:23.546027+00:00;2025-07;5510801;Hotéis;21;25;-4
4109401;Guarapuava;PR;Novo CAGED;2026-10-06T16:53:23.546027+00:00;2025-07;0115600;Cultivo de Soja;18;33;-15
4109401;Guarapuava;PR;Novo CAGED;2026-10-06T16:53:23.546027+00:00;2025-07;6920601;Atividades de Contabilidade;16;7;9
4109401;Guarapuava;PR;Novo CAGED;2026-10-06T16:53:23.546027+00:00;2025-07;4213800;Obras de Urbanização - Ruas, Praças e Calçadas;16;9;7
4109401;Guarapuava;PR;Novo CAGED;2026-10-06T16:53:23.546027+00:00;2025-07;4530703;Comércio a Varejo de Peças e Acessórios Novos para Veículos Automotores;15;15;0
4109401;Guarapuava;PR;Novo CAGED;2026-10-06T16:53:23.546027+00:00;2025-07;8121400;Limpeza em Prédios e em Domicílios;15;8;7
4109401;Guarapuava;PR;Novo CAGED;2026-10-06T16:53:23.546027+00:00;2025-07;1610203;Serrarias com Desdobramento de Madeira em Bruto;15;28;-13
4109401;Guarapuava;PR;Novo CAGED;2026-10-06T16:53:23.546027+00:00;2025-07;4712100;Comércio Varejista de Mercadorias em Geral, com Predominância de Produtos Alimentícios - Minimercados, Mercearias e Armazéns;13;9;4
4109401;Guarapuava;PR;Novo CAGED;2026-10-06T16:53:23.546027+00:00;2025-07;4754701;Comércio Varejista de Móveis;13;20;-7
4109401;Guarapuava;PR;Novo CAGED;2026-10-06T16:53:23.546027+00:00;2025-07;4771701;Comércio Varejista de Produtos Farmacêuticos, sem Manipulação de Fórmulas;13;20;-7
4109401;Guarapuava;PR;Novo CAGED;2026-10-06T16:53:23.546027+00:00;2025-07;8112500;Condomínios Prediais;13;9;4
4109401;Guarapuava;PR;Novo CAGED;2026-10-06T16:53:23.546027+00:00;2025-07;8129000;Atividades de Limpeza não Especificadas Anteriormente;12;5;7
4109401;Guarapuava;PR;Novo CAGED;2026-10-06T16:53:23.546027+00:00;2025-07;8020001;Atividades de Monitoramento de Sistemas de Segurança Eletronico;12;15;-3
4109401;Guarapuava;PR;Novo CAGED;2026-10-06T16:53:23.546027+00:00;2025-07;4634601;Comércio Atacadista de Carnes Bovinas e Suínas e Derivados;12;25;-13
4109401;Guarapuava;PR;Novo CAGED;2026-10-06T16:53:23.546027+00:00;2025-07;4511101;Comércio a Varejo de Automóveis, Camionetas e Utilitários Novos;12;10;2
4109401;Guarapuava;PR;Novo CAGED;2026-10-06T16:53:23.546027+00:00;2025-07;2399199;Fabricação de Outros Produtos de Minerais Não-Metálicos não Especificados Anteriormente;12;15;-3
4109401;Guarapuava;PR;Novo CAGED;2026-10-06T16:53:23.546027+00:00;2025-07;5620104;Fornecimento de Alimentos Preparados Preponderantemente para Consumo Domiciliar;12;8;4
4109401;Guarapuava;PR;Novo CAGED;2026-10-06T16:53:23.546027+00:00;2025-07;8299799;Outras Atividades de Serviços Prestados Principalmente às Empresas não Especificadas Anteriormente;12;7;5
4109401;Guarapuava;PR;Novo CAGED;2026-10-06T16:53:23.546027+00:00;2025-07;4782201;Comércio Varejista de Calçados;11;12;-1
4109401;Guarapuava;PR;Novo CAGED;2026-10-06T16:53:23.546027+00:00;2025-07;4772500;Comércio Varejista de Cosméticos, Produtos de Perfumaria e de Higiene Pessoal;11;6;5
4109401;Guarapuava;PR;Novo CAGED;2026-10-06T16:53:23.546027+00:00;2025-07;8513900;Ensino Fundamental;11;16;-5
4109401;Guarapuava;PR;Novo CAGED;2026-10-06T16:53:23.546027+00:00;2025-07;1091102;Fabricação de Produtos de Padaria e Confeitaria com Predominância de Produção Própria;11;6;5
4109401;Guarapuava;PR;Novo CAGED;2026-10-06T16:53:23.546027+00:00;2025-07;4399103;Obras de Alvenaria;11;13;-2
4109401;Guarapuava;PR;Novo CAGED;2026-10-06T16:53:23.546027+00:00;2025-07;9430800;Atividades de Associações de Defesa de Direitos Sociais;10;19;-9
4109401;Guarapuava;PR;Novo CAGED;2026-10-06T16:53:23.546027+00:00;2025-07;4722901;Comércio Varejista de Carnes - Açougues;10;11;-1
4109401;Guarapuava;PR;Novo CAGED;2026-10-06T16:53:23.546027+00:00;2025-07;4744099;Comércio Varejista de Materiais de Construção em Geral;10;11;-1
4109401;Guarapuava;PR;Novo CAGED;2026-10-06T16:53:23.546027+00:00;2025-07;0111399;Cultivo de Outros Cereais não Especificados Anteriormente;10;35;-25
4109401;Guarapuava;PR;Novo CAGED;2026-10-06T16:53:23.546027+00:00;2025-07;9313100;Atividades de Condicionamento Físico;9;8;1
4109401;Guarapuava;PR;Novo CAGED;2026-10-06T16:53:23.546027+00:00;2025-07;8011101;Atividades de Vigilância e Segurança Privada;9;6;3
4109401;Guarapuava;PR;Novo CAGED;2026-10-06T16:53:23.546027+00:00;2025-07;4639701;Comércio Atacadista de Produtos Alimentícios em Geral;9;11;-2
4109401;Guarapuava;PR;Novo CAGED;2026-10-06T16:53:23.546027+00:00;2025-07;4753900;Comércio Varejista Especializado de Eletrodomésticos e Equipamentos de áudio e Vídeo;9;8;1
4109401;Guarapuava;PR;Novo CAGED;2026-10-06T16:53:23.546027+00:00;2025-07;1052000;Fabricação de Laticínios;9;8;1
4109401;Guarapuava;PR;Novo CAGED;2026-10-06T16:53:23.546027+00:00;2025-07;1721400;Fabricação de Papel;9;9;0
4109401;Guarapuava;PR;Novo CAGED;2026-10-06T16:53:23.546027+00:00;2025-07;6462000;Holdings de Instituições Não-Financeiras;9;8;1
4109401;Guarapuava;PR;Novo CAGED;2026-10-06T16:53:23.546027+00:00;2025-07;0161099;Atividades de Apoio à Agricultura não Especificadas Anteriormente;8;13;-5
4109401;Guarapuava;PR;Novo CAGED;2026-10-06T16:53:23.546027+00:00;2025-07;4635403;Comércio Atacadista de Bebidas com Atividade de Fracionamento e Acondicionamento Associada;8;5;3
4109401;Guarapuava;PR;Novo CAGED;2026-10-06T16:53:23.546027+00:00;2025-07;4661300;Comércio Atacadista de Máquinas, Aparelhos e Equipamentos para Uso Agropecuário, Partes e Peças;8;14;-6
4109401;Guarapuava;PR;Novo CAGED;2026-10-06T16:53:23.546027+00:00;2025-07;4774100;Comércio Varejista de Artigos de óptica;8;7;1
4109401;Guarapuava;PR;Novo CAGED;2026-10-06T16:53:23.546027+00:00;2025-07;4222701;Construção de Redes de Abastecimento de água, Coleta de Esgoto e Construções Correlatas, Exceto Obras de Irrigação;8;13;-5
4109401;Guarapuava;PR;Novo CAGED;2026-10-06T16:53:23.546027+00:00;2025-07;3101200;Fabricação de Móveis com Predominância de Madeira;8;6;2
4109401;Guarapuava;PR;Novo CAGED;2026-10-06T16:53:23.546027+00:00;2025-07;8630504;Atividade Odontológica com Recursos para Realização de Procedimentos Cirúrgicos;7;11;-4
4109401;Guarapuava;PR;Novo CAGED;2026-10-06T16:53:23.546027+00:00;2025-07;8220200;Atividades de Teleatendimento;7;6;1
4109401;Guarapuava;PR;Novo CAGED;2026-10-06T16:53:23.546027+00:00;2025-07;4632001;Comércio Atacadista de Cereais e Leguminosas Beneficiados;7;8;-1
4109401;Guarapuava;PR;Novo CAGED;2026-10-06T16:53:23.546027+00:00;2025-07;4741500;Comércio Varejista de Tintas e Materiais para Pintura;7;0;7
4109401;Guarapuava;PR;Novo CAGED;2026-10-06T16:53:23.546027+00:00;2025-07;7319002;Promoção de Vendas;7;17;-10
4109401;Guarapuava;PR;Novo CAGED;2026-10-06T16:53:23.546027+00:00;2025-07;7112000;Serviços de Engenharia;7;6;1
4109401;Guarapuava;PR;Novo CAGED;2026-10-06T16:53:23.546027+00:00;2025-07;4921301;Transporte Rodoviário Coletivo de Passageiros, com Itinerário Fixo, Municipal;7;10;-3
4109401;Guarapuava;PR;Novo CAGED;2026-10-06T16:53:23.546027+00:00;2025-07;4930201;Transporte Rodoviário de Carga, Exceto Produtos Perigosos e Mudanças, Municipal;7;14;-7
4109401;Guarapuava;PR;Novo CAGED;2026-10-06T16:53:23.546027+00:00;2025-07;4637199;Comércio Atacadista Especializado em Outros Produtos Alimentícios não Especificados Anteriormente;6;11;-5
4109401;Guarapuava;PR;Novo CAGED;2026-10-06T16:53:23.546027+00:00;2025-07;4693100;Comércio Atacadista de Mercadorias em Geral, sem Predominância de Alimentos ou de Insumos Agropecuários;6;32;-26
4109401;Guarapuava;PR;Novo CAGED;2026-10-06T16:53:23.546027+00:00;2025-07;4751201;Comércio Varejista Especializado de Equipamentos e Suprimentos de Informática;6;5;1
4109401;Guarapuava;PR;Novo CAGED;2026-10-06T16:53:23.546027+00:00;2025-07;4763602;Comércio Varejista de Artigos Esportivos;6;5;1
4109401;Guarapuava;PR;Novo CAGED;2026-10-06T16:53:23.546027+00:00;2025-07;4744001;Comércio Varejista de Ferragens e Ferramentas;6;9;-3
4109401;Guarapuava;PR;Novo CAGED;2026-10-06T16:53:23.546027+00:00;2025-07;2029100;Fabricação de Produtos Químicos Orgânicos não Especificados Anteriormente;6;8;-2
4109401;Guarapuava;PR;Novo CAGED;2026-10-06T16:53:23.546027+00:00;2025-07;4520001;Serviços de Manutenção e Reparação Mecânica de Veículos Automotores;6;13;-7
4109401;Guarapuava;PR;Novo CAGED;2026-10-06T16:53:23.546027+00:00;2025-07;9602502;Atividades de Estética e Outros Serviços de Cuidados com a Beleza;5;7;-2
4109401;Guarapuava;PR;Novo CAGED;2026-10-06T16:53:23.546027+00:00;2025-07;4683400;Comércio Atacadista de Defensivos Agrícolas, Adubos, Fertilizantes e Corretivos do Solo;5;12;-7
4109401;Guarapuava;PR;Novo CAGED;2026-10-06T16:53:23.546027+00:00;2025-07;4671100;Comércio Atacadista de Madeira e Produtos Derivados;5;19;-14
4109401;Guarapuava;PR;Novo CAGED;2026-10-06T16:53:23.546027+00:00;2025-07;4744005;Comércio Varejista de Materiais de Construção não Especificados Anteriormente;5;6;-1
4109401;Guarapuava;PR;Novo CAGED;2026-10-06T16:53:23.546027+00:00;2025-07;0119903;Cultivo de Batata-Inglesa;5;11;-6
4109401;Guarapuava;PR;Novo CAGED;2026-10-06T16:53:23.546027+00:00;2025-07;8512100;Educação Infantil - Pré-Escola;5;12;-7
4109401;Guarapuava;PR;Novo CAGED;2026-10-06T16:53:23.546027+00:00;2025-07;2511000;Fabricação de Estruturas Metálicas;5;11;-6
4109401;Guarapuava;PR;Novo CAGED;2026-10-06T16:53:23.546027+00:00;2025-07;2311700;Fabricação de Vidro Plano e de Segurança;5;8;-3
4109401;Guarapuava;PR;Novo CAGED;2026-10-06T16:53:23.546027+00:00;2025-07;2212900;Reforma de Pneumáticos Usados;5;6;-1
4109401;Guarapuava;PR;Novo CAGED;2026-10-06T16:53:23.546027+00:00;2025-07;5320202;Serviços de Entrega Rápida;5;6;-1
4109401;Guarapuava;PR;Novo CAGED;2026-10-06T16:53:23.546027+00:00;2025-07;2539001;Serviços de Usinagem, Tornearia e Solda;5;7;-2
4109401;Guarapuava;PR;Novo CAGED;2026-10-06T16:53:23.546027+00:00;2025-07;7739099;Aluguel de Outras Máquinas e Equipamentos Comerciais e Industriais não Especificados Anteriormente, sem Operador;0;5;-5
4109401;Guarapuava;PR;Novo CAGED;2026-10-06T16:53:23.546027+00:00;2025-07;8130300;Atividades Paisagísticas;0;5;-5
4109401;Guarapuava;PR;Novo CAGED;2026-10-06T16:53:23.546027+00:00;2025-07;0163600;Atividades de Pós-Colheita;0;33;-33
4109401;Guarapuava;PR;Novo CAGED;2026-10-06T16:53:23.546027+00:00;2025-07;8599604;Treinamento em Desenvolvimento Profissional e Gerencial;0;10;-10
4109401;Guarapuava;PR;Novo CAGED;2026-10-06T16:53:23.546027+00:00;2025-08;other;Outras categorias (agregadas);613;581;32
4109401;Guarapuava;PR;Novo CAGED;2026-10-06T16:53:23.546027+00:00;2025-08;4711302;Comércio Varejista de Mercadorias em Geral, com Predominância de Produtos Alimentícios - Supermercados;138;164;-26
4109401;Guarapuava;PR;Novo CAGED;2026-10-06T16:53:23.546027+00:00;2025-08;4211101;Construção de Rodovias e Ferrovias;111;35;76
4109401;Guarapuava;PR;Novo CAGED;2026-10-06T16:53:23.546027+00:00;2025-08;2222600;Fabricação de Embalagens de Material Plástico;103;111;-8
4109401;Guarapuava;PR;Novo CAGED;2026-10-06T16:53:23.546027+00:00;2025-08;4120400;Construção de Edifícios;92;71;21
4109401;Guarapuava;PR;Novo CAGED;2026-10-06T16:53:23.546027+00:00;2025-08;5611201;Restaurantes e Similares;77;80;-3
4109401;Guarapuava;PR;Novo CAGED;2026-10-06T16:53:23.546027+00:00;2025-08;5611203;Lanchonetes, Casas de Chá, de Sucos e Similares;72;66;6
4109401;Guarapuava;PR;Novo CAGED;2026-10-06T16:53:23.546027+00:00;2025-08;4930202;Transporte Rodoviário de Carga, Exceto Produtos Perigosos e Mudanças, Intermunicipal, Interestadual e Internacional;59;70;-11
4109401;Guarapuava;PR;Novo CAGED;2026-10-06T16:53:23.546027+00:00;2025-08;8211300;Serviços Combinados de Escritório e Apoio Administrativo;58;37;21
4109401;Guarapuava;PR;Novo CAGED;2026-10-06T16:53:23.546027+00:00;2025-08;1323500;Tecelagem de Fios de Fibras Artificiais e Sintéticas;53;40;13
4109401;Guarapuava;PR;Novo CAGED;2026-10-06T16:53:23.546027+00:00;2025-08;4781400;Comércio Varejista de Artigos do Vestuário e Acessórios;48;47;1
4109401;Guarapuava;PR;Novo CAGED;2026-10-06T16:53:23.546027+00:00;2025-08;4721102;Padaria e Confeitaria com Predominância de Revenda;37;19;18
4109401;Guarapuava;PR;Novo CAGED;2026-10-06T16:53:23.546027+00:00;2025-08;0119903;Cultivo de Batata-Inglesa;34;6;28
4109401;Guarapuava;PR;Novo CAGED;2026-10-06T16:53:23.546027+00:00;2025-08;4711301;Comércio Varejista de Mercadorias em Geral, com Predominância de Produtos Alimentícios - Hipermercados;32;50;-18
4109401;Guarapuava;PR;Novo CAGED;2026-10-06T16:53:23.546027+00:00;2025-08;4731800;Comércio Varejista de Combustíveis para Veículos Automotores;31;27;4
4109401;Guarapuava;PR;Novo CAGED;2026-10-06T16:53:23.546027+00:00;2025-08;8513900;Ensino Fundamental;28;13;15
4109401;Guarapuava;PR;Novo CAGED;2026-10-06T16:53:23.546027+00:00;2025-08;4754701;Comércio Varejista de Móveis;26;15;11
4109401;Guarapuava;PR;Novo CAGED;2026-10-06T16:53:23.546027+00:00;2025-08;9609299;Outras Atividades de Serviços Pessoais não Especificadas Anteriormente;24;0;24
4109401;Guarapuava;PR;Novo CAGED;2026-10-06T16:53:23.546027+00:00;2025-08;4729699;Comércio Varejista de Produtos Alimentícios em Geral ou Especializado em Produtos Alimentícios não Especificados Anteriormente;22;15;7
4109401;Guarapuava;PR;Novo CAGED;2026-10-06T16:53:23.546027+00:00;2025-08;4771701;Comércio Varejista de Produtos Farmacêuticos, sem Manipulação de Fórmulas;22;14;8
4109401;Guarapuava;PR;Novo CAGED;2026-10-06T16:53:23.546027+00:00;2025-08;1621800;Fabricação de Madeira Laminada e de Chapas de Madeira Compensada, Prensada e Aglomerada;22;78;-56
4109401;Guarapuava;PR;Novo CAGED;2026-10-06T16:53:23.546027+00:00;2025-08;4321500;Instalação e Manutenção Elétrica;21;15;6
4109401;Guarapuava;PR;Novo CAGED;2026-10-06T16:53:23.546027+00:00;2025-08;5510801;Hotéis;20;11;9
4109401;Guarapuava;PR;Novo CAGED;2026-10-06T16:53:23.546027+00:00;2025-08;4634601;Comércio Atacadista de Carnes Bovinas e Suínas e Derivados;19;19;0
4109401;Guarapuava;PR;Novo CAGED;2026-10-06T16:53:23.546027+00:00;2025-08;9313100;Atividades de Condicionamento Físico;18;9;9
4109401;Guarapuava;PR;Novo CAGED;2026-10-06T16:53:23.546027+00:00;2025-08;4661300;Comércio Atacadista de Máquinas, Aparelhos e Equipamentos para Uso Agropecuário, Partes e Peças;18;15;3
4109401;Guarapuava;PR;Novo CAGED;2026-10-06T16:53:23.546027+00:00;2025-08;7112000;Serviços de Engenharia;18;6;12
4109401;Guarapuava;PR;Novo CAGED;2026-10-06T16:53:23.546027+00:00;2025-08;4530703;Comércio a Varejo de Peças e Acessórios Novos para Veículos Automotores;17;19;-2
4109401;Guarapuava;PR;Novo CAGED;2026-10-06T16:53:23.546027+00:00;2025-08;0115600;Cultivo de Soja;17;21;-4
4109401;Guarapuava;PR;Novo CAGED;2026-10-06T16:53:23.546027+00:00;2025-08;4774100;Comércio Varejista de Artigos de óptica;15;9;6
4109401;Guarapuava;PR;Novo CAGED;2026-10-06T16:53:23.546027+00:00;2025-08;8532500;Educação Superior - Graduação e Pós-Graduação;15;20;-5
4109401;Guarapuava;PR;Novo CAGED;2026-10-06T16:53:23.546027+00:00;2025-08;1062700;Moagem de Trigo e Fabricação de Derivados;15;5;10
4109401;Guarapuava;PR;Novo CAGED;2026-10-06T16:53:23.546027+00:00;2025-08;7732201;Aluguel de Máquinas e Equipamentos para Construção sem Operador, Exceto Andaimes;14;13;1
4109401;Guarapuava;PR;Novo CAGED;2026-10-06T16:53:23.546027+00:00;2025-08;9430800;Atividades de Associações de Defesa de Direitos Sociais;14;12;2
4109401;Guarapuava;PR;Novo CAGED;2026-10-06T16:53:23.546027+00:00;2025-08;4722901;Comércio Varejista de Carnes - Açougues;14;11;3
4109401;Guarapuava;PR;Novo CAGED;2026-10-06T16:53:23.546027+00:00;2025-08;0161099;Atividades de Apoio à Agricultura não Especificadas Anteriormente;13;9;4
4109401;Guarapuava;PR;Novo CAGED;2026-10-06T16:53:23.546027+00:00;2025-08;4782201;Comércio Varejista de Calçados;13;13;0
4109401;Guarapuava;PR;Novo CAGED;2026-10-06T16:53:23.546027+00:00;2025-08;8112500;Condomínios Prediais;13;16;-3
4109401;Guarapuava;PR;Novo CAGED;2026-10-06T16:53:23.546027+00:00;2025-08;6462000;Holdings de Instituições Não-Financeiras;13;19;-6
4109401;Guarapuava;PR;Novo CAGED;2026-10-06T16:53:23.546027+00:00;2025-08;8299799;Outras Atividades de Serviços Prestados Principalmente às Empresas não Especificadas Anteriormente;13;9;4
4109401;Guarapuava;PR;Novo CAGED;2026-10-06T16:53:23.546027+00:00;2025-08;8610101;Atividades de Atendimento Hospitalar, Exceto Pronto-Socorro e Unidades para Atendimento a Urgências;12;40;-28
4109401;Guarapuava;PR;Novo CAGED;2026-10-06T16:53:23.546027+00:00;2025-08;4753900;Comércio Varejista Especializado de Eletrodomésticos e Equipamentos de áudio e Vídeo;12;13;-1
4109401;Guarapuava;PR;Novo CAGED;2026-10-06T16:53:23.546027+00:00;2025-08;4772500;Comércio Varejista de Cosméticos, Produtos de Perfumaria e de Higiene Pessoal;12;11;1
4109401;Guarapuava;PR;Novo CAGED;2026-10-06T16:53:23.546027+00:00;2025-08;4511101;Comércio a Varejo de Automóveis, Camionetas e Utilitários Novos;12;13;-1
4109401;Guarapuava;PR;Novo CAGED;2026-10-06T16:53:23.546027+00:00;2025-08;1092900;Fabricação de Biscoitos e Bolachas;12;12;0
4109401;Guarapuava;PR;Novo CAGED;2026-10-06T16:53:23.546027+00:00;2025-08;8800600;Serviços de Assistência Social sem Alojamento;12;8;4
4109401;Guarapuava;PR;Novo CAGED;2026-10-06T16:53:23.546027+00:00;2025-08;4635403;Comércio Atacadista de Bebidas com Atividade de Fracionamento e Acondicionamento Associada;11;6;5
4109401;Guarapuava;PR;Novo CAGED;2026-10-06T16:53:23.546027+00:00;2025-08;4744099;Comércio Varejista de Materiais de Construção em Geral;11;13;-2
4109401;Guarapuava;PR;Novo CAGED;2026-10-06T16:53:23.546027+00:00;2025-08;4712100;Comércio Varejista de Mercadorias em Geral, com Predominância de Produtos Alimentícios - Minimercados, Mercearias e Armazéns;11;9;2
4109401;Guarapuava;PR;Novo CAGED;2026-10-06T16:53:23.546027+00:00;2025-08;4530701;Comércio por Atacado de Peças e Acessórios Novos para Veículos Automotores;11;10;1
4109401;Guarapuava;PR;Novo CAGED;2026-10-06T16:53:23.546027+00:00;2025-08;0210107;Extração de Madeira em Florestas Plantadas;11;7;4
4109401;Guarapuava;PR;Novo CAGED;2026-10-06T16:53:23.546027+00:00;2025-08;5620101;Fornecimento de Alimentos Preparados Preponderantemente para Empresas;11;14;-3
4109401;Guarapuava;PR;Novo CAGED;2026-10-06T16:53:23.546027+00:00;2025-08;1610203;Serrarias com Desdobramento de Madeira em Bruto;11;294;-283
4109401;Guarapuava;PR;Novo CAGED;2026-10-06T16:53:23.546027+00:00;2025-08;2539001;Serviços de Usinagem, Tornearia e Solda;11;5;6
4109401;Guarapuava;PR;Novo CAGED;2026-10-06T16:53:23.546027+00:00;2025-08;4639701;Comércio Atacadista de Produtos Alimentícios em Geral;10;5;5
4109401;Guarapuava;PR;Novo CAGED;2026-10-06T16:53:23.546027+00:00;2025-08;3101200;Fabricação de Móveis com Predominância de Madeira;10;9;1
4109401;Guarapuava;PR;Novo CAGED;2026-10-06T16:53:23.546027+00:00;2025-08;2399199;Fabricação de Outros Produtos de Minerais Não-Metálicos não Especificados Anteriormente;10;19;-9
4109401;Guarapuava;PR;Novo CAGED;2026-10-06T16:53:23.546027+00:00;2025-08;8121400;Limpeza em Prédios e em Domicílios;10;10;0
4109401;Guarapuava;PR;Novo CAGED;2026-10-06T16:53:23.546027+00:00;2025-08;2212900;Reforma de Pneumáticos Usados;10;6;4
4109401;Guarapuava;PR;Novo CAGED;2026-10-06T16:53:23.546027+00:00;2025-08;4921301;Transporte Rodoviário Coletivo de Passageiros, com Itinerário Fixo, Municipal;10;6;4
4109401;Guarapuava;PR;Novo CAGED;2026-10-06T16:53:23.546027+00:00;2025-08;4632001;Comércio Atacadista de Cereais e Leguminosas Beneficiados;9;8;1
4109401;Guarapuava;PR;Novo CAGED;2026-10-06T16:53:23.546027+00:00;2025-08;4633801;Comércio Atacadista de Frutas, Verduras, Raízes, Tubérculos, Hortaliças e Legumes Frescos;9;7;2
4109401;Guarapuava;PR;Novo CAGED;2026-10-06T16:53:23.546027+00:00;2025-08;1052000;Fabricação de Laticínios;9;6;3
4109401;Guarapuava;PR;Novo CAGED;2026-10-06T16:53:23.546027+00:00;2025-08;4520001;Serviços de Manutenção e Reparação Mecânica de Veículos Automotores;9;11;-2
4109401;Guarapuava;PR;Novo CAGED;2026-10-06T16:53:23.546027+00:00;2025-08;8230001;Serviços de Organização de Feiras, Congressos, Exposições e Festas;9;7;2
4109401;Guarapuava;PR;Novo CAGED;2026-10-06T16:53:23.546027+00:00;2025-08;8020001;Atividades de Monitoramento de Sistemas de Segurança Eletronico;8;11;-3
4109401;Guarapuava;PR;Novo CAGED;2026-10-06T16:53:23.546027+00:00;2025-08;8220200;Atividades de Teleatendimento;8;5;3
4109401;Guarapuava;PR;Novo CAGED;2026-10-06T16:53:23.546027+00:00;2025-08;4789099;Comércio Varejista de Outros Produtos não Especificados Anteriormente;8;6;2
4109401;Guarapuava;PR;Novo CAGED;2026-10-06T16:53:23.546027+00:00;2025-08;1721400;Fabricação de Papel;8;7;1
4109401;Guarapuava;PR;Novo CAGED;2026-10-06T16:53:23.546027+00:00;2025-08;4399103;Obras de Alvenaria;8;7;1
4109401;Guarapuava;PR;Novo CAGED;2026-10-06T16:53:23.546027+00:00;2025-08;8219999;Preparação de Documentos e Serviços Especializados de Apoio Administrativo não Especificados Anteriormente;8;8;0
4109401;Guarapuava;PR;Novo CAGED;2026-10-06T16:53:23.546027+00:00;2025-08;8291100;Atividades de Cobrança e Informações Cadastrais;7;8;-1
4109401;Guarapuava;PR;Novo CAGED;2026-10-06T16:53:23.546027+00:00;2025-08;6920601;Atividades de Contabilidade;7;17;-10
4109401;Guarapuava;PR;Novo CAGED;2026-10-06T16:53:23.546027+00:00;2025-08;4744005;Comércio Varejista de Materiais de Construção não Especificados Anteriormente;7;7;0
4109401;Guarapuava;PR;Novo CAGED;2026-10-06T16:53:23.546027+00:00;2025-08;7319002;Promoção de Vendas;7;16;-9
4109401;Guarapuava;PR;Novo CAGED;2026-10-06T16:53:23.546027+00:00;2025-08;4683400;Comércio Atacadista de Defensivos Agrícolas, Adubos, Fertilizantes e Corretivos do Solo;6;8;-2
4109401;Guarapuava;PR;Novo CAGED;2026-10-06T16:53:23.546027+00:00;2025-08;4511102;Comércio a Varejo de Automóveis, Camionetas e Utilitários Usados;6;5;1
4109401;Guarapuava;PR;Novo CAGED;2026-10-06T16:53:23.546027+00:00;2025-08;0111399;Cultivo de Outros Cereais não Especificados Anteriormente;6;7;-1
4109401;Guarapuava;PR;Novo CAGED;2026-10-06T16:53:23.546027+00:00;2025-08;4213800;Obras de Urbanização - Ruas, Praças e Calçadas;6;12;-6
4109401;Guarapuava;PR;Novo CAGED;2026-10-06T16:53:23.546027+00:00;2025-08;4930201;Transporte Rodoviário de Carga, Exceto Produtos Perigosos e Mudanças, Municipal;6;6;0
4109401;Guarapuava;PR;Novo CAGED;2026-10-06T16:53:23.546027+00:00;2025-08;8630503;Atividade Médica Ambulatorial Restrita a Consultas;5;11;-6
4109401;Guarapuava;PR;Novo CAGED;2026-10-06T16:53:23.546027+00:00;2025-08;4759899;Comércio Varejista de Outros Artigos de Uso Doméstico não Especificados Anteriormente;5;6;-1
4109401;Guarapuava;PR;Novo CAGED;2026-10-06T16:53:23.546027+00:00;2025-08;2869100;Fabricação de Máquinas e Equipamentos para Uso Industrial Específico não Especificados Anteriormente, Peças e Acessórios;5;0;5
4109401;Guarapuava;PR;Novo CAGED;2026-10-06T16:53:23.546027+00:00;2025-08;9329899;Outras Atividades de Recreação e Lazer não Especificadas Anteriormente;5;0;5
4109401;Guarapuava;PR;Novo CAGED;2026-10-06T16:53:23.546027+00:00;2025-08;0210108;Produção de Carvão Vegetal - Florestas Plantadas;5;0;5
4109401;Guarapuava;PR;Novo CAGED;2026-10-06T16:53:23.546027+00:00;2025-09;other;Outras categorias (agregadas);582;614;-32
4109401;Guarapuava;PR;Novo CAGED;2026-10-06T16:53:23.546027+00:00;2025-09;4711302;Comércio Varejista de Mercadorias em Geral, com Predominância de Produtos Alimentícios - Supermercados;136;147;-11
4109401;Guarapuava;PR;Novo CAGED;2026-10-06T16:53:23.546027+00:00;2025-09;4211101;Construção de Rodovias e Ferrovias;92;71;21
4109401;Guarapuava;PR;Novo CAGED;2026-10-06T16:53:23.546027+00:00;2025-09;4120400;Construção de Edifícios;85;92;-7
4109401;Guarapuava;PR;Novo CAGED;2026-10-06T16:53:23.546027+00:00;2025-09;5611201;Restaurantes e Similares;78;75;3
4109401;Guarapuava;PR;Novo CAGED;2026-10-06T16:53:23.546027+00:00;2025-09;5611203;Lanchonetes, Casas de Chá, de Sucos e Similares;67;73;-6
4109401;Guarapuava;PR;Novo CAGED;2026-10-06T16:53:23.546027+00:00;2025-09;8211300;Serviços Combinados de Escritório e Apoio Administrativo;67;48;19
4109401;Guarapuava;PR;Novo CAGED;2026-10-06T16:53:23.546027+00:00;2025-09;4930202;Transporte Rodoviário de Carga, Exceto Produtos Perigosos e Mudanças, Intermunicipal, Interestadual e Internacional;67;64;3
4109401;Guarapuava;PR;Novo CAGED;2026-10-06T16:53:23.546027+00:00;2025-09;2222600;Fabricação de Embalagens de Material Plástico;55;88;-33
4109401;Guarapuava;PR;Novo CAGED;2026-10-06T16:53:23.546027+00:00;2025-09;8610101;Atividades de Atendimento Hospitalar, Exceto Pronto-Socorro e Unidades para Atendimento a Urgências;54;42;12
4109401;Guarapuava;PR;Novo CAGED;2026-10-06T16:53:23.546027+00:00;2025-09;1323500;Tecelagem de Fios de Fibras Artificiais e Sintéticas;47;45;2
4109401;Guarapuava;PR;Novo CAGED;2026-10-06T16:53:23.546027+00:00;2025-09;4781400;Comércio Varejista de Artigos do Vestuário e Acessórios;40;38;2
4109401;Guarapuava;PR;Novo CAGED;2026-10-06T16:53:23.546027+00:00;2025-09;4711301;Comércio Varejista de Mercadorias em Geral, com Predominância de Produtos Alimentícios - Hipermercados;40;27;13
4109401;Guarapuava;PR;Novo CAGED;2026-10-06T16:53:23.546027+00:00;2025-09;4731800;Comércio Varejista de Combustíveis para Veículos Automotores;30;22;8
4109401;Guarapuava;PR;Novo CAGED;2026-10-06T16:53:23.546027+00:00;2025-09;4721102;Padaria e Confeitaria com Predominância de Revenda;25;29;-4
4109401;Guarapuava;PR;Novo CAGED;2026-10-06T16:53:23.546027+00:00;2025-09;4632001;Comércio Atacadista de Cereais e Leguminosas Beneficiados;23;10;13
4109401;Guarapuava;PR;Novo CAGED;2026-10-06T16:53:23.546027+00:00;2025-09;0115600;Cultivo de Soja;22;20;2
4109401;Guarapuava;PR;Novo CAGED;2026-10-06T16:53:23.546027+00:00;2025-09;8532500;Educação Superior - Graduação e Pós-Graduação;21;22;-1
4109401;Guarapuava;PR;Novo CAGED;2026-10-06T16:53:23.546027+00:00;2025-09;1092900;Fabricação de Biscoitos e Bolachas;18;25;-7
4109401;Guarapuava;PR;Novo CAGED;2026-10-06T16:53:23.546027+00:00;2025-09;1621800;Fabricação de Madeira Laminada e de Chapas de Madeira Compensada, Prensada e Aglomerada;18;50;-32
4109401;Guarapuava;PR;Novo CAGED;2026-10-06T16:53:23.546027+00:00;2025-09;9430800;Atividades de Associações de Defesa de Direitos Sociais;17;8;9
4109401;Guarapuava;PR;Novo CAGED;2026-10-06T16:53:23.546027+00:00;2025-09;8112500;Condomínios Prediais;17;16;1
4109401;Guarapuava;PR;Novo CAGED;2026-10-06T16:53:23.546027+00:00;2025-09;0230600;Atividades de Apoio à Produção Florestal;16;5;11
4109401;Guarapuava;PR;Novo CAGED;2026-10-06T16:53:23.546027+00:00;2025-09;6920601;Atividades de Contabilidade;16;7;9
4109401;Guarapuava;PR;Novo CAGED;2026-10-06T16:53:23.546027+00:00;2025-09;4661300;Comércio Atacadista de Máquinas, Aparelhos e Equipamentos para Uso Agropecuário, Partes e Peças;16;18;-2
4109401;Guarapuava;PR;Novo CAGED;2026-10-06T16:53:23.546027+00:00;2025-09;4754701;Comércio Varejista de Móveis;16;15;1
4109401;Guarapuava;PR;Novo CAGED;2026-10-06T16:53:23.546027+00:00;2025-09;8299799;Outras Atividades de Serviços Prestados Principalmente às Empresas não Especificadas Anteriormente;16;10;6
4109401;Guarapuava;PR;Novo CAGED;2026-10-06T16:53:23.546027+00:00;2025-09;4744099;Comércio Varejista de Materiais de Construção em Geral;15;14;1
4109401;Guarapuava;PR;Novo CAGED;2026-10-06T16:53:23.546027+00:00;2025-09;4771701;Comércio Varejista de Produtos Farmacêuticos, sem Manipulação de Fórmulas;15;22;-7
4109401;Guarapuava;PR;Novo CAGED;2026-10-06T16:53:23.546027+00:00;2025-09;4511101;Comércio a Varejo de Automóveis, Camionetas e Utilitários Novos;15;11;4
4109401;Guarapuava;PR;Novo CAGED;2026-10-06T16:53:23.546027+00:00;2025-09;4634601;Comércio Atacadista de Carnes Bovinas e Suínas e Derivados;14;15;-1
4109401;Guarapuava;PR;Novo CAGED;2026-10-06T16:53:23.546027+00:00;2025-09;5620101;Fornecimento de Alimentos Preparados Preponderantemente para Empresas;14;10;4
4109401;Guarapuava;PR;Novo CAGED;2026-10-06T16:53:23.546027+00:00;2025-09;7112000;Serviços de Engenharia;14;11;3
4109401;Guarapuava;PR;Novo CAGED;2026-10-06T16:53:23.546027+00:00;2025-09;8230001;Serviços de Organização de Feiras, Congressos, Exposições e Festas;14;10;4
4109401;Guarapuava;PR;Novo CAGED;2026-10-06T16:53:23.546027+00:00;2025-09;0161099;Atividades de Apoio à Agricultura não Especificadas Anteriormente;13;9;4
4109401;Guarapuava;PR;Novo CAGED;2026-10-06T16:53:23.546027+00:00;2025-09;8011101;Atividades de Vigilância e Segurança Privada;13;5;8
4109401;Guarapuava;PR;Novo CAGED;2026-10-06T16:53:23.546027+00:00;2025-09;1721400;Fabricação de Papel;13;10;3
4109401;Guarapuava;PR;Novo CAGED;2026-10-06T16:53:23.546027+00:00;2025-09;4321500;Instalação e Manutenção Elétrica;13;21;-8
4109401;Guarapuava;PR;Novo CAGED;2026-10-06T16:53:23.546027+00:00;2025-09;8630504;Atividade Odontológica com Recursos para Realização de Procedimentos Cirúrgicos;12;17;-5
4109401;Guarapuava;PR;Novo CAGED;2026-10-06T16:53:23.546027+00:00;2025-09;8020001;Atividades de Monitoramento de Sistemas de Segurança Eletronico;12;11;1
4109401;Guarapuava;PR;Novo CAGED;2026-10-06T16:53:23.546027+00:00;2025-09;4683400;Comércio Atacadista de Defensivos Agrícolas, Adubos, Fertilizantes e Corretivos do Solo;12;13;-1
4109401;Guarapuava;PR;Novo CAGED;2026-10-06T16:53:23.546027+00:00;2025-09;4782201;Comércio Varejista de Calçados;12;14;-2
4109401;Guarapuava;PR;Novo CAGED;2026-10-06T16:53:23.546027+00:00;2025-09;2399199;Fabricação de Outros Produtos de Minerais Não-Metálicos não Especificados Anteriormente;12;9;3
4109401;Guarapuava;PR;Novo CAGED;2026-10-06T16:53:23.546027+00:00;2025-09;5510801;Hotéis;12;23;-11
4109401;Guarapuava;PR;Novo CAGED;2026-10-06T16:53:23.546027+00:00;2025-09;5320202;Serviços de Entrega Rápida;12;7;5
4109401;Guarapuava;PR;Novo CAGED;2026-10-06T16:53:23.546027+00:00;2025-09;4744005;Comércio Varejista de Materiais de Construção não Especificados Anteriormente;11;7;4
4109401;Guarapuava;PR;Novo CAGED;2026-10-06T16:53:23.546027+00:00;2025-09;4530703;Comércio a Varejo de Peças e Acessórios Novos para Veículos Automotores;11;21;-10
4109401;Guarapuava;PR;Novo CAGED;2026-10-06T16:53:23.546027+00:00;2025-09;8012900;Atividades de Transporte de Valores;10;5;5
4109401;Guarapuava;PR;Novo CAGED;2026-10-06T16:53:23.546027+00:00;2025-09;4753900;Comércio Varejista Especializado de Eletrodomésticos e Equipamentos de áudio e Vídeo;10;11;-1
4109401;Guarapuava;PR;Novo CAGED;2026-10-06T16:53:23.546027+00:00;2025-09;4722901;Comércio Varejista de Carnes - Açougues;10;12;-2
4109401;Guarapuava;PR;Novo CAGED;2026-10-06T16:53:23.546027+00:00;2025-09;4729699;Comércio Varejista de Produtos Alimentícios em Geral ou Especializado em Produtos Alimentícios não Especificados Anteriormente;10;11;-1
4109401;Guarapuava;PR;Novo CAGED;2026-10-06T16:53:23.546027+00:00;2025-09;0111302;Cultivo de Milho;10;5;5
4109401;Guarapuava;PR;Novo CAGED;2026-10-06T16:53:23.546027+00:00;2025-09;8121400;Limpeza em Prédios e em Domicílios;10;12;-2
4109401;Guarapuava;PR;Novo CAGED;2026-10-06T16:53:23.546027+00:00;2025-09;4751201;Comércio Varejista Especializado de Equipamentos e Suprimentos de Informática;9;7;2
4109401;Guarapuava;PR;Novo CAGED;2026-10-06T16:53:23.546027+00:00;2025-09;4772500;Comércio Varejista de Cosméticos, Produtos de Perfumaria e de Higiene Pessoal;9;17;-8
4109401;Guarapuava;PR;Novo CAGED;2026-10-06T16:53:23.546027+00:00;2025-09;4712100;Comércio Varejista de Mercadorias em Geral, com Predominância de Produtos Alimentícios - Minimercados, Mercearias e Armazéns;9;7;2
4109401;Guarapuava;PR;Novo CAGED;2026-10-06T16:53:23.546027+00:00;2025-09;4511102;Comércio a Varejo de Automóveis, Camionetas e Utilitários Usados;9;7;2
4109401;Guarapuava;PR;Novo CAGED;2026-10-06T16:53:23.546027+00:00;2025-09;0111399;Cultivo de Outros Cereais não Especificados Anteriormente;9;7;2
4109401;Guarapuava;PR;Novo CAGED;2026-10-06T16:53:23.546027+00:00;2025-09;0210107;Extração de Madeira em Florestas Plantadas;9;6;3
4109401;Guarapuava;PR;Novo CAGED;2026-10-06T16:53:23.546027+00:00;2025-09;4330404;Serviços de Pintura de Edifícios em Geral;9;0;9
4109401;Guarapuava;PR;Novo CAGED;2026-10-06T16:53:23.546027+00:00;2025-09;4221902;Construção de Estações e Redes de Distribuição de Energia Elétrica;8;8;0
4109401;Guarapuava;PR;Novo CAGED;2026-10-06T16:53:23.546027+00:00;2025-09;5211799;Depósitos de Mercadorias para Terceiros, Exceto Armazéns Gerais e Guarda-Móveis;8;8;0
4109401;Guarapuava;PR;Novo CAGED;2026-10-06T16:53:23.546027+00:00;2025-09;3101200;Fabricação de Móveis com Predominância de Madeira;8;12;-4
4109401;Guarapuava;PR;Novo CAGED;2026-10-06T16:53:23.546027+00:00;2025-09;1091102;Fabricação de Produtos de Padaria e Confeitaria com Predominância de Produção Própria;8;14;-6
4109401;Guarapuava;PR;Novo CAGED;2026-10-06T16:53:23.546027+00:00;2025-09;4520004;Serviços de Alinhamento e Balanceamento de Veículos Automotores;8;6;2
4109401;Guarapuava;PR;Novo CAGED;2026-10-06T16:53:23.546027+00:00;2025-09;4637199;Comércio Atacadista Especializado em Outros Produtos Alimentícios não Especificados Anteriormente;7;6;1
4109401;Guarapuava;PR;Novo CAGED;2026-10-06T16:53:23.546027+00:00;2025-09;2013401;Fabricação de Adubos e Fertilizantes Organominerais;7;6;1
4109401;Guarapuava;PR;Novo CAGED;2026-10-06T16:53:23.546027+00:00;2025-09;1629301;Fabricação de Artefatos Diversos de Madeira, Exceto Móveis;7;5;2
4109401;Guarapuava;PR;Novo CAGED;2026-10-06T16:53:23.546027+00:00;2025-09;1052000;Fabricação de Laticínios;7;9;-2
4109401;Guarapuava;PR;Novo CAGED;2026-10-06T16:53:23.546027+00:00;2025-09;4313400;Obras de Terraplenagem;7;9;-2
4109401;Guarapuava;PR;Novo CAGED;2026-10-06T16:53:23.546027+00:00;2025-09;7319002;Promoção de Vendas;7;9;-2
4109401;Guarapuava;PR;Novo CAGED;2026-10-06T16:53:23.546027+00:00;2025-09;2212900;Reforma de Pneumáticos Usados;7;8;-1
4109401;Guarapuava;PR;Novo CAGED;2026-10-06T16:53:23.546027+00:00;2025-09;7732201;Aluguel de Máquinas e Equipamentos para Construção sem Operador, Exceto Andaimes;6;6;0
4109401;Guarapuava;PR;Novo CAGED;2026-10-06T16:53:23.546027+00:00;2025-09;7490104;Atividades de Intermediação e Agenciamento de Serviços e Negócios em Geral, Exceto Imobiliários;6;6;0
4109401;Guarapuava;PR;Novo CAGED;2026-10-06T16:53:23.546027+00:00;2025-09;4789004;Comércio Varejista de Animais Vivos e de Artigos e Alimentos para Animais de Estimação;6;5;1
4109401;Guarapuava;PR;Novo CAGED;2026-10-06T16:53:23.546027+00:00;2025-09;4744001;Comércio Varejista de Ferragens e Ferramentas;6;6;0
4109401;Guarapuava;PR;Novo CAGED;2026-10-06T16:53:23.546027+00:00;2025-09;4530701;Comércio por Atacado de Peças e Acessórios Novos para Veículos Automotores;6;7;-1
4109401;Guarapuava;PR;Novo CAGED;2026-10-06T16:53:23.546027+00:00;2025-09;0119903;Cultivo de Batata-Inglesa;6;9;-3
4109401;Guarapuava;PR;Novo CAGED;2026-10-06T16:53:23.546027+00:00;2025-09;8513900;Ensino Fundamental;6;8;-2
4109401;Guarapuava;PR;Novo CAGED;2026-10-06T16:53:23.546027+00:00;2025-09;2311700;Fabricação de Vidro Plano e de Segurança;6;5;1
4109401;Guarapuava;PR;Novo CAGED;2026-10-06T16:53:23.546027+00:00;2025-09;3321000;Instalação de Máquinas e Equipamentos Industriais;6;5;1
4109401;Guarapuava;PR;Novo CAGED;2026-10-06T16:53:23.546027+00:00;2025-09;1062700;Moagem de Trigo e Fabricação de Derivados;6;7;-1
4109401;Guarapuava;PR;Novo CAGED;2026-10-06T16:53:23.546027+00:00;2025-09;4213800;Obras de Urbanização - Ruas, Praças e Calçadas;6;14;-8
4109401;Guarapuava;PR;Novo CAGED;2026-10-06T16:53:23.546027+00:00;2025-09;0155505;Produção de Ovos;6;5;1
4109401;Guarapuava;PR;Novo CAGED;2026-10-06T16:53:23.546027+00:00;2025-09;4520001;Serviços de Manutenção e Reparação Mecânica de Veículos Automotores;6;9;-3
4109401;Guarapuava;PR;Novo CAGED;2026-10-06T16:53:23.546027+00:00;2025-09;8630503;Atividade Médica Ambulatorial Restrita a Consultas;5;5;0
4109401;Guarapuava;PR;Novo CAGED;2026-10-06T16:53:23.546027+00:00;2025-09;4649499;Comércio Atacadista de Outros Equipamentos e Artigos de Uso Pessoal e Doméstico não Especificados Anteriormente;5;6;-1
4109401;Guarapuava;PR;Novo CAGED;2026-10-06T16:53:23.546027+00:00;2025-09;4763602;Comércio Varejista de Artigos Esportivos;5;11;-6
4109401;Guarapuava;PR;Novo CAGED;2026-10-06T16:53:23.546027+00:00;2025-09;4541206;Comércio a Varejo de Peças e Acessórios Novos para Motocicletas e Motonetas;5;0;5
4109401;Guarapuava;PR;Novo CAGED;2026-10-06T16:53:23.546027+00:00;2025-09;4110700;Incorporação de Empreendimentos Imobiliários;5;0;5
4109401;Guarapuava;PR;Novo CAGED;2026-10-06T16:53:23.546027+00:00;2025-09;7020400;Atividades de Consultoria em Gestão Empresarial, Exceto Consultoria Técnica Específica;0;6;-6
4109401;Guarapuava;PR;Novo CAGED;2026-10-06T16:53:23.546027+00:00;2025-09;8599604;Treinamento em Desenvolvimento Profissional e Gerencial;0;5;-5
4109401;Guarapuava;PR;Novo CAGED;2026-10-06T16:53:23.546027+00:00;2025-10;other;Outras categorias (agregadas);557;515;42
4109401;Guarapuava;PR;Novo CAGED;2026-10-06T16:53:23.546027+00:00;2025-10;4711302;Comércio Varejista de Mercadorias em Geral, com Predominância de Produtos Alimentícios - Supermercados;109;145;-36
4109401;Guarapuava;PR;Novo CAGED;2026-10-06T16:53:23.546027+00:00;2025-10;4930202;Transporte Rodoviário de Carga, Exceto Produtos Perigosos e Mudanças, Intermunicipal, Interestadual e Internacional;106;74;32
4109401;Guarapuava;PR;Novo CAGED;2026-10-06T16:53:23.546027+00:00;2025-10;4781400;Comércio Varejista de Artigos do Vestuário e Acessórios;105;66;39
4109401;Guarapuava;PR;Novo CAGED;2026-10-06T16:53:23.546027+00:00;2025-10;5611201;Restaurantes e Similares;101;73;28
4109401;Guarapuava;PR;Novo CAGED;2026-10-06T16:53:23.546027+00:00;2025-10;5611203;Lanchonetes, Casas de Chá, de Sucos e Similares;73;69;4
4109401;Guarapuava;PR;Novo CAGED;2026-10-06T16:53:23.546027+00:00;2025-10;4120400;Construção de Edifícios;71;107;-36
4109401;Guarapuava;PR;Novo CAGED;2026-10-06T16:53:23.546027+00:00;2025-10;4211101;Construção de Rodovias e Ferrovias;65;41;24
4109401;Guarapuava;PR;Novo CAGED;2026-10-06T16:53:23.546027+00:00;2025-10;8211300;Serviços Combinados de Escritório e Apoio Administrativo;55;36;19
4109401;Guarapuava;PR;Novo CAGED;2026-10-06T16:53:23.546027+00:00;2025-10;8610101;Atividades de Atendimento Hospitalar, Exceto Pronto-Socorro e Unidades para Atendimento a Urgências;44;32;12
4109401;Guarapuava;PR;Novo CAGED;2026-10-06T16:53:23.546027+00:00;2025-10;2222600;Fabricação de Embalagens de Material Plástico;37;135;-98
4109401;Guarapuava;PR;Novo CAGED;2026-10-06T16:53:23.546027+00:00;2025-10;4711301;Comércio Varejista de Mercadorias em Geral, com Predominância de Produtos Alimentícios - Hipermercados;35;33;2
4109401;Guarapuava;PR;Novo CAGED;2026-10-06T16:53:23.546027+00:00;2025-10;5510801;Hotéis;26;13;13
4109401;Guarapuava;PR;Novo CAGED;2026-10-06T16:53:23.546027+00:00;2025-10;1323500;Tecelagem de Fios de Fibras Artificiais e Sintéticas;25;48;-23
4109401;Guarapuava;PR;Novo CAGED;2026-10-06T16:53:23.546027+00:00;2025-10;4771701;Comércio Varejista de Produtos Farmacêuticos, sem Manipulação de Fórmulas;24;25;-1
4109401;Guarapuava;PR;Novo CAGED;2026-10-06T16:53:23.546027+00:00;2025-10;1621800;Fabricação de Madeira Laminada e de Chapas de Madeira Compensada, Prensada e Aglomerada;23;46;-23
4109401;Guarapuava;PR;Novo CAGED;2026-10-06T16:53:23.546027+00:00;2025-10;0115600;Cultivo de Soja;22;19;3
4109401;Guarapuava;PR;Novo CAGED;2026-10-06T16:53:23.546027+00:00;2025-10;4530703;Comércio a Varejo de Peças e Acessórios Novos para Veículos Automotores;21;18;3
4109401;Guarapuava;PR;Novo CAGED;2026-10-06T16:53:23.546027+00:00;2025-10;1610203;Serrarias com Desdobramento de Madeira em Bruto;20;22;-2
4109401;Guarapuava;PR;Novo CAGED;2026-10-06T16:53:23.546027+00:00;2025-10;8020001;Atividades de Monitoramento de Sistemas de Segurança Eletronico;19;12;7
4109401;Guarapuava;PR;Novo CAGED;2026-10-06T16:53:23.546027+00:00;2025-10;4661300;Comércio Atacadista de Máquinas, Aparelhos e Equipamentos para Uso Agropecuário, Partes e Peças;18;8;10
4109401;Guarapuava;PR;Novo CAGED;2026-10-06T16:53:23.546027+00:00;2025-10;1092900;Fabricação de Biscoitos e Bolachas;18;11;7
4109401;Guarapuava;PR;Novo CAGED;2026-10-06T16:53:23.546027+00:00;2025-10;4721102;Padaria e Confeitaria com Predominância de Revenda;18;25;-7
4109401;Guarapuava;PR;Novo CAGED;2026-10-06T16:53:23.546027+00:00;2025-10;4634601;Comércio Atacadista de Carnes Bovinas e Suínas e Derivados;17;12;5
4109401;Guarapuava;PR;Novo CAGED;2026-10-06T16:53:23.546027+00:00;2025-10;1610205;Serviço de Tratamento de Madeira Realizado Sob Contrato;17;7;10
4109401;Guarapuava;PR;Novo CAGED;2026-10-06T16:53:23.546027+00:00;2025-10;9313100;Atividades de Condicionamento Físico;16;18;-2
4109401;Guarapuava;PR;Novo CAGED;2026-10-06T16:53:23.546027+00:00;2025-10;4744099;Comércio Varejista de Materiais de Construção em Geral;16;9;7
4109401;Guarapuava;PR;Novo CAGED;2026-10-06T16:53:23.546027+00:00;2025-10;1091102;Fabricação de Produtos de Padaria e Confeitaria com Predominância de Produção Própria;16;9;7
4109401;Guarapuava;PR;Novo CAGED;2026-10-06T16:53:23.546027+00:00;2025-10;4782201;Comércio Varejista de Calçados;15;10;5
4109401;Guarapuava;PR;Novo CAGED;2026-10-06T16:53:23.546027+00:00;2025-10;4772500;Comércio Varejista de Cosméticos, Produtos de Perfumaria e de Higiene Pessoal;15;17;-2
4109401;Guarapuava;PR;Novo CAGED;2026-10-06T16:53:23.546027+00:00;2025-10;4321500;Instalação e Manutenção Elétrica;15;14;1
4109401;Guarapuava;PR;Novo CAGED;2026-10-06T16:53:23.546027+00:00;2025-10;4520001;Serviços de Manutenção e Reparação Mecânica de Veículos Automotores;15;21;-6
4109401;Guarapuava;PR;Novo CAGED;2026-10-06T16:53:23.546027+00:00;2025-10;4722901;Comércio Varejista de Carnes - Açougues;13;10;3
4109401;Guarapuava;PR;Novo CAGED;2026-10-06T16:53:23.546027+00:00;2025-10;4731800;Comércio Varejista de Combustíveis para Veículos Automotores;13;26;-13
4109401;Guarapuava;PR;Novo CAGED;2026-10-06T16:53:23.546027+00:00;2025-10;9430800;Atividades de Associações de Defesa de Direitos Sociais;12;10;2
4109401;Guarapuava;PR;Novo CAGED;2026-10-06T16:53:23.546027+00:00;2025-10;4683400;Comércio Atacadista de Defensivos Agrícolas, Adubos, Fertilizantes e Corretivos do Solo;12;5;7
4109401;Guarapuava;PR;Novo CAGED;2026-10-06T16:53:23.546027+00:00;2025-10;4671100;Comércio Atacadista de Madeira e Produtos Derivados;12;11;1
4109401;Guarapuava;PR;Novo CAGED;2026-10-06T16:53:23.546027+00:00;2025-10;4511101;Comércio a Varejo de Automóveis, Camionetas e Utilitários Novos;12;21;-9
4109401;Guarapuava;PR;Novo CAGED;2026-10-06T16:53:23.546027+00:00;2025-10;8112500;Condomínios Prediais;12;10;2
4109401;Guarapuava;PR;Novo CAGED;2026-10-06T16:53:23.546027+00:00;2025-10;8630503;Atividade Médica Ambulatorial Restrita a Consultas;11;7;4
4109401;Guarapuava;PR;Novo CAGED;2026-10-06T16:53:23.546027+00:00;2025-10;4751201;Comércio Varejista Especializado de Equipamentos e Suprimentos de Informática;11;9;2
4109401;Guarapuava;PR;Novo CAGED;2026-10-06T16:53:23.546027+00:00;2025-10;4754701;Comércio Varejista de Móveis;11;16;-5
4109401;Guarapuava;PR;Novo CAGED;2026-10-06T16:53:23.546027+00:00;2025-10;2013401;Fabricação de Adubos e Fertilizantes Organominerais;11;6;5
4109401;Guarapuava;PR;Novo CAGED;2026-10-06T16:53:23.546027+00:00;2025-10;7732201;Aluguel de Máquinas e Equipamentos para Construção sem Operador, Exceto Andaimes;10;7;3
4109401;Guarapuava;PR;Novo CAGED;2026-10-06T16:53:23.546027+00:00;2025-10;8630504;Atividade Odontológica com Recursos para Realização de Procedimentos Cirúrgicos;10;10;0
4109401;Guarapuava;PR;Novo CAGED;2026-10-06T16:53:23.546027+00:00;2025-10;6920601;Atividades de Contabilidade;10;14;-4
4109401;Guarapuava;PR;Novo CAGED;2026-10-06T16:53:23.546027+00:00;2025-10;9312300;Clubes Sociais, Esportivos e Similares;10;17;-7
4109401;Guarapuava;PR;Novo CAGED;2026-10-06T16:53:23.546027+00:00;2025-10;4635403;Comércio Atacadista de Bebidas com Atividade de Fracionamento e Acondicionamento Associada;10;8;2
4109401;Guarapuava;PR;Novo CAGED;2026-10-06T16:53:23.546027+00:00;2025-10;4693100;Comércio Atacadista de Mercadorias em Geral, sem Predominância de Alimentos ou de Insumos Agropecuários;10;17;-7
4109401;Guarapuava;PR;Novo CAGED;2026-10-06T16:53:23.546027+00:00;2025-10;4712100;Comércio Varejista de Mercadorias em Geral, com Predominância de Produtos Alimentícios - Minimercados, Mercearias e Armazéns;10;12;-2
4109401;Guarapuava;PR;Novo CAGED;2026-10-06T16:53:23.546027+00:00;2025-10;1629301;Fabricação de Artefatos Diversos de Madeira, Exceto Móveis;10;5;5
4109401;Guarapuava;PR;Novo CAGED;2026-10-06T16:53:23.546027+00:00;2025-10;7319002;Promoção de Vendas;10;9;1
4109401;Guarapuava;PR;Novo CAGED;2026-10-06T16:53:23.546027+00:00;2025-10;4520002;Serviços de Lanternagem ou Funilaria e Pintura de Veículos Automotores;10;6;4
4109401;Guarapuava;PR;Novo CAGED;2026-10-06T16:53:23.546027+00:00;2025-10;9602502;Atividades de Estética e Outros Serviços de Cuidados com a Beleza;9;10;-1
4109401;Guarapuava;PR;Novo CAGED;2026-10-06T16:53:23.546027+00:00;2025-10;4753900;Comércio Varejista Especializado de Eletrodomésticos e Equipamentos de áudio e Vídeo;9;22;-13
4109401;Guarapuava;PR;Novo CAGED;2026-10-06T16:53:23.546027+00:00;2025-10;4729699;Comércio Varejista de Produtos Alimentícios em Geral ou Especializado em Produtos Alimentícios não Especificados Anteriormente;9;9;0
4109401;Guarapuava;PR;Novo CAGED;2026-10-06T16:53:23.546027+00:00;2025-10;4511102;Comércio a Varejo de Automóveis, Camionetas e Utilitários Usados;9;9;0
4109401;Guarapuava;PR;Novo CAGED;2026-10-06T16:53:23.546027+00:00;2025-10;4530705;Comércio a Varejo de Pneumáticos e Câmaras-De-Ar;9;10;-1
4109401;Guarapuava;PR;Novo CAGED;2026-10-06T16:53:23.546027+00:00;2025-10;4530701;Comércio por Atacado de Peças e Acessórios Novos para Veículos Automotores;9;7;2
4109401;Guarapuava;PR;Novo CAGED;2026-10-06T16:53:23.546027+00:00;2025-10;8513900;Ensino Fundamental;9;9;0
4109401;Guarapuava;PR;Novo CAGED;2026-10-06T16:53:23.546027+00:00;2025-10;8011101;Atividades de Vigilância e Segurança Privada;8;19;-11
4109401;Guarapuava;PR;Novo CAGED;2026-10-06T16:53:23.546027+00:00;2025-10;4752100;Comércio Varejista Especializado de Equipamentos de Telefonia e Comunicação;8;10;-2
4109401;Guarapuava;PR;Novo CAGED;2026-10-06T16:53:23.546027+00:00;2025-10;4744001;Comércio Varejista de Ferragens e Ferramentas;8;10;-2
4109401;Guarapuava;PR;Novo CAGED;2026-10-06T16:53:23.546027+00:00;2025-10;0111399;Cultivo de Outros Cereais não Especificados Anteriormente;8;10;-2
4109401;Guarapuava;PR;Novo CAGED;2026-10-06T16:53:23.546027+00:00;2025-10;8532500;Educação Superior - Graduação e Pós-Graduação;8;18;-10
4109401;Guarapuava;PR;Novo CAGED;2026-10-06T16:53:23.546027+00:00;2025-10;1721400;Fabricação de Papel;8;8;0
4109401;Guarapuava;PR;Novo CAGED;2026-10-06T16:53:23.546027+00:00;2025-10;4399103;Obras de Alvenaria;8;7;1
4109401;Guarapuava;PR;Novo CAGED;2026-10-06T16:53:23.546027+00:00;2025-10;2539001;Serviços de Usinagem, Tornearia e Solda;8;9;-1
4109401;Guarapuava;PR;Novo CAGED;2026-10-06T16:53:23.546027+00:00;2025-10;0161099;Atividades de Apoio à Agricultura não Especificadas Anteriormente;7;13;-6
4109401;Guarapuava;PR;Novo CAGED;2026-10-06T16:53:23.546027+00:00;2025-10;8291100;Atividades de Cobrança e Informações Cadastrais;7;6;1
4109401;Guarapuava;PR;Novo CAGED;2026-10-06T16:53:23.546027+00:00;2025-10;8129000;Atividades de Limpeza não Especificadas Anteriormente;7;5;2
4109401;Guarapuava;PR;Novo CAGED;2026-10-06T16:53:23.546027+00:00;2025-10;0119903;Cultivo de Batata-Inglesa;7;26;-19
4109401;Guarapuava;PR;Novo CAGED;2026-10-06T16:53:23.546027+00:00;2025-10;5620104;Fornecimento de Alimentos Preparados Preponderantemente para Consumo Domiciliar;7;5;2
4109401;Guarapuava;PR;Novo CAGED;2026-10-06T16:53:23.546027+00:00;2025-10;8299799;Outras Atividades de Serviços Prestados Principalmente às Empresas não Especificadas Anteriormente;7;14;-7
4109401;Guarapuava;PR;Novo CAGED;2026-10-06T16:53:23.546027+00:00;2025-10;8219999;Preparação de Documentos e Serviços Especializados de Apoio Administrativo não Especificados Anteriormente;7;6;1
4109401;Guarapuava;PR;Novo CAGED;2026-10-06T16:53:23.546027+00:00;2025-10;7112000;Serviços de Engenharia;7;9;-2
4109401;Guarapuava;PR;Novo CAGED;2026-10-06T16:53:23.546027+00:00;2025-10;4632001;Comércio Atacadista de Cereais e Leguminosas Beneficiados;6;10;-4
4109401;Guarapuava;PR;Novo CAGED;2026-10-06T16:53:23.546027+00:00;2025-10;4763602;Comércio Varejista de Artigos Esportivos;6;6;0
4109401;Guarapuava;PR;Novo CAGED;2026-10-06T16:53:23.546027+00:00;2025-10;4789099;Comércio Varejista de Outros Produtos não Especificados Anteriormente;6;9;-3
4109401;Guarapuava;PR;Novo CAGED;2026-10-06T16:53:23.546027+00:00;2025-10;2399199;Fabricação de Outros Produtos de Minerais Não-Metálicos não Especificados Anteriormente;6;17;-11
4109401;Guarapuava;PR;Novo CAGED;2026-10-06T16:53:23.546027+00:00;2025-10;2029100;Fabricação de Produtos Químicos Orgânicos não Especificados Anteriormente;6;6;0
4109401;Guarapuava;PR;Novo CAGED;2026-10-06T16:53:23.546027+00:00;2025-10;6462000;Holdings de Instituições Não-Financeiras;6;10;-4
4109401;Guarapuava;PR;Novo CAGED;2026-10-06T16:53:23.546027+00:00;2025-10;3321000;Instalação de Máquinas e Equipamentos Industriais;6;7;-1
4109401;Guarapuava;PR;Novo CAGED;2026-10-06T16:53:23.546027+00:00;2025-10;8230001;Serviços de Organização de Feiras, Congressos, Exposições e Festas;6;10;-4
4109401;Guarapuava;PR;Novo CAGED;2026-10-06T16:53:23.546027+00:00;2025-10;5611204;Bares e Outros Estabelecimentos Especializados em Servir Bebidas, sem Entretenimento;5;6;-1
4109401;Guarapuava;PR;Novo CAGED;2026-10-06T16:53:23.546027+00:00;2025-10;4639701;Comércio Atacadista de Produtos Alimentícios em Geral;5;5;0
4109401;Guarapuava;PR;Novo CAGED;2026-10-06T16:53:23.546027+00:00;2025-10;4511104;Comércio por Atacado de Caminhões Novos e Usados;5;5;0
4109401;Guarapuava;PR;Novo CAGED;2026-10-06T16:53:23.546027+00:00;2025-10;1623400;Fabricação de Artefatos de Tanoaria e de Embalagens de Madeira;5;0;5
4109401;Guarapuava;PR;Novo CAGED;2026-10-06T16:53:23.546027+00:00;2025-10;3314799;Manutenção e Reparação de Outras Máquinas e Equipamentos para Usos Industriais não Especificados Anteriormente;5;5;0
4109401;Guarapuava;PR;Novo CAGED;2026-10-06T16:53:23.546027+00:00;2025-10;4757100;Comércio Varejista Especializado de Peças e Acessórios para Aparelhos Eletroeletrônicos para Uso Doméstico, Exceto Informática e Comunicação;0;7;-7
4109401;Guarapuava;PR;Novo CAGED;2026-10-06T16:53:23.546027+00:00;2025-11;other;Outras categorias (agregadas);504;457;47
4109401;Guarapuava;PR;Novo CAGED;2026-10-06T16:53:23.546027+00:00;2025-11;4711302;Comércio Varejista de Mercadorias em Geral, com Predominância de Produtos Alimentícios - Supermercados;198;137;61
4109401;Guarapuava;PR;Novo CAGED;2026-10-06T16:53:23.546027+00:00;2025-11;4930202;Transporte Rodoviário de Carga, Exceto Produtos Perigosos e Mudanças, Intermunicipal, Interestadual e Internacional;98;77;21
4109401;Guarapuava;PR;Novo CAGED;2026-10-06T16:53:23.546027+00:00;2025-11;1621800;Fabricação de Madeira Laminada e de Chapas de Madeira Compensada, Prensada e Aglomerada;84;49;35
4109401;Guarapuava;PR;Novo CAGED;2026-10-06T16:53:23.546027+00:00;2025-11;4781400;Comércio Varejista de Artigos do Vestuário e Acessórios;79;42;37
4109401;Guarapuava;PR;Novo CAGED;2026-10-06T16:53:23.546027+00:00;2025-11;4211101;Construção de Rodovias e Ferrovias;65;58;7
4109401;Guarapuava;PR;Novo CAGED;2026-10-06T16:53:23.546027+00:00;2025-11;4120400;Construção de Edifícios;64;76;-12
4109401;Guarapuava;PR;Novo CAGED;2026-10-06T16:53:23.546027+00:00;2025-11;5611201;Restaurantes e Similares;64;73;-9
4109401;Guarapuava;PR;Novo CAGED;2026-10-06T16:53:23.546027+00:00;2025-11;0161003;Serviço de Preparação de Terreno, Cultivo e Colheita;57;0;57
4109401;Guarapuava;PR;Novo CAGED;2026-10-06T16:53:23.546027+00:00;2025-11;8211300;Serviços Combinados de Escritório e Apoio Administrativo;49;33;16
4109401;Guarapuava;PR;Novo CAGED;2026-10-06T16:53:23.546027+00:00;2025-11;0119903;Cultivo de Batata-Inglesa;47;7;40
4109401;Guarapuava;PR;Novo CAGED;2026-10-06T16:53:23.546027+00:00;2025-11;8610101;Atividades de Atendimento Hospitalar, Exceto Pronto-Socorro e Unidades para Atendimento a Urgências;45;25;20
4109401;Guarapuava;PR;Novo CAGED;2026-10-06T16:53:23.546027+00:00;2025-11;5611203;Lanchonetes, Casas de Chá, de Sucos e Similares;42;54;-12
4109401;Guarapuava;PR;Novo CAGED;2026-10-06T16:53:23.546027+00:00;2025-11;0161099;Atividades de Apoio à Agricultura não Especificadas Anteriormente;31;14;17
4109401;Guarapuava;PR;Novo CAGED;2026-10-06T16:53:23.546027+00:00;2025-11;4711301;Comércio Varejista de Mercadorias em Geral, com Predominância de Produtos Alimentícios - Hipermercados;31;22;9
4109401;Guarapuava;PR;Novo CAGED;2026-10-06T16:53:23.546027+00:00;2025-11;2222600;Fabricação de Embalagens de Material Plástico;27;56;-29
4109401;Guarapuava;PR;Novo CAGED;2026-10-06T16:53:23.546027+00:00;2025-11;4721102;Padaria e Confeitaria com Predominância de Revenda;24;15;9
4109401;Guarapuava;PR;Novo CAGED;2026-10-06T16:53:23.546027+00:00;2025-11;1323500;Tecelagem de Fios de Fibras Artificiais e Sintéticas;24;32;-8
4109401;Guarapuava;PR;Novo CAGED;2026-10-06T16:53:23.546027+00:00;2025-11;4772500;Comércio Varejista de Cosméticos, Produtos de Perfumaria e de Higiene Pessoal;22;9;13
4109401;Guarapuava;PR;Novo CAGED;2026-10-06T16:53:23.546027+00:00;2025-11;4511101;Comércio a Varejo de Automóveis, Camionetas e Utilitários Novos;20;14;6
4109401;Guarapuava;PR;Novo CAGED;2026-10-06T16:53:23.546027+00:00;2025-11;2399199;Fabricação de Outros Produtos de Minerais Não-Metálicos não Especificados Anteriormente;20;8;12
4109401;Guarapuava;PR;Novo CAGED;2026-10-06T16:53:23.546027+00:00;2025-11;4633801;Comércio Atacadista de Frutas, Verduras, Raízes, Tubérculos, Hortaliças e Legumes Frescos;19;13;6
4109401;Guarapuava;PR;Novo CAGED;2026-10-06T16:53:23.546027+00:00;2025-11;4731800;Comércio Varejista de Combustíveis para Veículos Automotores;19;19;0
4109401;Guarapuava;PR;Novo CAGED;2026-10-06T16:53:23.546027+00:00;2025-11;4729699;Comércio Varejista de Produtos Alimentícios em Geral ou Especializado em Produtos Alimentícios não Especificados Anteriormente;19;9;10
4109401;Guarapuava;PR;Novo CAGED;2026-10-06T16:53:23.546027+00:00;2025-11;4771701;Comércio Varejista de Produtos Farmacêuticos, sem Manipulação de Fórmulas;16;20;-4
4109401;Guarapuava;PR;Novo CAGED;2026-10-06T16:53:23.546027+00:00;2025-11;4321500;Instalação e Manutenção Elétrica;14;9;5
4109401;Guarapuava;PR;Novo CAGED;2026-10-06T16:53:23.546027+00:00;2025-11;4753900;Comércio Varejista Especializado de Eletrodomésticos e Equipamentos de áudio e Vídeo;13;12;1
4109401;Guarapuava;PR;Novo CAGED;2026-10-06T16:53:23.546027+00:00;2025-11;8112500;Condomínios Prediais;13;12;1
4109401;Guarapuava;PR;Novo CAGED;2026-10-06T16:53:23.546027+00:00;2025-11;9313100;Atividades de Condicionamento Físico;12;6;6
4109401;Guarapuava;PR;Novo CAGED;2026-10-06T16:53:23.546027+00:00;2025-11;4634601;Comércio Atacadista de Carnes Bovinas e Suínas e Derivados;12;8;4
4109401;Guarapuava;PR;Novo CAGED;2026-10-06T16:53:23.546027+00:00;2025-11;4632001;Comércio Atacadista de Cereais e Leguminosas Beneficiados;12;7;5
4109401;Guarapuava;PR;Novo CAGED;2026-10-06T16:53:23.546027+00:00;2025-11;4661300;Comércio Atacadista de Máquinas, Aparelhos e Equipamentos para Uso Agropecuário, Partes e Peças;12;9;3
4109401;Guarapuava;PR;Novo CAGED;2026-10-06T16:53:23.546027+00:00;2025-11;4530703;Comércio a Varejo de Peças e Acessórios Novos para Veículos Automotores;12;10;2
4109401;Guarapuava;PR;Novo CAGED;2026-10-06T16:53:23.546027+00:00;2025-11;5510801;Hotéis;12;9;3
4109401;Guarapuava;PR;Novo CAGED;2026-10-06T16:53:23.546027+00:00;2025-11;1062700;Moagem de Trigo e Fabricação de Derivados;12;6;6
4109401;Guarapuava;PR;Novo CAGED;2026-10-06T16:53:23.546027+00:00;2025-11;2539001;Serviços de Usinagem, Tornearia e Solda;12;8;4
4109401;Guarapuava;PR;Novo CAGED;2026-10-06T16:53:23.546027+00:00;2025-11;4930201;Transporte Rodoviário de Carga, Exceto Produtos Perigosos e Mudanças, Municipal;12;6;6
4109401;Guarapuava;PR;Novo CAGED;2026-10-06T16:53:23.546027+00:00;2025-11;4789099;Comércio Varejista de Outros Produtos não Especificados Anteriormente;11;8;3
4109401;Guarapuava;PR;Novo CAGED;2026-10-06T16:53:23.546027+00:00;2025-11;0115600;Cultivo de Soja;11;9;2
4109401;Guarapuava;PR;Novo CAGED;2026-10-06T16:53:23.546027+00:00;2025-11;1721400;Fabricação de Papel;11;11;0
4109401;Guarapuava;PR;Novo CAGED;2026-10-06T16:53:23.546027+00:00;2025-11;8121400;Limpeza em Prédios e em Domicílios;11;16;-5
4109401;Guarapuava;PR;Novo CAGED;2026-10-06T16:53:23.546027+00:00;2025-11;0155505;Produção de Ovos;11;10;1
4109401;Guarapuava;PR;Novo CAGED;2026-10-06T16:53:23.546027+00:00;2025-11;6920601;Atividades de Contabilidade;10;13;-3
4109401;Guarapuava;PR;Novo CAGED;2026-10-06T16:53:23.546027+00:00;2025-11;4782201;Comércio Varejista de Calçados;10;7;3
4109401;Guarapuava;PR;Novo CAGED;2026-10-06T16:53:23.546027+00:00;2025-11;4754701;Comércio Varejista de Móveis;10;19;-9
4109401;Guarapuava;PR;Novo CAGED;2026-10-06T16:53:23.546027+00:00;2025-11;1092900;Fabricação de Biscoitos e Bolachas;10;11;-1
4109401;Guarapuava;PR;Novo CAGED;2026-10-06T16:53:23.546027+00:00;2025-11;8230001;Serviços de Organização de Feiras, Congressos, Exposições e Festas;10;13;-3
4109401;Guarapuava;PR;Novo CAGED;2026-10-06T16:53:23.546027+00:00;2025-11;8020001;Atividades de Monitoramento de Sistemas de Segurança Eletronico;9;10;-1
4109401;Guarapuava;PR;Novo CAGED;2026-10-06T16:53:23.546027+00:00;2025-11;8011101;Atividades de Vigilância e Segurança Privada;9;10;-1
4109401;Guarapuava;PR;Novo CAGED;2026-10-06T16:53:23.546027+00:00;2025-11;4712100;Comércio Varejista de Mercadorias em Geral, com Predominância de Produtos Alimentícios - Minimercados, Mercearias e Armazéns;9;12;-3
4109401;Guarapuava;PR;Novo CAGED;2026-10-06T16:53:23.546027+00:00;2025-11;8532500;Educação Superior - Graduação e Pós-Graduação;9;9;0
4109401;Guarapuava;PR;Novo CAGED;2026-10-06T16:53:23.546027+00:00;2025-11;1610203;Serrarias com Desdobramento de Madeira em Bruto;9;18;-9
4109401;Guarapuava;PR;Novo CAGED;2026-10-06T16:53:23.546027+00:00;2025-11;8220200;Atividades de Teleatendimento;8;8;0
4109401;Guarapuava;PR;Novo CAGED;2026-10-06T16:53:23.546027+00:00;2025-11;0111399;Cultivo de Outros Cereais não Especificados Anteriormente;8;7;1
4109401;Guarapuava;PR;Novo CAGED;2026-10-06T16:53:23.546027+00:00;2025-11;4399103;Obras de Alvenaria;8;7;1
4109401;Guarapuava;PR;Novo CAGED;2026-10-06T16:53:23.546027+00:00;2025-11;8299799;Outras Atividades de Serviços Prestados Principalmente às Empresas não Especificadas Anteriormente;8;5;3
4109401;Guarapuava;PR;Novo CAGED;2026-10-06T16:53:23.546027+00:00;2025-11;8630503;Atividade Médica Ambulatorial Restrita a Consultas;7;5;2
4109401;Guarapuava;PR;Novo CAGED;2026-10-06T16:53:23.546027+00:00;2025-11;4671100;Comércio Atacadista de Madeira e Produtos Derivados;7;5;2
4109401;Guarapuava;PR;Novo CAGED;2026-10-06T16:53:23.546027+00:00;2025-11;4744099;Comércio Varejista de Materiais de Construção em Geral;7;7;0
4109401;Guarapuava;PR;Novo CAGED;2026-10-06T16:53:23.546027+00:00;2025-11;4789002;Comércio Varejista de Plantas e Flores Naturais;7;5;2
4109401;Guarapuava;PR;Novo CAGED;2026-10-06T16:53:23.546027+00:00;2025-11;1091102;Fabricação de Produtos de Padaria e Confeitaria com Predominância de Produção Própria;7;6;1
4109401;Guarapuava;PR;Novo CAGED;2026-10-06T16:53:23.546027+00:00;2025-11;5320202;Serviços de Entrega Rápida;7;6;1
4109401;Guarapuava;PR;Novo CAGED;2026-10-06T16:53:23.546027+00:00;2025-11;4639701;Comércio Atacadista de Produtos Alimentícios em Geral;6;5;1
4109401;Guarapuava;PR;Novo CAGED;2026-10-06T16:53:23.546027+00:00;2025-11;4763602;Comércio Varejista de Artigos Esportivos;6;7;-1
4109401;Guarapuava;PR;Novo CAGED;2026-10-06T16:53:23.546027+00:00;2025-11;4722901;Comércio Varejista de Carnes - Açougues;6;9;-3
4109401;Guarapuava;PR;Novo CAGED;2026-10-06T16:53:23.546027+00:00;2025-11;4744001;Comércio Varejista de Ferragens e Ferramentas;6;8;-2
4109401;Guarapuava;PR;Novo CAGED;2026-10-06T16:53:23.546027+00:00;2025-11;6424703;Cooperativas de Crédito Mútuo;6;6;0
4109401;Guarapuava;PR;Novo CAGED;2026-10-06T16:53:23.546027+00:00;2025-11;6462000;Holdings de Instituições Não-Financeiras;6;20;-14
4109401;Guarapuava;PR;Novo CAGED;2026-10-06T16:53:23.546027+00:00;2025-11;9430800;Atividades de Associações de Defesa de Direitos Sociais;5;7;-2
4109401;Guarapuava;PR;Novo CAGED;2026-10-06T16:53:23.546027+00:00;2025-11;9602502;Atividades de Estética e Outros Serviços de Cuidados com a Beleza;5;5;0
4109401;Guarapuava;PR;Novo CAGED;2026-10-06T16:53:23.546027+00:00;2025-11;4511104;Comércio por Atacado de Caminhões Novos e Usados;5;5;0
4109401;Guarapuava;PR;Novo CAGED;2026-10-06T16:53:23.546027+00:00;2025-11;4530701;Comércio por Atacado de Peças e Acessórios Novos para Veículos Automotores;5;6;-1
4109401;Guarapuava;PR;Novo CAGED;2026-10-06T16:53:23.546027+00:00;2025-11;2013401;Fabricação de Adubos e Fertilizantes Organominerais;5;5;0
4109401;Guarapuava;PR;Novo CAGED;2026-10-06T16:53:23.546027+00:00;2025-11;4213800;Obras de Urbanização - Ruas, Praças e Calçadas;5;5;0
4109401;Guarapuava;PR;Novo CAGED;2026-10-06T16:53:23.546027+00:00;2025-11;7319002;Promoção de Vendas;5;10;-5
4109401;Guarapuava;PR;Novo CAGED;2026-10-06T16:53:23.546027+00:00;2025-11;7112000;Serviços de Engenharia;5;5;0
4109401;Guarapuava;PR;Novo CAGED;2026-10-06T16:53:23.546027+00:00;2025-11;4520001;Serviços de Manutenção e Reparação Mecânica de Veículos Automotores;5;11;-6
4109401;Guarapuava;PR;Novo CAGED;2026-10-06T16:53:23.546027+00:00;2025-11;4693100;Comércio Atacadista de Mercadorias em Geral, sem Predominância de Alimentos ou de Insumos Agropecuários;0;5;-5
4109401;Guarapuava;PR;Novo CAGED;2026-10-06T16:53:23.546027+00:00;2025-11;4687702;Comércio Atacadista de Resíduos e Sucatas Não-Metálicos, Exceto de Papel e Papelão;0;5;-5
4109401;Guarapuava;PR;Novo CAGED;2026-10-06T16:53:23.546027+00:00;2025-11;4757100;Comércio Varejista Especializado de Peças e Acessórios para Aparelhos Eletroeletrônicos para Uso Doméstico, Exceto Informática e Comunicação;0;5;-5
4109401;Guarapuava;PR;Novo CAGED;2026-10-06T16:53:23.546027+00:00;2025-11;0210103;Cultivo de Pinus;0;5;-5
4109401;Guarapuava;PR;Novo CAGED;2026-10-06T16:53:23.546027+00:00;2025-11;1052000;Fabricação de Laticínios;0;6;-6
4109401;Guarapuava;PR;Novo CAGED;2026-10-06T16:53:23.546027+00:00;2025-12;other;Outras categorias (agregadas);554;733;-179
4109401;Guarapuava;PR;Novo CAGED;2026-10-06T16:53:23.546027+00:00;2025-12;4711302;Comércio Varejista de Mercadorias em Geral, com Predominância de Produtos Alimentícios - Supermercados;189;191;-2
4109401;Guarapuava;PR;Novo CAGED;2026-10-06T16:53:23.546027+00:00;2025-12;0119999;Cultivo de Outras Plantas de Lavoura Temporária não Especificadas Anteriormente;79;7;72
4109401;Guarapuava;PR;Novo CAGED;2026-10-06T16:53:23.546027+00:00;2025-12;5611201;Restaurantes e Similares;67;95;-28
4109401;Guarapuava;PR;Novo CAGED;2026-10-06T16:53:23.546027+00:00;2025-12;0119903;Cultivo de Batata-Inglesa;61;5;56
4109401;Guarapuava;PR;Novo CAGED;2026-10-06T16:53:23.546027+00:00;2025-12;5611203;Lanchonetes, Casas de Chá, de Sucos e Similares;53;53;0
4109401;Guarapuava;PR;Novo CAGED;2026-10-06T16:53:23.546027+00:00;2025-12;4930202;Transporte Rodoviário de Carga, Exceto Produtos Perigosos e Mudanças, Intermunicipal, Interestadual e Internacional;49;66;-17
4109401;Guarapuava;PR;Novo CAGED;2026-10-06T16:53:23.546027+00:00;2025-12;8610101;Atividades de Atendimento Hospitalar, Exceto Pronto-Socorro e Unidades para Atendimento a Urgências;46;43;3
4109401;Guarapuava;PR;Novo CAGED;2026-10-06T16:53:23.546027+00:00;2025-12;4781400;Comércio Varejista de Artigos do Vestuário e Acessórios;41;43;-2
4109401;Guarapuava;PR;Novo CAGED;2026-10-06T16:53:23.546027+00:00;2025-12;4211101;Construção de Rodovias e Ferrovias;41;53;-12
4109401;Guarapuava;PR;Novo CAGED;2026-10-06T16:53:23.546027+00:00;2025-12;8211300;Serviços Combinados de Escritório e Apoio Administrativo;30;34;-4
4109401;Guarapuava;PR;Novo CAGED;2026-10-06T16:53:23.546027+00:00;2025-12;4731800;Comércio Varejista de Combustíveis para Veículos Automotores;23;16;7
4109401;Guarapuava;PR;Novo CAGED;2026-10-06T16:53:23.546027+00:00;2025-12;4120400;Construção de Edifícios;23;95;-72
4109401;Guarapuava;PR;Novo CAGED;2026-10-06T16:53:23.546027+00:00;2025-12;4771701;Comércio Varejista de Produtos Farmacêuticos, sem Manipulação de Fórmulas;22;21;1
4109401;Guarapuava;PR;Novo CAGED;2026-10-06T16:53:23.546027+00:00;2025-12;0115600;Cultivo de Soja;21;23;-2
4109401;Guarapuava;PR;Novo CAGED;2026-10-06T16:53:23.546027+00:00;2025-12;4782201;Comércio Varejista de Calçados;20;7;13
4109401;Guarapuava;PR;Novo CAGED;2026-10-06T16:53:23.546027+00:00;2025-12;1621800;Fabricação de Madeira Laminada e de Chapas de Madeira Compensada, Prensada e Aglomerada;19;39;-20
4109401;Guarapuava;PR;Novo CAGED;2026-10-06T16:53:23.546027+00:00;2025-12;1610203;Serrarias com Desdobramento de Madeira em Bruto;19;15;4
4109401;Guarapuava;PR;Novo CAGED;2026-10-06T16:53:23.546027+00:00;2025-12;4711301;Comércio Varejista de Mercadorias em Geral, com Predominância de Produtos Alimentícios - Hipermercados;17;22;-5
4109401;Guarapuava;PR;Novo CAGED;2026-10-06T16:53:23.546027+00:00;2025-12;4712100;Comércio Varejista de Mercadorias em Geral, com Predominância de Produtos Alimentícios - Minimercados, Mercearias e Armazéns;16;9;7
4109401;Guarapuava;PR;Novo CAGED;2026-10-06T16:53:23.546027+00:00;2025-12;4671100;Comércio Atacadista de Madeira e Produtos Derivados;15;10;5
4109401;Guarapuava;PR;Novo CAGED;2026-10-06T16:53:23.546027+00:00;2025-12;4511101;Comércio a Varejo de Automóveis, Camionetas e Utilitários Novos;15;12;3
4109401;Guarapuava;PR;Novo CAGED;2026-10-06T16:53:23.546027+00:00;2025-12;0111399;Cultivo de Outros Cereais não Especificados Anteriormente;15;8;7
4109401;Guarapuava;PR;Novo CAGED;2026-10-06T16:53:23.546027+00:00;2025-12;1092900;Fabricação de Biscoitos e Bolachas;15;15;0
4109401;Guarapuava;PR;Novo CAGED;2026-10-06T16:53:23.546027+00:00;2025-12;4721102;Padaria e Confeitaria com Predominância de Revenda;14;23;-9
4109401;Guarapuava;PR;Novo CAGED;2026-10-06T16:53:23.546027+00:00;2025-12;2399199;Fabricação de Outros Produtos de Minerais Não-Metálicos não Especificados Anteriormente;13;9;4
4109401;Guarapuava;PR;Novo CAGED;2026-10-06T16:53:23.546027+00:00;2025-12;9313100;Atividades de Condicionamento Físico;12;7;5
4109401;Guarapuava;PR;Novo CAGED;2026-10-06T16:53:23.546027+00:00;2025-12;4753900;Comércio Varejista Especializado de Eletrodomésticos e Equipamentos de áudio e Vídeo;12;14;-2
4109401;Guarapuava;PR;Novo CAGED;2026-10-06T16:53:23.546027+00:00;2025-12;5510801;Hotéis;12;21;-9
4109401;Guarapuava;PR;Novo CAGED;2026-10-06T16:53:23.546027+00:00;2025-12;3321000;Instalação de Máquinas e Equipamentos Industriais;11;8;3
4109401;Guarapuava;PR;Novo CAGED;2026-10-06T16:53:23.546027+00:00;2025-12;0161099;Atividades de Apoio à Agricultura não Especificadas Anteriormente;9;19;-10
4109401;Guarapuava;PR;Novo CAGED;2026-10-06T16:53:23.546027+00:00;2025-12;4751201;Comércio Varejista Especializado de Equipamentos e Suprimentos de Informática;9;10;-1
4109401;Guarapuava;PR;Novo CAGED;2026-10-06T16:53:23.546027+00:00;2025-12;8020001;Atividades de Monitoramento de Sistemas de Segurança Eletronico;8;12;-4
4109401;Guarapuava;PR;Novo CAGED;2026-10-06T16:53:23.546027+00:00;2025-12;4693100;Comércio Atacadista de Mercadorias em Geral, sem Predominância de Alimentos ou de Insumos Agropecuários;8;10;-2
4109401;Guarapuava;PR;Novo CAGED;2026-10-06T16:53:23.546027+00:00;2025-12;4722901;Comércio Varejista de Carnes - Açougues;8;9;-1
4109401;Guarapuava;PR;Novo CAGED;2026-10-06T16:53:23.546027+00:00;2025-12;4729699;Comércio Varejista de Produtos Alimentícios em Geral ou Especializado em Produtos Alimentícios não Especificados Anteriormente;8;11;-3
4109401;Guarapuava;PR;Novo CAGED;2026-10-06T16:53:23.546027+00:00;2025-12;1052000;Fabricação de Laticínios;8;7;1
4109401;Guarapuava;PR;Novo CAGED;2026-10-06T16:53:23.546027+00:00;2025-12;4520001;Serviços de Manutenção e Reparação Mecânica de Veículos Automotores;8;14;-6
4109401;Guarapuava;PR;Novo CAGED;2026-10-06T16:53:23.546027+00:00;2025-12;8011101;Atividades de Vigilância e Segurança Privada;7;5;2
4109401;Guarapuava;PR;Novo CAGED;2026-10-06T16:53:23.546027+00:00;2025-12;4511102;Comércio a Varejo de Automóveis, Camionetas e Utilitários Usados;7;5;2
4109401;Guarapuava;PR;Novo CAGED;2026-10-06T16:53:23.546027+00:00;2025-12;4530705;Comércio a Varejo de Pneumáticos e Câmaras-De-Ar;7;7;0
4109401;Guarapuava;PR;Novo CAGED;2026-10-06T16:53:23.546027+00:00;2025-12;8112500;Condomínios Prediais;7;6;1
4109401;Guarapuava;PR;Novo CAGED;2026-10-06T16:53:23.546027+00:00;2025-12;0155502;Produção de Pintos de Um Dia;7;0;7
4109401;Guarapuava;PR;Novo CAGED;2026-10-06T16:53:23.546027+00:00;2025-12;7112000;Serviços de Engenharia;7;8;-1
4109401;Guarapuava;PR;Novo CAGED;2026-10-06T16:53:23.546027+00:00;2025-12;8630504;Atividade Odontológica com Recursos para Realização de Procedimentos Cirúrgicos;6;7;-1
4109401;Guarapuava;PR;Novo CAGED;2026-10-06T16:53:23.546027+00:00;2025-12;4634601;Comércio Atacadista de Carnes Bovinas e Suínas e Derivados;6;10;-4
4109401;Guarapuava;PR;Novo CAGED;2026-10-06T16:53:23.546027+00:00;2025-12;4633801;Comércio Atacadista de Frutas, Verduras, Raízes, Tubérculos, Hortaliças e Legumes Frescos;6;11;-5
4109401;Guarapuava;PR;Novo CAGED;2026-10-06T16:53:23.546027+00:00;2025-12;4772500;Comércio Varejista de Cosméticos, Produtos de Perfumaria e de Higiene Pessoal;6;11;-5
4109401;Guarapuava;PR;Novo CAGED;2026-10-06T16:53:23.546027+00:00;2025-12;0119905;Cultivo de Feijão;6;0;6
4109401;Guarapuava;PR;Novo CAGED;2026-10-06T16:53:23.546027+00:00;2025-12;0111302;Cultivo de Milho;6;7;-1
4109401;Guarapuava;PR;Novo CAGED;2026-10-06T16:53:23.546027+00:00;2025-12;1721400;Fabricação de Papel;6;9;-3
4109401;Guarapuava;PR;Novo CAGED;2026-10-06T16:53:23.546027+00:00;2025-12;4321500;Instalação e Manutenção Elétrica;6;14;-8
4109401;Guarapuava;PR;Novo CAGED;2026-10-06T16:53:23.546027+00:00;2025-12;7319002;Promoção de Vendas;6;5;1
4109401;Guarapuava;PR;Novo CAGED;2026-10-06T16:53:23.546027+00:00;2025-12;7732201;Aluguel de Máquinas e Equipamentos para Construção sem Operador, Exceto Andaimes;5;8;-3
4109401;Guarapuava;PR;Novo CAGED;2026-10-06T16:53:23.546027+00:00;2025-12;9312300;Clubes Sociais, Esportivos e Similares;5;6;-1
4109401;Guarapuava;PR;Novo CAGED;2026-10-06T16:53:23.546027+00:00;2025-12;4639701;Comércio Atacadista de Produtos Alimentícios em Geral;5;7;-2
4109401;Guarapuava;PR;Novo CAGED;2026-10-06T16:53:23.546027+00:00;2025-12;4530703;Comércio a Varejo de Peças e Acessórios Novos para Veículos Automotores;5;22;-17
4109401;Guarapuava;PR;Novo CAGED;2026-10-06T16:53:23.546027+00:00;2025-12;5620101;Fornecimento de Alimentos Preparados Preponderantemente para Empresas;5;10;-5
4109401;Guarapuava;PR;Novo CAGED;2026-10-06T16:53:23.546027+00:00;2025-12;8121400;Limpeza em Prédios e em Domicílios;5;8;-3
4109401;Guarapuava;PR;Novo CAGED;2026-10-06T16:53:23.546027+00:00;2025-12;8111700;Serviços Combinados para Apoio a Edifícios, Exceto Condomínios Prediais;5;0;5
4109401;Guarapuava;PR;Novo CAGED;2026-10-06T16:53:23.546027+00:00;2025-12;8129000;Atividades de Limpeza não Especificadas Anteriormente;0;6;-6
4109401;Guarapuava;PR;Novo CAGED;2026-10-06T16:53:23.546027+00:00;2025-12;4744001;Comércio Varejista de Ferragens e Ferramentas;0;7;-7
4109401;Guarapuava;PR;Novo CAGED;2026-10-06T16:53:23.546027+00:00;2025-12;4759899;Comércio Varejista de Outros Artigos de Uso Doméstico não Especificados Anteriormente;0;7;-7
4109401;Guarapuava;PR;Novo CAGED;2026-10-06T16:53:23.546027+00:00;2025-12;8520100;Ensino Médio;0;17;-17
4109401;Guarapuava;PR;Novo CAGED;2026-10-06T16:53:23.546027+00:00;2025-12;1629301;Fabricação de Artefatos Diversos de Madeira, Exceto Móveis;0;6;-6
4109401;Guarapuava;PR;Novo CAGED;2026-10-06T16:53:23.546027+00:00;2025-12;2511000;Fabricação de Estruturas Metálicas;0;9;-9
4109401;Guarapuava;PR;Novo CAGED;2026-10-06T16:53:23.546027+00:00;2025-12;2311700;Fabricação de Vidro Plano e de Segurança;0;10;-10
4109401;Guarapuava;PR;Novo CAGED;2026-10-06T16:53:23.546027+00:00;2025-12;8800600;Serviços de Assistência Social sem Alojamento;0;5;-5
4109401;Guarapuava;PR;Novo CAGED;2026-10-06T16:53:23.546027+00:00;2025-12;6110803;Serviços de Comunicação Multimídia - Scm;0;5;-5
4109401;Guarapuava;PR;Novo CAGED;2026-10-06T16:53:23.546027+00:00;2026-01;other;Outras categorias (agregadas);532;477;55
4109401;Guarapuava;PR;Novo CAGED;2026-10-06T16:53:23.546027+00:00;2026-01;4120400;Construção de Edifícios;106;53;53
4109401;Guarapuava;PR;Novo CAGED;2026-10-06T16:53:23.546027+00:00;2026-01;4711302;Comércio Varejista de Mercadorias em Geral, com Predominância de Produtos Alimentícios - Supermercados;98;194;-96
4109401;Guarapuava;PR;Novo CAGED;2026-10-06T16:53:23.546027+00:00;2026-01;4930202;Transporte Rodoviário de Carga, Exceto Produtos Perigosos e Mudanças, Intermunicipal, Interestadual e Internacional;84;76;8
4109401;Guarapuava;PR;Novo CAGED;2026-10-06T16:53:23.546027+00:00;2026-01;5611201;Restaurantes e Similares;78;76;2
4109401;Guarapuava;PR;Novo CAGED;2026-10-06T16:53:23.546027+00:00;2026-01;0119903;Cultivo de Batata-Inglesa;72;21;51
4109401;Guarapuava;PR;Novo CAGED;2026-10-06T16:53:23.546027+00:00;2026-01;0163600;Atividades de Pós-Colheita;69;10;59
4109401;Guarapuava;PR;Novo CAGED;2026-10-06T16:53:23.546027+00:00;2026-01;8211300;Serviços Combinados de Escritório e Apoio Administrativo;67;62;5
4109401;Guarapuava;PR;Novo CAGED;2026-10-06T16:53:23.546027+00:00;2026-01;4211101;Construção de Rodovias e Ferrovias;61;45;16
4109401;Guarapuava;PR;Novo CAGED;2026-10-06T16:53:23.546027+00:00;2026-01;1621800;Fabricação de Madeira Laminada e de Chapas de Madeira Compensada, Prensada e Aglomerada;61;39;22
4109401;Guarapuava;PR;Novo CAGED;2026-10-06T16:53:23.546027+00:00;2026-01;2222600;Fabricação de Embalagens de Material Plástico;60;79;-19
4109401;Guarapuava;PR;Novo CAGED;2026-10-06T16:53:23.546027+00:00;2026-01;5611203;Lanchonetes, Casas de Chá, de Sucos e Similares;59;58;1
4109401;Guarapuava;PR;Novo CAGED;2026-10-06T16:53:23.546027+00:00;2026-01;4633801;Comércio Atacadista de Frutas, Verduras, Raízes, Tubérculos, Hortaliças e Legumes Frescos;54;16;38
4109401;Guarapuava;PR;Novo CAGED;2026-10-06T16:53:23.546027+00:00;2026-01;4781400;Comércio Varejista de Artigos do Vestuário e Acessórios;53;46;7
4109401;Guarapuava;PR;Novo CAGED;2026-10-06T16:53:23.546027+00:00;2026-01;1610205;Serviço de Tratamento de Madeira Realizado Sob Contrato;52;9;43
4109401;Guarapuava;PR;Novo CAGED;2026-10-06T16:53:23.546027+00:00;2026-01;8513900;Ensino Fundamental;51;19;32
4109401;Guarapuava;PR;Novo CAGED;2026-10-06T16:53:23.546027+00:00;2026-01;8610101;Atividades de Atendimento Hospitalar, Exceto Pronto-Socorro e Unidades para Atendimento a Urgências;45;33;12
4109401;Guarapuava;PR;Novo CAGED;2026-10-06T16:53:23.546027+00:00;2026-01;0111399;Cultivo de Outros Cereais não Especificados Anteriormente;44;7;37
4109401;Guarapuava;PR;Novo CAGED;2026-10-06T16:53:23.546027+00:00;2026-01;8630503;Atividade Médica Ambulatorial Restrita a Consultas;34;7;27
4109401;Guarapuava;PR;Novo CAGED;2026-10-06T16:53:23.546027+00:00;2026-01;4731800;Comércio Varejista de Combustíveis para Veículos Automotores;29;17;12
4109401;Guarapuava;PR;Novo CAGED;2026-10-06T16:53:23.546027+00:00;2026-01;7732201;Aluguel de Máquinas e Equipamentos para Construção sem Operador, Exceto Andaimes;27;14;13
4109401;Guarapuava;PR;Novo CAGED;2026-10-06T16:53:23.546027+00:00;2026-01;4721102;Padaria e Confeitaria com Predominância de Revenda;27;27;0
4109401;Guarapuava;PR;Novo CAGED;2026-10-06T16:53:23.546027+00:00;2026-01;4771701;Comércio Varejista de Produtos Farmacêuticos, sem Manipulação de Fórmulas;26;13;13
4109401;Guarapuava;PR;Novo CAGED;2026-10-06T16:53:23.546027+00:00;2026-01;6920601;Atividades de Contabilidade;25;13;12
4109401;Guarapuava;PR;Novo CAGED;2026-10-06T16:53:23.546027+00:00;2026-01;4321500;Instalação e Manutenção Elétrica;24;19;5
4109401;Guarapuava;PR;Novo CAGED;2026-10-06T16:53:23.546027+00:00;2026-01;0161003;Serviço de Preparação de Terreno, Cultivo e Colheita;23;11;12
4109401;Guarapuava;PR;Novo CAGED;2026-10-06T16:53:23.546027+00:00;2026-01;3321000;Instalação de Máquinas e Equipamentos Industriais;22;11;11
4109401;Guarapuava;PR;Novo CAGED;2026-10-06T16:53:23.546027+00:00;2026-01;0115600;Cultivo de Soja;21;16;5
4109401;Guarapuava;PR;Novo CAGED;2026-10-06T16:53:23.546027+00:00;2026-01;5510801;Hotéis;21;15;6
4109401;Guarapuava;PR;Novo CAGED;2026-10-06T16:53:23.546027+00:00;2026-01;4511101;Comércio a Varejo de Automóveis, Camionetas e Utilitários Novos;20;13;7
4109401;Guarapuava;PR;Novo CAGED;2026-10-06T16:53:23.546027+00:00;2026-01;8020001;Atividades de Monitoramento de Sistemas de Segurança Eletronico;18;19;-1
4109401;Guarapuava;PR;Novo CAGED;2026-10-06T16:53:23.546027+00:00;2026-01;4744099;Comércio Varejista de Materiais de Construção em Geral;17;9;8
4109401;Guarapuava;PR;Novo CAGED;2026-10-06T16:53:23.546027+00:00;2026-01;8532500;Educação Superior - Graduação e Pós-Graduação;17;32;-15
4109401;Guarapuava;PR;Novo CAGED;2026-10-06T16:53:23.546027+00:00;2026-01;4661300;Comércio Atacadista de Máquinas, Aparelhos e Equipamentos para Uso Agropecuário, Partes e Peças;16;13;3
4109401;Guarapuava;PR;Novo CAGED;2026-10-06T16:53:23.546027+00:00;2026-01;8112500;Condomínios Prediais;16;12;4
4109401;Guarapuava;PR;Novo CAGED;2026-10-06T16:53:23.546027+00:00;2026-01;7112000;Serviços de Engenharia;16;15;1
4109401;Guarapuava;PR;Novo CAGED;2026-10-06T16:53:23.546027+00:00;2026-01;4754701;Comércio Varejista de Móveis;15;36;-21
4109401;Guarapuava;PR;Novo CAGED;2026-10-06T16:53:23.546027+00:00;2026-01;4712100;Comércio Varejista de Mercadorias em Geral, com Predominância de Produtos Alimentícios - Minimercados, Mercearias e Armazéns;14;13;1
4109401;Guarapuava;PR;Novo CAGED;2026-10-06T16:53:23.546027+00:00;2026-01;1052000;Fabricação de Laticínios;14;5;9
4109401;Guarapuava;PR;Novo CAGED;2026-10-06T16:53:23.546027+00:00;2026-01;4520001;Serviços de Manutenção e Reparação Mecânica de Veículos Automotores;14;15;-1
4109401;Guarapuava;PR;Novo CAGED;2026-10-06T16:53:23.546027+00:00;2026-01;4930201;Transporte Rodoviário de Carga, Exceto Produtos Perigosos e Mudanças, Municipal;14;10;4
4109401;Guarapuava;PR;Novo CAGED;2026-10-06T16:53:23.546027+00:00;2026-01;4637199;Comércio Atacadista Especializado em Outros Produtos Alimentícios não Especificados Anteriormente;13;7;6
4109401;Guarapuava;PR;Novo CAGED;2026-10-06T16:53:23.546027+00:00;2026-01;4671100;Comércio Atacadista de Madeira e Produtos Derivados;13;9;4
4109401;Guarapuava;PR;Novo CAGED;2026-10-06T16:53:23.546027+00:00;2026-01;4722901;Comércio Varejista de Carnes - Açougues;13;13;0
4109401;Guarapuava;PR;Novo CAGED;2026-10-06T16:53:23.546027+00:00;2026-01;4711301;Comércio Varejista de Mercadorias em Geral, com Predominância de Produtos Alimentícios - Hipermercados;13;32;-19
4109401;Guarapuava;PR;Novo CAGED;2026-10-06T16:53:23.546027+00:00;2026-01;4530703;Comércio a Varejo de Peças e Acessórios Novos para Veículos Automotores;13;30;-17
4109401;Guarapuava;PR;Novo CAGED;2026-10-06T16:53:23.546027+00:00;2026-01;1092900;Fabricação de Biscoitos e Bolachas;13;17;-4
4109401;Guarapuava;PR;Novo CAGED;2026-10-06T16:53:23.546027+00:00;2026-01;4683400;Comércio Atacadista de Defensivos Agrícolas, Adubos, Fertilizantes e Corretivos do Solo;12;8;4
4109401;Guarapuava;PR;Novo CAGED;2026-10-06T16:53:23.546027+00:00;2026-01;5620104;Fornecimento de Alimentos Preparados Preponderantemente para Consumo Domiciliar;12;5;7
4109401;Guarapuava;PR;Novo CAGED;2026-10-06T16:53:23.546027+00:00;2026-01;5620101;Fornecimento de Alimentos Preparados Preponderantemente para Empresas;12;22;-10
4109401;Guarapuava;PR;Novo CAGED;2026-10-06T16:53:23.546027+00:00;2026-01;8230001;Serviços de Organização de Feiras, Congressos, Exposições e Festas;12;7;5
4109401;Guarapuava;PR;Novo CAGED;2026-10-06T16:53:23.546027+00:00;2026-01;8630504;Atividade Odontológica com Recursos para Realização de Procedimentos Cirúrgicos;11;10;1
4109401;Guarapuava;PR;Novo CAGED;2026-10-06T16:53:23.546027+00:00;2026-01;2399199;Fabricação de Outros Produtos de Minerais Não-Metálicos não Especificados Anteriormente;11;19;-8
4109401;Guarapuava;PR;Novo CAGED;2026-10-06T16:53:23.546027+00:00;2026-01;8299799;Outras Atividades de Serviços Prestados Principalmente às Empresas não Especificadas Anteriormente;11;6;5
4109401;Guarapuava;PR;Novo CAGED;2026-10-06T16:53:23.546027+00:00;2026-01;0161099;Atividades de Apoio à Agricultura não Especificadas Anteriormente;10;19;-9
4109401;Guarapuava;PR;Novo CAGED;2026-10-06T16:53:23.546027+00:00;2026-01;9313100;Atividades de Condicionamento Físico;10;10;0
4109401;Guarapuava;PR;Novo CAGED;2026-10-06T16:53:23.546027+00:00;2026-01;8220200;Atividades de Teleatendimento;10;8;2
4109401;Guarapuava;PR;Novo CAGED;2026-10-06T16:53:23.546027+00:00;2026-01;8011101;Atividades de Vigilância e Segurança Privada;10;12;-2
4109401;Guarapuava;PR;Novo CAGED;2026-10-06T16:53:23.546027+00:00;2026-01;4729602;Comércio Varejista de Mercadorias em Lojas de Conveniência;10;7;3
4109401;Guarapuava;PR;Novo CAGED;2026-10-06T16:53:23.546027+00:00;2026-01;4511104;Comércio por Atacado de Caminhões Novos e Usados;10;5;5
4109401;Guarapuava;PR;Novo CAGED;2026-10-06T16:53:23.546027+00:00;2026-01;3101200;Fabricação de Móveis com Predominância de Madeira;10;6;4
4109401;Guarapuava;PR;Novo CAGED;2026-10-06T16:53:23.546027+00:00;2026-01;8219999;Preparação de Documentos e Serviços Especializados de Apoio Administrativo não Especificados Anteriormente;10;7;3
4109401;Guarapuava;PR;Novo CAGED;2026-10-06T16:53:23.546027+00:00;2026-01;4632001;Comércio Atacadista de Cereais e Leguminosas Beneficiados;9;7;2
4109401;Guarapuava;PR;Novo CAGED;2026-10-06T16:53:23.546027+00:00;2026-01;4772500;Comércio Varejista de Cosméticos, Produtos de Perfumaria e de Higiene Pessoal;9;18;-9
4109401;Guarapuava;PR;Novo CAGED;2026-10-06T16:53:23.546027+00:00;2026-01;4789099;Comércio Varejista de Outros Produtos não Especificados Anteriormente;9;10;-1
4109401;Guarapuava;PR;Novo CAGED;2026-10-06T16:53:23.546027+00:00;2026-01;4511102;Comércio a Varejo de Automóveis, Camionetas e Utilitários Usados;9;8;1
4109401;Guarapuava;PR;Novo CAGED;2026-10-06T16:53:23.546027+00:00;2026-01;4221902;Construção de Estações e Redes de Distribuição de Energia Elétrica;9;6;3
4109401;Guarapuava;PR;Novo CAGED;2026-10-06T16:53:23.546027+00:00;2026-01;1721400;Fabricação de Papel;9;7;2
4109401;Guarapuava;PR;Novo CAGED;2026-10-06T16:53:23.546027+00:00;2026-01;1610203;Serrarias com Desdobramento de Madeira em Bruto;9;13;-4
4109401;Guarapuava;PR;Novo CAGED;2026-10-06T16:53:23.546027+00:00;2026-01;1323500;Tecelagem de Fios de Fibras Artificiais e Sintéticas;9;28;-19
4109401;Guarapuava;PR;Novo CAGED;2026-10-06T16:53:23.546027+00:00;2026-01;4729699;Comércio Varejista de Produtos Alimentícios em Geral ou Especializado em Produtos Alimentícios não Especificados Anteriormente;8;8;0
4109401;Guarapuava;PR;Novo CAGED;2026-10-06T16:53:23.546027+00:00;2026-01;4771702;Comércio Varejista de Produtos Farmacêuticos, com Manipulação de Fórmulas;8;10;-2
4109401;Guarapuava;PR;Novo CAGED;2026-10-06T16:53:23.546027+00:00;2026-01;4530701;Comércio por Atacado de Peças e Acessórios Novos para Veículos Automotores;8;8;0
4109401;Guarapuava;PR;Novo CAGED;2026-10-06T16:53:23.546027+00:00;2026-01;0210107;Extração de Madeira em Florestas Plantadas;8;9;-1
4109401;Guarapuava;PR;Novo CAGED;2026-10-06T16:53:23.546027+00:00;2026-01;8121400;Limpeza em Prédios e em Domicílios;8;11;-3
4109401;Guarapuava;PR;Novo CAGED;2026-10-06T16:53:23.546027+00:00;2026-01;8291100;Atividades de Cobrança e Informações Cadastrais;7;7;0
4109401;Guarapuava;PR;Novo CAGED;2026-10-06T16:53:23.546027+00:00;2026-01;4761003;Comércio Varejista de Artigos de Papelaria;7;5;2
4109401;Guarapuava;PR;Novo CAGED;2026-10-06T16:53:23.546027+00:00;2026-01;4744001;Comércio Varejista de Ferragens e Ferramentas;7;9;-2
4109401;Guarapuava;PR;Novo CAGED;2026-10-06T16:53:23.546027+00:00;2026-01;4724500;Comércio Varejista de Hortifrutigranjeiros;7;5;2
4109401;Guarapuava;PR;Novo CAGED;2026-10-06T16:53:23.546027+00:00;2026-01;7319002;Promoção de Vendas;7;9;-2
4109401;Guarapuava;PR;Novo CAGED;2026-10-06T16:53:23.546027+00:00;2026-01;2539001;Serviços de Usinagem, Tornearia e Solda;7;10;-3
4109401;Guarapuava;PR;Novo CAGED;2026-10-06T16:53:23.546027+00:00;2026-01;4639701;Comércio Atacadista de Produtos Alimentícios em Geral;6;9;-3
4109401;Guarapuava;PR;Novo CAGED;2026-10-06T16:53:23.546027+00:00;2026-01;4752100;Comércio Varejista Especializado de Equipamentos de Telefonia e Comunicação;6;7;-1
4109401;Guarapuava;PR;Novo CAGED;2026-10-06T16:53:23.546027+00:00;2026-01;4763602;Comércio Varejista de Artigos Esportivos;6;7;-1
4109401;Guarapuava;PR;Novo CAGED;2026-10-06T16:53:23.546027+00:00;2026-01;4744005;Comércio Varejista de Materiais de Construção não Especificados Anteriormente;6;5;1
4109401;Guarapuava;PR;Novo CAGED;2026-10-06T16:53:23.546027+00:00;2026-01;4742300;Comércio Varejista de Material Elétrico;6;5;1
4109401;Guarapuava;PR;Novo CAGED;2026-10-06T16:53:23.546027+00:00;2026-01;2013401;Fabricação de Adubos e Fertilizantes Organominerais;6;5;1
4109401;Guarapuava;PR;Novo CAGED;2026-10-06T16:53:23.546027+00:00;2026-01;2212900;Reforma de Pneumáticos Usados;6;8;-2
4109401;Guarapuava;PR;Novo CAGED;2026-10-06T16:53:23.546027+00:00;2026-01;0230600;Atividades de Apoio à Produção Florestal;5;11;-6
4109401;Guarapuava;PR;Novo CAGED;2026-10-06T16:53:23.546027+00:00;2026-01;4649499;Comércio Atacadista de Outros Equipamentos e Artigos de Uso Pessoal e Doméstico não Especificados Anteriormente;5;6;-1
4109401;Guarapuava;PR;Novo CAGED;2026-10-06T16:53:23.546027+00:00;2026-01;4774100;Comércio Varejista de Artigos de óptica;5;8;-3
4109401;Guarapuava;PR;Novo CAGED;2026-10-06T16:53:23.546027+00:00;2026-01;2511000;Fabricação de Estruturas Metálicas;5;8;-3
4109401;Guarapuava;PR;Novo CAGED;2026-10-06T16:53:23.546027+00:00;2026-01;3314708;Manutenção e Reparação de Máquinas, Equipamentos e Aparelhos para Transporte e Elevação de Cargas;5;0;5
4109401;Guarapuava;PR;Novo CAGED;2026-10-06T16:53:23.546027+00:00;2026-01;5510803;Motéis;5;6;-1
4109401;Guarapuava;PR;Novo CAGED;2026-10-06T16:53:23.546027+00:00;2026-01;4399103;Obras de Alvenaria;5;18;-13
4109401;Guarapuava;PR;Novo CAGED;2026-10-06T16:53:23.546027+00:00;2026-01;5320202;Serviços de Entrega Rápida;5;5;0
4109401;Guarapuava;PR;Novo CAGED;2026-10-06T16:53:23.546027+00:00;2026-01;6209100;Suporte Técnico, Manutenção e Outros Serviços em Tecnologia da Informação;5;0;5
4109401;Guarapuava;PR;Novo CAGED;2026-10-06T16:53:23.546027+00:00;2026-01;4679604;Comércio Atacadista Especializado de Materiais de Construção não Especificados Anteriormente;0;5;-5
4109401;Guarapuava;PR;Novo CAGED;2026-10-06T16:53:23.546027+00:00;2026-01;4691500;Comércio Atacadista de Mercadorias em Geral, com Predominância de Produtos Alimentícios;0;24;-24
4109401;Guarapuava;PR;Novo CAGED;2026-10-06T16:53:23.546027+00:00;2026-01;0119905;Cultivo de Feijão;0;5;-5
4109401;Guarapuava;PR;Novo CAGED;2026-10-06T16:53:23.546027+00:00;2026-01;8512100;Educação Infantil - Pré-Escola;0;7;-7
4109401;Guarapuava;PR;Novo CAGED;2026-10-06T16:53:23.546027+00:00;2026-01;8599601;Formação de Condutores;0;6;-6
4109401;Guarapuava;PR;Novo CAGED;2026-10-06T16:53:23.546027+00:00;2026-01;4713004;Lojas de Departamentos ou Magazines, Exceto Lojas Francas (Duty Free);0;9;-9
4109401;Guarapuava;PR;Novo CAGED;2026-10-06T16:53:23.546027+00:00;2026-01;1062700;Moagem de Trigo e Fabricação de Derivados;0;6;-6
4109401;Guarapuava;PR;Novo CAGED;2026-10-06T16:53:23.546027+00:00;2026-01;7210000;Pesquisa e Desenvolvimento Experimental em Ciências Físicas e Naturais;0;5;-5
4109401;Guarapuava;PR;Novo CAGED;2026-10-06T16:53:23.546027+00:00;2026-02;other;Outras categorias (agregadas);562;562;0
4109401;Guarapuava;PR;Novo CAGED;2026-10-06T16:53:23.546027+00:00;2026-02;4711302;Comércio Varejista de Mercadorias em Geral, com Predominância de Produtos Alimentícios - Supermercados;186;227;-41
4109401;Guarapuava;PR;Novo CAGED;2026-10-06T16:53:23.546027+00:00;2026-02;8610101;Atividades de Atendimento Hospitalar, Exceto Pronto-Socorro e Unidades para Atendimento a Urgências;106;40;66
4109401;Guarapuava;PR;Novo CAGED;2026-10-06T16:53:23.546027+00:00;2026-02;4211101;Construção de Rodovias e Ferrovias;85;73;12
4109401;Guarapuava;PR;Novo CAGED;2026-10-06T16:53:23.546027+00:00;2026-02;8513900;Ensino Fundamental;85;11;74
4109401;Guarapuava;PR;Novo CAGED;2026-10-06T16:53:23.546027+00:00;2026-02;4930202;Transporte Rodoviário de Carga, Exceto Produtos Perigosos e Mudanças, Intermunicipal, Interestadual e Internacional;85;109;-24
4109401;Guarapuava;PR;Novo CAGED;2026-10-06T16:53:23.546027+00:00;2026-02;5611201;Restaurantes e Similares;79;94;-15
4109401;Guarapuava;PR;Novo CAGED;2026-10-06T16:53:23.546027+00:00;2026-02;8532500;Educação Superior - Graduação e Pós-Graduação;73;22;51
4109401;Guarapuava;PR;Novo CAGED;2026-10-06T16:53:23.546027+00:00;2026-02;8211300;Serviços Combinados de Escritório e Apoio Administrativo;72;68;4
4109401;Guarapuava;PR;Novo CAGED;2026-10-06T16:53:23.546027+00:00;2026-02;2222600;Fabricação de Embalagens de Material Plástico;71;92;-21
4109401;Guarapuava;PR;Novo CAGED;2026-10-06T16:53:23.546027+00:00;2026-02;5611203;Lanchonetes, Casas de Chá, de Sucos e Similares;65;65;0
4109401;Guarapuava;PR;Novo CAGED;2026-10-06T16:53:23.546027+00:00;2026-02;4120400;Construção de Edifícios;64;80;-16
4109401;Guarapuava;PR;Novo CAGED;2026-10-06T16:53:23.546027+00:00;2026-02;1621800;Fabricação de Madeira Laminada e de Chapas de Madeira Compensada, Prensada e Aglomerada;63;75;-12
4109401;Guarapuava;PR;Novo CAGED;2026-10-06T16:53:23.546027+00:00;2026-02;4711301;Comércio Varejista de Mercadorias em Geral, com Predominância de Produtos Alimentícios - Hipermercados;46;46;0
4109401;Guarapuava;PR;Novo CAGED;2026-10-06T16:53:23.546027+00:00;2026-02;4781400;Comércio Varejista de Artigos do Vestuário e Acessórios;43;67;-24
4109401;Guarapuava;PR;Novo CAGED;2026-10-06T16:53:23.546027+00:00;2026-02;4731800;Comércio Varejista de Combustíveis para Veículos Automotores;34;24;10
4109401;Guarapuava;PR;Novo CAGED;2026-10-06T16:53:23.546027+00:00;2026-02;2399199;Fabricação de Outros Produtos de Minerais Não-Metálicos não Especificados Anteriormente;34;17;17
4109401;Guarapuava;PR;Novo CAGED;2026-10-06T16:53:23.546027+00:00;2026-02;1610203;Serrarias com Desdobramento de Madeira em Bruto;30;14;16
4109401;Guarapuava;PR;Novo CAGED;2026-10-06T16:53:23.546027+00:00;2026-02;4683400;Comércio Atacadista de Defensivos Agrícolas, Adubos, Fertilizantes e Corretivos do Solo;24;6;18
4109401;Guarapuava;PR;Novo CAGED;2026-10-06T16:53:23.546027+00:00;2026-02;4712100;Comércio Varejista de Mercadorias em Geral, com Predominância de Produtos Alimentícios - Minimercados, Mercearias e Armazéns;21;8;13
4109401;Guarapuava;PR;Novo CAGED;2026-10-06T16:53:23.546027+00:00;2026-02;4771701;Comércio Varejista de Produtos Farmacêuticos, sem Manipulação de Fórmulas;20;23;-3
4109401;Guarapuava;PR;Novo CAGED;2026-10-06T16:53:23.546027+00:00;2026-02;9430800;Atividades de Associações de Defesa de Direitos Sociais;19;12;7
4109401;Guarapuava;PR;Novo CAGED;2026-10-06T16:53:23.546027+00:00;2026-02;4635403;Comércio Atacadista de Bebidas com Atividade de Fracionamento e Acondicionamento Associada;19;8;11
4109401;Guarapuava;PR;Novo CAGED;2026-10-06T16:53:23.546027+00:00;2026-02;4721102;Padaria e Confeitaria com Predominância de Revenda;19;24;-5
4109401;Guarapuava;PR;Novo CAGED;2026-10-06T16:53:23.546027+00:00;2026-02;0161099;Atividades de Apoio à Agricultura não Especificadas Anteriormente;16;8;8
4109401;Guarapuava;PR;Novo CAGED;2026-10-06T16:53:23.546027+00:00;2026-02;8011101;Atividades de Vigilância e Segurança Privada;16;9;7
4109401;Guarapuava;PR;Novo CAGED;2026-10-06T16:53:23.546027+00:00;2026-02;4744099;Comércio Varejista de Materiais de Construção em Geral;16;15;1
4109401;Guarapuava;PR;Novo CAGED;2026-10-06T16:53:23.546027+00:00;2026-02;4530703;Comércio a Varejo de Peças e Acessórios Novos para Veículos Automotores;16;18;-2
4109401;Guarapuava;PR;Novo CAGED;2026-10-06T16:53:23.546027+00:00;2026-02;8112500;Condomínios Prediais;16;13;3
4109401;Guarapuava;PR;Novo CAGED;2026-10-06T16:53:23.546027+00:00;2026-02;0119903;Cultivo de Batata-Inglesa;16;53;-37
4109401;Guarapuava;PR;Novo CAGED;2026-10-06T16:53:23.546027+00:00;2026-02;4321500;Instalação e Manutenção Elétrica;16;29;-13
4109401;Guarapuava;PR;Novo CAGED;2026-10-06T16:53:23.546027+00:00;2026-02;4661300;Comércio Atacadista de Máquinas, Aparelhos e Equipamentos para Uso Agropecuário, Partes e Peças;15;15;0
4109401;Guarapuava;PR;Novo CAGED;2026-10-06T16:53:23.546027+00:00;2026-02;1092900;Fabricação de Biscoitos e Bolachas;15;16;-1
4109401;Guarapuava;PR;Novo CAGED;2026-10-06T16:53:23.546027+00:00;2026-02;0163600;Atividades de Pós-Colheita;14;18;-4
4109401;Guarapuava;PR;Novo CAGED;2026-10-06T16:53:23.546027+00:00;2026-02;4634601;Comércio Atacadista de Carnes Bovinas e Suínas e Derivados;14;21;-7
4109401;Guarapuava;PR;Novo CAGED;2026-10-06T16:53:23.546027+00:00;2026-02;4511101;Comércio a Varejo de Automóveis, Camionetas e Utilitários Novos;14;12;2
4109401;Guarapuava;PR;Novo CAGED;2026-10-06T16:53:23.546027+00:00;2026-02;4520001;Serviços de Manutenção e Reparação Mecânica de Veículos Automotores;14;12;2
4109401;Guarapuava;PR;Novo CAGED;2026-10-06T16:53:23.546027+00:00;2026-02;6920601;Atividades de Contabilidade;13;12;1
4109401;Guarapuava;PR;Novo CAGED;2026-10-06T16:53:23.546027+00:00;2026-02;4722901;Comércio Varejista de Carnes - Açougues;13;9;4
4109401;Guarapuava;PR;Novo CAGED;2026-10-06T16:53:23.546027+00:00;2026-02;0115600;Cultivo de Soja;12;22;-10
4109401;Guarapuava;PR;Novo CAGED;2026-10-06T16:53:23.546027+00:00;2026-02;8520100;Ensino Médio;12;5;7
4109401;Guarapuava;PR;Novo CAGED;2026-10-06T16:53:23.546027+00:00;2026-02;5620104;Fornecimento de Alimentos Preparados Preponderantemente para Consumo Domiciliar;12;6;6
4109401;Guarapuava;PR;Novo CAGED;2026-10-06T16:53:23.546027+00:00;2026-02;3321000;Instalação de Máquinas e Equipamentos Industriais;12;20;-8
4109401;Guarapuava;PR;Novo CAGED;2026-10-06T16:53:23.546027+00:00;2026-02;8121400;Limpeza em Prédios e em Domicílios;12;9;3
4109401;Guarapuava;PR;Novo CAGED;2026-10-06T16:53:23.546027+00:00;2026-02;7490104;Atividades de Intermediação e Agenciamento de Serviços e Negócios em Geral, Exceto Imobiliários;11;7;4
4109401;Guarapuava;PR;Novo CAGED;2026-10-06T16:53:23.546027+00:00;2026-02;8020001;Atividades de Monitoramento de Sistemas de Segurança Eletronico;11;9;2
4109401;Guarapuava;PR;Novo CAGED;2026-10-06T16:53:23.546027+00:00;2026-02;4744001;Comércio Varejista de Ferragens e Ferramentas;11;8;3
4109401;Guarapuava;PR;Novo CAGED;2026-10-06T16:53:23.546027+00:00;2026-02;0111399;Cultivo de Outros Cereais não Especificados Anteriormente;11;20;-9
4109401;Guarapuava;PR;Novo CAGED;2026-10-06T16:53:23.546027+00:00;2026-02;1629301;Fabricação de Artefatos Diversos de Madeira, Exceto Móveis;11;8;3
4109401;Guarapuava;PR;Novo CAGED;2026-10-06T16:53:23.546027+00:00;2026-02;1722200;Fabricação de Cartolina e Papel-Cartão;11;9;2
4109401;Guarapuava;PR;Novo CAGED;2026-10-06T16:53:23.546027+00:00;2026-02;5510801;Hotéis;11;18;-7
4109401;Guarapuava;PR;Novo CAGED;2026-10-06T16:53:23.546027+00:00;2026-02;7112000;Serviços de Engenharia;11;15;-4
4109401;Guarapuava;PR;Novo CAGED;2026-10-06T16:53:23.546027+00:00;2026-02;4632001;Comércio Atacadista de Cereais e Leguminosas Beneficiados;10;6;4
4109401;Guarapuava;PR;Novo CAGED;2026-10-06T16:53:23.546027+00:00;2026-02;4633801;Comércio Atacadista de Frutas, Verduras, Raízes, Tubérculos, Hortaliças e Legumes Frescos;10;12;-2
4109401;Guarapuava;PR;Novo CAGED;2026-10-06T16:53:23.546027+00:00;2026-02;4729699;Comércio Varejista de Produtos Alimentícios em Geral ou Especializado em Produtos Alimentícios não Especificados Anteriormente;10;8;2
4109401;Guarapuava;PR;Novo CAGED;2026-10-06T16:53:23.546027+00:00;2026-02;7319002;Promoção de Vendas;10;9;1
4109401;Guarapuava;PR;Novo CAGED;2026-10-06T16:53:23.546027+00:00;2026-02;8800600;Serviços de Assistência Social sem Alojamento;10;7;3
4109401;Guarapuava;PR;Novo CAGED;2026-10-06T16:53:23.546027+00:00;2026-02;1323500;Tecelagem de Fios de Fibras Artificiais e Sintéticas;10;22;-12
4109401;Guarapuava;PR;Novo CAGED;2026-10-06T16:53:23.546027+00:00;2026-02;4637199;Comércio Atacadista Especializado em Outros Produtos Alimentícios não Especificados Anteriormente;9;10;-1
4109401;Guarapuava;PR;Novo CAGED;2026-10-06T16:53:23.546027+00:00;2026-02;4772500;Comércio Varejista de Cosméticos, Produtos de Perfumaria e de Higiene Pessoal;9;16;-7
4109401;Guarapuava;PR;Novo CAGED;2026-10-06T16:53:23.546027+00:00;2026-02;0210103;Cultivo de Pinus;9;6;3
4109401;Guarapuava;PR;Novo CAGED;2026-10-06T16:53:23.546027+00:00;2026-02;3314799;Manutenção e Reparação de Outras Máquinas e Equipamentos para Usos Industriais não Especificados Anteriormente;9;11;-2
4109401;Guarapuava;PR;Novo CAGED;2026-10-06T16:53:23.546027+00:00;2026-02;1062700;Moagem de Trigo e Fabricação de Derivados;9;7;2
4109401;Guarapuava;PR;Novo CAGED;2026-10-06T16:53:23.546027+00:00;2026-02;8630501;Atividade Médica Ambulatorial com Recursos para Realização de Procedimentos Cirúrgicos;8;7;1
4109401;Guarapuava;PR;Novo CAGED;2026-10-06T16:53:23.546027+00:00;2026-02;9313100;Atividades de Condicionamento Físico;8;6;2
4109401;Guarapuava;PR;Novo CAGED;2026-10-06T16:53:23.546027+00:00;2026-02;9602502;Atividades de Estética e Outros Serviços de Cuidados com a Beleza;8;6;2
4109401;Guarapuava;PR;Novo CAGED;2026-10-06T16:53:23.546027+00:00;2026-02;4671100;Comércio Atacadista de Madeira e Produtos Derivados;8;13;-5
4109401;Guarapuava;PR;Novo CAGED;2026-10-06T16:53:23.546027+00:00;2026-02;4530701;Comércio por Atacado de Peças e Acessórios Novos para Veículos Automotores;8;7;1
4109401;Guarapuava;PR;Novo CAGED;2026-10-06T16:53:23.546027+00:00;2026-02;8512100;Educação Infantil - Pré-Escola;8;6;2
4109401;Guarapuava;PR;Novo CAGED;2026-10-06T16:53:23.546027+00:00;2026-02;1091102;Fabricação de Produtos de Padaria e Confeitaria com Predominância de Produção Própria;8;9;-1
4109401;Guarapuava;PR;Novo CAGED;2026-10-06T16:53:23.546027+00:00;2026-02;5620101;Fornecimento de Alimentos Preparados Preponderantemente para Empresas;8;9;-1
4109401;Guarapuava;PR;Novo CAGED;2026-10-06T16:53:23.546027+00:00;2026-02;4399103;Obras de Alvenaria;8;8;0
4109401;Guarapuava;PR;Novo CAGED;2026-10-06T16:53:23.546027+00:00;2026-02;8299799;Outras Atividades de Serviços Prestados Principalmente às Empresas não Especificadas Anteriormente;8;7;1
4109401;Guarapuava;PR;Novo CAGED;2026-10-06T16:53:23.546027+00:00;2026-02;8230001;Serviços de Organização de Feiras, Congressos, Exposições e Festas;8;6;2
4109401;Guarapuava;PR;Novo CAGED;2026-10-06T16:53:23.546027+00:00;2026-02;4921301;Transporte Rodoviário Coletivo de Passageiros, com Itinerário Fixo, Municipal;8;8;0
4109401;Guarapuava;PR;Novo CAGED;2026-10-06T16:53:23.546027+00:00;2026-02;7732201;Aluguel de Máquinas e Equipamentos para Construção sem Operador, Exceto Andaimes;7;12;-5
4109401;Guarapuava;PR;Novo CAGED;2026-10-06T16:53:23.546027+00:00;2026-02;8630503;Atividade Médica Ambulatorial Restrita a Consultas;7;6;1
4109401;Guarapuava;PR;Novo CAGED;2026-10-06T16:53:23.546027+00:00;2026-02;4753900;Comércio Varejista Especializado de Eletrodomésticos e Equipamentos de áudio e Vídeo;7;9;-2
4109401;Guarapuava;PR;Novo CAGED;2026-10-06T16:53:23.546027+00:00;2026-02;4752100;Comércio Varejista Especializado de Equipamentos de Telefonia e Comunicação;7;8;-1
4109401;Guarapuava;PR;Novo CAGED;2026-10-06T16:53:23.546027+00:00;2026-02;4751201;Comércio Varejista Especializado de Equipamentos e Suprimentos de Informática;7;6;1
4109401;Guarapuava;PR;Novo CAGED;2026-10-06T16:53:23.546027+00:00;2026-02;4789004;Comércio Varejista de Animais Vivos e de Artigos e Alimentos para Animais de Estimação;7;6;1
4109401;Guarapuava;PR;Novo CAGED;2026-10-06T16:53:23.546027+00:00;2026-02;4754701;Comércio Varejista de Móveis;7;14;-7
4109401;Guarapuava;PR;Novo CAGED;2026-10-06T16:53:23.546027+00:00;2026-02;0111302;Cultivo de Milho;7;5;2
4109401;Guarapuava;PR;Novo CAGED;2026-10-06T16:53:23.546027+00:00;2026-02;3101200;Fabricação de Móveis com Predominância de Madeira;7;8;-1
4109401;Guarapuava;PR;Novo CAGED;2026-10-06T16:53:23.546027+00:00;2026-02;2539001;Serviços de Usinagem, Tornearia e Solda;7;13;-6
4109401;Guarapuava;PR;Novo CAGED;2026-10-06T16:53:23.546027+00:00;2026-02;8630504;Atividade Odontológica com Recursos para Realização de Procedimentos Cirúrgicos;6;14;-8
4109401;Guarapuava;PR;Novo CAGED;2026-10-06T16:53:23.546027+00:00;2026-02;8220200;Atividades de Teleatendimento;6;6;0
4109401;Guarapuava;PR;Novo CAGED;2026-10-06T16:53:23.546027+00:00;2026-02;4691500;Comércio Atacadista de Mercadorias em Geral, com Predominância de Produtos Alimentícios;6;20;-14
4109401;Guarapuava;PR;Novo CAGED;2026-10-06T16:53:23.546027+00:00;2026-02;4774100;Comércio Varejista de Artigos de óptica;6;10;-4
4109401;Guarapuava;PR;Novo CAGED;2026-10-06T16:53:23.546027+00:00;2026-02;4789099;Comércio Varejista de Outros Produtos não Especificados Anteriormente;6;7;-1
4109401;Guarapuava;PR;Novo CAGED;2026-10-06T16:53:23.546027+00:00;2026-02;6424703;Cooperativas de Crédito Mútuo;6;5;1
4109401;Guarapuava;PR;Novo CAGED;2026-10-06T16:53:23.546027+00:00;2026-02;2511000;Fabricação de Estruturas Metálicas;6;8;-2
4109401;Guarapuava;PR;Novo CAGED;2026-10-06T16:53:23.546027+00:00;2026-02;4713004;Lojas de Departamentos ou Magazines, Exceto Lojas Francas (Duty Free);6;5;1
4109401;Guarapuava;PR;Novo CAGED;2026-10-06T16:53:23.546027+00:00;2026-02;4520002;Serviços de Lanternagem ou Funilaria e Pintura de Veículos Automotores;6;5;1
4109401;Guarapuava;PR;Novo CAGED;2026-10-06T16:53:23.546027+00:00;2026-02;8291100;Atividades de Cobrança e Informações Cadastrais;5;7;-2
4109401;Guarapuava;PR;Novo CAGED;2026-10-06T16:53:23.546027+00:00;2026-02;4530705;Comércio a Varejo de Pneumáticos e Câmaras-De-Ar;5;9;-4
4109401;Guarapuava;PR;Novo CAGED;2026-10-06T16:53:23.546027+00:00;2026-02;1610205;Serviço de Tratamento de Madeira Realizado Sob Contrato;5;15;-10
4109401;Guarapuava;PR;Novo CAGED;2026-10-06T16:53:23.546027+00:00;2026-02;8599601;Formação de Condutores;0;13;-13
4109401;Guarapuava;PR;Novo CAGED;2026-10-06T16:53:23.546027+00:00;2026-02;9609299;Outras Atividades de Serviços Pessoais não Especificadas Anteriormente;0;6;-6
4109401;Guarapuava;PR;Novo CAGED;2026-10-06T16:53:23.546027+00:00;2026-03;other;Outras categorias (agregadas);527;552;-25
4109401;Guarapuava;PR;Novo CAGED;2026-10-06T16:53:23.546027+00:00;2026-03;8610101;Atividades de Atendimento Hospitalar, Exceto Pronto-Socorro e Unidades para Atendimento a Urgências;232;60;172
4109401;Guarapuava;PR;Novo CAGED;2026-10-06T16:53:23.546027+00:00;2026-03;4711302;Comércio Varejista de Mercadorias em Geral, com Predominância de Produtos Alimentícios - Supermercados;197;142;55
4109401;Guarapuava;PR;Novo CAGED;2026-10-06T16:53:23.546027+00:00;2026-03;4120400;Construção de Edifícios;127;68;59
4109401;Guarapuava;PR;Novo CAGED;2026-10-06T16:53:23.546027+00:00;2026-03;5611201;Restaurantes e Similares;97;71;26
4109401;Guarapuava;PR;Novo CAGED;2026-10-06T16:53:23.546027+00:00;2026-03;4211101;Construção de Rodovias e Ferrovias;95;88;7
4109401;Guarapuava;PR;Novo CAGED;2026-10-06T16:53:23.546027+00:00;2026-03;5611203;Lanchonetes, Casas de Chá, de Sucos e Similares;94;56;38
4109401;Guarapuava;PR;Novo CAGED;2026-10-06T16:53:23.546027+00:00;2026-03;2222600;Fabricação de Embalagens de Material Plástico;87;74;13
4109401;Guarapuava;PR;Novo CAGED;2026-10-06T16:53:23.546027+00:00;2026-03;1621800;Fabricação de Madeira Laminada e de Chapas de Madeira Compensada, Prensada e Aglomerada;83;70;13
4109401;Guarapuava;PR;Novo CAGED;2026-10-06T16:53:23.546027+00:00;2026-03;8211300;Serviços Combinados de Escritório e Apoio Administrativo;83;68;15
4109401;Guarapuava;PR;Novo CAGED;2026-10-06T16:53:23.546027+00:00;2026-03;4930202;Transporte Rodoviário de Carga, Exceto Produtos Perigosos e Mudanças, Intermunicipal, Interestadual e Internacional;79;88;-9
4109401;Guarapuava;PR;Novo CAGED;2026-10-06T16:53:23.546027+00:00;2026-03;8513900;Ensino Fundamental;50;26;24
4109401;Guarapuava;PR;Novo CAGED;2026-10-06T16:53:23.546027+00:00;2026-03;4781400;Comércio Varejista de Artigos do Vestuário e Acessórios;46;51;-5
4109401;Guarapuava;PR;Novo CAGED;2026-10-06T16:53:23.546027+00:00;2026-03;0115600;Cultivo de Soja;36;23;13
4109401;Guarapuava;PR;Novo CAGED;2026-10-06T16:53:23.546027+00:00;2026-03;4721102;Padaria e Confeitaria com Predominância de Revenda;36;24;12
4109401;Guarapuava;PR;Novo CAGED;2026-10-06T16:53:23.546027+00:00;2026-03;1610203;Serrarias com Desdobramento de Madeira em Bruto;31;23;8
4109401;Guarapuava;PR;Novo CAGED;2026-10-06T16:53:23.546027+00:00;2026-03;8532500;Educação Superior - Graduação e Pós-Graduação;30;19;11
4109401;Guarapuava;PR;Novo CAGED;2026-10-06T16:53:23.546027+00:00;2026-03;7732201;Aluguel de Máquinas e Equipamentos para Construção sem Operador, Exceto Andaimes;29;18;11
4109401;Guarapuava;PR;Novo CAGED;2026-10-06T16:53:23.546027+00:00;2026-03;4711301;Comércio Varejista de Mercadorias em Geral, com Predominância de Produtos Alimentícios - Hipermercados;27;23;4
4109401;Guarapuava;PR;Novo CAGED;2026-10-06T16:53:23.546027+00:00;2026-03;4530703;Comércio a Varejo de Peças e Acessórios Novos para Veículos Automotores;26;17;9
4109401;Guarapuava;PR;Novo CAGED;2026-10-06T16:53:23.546027+00:00;2026-03;4520001;Serviços de Manutenção e Reparação Mecânica de Veículos Automotores;25;13;12
4109401;Guarapuava;PR;Novo CAGED;2026-10-06T16:53:23.546027+00:00;2026-03;0163600;Atividades de Pós-Colheita;24;17;7
4109401;Guarapuava;PR;Novo CAGED;2026-10-06T16:53:23.546027+00:00;2026-03;4683400;Comércio Atacadista de Defensivos Agrícolas, Adubos, Fertilizantes e Corretivos do Solo;24;19;5
4109401;Guarapuava;PR;Novo CAGED;2026-10-06T16:53:23.546027+00:00;2026-03;4744099;Comércio Varejista de Materiais de Construção em Geral;24;16;8
4109401;Guarapuava;PR;Novo CAGED;2026-10-06T16:53:23.546027+00:00;2026-03;4671100;Comércio Atacadista de Madeira e Produtos Derivados;22;15;7
4109401;Guarapuava;PR;Novo CAGED;2026-10-06T16:53:23.546027+00:00;2026-03;4731800;Comércio Varejista de Combustíveis para Veículos Automotores;22;30;-8
4109401;Guarapuava;PR;Novo CAGED;2026-10-06T16:53:23.546027+00:00;2026-03;5510801;Hotéis;21;12;9
4109401;Guarapuava;PR;Novo CAGED;2026-10-06T16:53:23.546027+00:00;2026-03;6920601;Atividades de Contabilidade;20;20;0
4109401;Guarapuava;PR;Novo CAGED;2026-10-06T16:53:23.546027+00:00;2026-03;4771701;Comércio Varejista de Produtos Farmacêuticos, sem Manipulação de Fórmulas;20;11;9
4109401;Guarapuava;PR;Novo CAGED;2026-10-06T16:53:23.546027+00:00;2026-03;4511101;Comércio a Varejo de Automóveis, Camionetas e Utilitários Novos;20;13;7
4109401;Guarapuava;PR;Novo CAGED;2026-10-06T16:53:23.546027+00:00;2026-03;9313100;Atividades de Condicionamento Físico;19;26;-7
4109401;Guarapuava;PR;Novo CAGED;2026-10-06T16:53:23.546027+00:00;2026-03;0111399;Cultivo de Outros Cereais não Especificados Anteriormente;19;18;1
4109401;Guarapuava;PR;Novo CAGED;2026-10-06T16:53:23.546027+00:00;2026-03;5620101;Fornecimento de Alimentos Preparados Preponderantemente para Empresas;19;11;8
4109401;Guarapuava;PR;Novo CAGED;2026-10-06T16:53:23.546027+00:00;2026-03;0230600;Atividades de Apoio à Produção Florestal;18;7;11
4109401;Guarapuava;PR;Novo CAGED;2026-10-06T16:53:23.546027+00:00;2026-03;8121400;Limpeza em Prédios e em Domicílios;18;12;6
4109401;Guarapuava;PR;Novo CAGED;2026-10-06T16:53:23.546027+00:00;2026-03;2539001;Serviços de Usinagem, Tornearia e Solda;18;15;3
4109401;Guarapuava;PR;Novo CAGED;2026-10-06T16:53:23.546027+00:00;2026-03;4921301;Transporte Rodoviário Coletivo de Passageiros, com Itinerário Fixo, Municipal;18;6;12
4109401;Guarapuava;PR;Novo CAGED;2026-10-06T16:53:23.546027+00:00;2026-03;8011101;Atividades de Vigilância e Segurança Privada;17;9;8
4109401;Guarapuava;PR;Novo CAGED;2026-10-06T16:53:23.546027+00:00;2026-03;2399199;Fabricação de Outros Produtos de Minerais Não-Metálicos não Especificados Anteriormente;17;17;0
4109401;Guarapuava;PR;Novo CAGED;2026-10-06T16:53:23.546027+00:00;2026-03;5320202;Serviços de Entrega Rápida;17;14;3
4109401;Guarapuava;PR;Novo CAGED;2026-10-06T16:53:23.546027+00:00;2026-03;8630504;Atividade Odontológica com Recursos para Realização de Procedimentos Cirúrgicos;16;6;10
4109401;Guarapuava;PR;Novo CAGED;2026-10-06T16:53:23.546027+00:00;2026-03;4661300;Comércio Atacadista de Máquinas, Aparelhos e Equipamentos para Uso Agropecuário, Partes e Peças;16;13;3
4109401;Guarapuava;PR;Novo CAGED;2026-10-06T16:53:23.546027+00:00;2026-03;4754701;Comércio Varejista de Móveis;16;16;0
4109401;Guarapuava;PR;Novo CAGED;2026-10-06T16:53:23.546027+00:00;2026-03;8112500;Condomínios Prediais;16;13;3
4109401;Guarapuava;PR;Novo CAGED;2026-10-06T16:53:23.546027+00:00;2026-03;1721400;Fabricação de Papel;16;7;9
4109401;Guarapuava;PR;Novo CAGED;2026-10-06T16:53:23.546027+00:00;2026-03;4930201;Transporte Rodoviário de Carga, Exceto Produtos Perigosos e Mudanças, Municipal;16;11;5
4109401;Guarapuava;PR;Novo CAGED;2026-10-06T16:53:23.546027+00:00;2026-03;8220200;Atividades de Teleatendimento;15;13;2
4109401;Guarapuava;PR;Novo CAGED;2026-10-06T16:53:23.546027+00:00;2026-03;4321500;Instalação e Manutenção Elétrica;15;19;-4
4109401;Guarapuava;PR;Novo CAGED;2026-10-06T16:53:23.546027+00:00;2026-03;4712100;Comércio Varejista de Mercadorias em Geral, com Predominância de Produtos Alimentícios - Minimercados, Mercearias e Armazéns;14;16;-2
4109401;Guarapuava;PR;Novo CAGED;2026-10-06T16:53:23.546027+00:00;2026-03;9430800;Atividades de Associações de Defesa de Direitos Sociais;13;8;5
4109401;Guarapuava;PR;Novo CAGED;2026-10-06T16:53:23.546027+00:00;2026-03;4722901;Comércio Varejista de Carnes - Açougues;13;13;0
4109401;Guarapuava;PR;Novo CAGED;2026-10-06T16:53:23.546027+00:00;2026-03;3314799;Manutenção e Reparação de Outras Máquinas e Equipamentos para Usos Industriais não Especificados Anteriormente;13;10;3
4109401;Guarapuava;PR;Novo CAGED;2026-10-06T16:53:23.546027+00:00;2026-03;1610205;Serviço de Tratamento de Madeira Realizado Sob Contrato;13;10;3
4109401;Guarapuava;PR;Novo CAGED;2026-10-06T16:53:23.546027+00:00;2026-03;1323500;Tecelagem de Fios de Fibras Artificiais e Sintéticas;13;20;-7
4109401;Guarapuava;PR;Novo CAGED;2026-10-06T16:53:23.546027+00:00;2026-03;4634601;Comércio Atacadista de Carnes Bovinas e Suínas e Derivados;12;21;-9
4109401;Guarapuava;PR;Novo CAGED;2026-10-06T16:53:23.546027+00:00;2026-03;4729602;Comércio Varejista de Mercadorias em Lojas de Conveniência;12;5;7
4109401;Guarapuava;PR;Novo CAGED;2026-10-06T16:53:23.546027+00:00;2026-03;9609299;Outras Atividades de Serviços Pessoais não Especificadas Anteriormente;12;20;-8
4109401;Guarapuava;PR;Novo CAGED;2026-10-06T16:53:23.546027+00:00;2026-03;8630503;Atividade Médica Ambulatorial Restrita a Consultas;11;10;1
4109401;Guarapuava;PR;Novo CAGED;2026-10-06T16:53:23.546027+00:00;2026-03;4772500;Comércio Varejista de Cosméticos, Produtos de Perfumaria e de Higiene Pessoal;11;11;0
4109401;Guarapuava;PR;Novo CAGED;2026-10-06T16:53:23.546027+00:00;2026-03;8512100;Educação Infantil - Pré-Escola;11;7;4
4109401;Guarapuava;PR;Novo CAGED;2026-10-06T16:53:23.546027+00:00;2026-03;3101200;Fabricação de Móveis com Predominância de Madeira;11;8;3
4109401;Guarapuava;PR;Novo CAGED;2026-10-06T16:53:23.546027+00:00;2026-03;4399103;Obras de Alvenaria;11;9;2
4109401;Guarapuava;PR;Novo CAGED;2026-10-06T16:53:23.546027+00:00;2026-03;8230001;Serviços de Organização de Feiras, Congressos, Exposições e Festas;11;7;4
4109401;Guarapuava;PR;Novo CAGED;2026-10-06T16:53:23.546027+00:00;2026-03;8020001;Atividades de Monitoramento de Sistemas de Segurança Eletronico;10;13;-3
4109401;Guarapuava;PR;Novo CAGED;2026-10-06T16:53:23.546027+00:00;2026-03;4782201;Comércio Varejista de Calçados;10;13;-3
4109401;Guarapuava;PR;Novo CAGED;2026-10-06T16:53:23.546027+00:00;2026-03;4729699;Comércio Varejista de Produtos Alimentícios em Geral ou Especializado em Produtos Alimentícios não Especificados Anteriormente;10;9;1
4109401;Guarapuava;PR;Novo CAGED;2026-10-06T16:53:23.546027+00:00;2026-03;3321000;Instalação de Máquinas e Equipamentos Industriais;10;16;-6
4109401;Guarapuava;PR;Novo CAGED;2026-10-06T16:53:23.546027+00:00;2026-03;4530701;Comércio por Atacado de Peças e Acessórios Novos para Veículos Automotores;9;8;1
4109401;Guarapuava;PR;Novo CAGED;2026-10-06T16:53:23.546027+00:00;2026-03;2013401;Fabricação de Adubos e Fertilizantes Organominerais;9;8;1
4109401;Guarapuava;PR;Novo CAGED;2026-10-06T16:53:23.546027+00:00;2026-03;1092900;Fabricação de Biscoitos e Bolachas;9;19;-10
4109401;Guarapuava;PR;Novo CAGED;2026-10-06T16:53:23.546027+00:00;2026-03;5620104;Fornecimento de Alimentos Preparados Preponderantemente para Consumo Domiciliar;9;10;-1
4109401;Guarapuava;PR;Novo CAGED;2026-10-06T16:53:23.546027+00:00;2026-03;4789099;Comércio Varejista de Outros Produtos não Especificados Anteriormente;8;10;-2
4109401;Guarapuava;PR;Novo CAGED;2026-10-06T16:53:23.546027+00:00;2026-03;4222701;Construção de Redes de Abastecimento de água, Coleta de Esgoto e Construções Correlatas, Exceto Obras de Irrigação;8;7;1
4109401;Guarapuava;PR;Novo CAGED;2026-10-06T16:53:23.546027+00:00;2026-03;1052000;Fabricação de Laticínios;8;6;2
4109401;Guarapuava;PR;Novo CAGED;2026-10-06T16:53:23.546027+00:00;2026-03;8299799;Outras Atividades de Serviços Prestados Principalmente às Empresas não Especificadas Anteriormente;8;6;2
4109401;Guarapuava;PR;Novo CAGED;2026-10-06T16:53:23.546027+00:00;2026-03;0155505;Produção de Ovos;8;6;2
4109401;Guarapuava;PR;Novo CAGED;2026-10-06T16:53:23.546027+00:00;2026-03;4637199;Comércio Atacadista Especializado em Outros Produtos Alimentícios não Especificados Anteriormente;7;11;-4
4109401;Guarapuava;PR;Novo CAGED;2026-10-06T16:53:23.546027+00:00;2026-03;4632001;Comércio Atacadista de Cereais e Leguminosas Beneficiados;7;8;-1
4109401;Guarapuava;PR;Novo CAGED;2026-10-06T16:53:23.546027+00:00;2026-03;0119999;Cultivo de Outras Plantas de Lavoura Temporária não Especificadas Anteriormente;7;10;-3
4109401;Guarapuava;PR;Novo CAGED;2026-10-06T16:53:23.546027+00:00;2026-03;7319002;Promoção de Vendas;7;11;-4
4109401;Guarapuava;PR;Novo CAGED;2026-10-06T16:53:23.546027+00:00;2026-03;4633801;Comércio Atacadista de Frutas, Verduras, Raízes, Tubérculos, Hortaliças e Legumes Frescos;6;11;-5
4109401;Guarapuava;PR;Novo CAGED;2026-10-06T16:53:23.546027+00:00;2026-03;4649499;Comércio Atacadista de Outros Equipamentos e Artigos de Uso Pessoal e Doméstico não Especificados Anteriormente;6;0;6
4109401;Guarapuava;PR;Novo CAGED;2026-10-06T16:53:23.546027+00:00;2026-03;4622200;Comércio Atacadista de Soja;6;13;-7
4109401;Guarapuava;PR;Novo CAGED;2026-10-06T16:53:23.546027+00:00;2026-03;4753900;Comércio Varejista Especializado de Eletrodomésticos e Equipamentos de áudio e Vídeo;6;9;-3
4109401;Guarapuava;PR;Novo CAGED;2026-10-06T16:53:23.546027+00:00;2026-03;4751201;Comércio Varejista Especializado de Equipamentos e Suprimentos de Informática;6;9;-3
4109401;Guarapuava;PR;Novo CAGED;2026-10-06T16:53:23.546027+00:00;2026-03;4744005;Comércio Varejista de Materiais de Construção não Especificados Anteriormente;6;7;-1
4109401;Guarapuava;PR;Novo CAGED;2026-10-06T16:53:23.546027+00:00;2026-03;4511102;Comércio a Varejo de Automóveis, Camionetas e Utilitários Usados;6;7;-1
4109401;Guarapuava;PR;Novo CAGED;2026-10-06T16:53:23.546027+00:00;2026-03;4713004;Lojas de Departamentos ou Magazines, Exceto Lojas Francas (Duty Free);6;7;-1
4109401;Guarapuava;PR;Novo CAGED;2026-10-06T16:53:23.546027+00:00;2026-03;2212900;Reforma de Pneumáticos Usados;6;9;-3
4109401;Guarapuava;PR;Novo CAGED;2026-10-06T16:53:23.546027+00:00;2026-03;6110803;Serviços de Comunicação Multimídia - Scm;6;6;0
4109401;Guarapuava;PR;Novo CAGED;2026-10-06T16:53:23.546027+00:00;2026-03;7112000;Serviços de Engenharia;6;7;-1
4109401;Guarapuava;PR;Novo CAGED;2026-10-06T16:53:23.546027+00:00;2026-03;8291100;Atividades de Cobrança e Informações Cadastrais;5;10;-5
4109401;Guarapuava;PR;Novo CAGED;2026-10-06T16:53:23.546027+00:00;2026-03;4723700;Comércio Varejista de Bebidas;5;5;0
4109401;Guarapuava;PR;Novo CAGED;2026-10-06T16:53:23.546027+00:00;2026-03;4744002;Comércio Varejista de Madeira e Artefatos;5;0;5
4109401;Guarapuava;PR;Novo CAGED;2026-10-06T16:53:23.546027+00:00;2026-03;0119903;Cultivo de Batata-Inglesa;5;14;-9
4109401;Guarapuava;PR;Novo CAGED;2026-10-06T16:53:23.546027+00:00;2026-03;2013402;Fabricação de Adubos e Fertilizantes, Exceto Organominerais;5;0;5
4109401;Guarapuava;PR;Novo CAGED;2026-10-06T16:53:23.546027+00:00;2026-03;1091102;Fabricação de Produtos de Padaria e Confeitaria com Predominância de Produção Própria;5;6;-1
4109401;Guarapuava;PR;Novo CAGED;2026-10-06T16:53:23.546027+00:00;2026-03;4299599;Outras Obras de Engenharia Civil não Especificadas Anteriormente;5;0;5
4109401;Guarapuava;PR;Novo CAGED;2026-10-06T16:53:23.546027+00:00;2026-03;0161003;Serviço de Preparação de Terreno, Cultivo e Colheita;5;31;-26
4109401;Guarapuava;PR;Novo CAGED;2026-10-06T16:53:23.546027+00:00;2026-03;9491000;Atividades de Organizações Religiosas;0;5;-5
4109401;Guarapuava;PR;Novo CAGED;2026-10-06T16:53:23.546027+00:00;2026-03;8299706;Casas Lotéricas;0;6;-6
4109401;Guarapuava;PR;Novo CAGED;2026-10-06T16:53:23.546027+00:00;2026-04;other;Outras categorias (agregadas);555;526;29
4109401;Guarapuava;PR;Novo CAGED;2026-10-06T16:53:23.546027+00:00;2026-04;4711302;Comércio Varejista de Mercadorias em Geral, com Predominância de Produtos Alimentícios - Supermercados;142;150;-8
4109401;Guarapuava;PR;Novo CAGED;2026-10-06T16:53:23.546027+00:00;2026-04;8610101;Atividades de Atendimento Hospitalar, Exceto Pronto-Socorro e Unidades para Atendimento a Urgências;141;55;86
4109401;Guarapuava;PR;Novo CAGED;2026-10-06T16:53:23.546027+00:00;2026-04;4120400;Construção de Edifícios;90;97;-7
4109401;Guarapuava;PR;Novo CAGED;2026-10-06T16:53:23.546027+00:00;2026-04;1621800;Fabricação de Madeira Laminada e de Chapas de Madeira Compensada, Prensada e Aglomerada;82;56;26
4109401;Guarapuava;PR;Novo CAGED;2026-10-06T16:53:23.546027+00:00;2026-04;5611201;Restaurantes e Similares;79;72;7
4109401;Guarapuava;PR;Novo CAGED;2026-10-06T16:53:23.546027+00:00;2026-04;4930202;Transporte Rodoviário de Carga, Exceto Produtos Perigosos e Mudanças, Intermunicipal, Interestadual e Internacional;67;72;-5
4109401;Guarapuava;PR;Novo CAGED;2026-10-06T16:53:23.546027+00:00;2026-04;4211101;Construção de Rodovias e Ferrovias;66;48;18
4109401;Guarapuava;PR;Novo CAGED;2026-10-06T16:53:23.546027+00:00;2026-04;8211300;Serviços Combinados de Escritório e Apoio Administrativo;66;63;3
4109401;Guarapuava;PR;Novo CAGED;2026-10-06T16:53:23.546027+00:00;2026-04;2222600;Fabricação de Embalagens de Material Plástico;57;92;-35
4109401;Guarapuava;PR;Novo CAGED;2026-10-06T16:53:23.546027+00:00;2026-04;5611203;Lanchonetes, Casas de Chá, de Sucos e Similares;51;62;-11
4109401;Guarapuava;PR;Novo CAGED;2026-10-06T16:53:23.546027+00:00;2026-04;4781400;Comércio Varejista de Artigos do Vestuário e Acessórios;44;49;-5
4109401;Guarapuava;PR;Novo CAGED;2026-10-06T16:53:23.546027+00:00;2026-04;4731800;Comércio Varejista de Combustíveis para Veículos Automotores;38;26;12
4109401;Guarapuava;PR;Novo CAGED;2026-10-06T16:53:23.546027+00:00;2026-04;4771701;Comércio Varejista de Produtos Farmacêuticos, sem Manipulação de Fórmulas;35;25;10
4109401;Guarapuava;PR;Novo CAGED;2026-10-06T16:53:23.546027+00:00;2026-04;4632001;Comércio Atacadista de Cereais e Leguminosas Beneficiados;30;5;25
4109401;Guarapuava;PR;Novo CAGED;2026-10-06T16:53:23.546027+00:00;2026-04;4711301;Comércio Varejista de Mercadorias em Geral, com Predominância de Produtos Alimentícios - Hipermercados;29;34;-5
4109401;Guarapuava;PR;Novo CAGED;2026-10-06T16:53:23.546027+00:00;2026-04;1721400;Fabricação de Papel;29;11;18
4109401;Guarapuava;PR;Novo CAGED;2026-10-06T16:53:23.546027+00:00;2026-04;4321500;Instalação e Manutenção Elétrica;28;17;11
4109401;Guarapuava;PR;Novo CAGED;2026-10-06T16:53:23.546027+00:00;2026-04;4721102;Padaria e Confeitaria com Predominância de Revenda;28;22;6
4109401;Guarapuava;PR;Novo CAGED;2026-10-06T16:53:23.546027+00:00;2026-04;1610203;Serrarias com Desdobramento de Madeira em Bruto;26;15;11
4109401;Guarapuava;PR;Novo CAGED;2026-10-06T16:53:23.546027+00:00;2026-04;4683400;Comércio Atacadista de Defensivos Agrícolas, Adubos, Fertilizantes e Corretivos do Solo;25;20;5
4109401;Guarapuava;PR;Novo CAGED;2026-10-06T16:53:23.546027+00:00;2026-04;8532500;Educação Superior - Graduação e Pós-Graduação;23;19;4
4109401;Guarapuava;PR;Novo CAGED;2026-10-06T16:53:23.546027+00:00;2026-04;6920601;Atividades de Contabilidade;19;11;8
4109401;Guarapuava;PR;Novo CAGED;2026-10-06T16:53:23.546027+00:00;2026-04;4530703;Comércio a Varejo de Peças e Acessórios Novos para Veículos Automotores;19;12;7
4109401;Guarapuava;PR;Novo CAGED;2026-10-06T16:53:23.546027+00:00;2026-04;4722901;Comércio Varejista de Carnes - Açougues;18;9;9
4109401;Guarapuava;PR;Novo CAGED;2026-10-06T16:53:23.546027+00:00;2026-04;1323500;Tecelagem de Fios de Fibras Artificiais e Sintéticas;18;5;13
4109401;Guarapuava;PR;Novo CAGED;2026-10-06T16:53:23.546027+00:00;2026-04;8513900;Ensino Fundamental;17;19;-2
4109401;Guarapuava;PR;Novo CAGED;2026-10-06T16:53:23.546027+00:00;2026-04;5510801;Hotéis;17;14;3
4109401;Guarapuava;PR;Novo CAGED;2026-10-06T16:53:23.546027+00:00;2026-04;8121400;Limpeza em Prédios e em Domicílios;17;9;8
4109401;Guarapuava;PR;Novo CAGED;2026-10-06T16:53:23.546027+00:00;2026-04;8011101;Atividades de Vigilância e Segurança Privada;16;12;4
4109401;Guarapuava;PR;Novo CAGED;2026-10-06T16:53:23.546027+00:00;2026-04;4712100;Comércio Varejista de Mercadorias em Geral, com Predominância de Produtos Alimentícios - Minimercados, Mercearias e Armazéns;15;14;1
4109401;Guarapuava;PR;Novo CAGED;2026-10-06T16:53:23.546027+00:00;2026-04;0115600;Cultivo de Soja;14;29;-15
4109401;Guarapuava;PR;Novo CAGED;2026-10-06T16:53:23.546027+00:00;2026-04;7732201;Aluguel de Máquinas e Equipamentos para Construção sem Operador, Exceto Andaimes;13;15;-2
4109401;Guarapuava;PR;Novo CAGED;2026-10-06T16:53:23.546027+00:00;2026-04;9313100;Atividades de Condicionamento Físico;13;19;-6
4109401;Guarapuava;PR;Novo CAGED;2026-10-06T16:53:23.546027+00:00;2026-04;4634601;Comércio Atacadista de Carnes Bovinas e Suínas e Derivados;13;14;-1
4109401;Guarapuava;PR;Novo CAGED;2026-10-06T16:53:23.546027+00:00;2026-04;8112500;Condomínios Prediais;13;16;-3
4109401;Guarapuava;PR;Novo CAGED;2026-10-06T16:53:23.546027+00:00;2026-04;1092900;Fabricação de Biscoitos e Bolachas;13;9;4
4109401;Guarapuava;PR;Novo CAGED;2026-10-06T16:53:23.546027+00:00;2026-04;8800600;Serviços de Assistência Social sem Alojamento;13;6;7
4109401;Guarapuava;PR;Novo CAGED;2026-10-06T16:53:23.546027+00:00;2026-04;4520001;Serviços de Manutenção e Reparação Mecânica de Veículos Automotores;13;19;-6
4109401;Guarapuava;PR;Novo CAGED;2026-10-06T16:53:23.546027+00:00;2026-04;0230600;Atividades de Apoio à Produção Florestal;12;5;7
4109401;Guarapuava;PR;Novo CAGED;2026-10-06T16:53:23.546027+00:00;2026-04;4661300;Comércio Atacadista de Máquinas, Aparelhos e Equipamentos para Uso Agropecuário, Partes e Peças;12;7;5
4109401;Guarapuava;PR;Novo CAGED;2026-10-06T16:53:23.546027+00:00;2026-04;4771702;Comércio Varejista de Produtos Farmacêuticos, com Manipulação de Fórmulas;12;6;6
4109401;Guarapuava;PR;Novo CAGED;2026-10-06T16:53:23.546027+00:00;2026-04;4930201;Transporte Rodoviário de Carga, Exceto Produtos Perigosos e Mudanças, Municipal;12;11;1
4109401;Guarapuava;PR;Novo CAGED;2026-10-06T16:53:23.546027+00:00;2026-04;9430800;Atividades de Associações de Defesa de Direitos Sociais;11;14;-3
4109401;Guarapuava;PR;Novo CAGED;2026-10-06T16:53:23.546027+00:00;2026-04;4671100;Comércio Atacadista de Madeira e Produtos Derivados;11;19;-8
4109401;Guarapuava;PR;Novo CAGED;2026-10-06T16:53:23.546027+00:00;2026-04;4511101;Comércio a Varejo de Automóveis, Camionetas e Utilitários Novos;11;15;-4
4109401;Guarapuava;PR;Novo CAGED;2026-10-06T16:53:23.546027+00:00;2026-04;5620104;Fornecimento de Alimentos Preparados Preponderantemente para Consumo Domiciliar;11;7;4
4109401;Guarapuava;PR;Novo CAGED;2026-10-06T16:53:23.546027+00:00;2026-04;4637199;Comércio Atacadista Especializado em Outros Produtos Alimentícios não Especificados Anteriormente;10;14;-4
4109401;Guarapuava;PR;Novo CAGED;2026-10-06T16:53:23.546027+00:00;2026-04;4782201;Comércio Varejista de Calçados;10;8;2
4109401;Guarapuava;PR;Novo CAGED;2026-10-06T16:53:23.546027+00:00;2026-04;4744099;Comércio Varejista de Materiais de Construção em Geral;10;20;-10
4109401;Guarapuava;PR;Novo CAGED;2026-10-06T16:53:23.546027+00:00;2026-04;4754701;Comércio Varejista de Móveis;10;10;0
4109401;Guarapuava;PR;Novo CAGED;2026-10-06T16:53:23.546027+00:00;2026-04;7112000;Serviços de Engenharia;10;6;4
4109401;Guarapuava;PR;Novo CAGED;2026-10-06T16:53:23.546027+00:00;2026-04;8630503;Atividade Médica Ambulatorial Restrita a Consultas;9;5;4
4109401;Guarapuava;PR;Novo CAGED;2026-10-06T16:53:23.546027+00:00;2026-04;0161099;Atividades de Apoio à Agricultura não Especificadas Anteriormente;9;7;2
4109401;Guarapuava;PR;Novo CAGED;2026-10-06T16:53:23.546027+00:00;2026-04;0163600;Atividades de Pós-Colheita;9;9;0
4109401;Guarapuava;PR;Novo CAGED;2026-10-06T16:53:23.546027+00:00;2026-04;9609299;Outras Atividades de Serviços Pessoais não Especificadas Anteriormente;9;20;-11
4109401;Guarapuava;PR;Novo CAGED;2026-10-06T16:53:23.546027+00:00;2026-04;2212900;Reforma de Pneumáticos Usados;9;8;1
4109401;Guarapuava;PR;Novo CAGED;2026-10-06T16:53:23.546027+00:00;2026-04;8020001;Atividades de Monitoramento de Sistemas de Segurança Eletronico;8;11;-3
4109401;Guarapuava;PR;Novo CAGED;2026-10-06T16:53:23.546027+00:00;2026-04;0119999;Cultivo de Outras Plantas de Lavoura Temporária não Especificadas Anteriormente;8;9;-1
4109401;Guarapuava;PR;Novo CAGED;2026-10-06T16:53:23.546027+00:00;2026-04;5620101;Fornecimento de Alimentos Preparados Preponderantemente para Empresas;8;7;1
4109401;Guarapuava;PR;Novo CAGED;2026-10-06T16:53:23.546027+00:00;2026-04;4110700;Incorporação de Empreendimentos Imobiliários;8;8;0
4109401;Guarapuava;PR;Novo CAGED;2026-10-06T16:53:23.546027+00:00;2026-04;3321000;Instalação de Máquinas e Equipamentos Industriais;8;8;0
4109401;Guarapuava;PR;Novo CAGED;2026-10-06T16:53:23.546027+00:00;2026-04;8630504;Atividade Odontológica com Recursos para Realização de Procedimentos Cirúrgicos;7;10;-3
4109401;Guarapuava;PR;Novo CAGED;2026-10-06T16:53:23.546027+00:00;2026-04;9312300;Clubes Sociais, Esportivos e Similares;7;23;-16
4109401;Guarapuava;PR;Novo CAGED;2026-10-06T16:53:23.546027+00:00;2026-04;4753900;Comércio Varejista Especializado de Eletrodomésticos e Equipamentos de áudio e Vídeo;7;5;2
4109401;Guarapuava;PR;Novo CAGED;2026-10-06T16:53:23.546027+00:00;2026-04;4530701;Comércio por Atacado de Peças e Acessórios Novos para Veículos Automotores;7;5;2
4109401;Guarapuava;PR;Novo CAGED;2026-10-06T16:53:23.546027+00:00;2026-04;6821802;Corretagem no Aluguel de Imóveis;7;5;2
4109401;Guarapuava;PR;Novo CAGED;2026-10-06T16:53:23.546027+00:00;2026-04;0111399;Cultivo de Outros Cereais não Especificados Anteriormente;7;13;-6
4109401;Guarapuava;PR;Novo CAGED;2026-10-06T16:53:23.546027+00:00;2026-04;0155505;Produção de Ovos;7;5;2
4109401;Guarapuava;PR;Novo CAGED;2026-10-06T16:53:23.546027+00:00;2026-04;0161003;Serviço de Preparação de Terreno, Cultivo e Colheita;7;7;0
4109401;Guarapuava;PR;Novo CAGED;2026-10-06T16:53:23.546027+00:00;2026-04;5320202;Serviços de Entrega Rápida;7;8;-1
4109401;Guarapuava;PR;Novo CAGED;2026-10-06T16:53:23.546027+00:00;2026-04;8599604;Treinamento em Desenvolvimento Profissional e Gerencial;7;0;7
4109401;Guarapuava;PR;Novo CAGED;2026-10-06T16:53:23.546027+00:00;2026-04;9499500;Atividades Associativas não Especificadas Anteriormente;6;5;1
4109401;Guarapuava;PR;Novo CAGED;2026-10-06T16:53:23.546027+00:00;2026-04;4635403;Comércio Atacadista de Bebidas com Atividade de Fracionamento e Acondicionamento Associada;6;5;1
4109401;Guarapuava;PR;Novo CAGED;2026-10-06T16:53:23.546027+00:00;2026-04;4772500;Comércio Varejista de Cosméticos, Produtos de Perfumaria e de Higiene Pessoal;6;5;1
4109401;Guarapuava;PR;Novo CAGED;2026-10-06T16:53:23.546027+00:00;2026-04;0119903;Cultivo de Batata-Inglesa;6;9;-3
4109401;Guarapuava;PR;Novo CAGED;2026-10-06T16:53:23.546027+00:00;2026-04;0111302;Cultivo de Milho;6;7;-1
4109401;Guarapuava;PR;Novo CAGED;2026-10-06T16:53:23.546027+00:00;2026-04;8511200;Educação Infantil - Creche;6;0;6
4109401;Guarapuava;PR;Novo CAGED;2026-10-06T16:53:23.546027+00:00;2026-04;2399199;Fabricação de Outros Produtos de Minerais Não-Metálicos não Especificados Anteriormente;6;14;-8
4109401;Guarapuava;PR;Novo CAGED;2026-10-06T16:53:23.546027+00:00;2026-04;2311700;Fabricação de Vidro Plano e de Segurança;6;6;0
4109401;Guarapuava;PR;Novo CAGED;2026-10-06T16:53:23.546027+00:00;2026-04;6462000;Holdings de Instituições Não-Financeiras;6;20;-14
4109401;Guarapuava;PR;Novo CAGED;2026-10-06T16:53:23.546027+00:00;2026-04;2539001;Serviços de Usinagem, Tornearia e Solda;6;12;-6
4109401;Guarapuava;PR;Novo CAGED;2026-10-06T16:53:23.546027+00:00;2026-04;9602502;Atividades de Estética e Outros Serviços de Cuidados com a Beleza;5;5;0
4109401;Guarapuava;PR;Novo CAGED;2026-10-06T16:53:23.546027+00:00;2026-04;8220200;Atividades de Teleatendimento;5;10;-5
4109401;Guarapuava;PR;Novo CAGED;2026-10-06T16:53:23.546027+00:00;2026-04;8012900;Atividades de Transporte de Valores;5;5;0
4109401;Guarapuava;PR;Novo CAGED;2026-10-06T16:53:23.546027+00:00;2026-04;4649404;Comércio Atacadista de Móveis e Artigos de Colchoaria;5;0;5
4109401;Guarapuava;PR;Novo CAGED;2026-10-06T16:53:23.546027+00:00;2026-04;4744005;Comércio Varejista de Materiais de Construção não Especificados Anteriormente;5;5;0
4109401;Guarapuava;PR;Novo CAGED;2026-10-06T16:53:23.546027+00:00;2026-04;4729602;Comércio Varejista de Mercadorias em Lojas de Conveniência;5;5;0
4109401;Guarapuava;PR;Novo CAGED;2026-10-06T16:53:23.546027+00:00;2026-04;4729699;Comércio Varejista de Produtos Alimentícios em Geral ou Especializado em Produtos Alimentícios não Especificados Anteriormente;5;7;-2
4109401;Guarapuava;PR;Novo CAGED;2026-10-06T16:53:23.546027+00:00;2026-04;4530705;Comércio a Varejo de Pneumáticos e Câmaras-De-Ar;5;7;-2
4109401;Guarapuava;PR;Novo CAGED;2026-10-06T16:53:23.546027+00:00;2026-04;6424703;Cooperativas de Crédito Mútuo;5;5;0
4109401;Guarapuava;PR;Novo CAGED;2026-10-06T16:53:23.546027+00:00;2026-04;0210103;Cultivo de Pinus;5;0;5
4109401;Guarapuava;PR;Novo CAGED;2026-10-06T16:53:23.546027+00:00;2026-04;5211799;Depósitos de Mercadorias para Terceiros, Exceto Armazéns Gerais e Guarda-Móveis;5;5;0
4109401;Guarapuava;PR;Novo CAGED;2026-10-06T16:53:23.546027+00:00;2026-04;1610205;Serviço de Tratamento de Madeira Realizado Sob Contrato;5;6;-1
4109401;Guarapuava;PR;Novo CAGED;2026-10-06T16:53:23.546027+00:00;2026-04;8230001;Serviços de Organização de Feiras, Congressos, Exposições e Festas;5;14;-9
4109401;Guarapuava;PR;Novo CAGED;2026-10-06T16:53:23.546027+00:00;2026-04;4921301;Transporte Rodoviário Coletivo de Passageiros, com Itinerário Fixo, Municipal;5;6;-1
4109401;Guarapuava;PR;Novo CAGED;2026-10-06T16:53:23.546027+00:00;2026-04;6912500;Cartórios;0;5;-5
4109401;Guarapuava;PR;Novo CAGED;2026-10-06T16:53:23.546027+00:00;2026-04;4633801;Comércio Atacadista de Frutas, Verduras, Raízes, Tubérculos, Hortaliças e Legumes Frescos;0;9;-9
4109401;Guarapuava;PR;Novo CAGED;2026-10-06T16:53:23.546027+00:00;2026-04;4213800;Obras de Urbanização - Ruas, Praças e Calçadas;0;7;-7
4109401;Guarapuava;PR;Novo CAGED;2026-10-06T16:53:23.546027+00:00;2026-05;other;Outras categorias (agregadas);499;633;-134
4109401;Guarapuava;PR;Novo CAGED;2026-10-06T16:53:23.546027+00:00;2026-05;4711302;Comércio Varejista de Mercadorias em Geral, com Predominância de Produtos Alimentícios - Supermercados;160;166;-6
4109401;Guarapuava;PR;Novo CAGED;2026-10-06T16:53:23.546027+00:00;2026-05;4211101;Construção de Rodovias e Ferrovias;65;88;-23
4109401;Guarapuava;PR;Novo CAGED;2026-10-06T16:53:23.546027+00:00;2026-05;4120400;Construção de Edifícios;64;76;-12
4109401;Guarapuava;PR;Novo CAGED;2026-10-06T16:53:23.546027+00:00;2026-05;1621800;Fabricação de Madeira Laminada e de Chapas de Madeira Compensada, Prensada e Aglomerada;60;61;-1
4109401;Guarapuava;PR;Novo CAGED;2026-10-06T16:53:23.546027+00:00;2026-05;5611201;Restaurantes e Similares;60;82;-22
4109401;Guarapuava;PR;Novo CAGED;2026-10-06T16:53:23.546027+00:00;2026-05;8211300;Serviços Combinados de Escritório e Apoio Administrativo;59;46;13
4109401;Guarapuava;PR;Novo CAGED;2026-10-06T16:53:23.546027+00:00;2026-05;4930202;Transporte Rodoviário de Carga, Exceto Produtos Perigosos e Mudanças, Intermunicipal, Interestadual e Internacional;59;73;-14
4109401;Guarapuava;PR;Novo CAGED;2026-10-06T16:53:23.546027+00:00;2026-05;5611203;Lanchonetes, Casas de Chá, de Sucos e Similares;51;52;-1
4109401;Guarapuava;PR;Novo CAGED;2026-10-06T16:53:23.546027+00:00;2026-05;8610101;Atividades de Atendimento Hospitalar, Exceto Pronto-Socorro e Unidades para Atendimento a Urgências;50;50;0
4109401;Guarapuava;PR;Novo CAGED;2026-10-06T16:53:23.546027+00:00;2026-05;4781400;Comércio Varejista de Artigos do Vestuário e Acessórios;42;51;-9
4109401;Guarapuava;PR;Novo CAGED;2026-10-06T16:53:23.546027+00:00;2026-05;8513900;Ensino Fundamental;42;23;19
4109401;Guarapuava;PR;Novo CAGED;2026-10-06T16:53:23.546027+00:00;2026-05;4731800;Comércio Varejista de Combustíveis para Veículos Automotores;31;21;10
4109401;Guarapuava;PR;Novo CAGED;2026-10-06T16:53:23.546027+00:00;2026-05;2222600;Fabricação de Embalagens de Material Plástico;31;81;-50
4109401;Guarapuava;PR;Novo CAGED;2026-10-06T16:53:23.546027+00:00;2026-05;1610203;Serrarias com Desdobramento de Madeira em Bruto;29;20;9
4109401;Guarapuava;PR;Novo CAGED;2026-10-06T16:53:23.546027+00:00;2026-05;4711301;Comércio Varejista de Mercadorias em Geral, com Predominância de Produtos Alimentícios - Hipermercados;27;22;5
4109401;Guarapuava;PR;Novo CAGED;2026-10-06T16:53:23.546027+00:00;2026-05;1323500;Tecelagem de Fios de Fibras Artificiais e Sintéticas;26;18;8
4109401;Guarapuava;PR;Novo CAGED;2026-10-06T16:53:23.546027+00:00;2026-05;4771701;Comércio Varejista de Produtos Farmacêuticos, sem Manipulação de Fórmulas;24;25;-1
4109401;Guarapuava;PR;Novo CAGED;2026-10-06T16:53:23.546027+00:00;2026-05;0115600;Cultivo de Soja;22;17;5
4109401;Guarapuava;PR;Novo CAGED;2026-10-06T16:53:23.546027+00:00;2026-05;7732201;Aluguel de Máquinas e Equipamentos para Construção sem Operador, Exceto Andaimes;20;23;-3
4109401;Guarapuava;PR;Novo CAGED;2026-10-06T16:53:23.546027+00:00;2026-05;4632001;Comércio Atacadista de Cereais e Leguminosas Beneficiados;20;13;7
4109401;Guarapuava;PR;Novo CAGED;2026-10-06T16:53:23.546027+00:00;2026-05;1092900;Fabricação de Biscoitos e Bolachas;19;15;4
4109401;Guarapuava;PR;Novo CAGED;2026-10-06T16:53:23.546027+00:00;2026-05;4722901;Comércio Varejista de Carnes - Açougues;18;10;8
4109401;Guarapuava;PR;Novo CAGED;2026-10-06T16:53:23.546027+00:00;2026-05;4671100;Comércio Atacadista de Madeira e Produtos Derivados;16;15;1
4109401;Guarapuava;PR;Novo CAGED;2026-10-06T16:53:23.546027+00:00;2026-05;4511101;Comércio a Varejo de Automóveis, Camionetas e Utilitários Novos;16;13;3
4109401;Guarapuava;PR;Novo CAGED;2026-10-06T16:53:23.546027+00:00;2026-05;4321500;Instalação e Manutenção Elétrica;16;21;-5
4109401;Guarapuava;PR;Novo CAGED;2026-10-06T16:53:23.546027+00:00;2026-05;4729699;Comércio Varejista de Produtos Alimentícios em Geral ou Especializado em Produtos Alimentícios não Especificados Anteriormente;14;13;1
4109401;Guarapuava;PR;Novo CAGED;2026-10-06T16:53:23.546027+00:00;2026-05;4721102;Padaria e Confeitaria com Predominância de Revenda;14;26;-12
4109401;Guarapuava;PR;Novo CAGED;2026-10-06T16:53:23.546027+00:00;2026-05;6920601;Atividades de Contabilidade;13;16;-3
4109401;Guarapuava;PR;Novo CAGED;2026-10-06T16:53:23.546027+00:00;2026-05;4712100;Comércio Varejista de Mercadorias em Geral, com Predominância de Produtos Alimentícios - Minimercados, Mercearias e Armazéns;13;16;-3
4109401;Guarapuava;PR;Novo CAGED;2026-10-06T16:53:23.546027+00:00;2026-05;4754701;Comércio Varejista de Móveis;13;15;-2
4109401;Guarapuava;PR;Novo CAGED;2026-10-06T16:53:23.546027+00:00;2026-05;8121400;Limpeza em Prédios e em Domicílios;13;10;3
4109401;Guarapuava;PR;Novo CAGED;2026-10-06T16:53:23.546027+00:00;2026-05;8630503;Atividade Médica Ambulatorial Restrita a Consultas;12;9;3
4109401;Guarapuava;PR;Novo CAGED;2026-10-06T16:53:23.546027+00:00;2026-05;8011101;Atividades de Vigilância e Segurança Privada;12;23;-11
4109401;Guarapuava;PR;Novo CAGED;2026-10-06T16:53:23.546027+00:00;2026-05;4683400;Comércio Atacadista de Defensivos Agrícolas, Adubos, Fertilizantes e Corretivos do Solo;12;16;-4
4109401;Guarapuava;PR;Novo CAGED;2026-10-06T16:53:23.546027+00:00;2026-05;4772500;Comércio Varejista de Cosméticos, Produtos de Perfumaria e de Higiene Pessoal;12;10;2
4109401;Guarapuava;PR;Novo CAGED;2026-10-06T16:53:23.546027+00:00;2026-05;4530703;Comércio a Varejo de Peças e Acessórios Novos para Veículos Automotores;12;16;-4
4109401;Guarapuava;PR;Novo CAGED;2026-10-06T16:53:23.546027+00:00;2026-05;5510801;Hotéis;12;23;-11
4109401;Guarapuava;PR;Novo CAGED;2026-10-06T16:53:23.546027+00:00;2026-05;8299799;Outras Atividades de Serviços Prestados Principalmente às Empresas não Especificadas Anteriormente;12;7;5
4109401;Guarapuava;PR;Novo CAGED;2026-10-06T16:53:23.546027+00:00;2026-05;4930201;Transporte Rodoviário de Carga, Exceto Produtos Perigosos e Mudanças, Municipal;12;7;5
4109401;Guarapuava;PR;Novo CAGED;2026-10-06T16:53:23.546027+00:00;2026-05;4110700;Incorporação de Empreendimentos Imobiliários;11;12;-1
4109401;Guarapuava;PR;Novo CAGED;2026-10-06T16:53:23.546027+00:00;2026-05;0161003;Serviço de Preparação de Terreno, Cultivo e Colheita;11;7;4
4109401;Guarapuava;PR;Novo CAGED;2026-10-06T16:53:23.546027+00:00;2026-05;8291100;Atividades de Cobrança e Informações Cadastrais;10;7;3
4109401;Guarapuava;PR;Novo CAGED;2026-10-06T16:53:23.546027+00:00;2026-05;4222701;Construção de Redes de Abastecimento de água, Coleta de Esgoto e Construções Correlatas, Exceto Obras de Irrigação;10;11;-1
4109401;Guarapuava;PR;Novo CAGED;2026-10-06T16:53:23.546027+00:00;2026-05;8532500;Educação Superior - Graduação e Pós-Graduação;10;20;-10
4109401;Guarapuava;PR;Novo CAGED;2026-10-06T16:53:23.546027+00:00;2026-05;5620101;Fornecimento de Alimentos Preparados Preponderantemente para Empresas;10;6;4
4109401;Guarapuava;PR;Novo CAGED;2026-10-06T16:53:23.546027+00:00;2026-05;9430800;Atividades de Associações de Defesa de Direitos Sociais;9;12;-3
4109401;Guarapuava;PR;Novo CAGED;2026-10-06T16:53:23.546027+00:00;2026-05;8020001;Atividades de Monitoramento de Sistemas de Segurança Eletronico;9;10;-1
4109401;Guarapuava;PR;Novo CAGED;2026-10-06T16:53:23.546027+00:00;2026-05;8220200;Atividades de Teleatendimento;9;8;1
4109401;Guarapuava;PR;Novo CAGED;2026-10-06T16:53:23.546027+00:00;2026-05;4634601;Comércio Atacadista de Carnes Bovinas e Suínas e Derivados;9;14;-5
4109401;Guarapuava;PR;Novo CAGED;2026-10-06T16:53:23.546027+00:00;2026-05;1721400;Fabricação de Papel;9;8;1
4109401;Guarapuava;PR;Novo CAGED;2026-10-06T16:53:23.546027+00:00;2026-05;1091101;Fabricação de Produtos de Panificação Industrial;9;7;2
4109401;Guarapuava;PR;Novo CAGED;2026-10-06T16:53:23.546027+00:00;2026-05;4661300;Comércio Atacadista de Máquinas, Aparelhos e Equipamentos para Uso Agropecuário, Partes e Peças;8;11;-3
4109401;Guarapuava;PR;Novo CAGED;2026-10-06T16:53:23.546027+00:00;2026-05;4744099;Comércio Varejista de Materiais de Construção em Geral;8;11;-3
4109401;Guarapuava;PR;Novo CAGED;2026-10-06T16:53:23.546027+00:00;2026-05;8112500;Condomínios Prediais;8;10;-2
4109401;Guarapuava;PR;Novo CAGED;2026-10-06T16:53:23.546027+00:00;2026-05;0111302;Cultivo de Milho;8;5;3
4109401;Guarapuava;PR;Novo CAGED;2026-10-06T16:53:23.546027+00:00;2026-05;7112000;Serviços de Engenharia;8;5;3
4109401;Guarapuava;PR;Novo CAGED;2026-10-06T16:53:23.546027+00:00;2026-05;8230001;Serviços de Organização de Feiras, Congressos, Exposições e Festas;8;13;-5
4109401;Guarapuava;PR;Novo CAGED;2026-10-06T16:53:23.546027+00:00;2026-05;9313100;Atividades de Condicionamento Físico;7;10;-3
4109401;Guarapuava;PR;Novo CAGED;2026-10-06T16:53:23.546027+00:00;2026-05;9602502;Atividades de Estética e Outros Serviços de Cuidados com a Beleza;7;7;0
4109401;Guarapuava;PR;Novo CAGED;2026-10-06T16:53:23.546027+00:00;2026-05;4637199;Comércio Atacadista Especializado em Outros Produtos Alimentícios não Especificados Anteriormente;7;7;0
4109401;Guarapuava;PR;Novo CAGED;2026-10-06T16:53:23.546027+00:00;2026-05;4782201;Comércio Varejista de Calçados;7;12;-5
4109401;Guarapuava;PR;Novo CAGED;2026-10-06T16:53:23.546027+00:00;2026-05;4744005;Comércio Varejista de Materiais de Construção não Especificados Anteriormente;7;9;-2
4109401;Guarapuava;PR;Novo CAGED;2026-10-06T16:53:23.546027+00:00;2026-05;4530701;Comércio por Atacado de Peças e Acessórios Novos para Veículos Automotores;7;5;2
4109401;Guarapuava;PR;Novo CAGED;2026-10-06T16:53:23.546027+00:00;2026-05;2399199;Fabricação de Outros Produtos de Minerais Não-Metálicos não Especificados Anteriormente;7;9;-2
4109401;Guarapuava;PR;Novo CAGED;2026-10-06T16:53:23.546027+00:00;2026-05;3314799;Manutenção e Reparação de Outras Máquinas e Equipamentos para Usos Industriais não Especificados Anteriormente;7;5;2
4109401;Guarapuava;PR;Novo CAGED;2026-10-06T16:53:23.546027+00:00;2026-05;6911701;Serviços Advocatícios;7;0;7
4109401;Guarapuava;PR;Novo CAGED;2026-10-06T16:53:23.546027+00:00;2026-05;4520001;Serviços de Manutenção e Reparação Mecânica de Veículos Automotores;7;14;-7
4109401;Guarapuava;PR;Novo CAGED;2026-10-06T16:53:23.546027+00:00;2026-05;2539001;Serviços de Usinagem, Tornearia e Solda;7;7;0
4109401;Guarapuava;PR;Novo CAGED;2026-10-06T16:53:23.546027+00:00;2026-05;8630504;Atividade Odontológica com Recursos para Realização de Procedimentos Cirúrgicos;6;5;1
4109401;Guarapuava;PR;Novo CAGED;2026-10-06T16:53:23.546027+00:00;2026-05;4753900;Comércio Varejista Especializado de Eletrodomésticos e Equipamentos de áudio e Vídeo;6;8;-2
4109401;Guarapuava;PR;Novo CAGED;2026-10-06T16:53:23.546027+00:00;2026-05;5320202;Serviços de Entrega Rápida;6;11;-5
4109401;Guarapuava;PR;Novo CAGED;2026-10-06T16:53:23.546027+00:00;2026-05;4330404;Serviços de Pintura de Edifícios em Geral;6;5;1
4109401;Guarapuava;PR;Novo CAGED;2026-10-06T16:53:23.546027+00:00;2026-05;0161099;Atividades de Apoio à Agricultura não Especificadas Anteriormente;5;12;-7
4109401;Guarapuava;PR;Novo CAGED;2026-10-06T16:53:23.546027+00:00;2026-05;7020400;Atividades de Consultoria em Gestão Empresarial, Exceto Consultoria Técnica Específica;5;0;5
4109401;Guarapuava;PR;Novo CAGED;2026-10-06T16:53:23.546027+00:00;2026-05;4635403;Comércio Atacadista de Bebidas com Atividade de Fracionamento e Acondicionamento Associada;5;7;-2
4109401;Guarapuava;PR;Novo CAGED;2026-10-06T16:53:23.546027+00:00;2026-05;4752100;Comércio Varejista Especializado de Equipamentos de Telefonia e Comunicação;5;7;-2
4109401;Guarapuava;PR;Novo CAGED;2026-10-06T16:53:23.546027+00:00;2026-05;4789099;Comércio Varejista de Outros Produtos não Especificados Anteriormente;5;6;-1
4109401;Guarapuava;PR;Novo CAGED;2026-10-06T16:53:23.546027+00:00;2026-05;0119999;Cultivo de Outras Plantas de Lavoura Temporária não Especificadas Anteriormente;5;12;-7
4109401;Guarapuava;PR;Novo CAGED;2026-10-06T16:53:23.546027+00:00;2026-05;8129000;Atividades de Limpeza não Especificadas Anteriormente;0;6;-6
4109401;Guarapuava;PR;Novo CAGED;2026-10-06T16:53:23.546027+00:00;2026-05;4633801;Comércio Atacadista de Frutas, Verduras, Raízes, Tubérculos, Hortaliças e Legumes Frescos;0;14;-14
4109401;Guarapuava;PR;Novo CAGED;2026-10-06T16:53:23.546027+00:00;2026-05;4691500;Comércio Atacadista de Mercadorias em Geral, com Predominância de Produtos Alimentícios;0;21;-21
4109401;Guarapuava;PR;Novo CAGED;2026-10-06T16:53:23.546027+00:00;2026-05;6821802;Corretagem no Aluguel de Imóveis;0;6;-6
4109401;Guarapuava;PR;Novo CAGED;2026-10-06T16:53:23.546027+00:00;2026-05;8520100;Ensino Médio;0;5;-5
4109401;Guarapuava;PR;Novo CAGED;2026-10-06T16:53:23.546027+00:00;2026-05;6462000;Holdings de Instituições Não-Financeiras;0;5;-5
4109401;Guarapuava;PR;Novo CAGED;2026-10-06T16:53:23.546027+00:00;2026-05;4213800;Obras de Urbanização - Ruas, Praças e Calçadas;0;15;-15
4109401;Guarapuava;PR;Novo CAGED;2026-10-06T16:53:23.546027+00:00;2026-05;9609299;Outras Atividades de Serviços Pessoais não Especificadas Anteriormente;0;5;-5
4109401;Guarapuava;PR;Novo CAGED;2026-10-06T16:53:23.546027+00:00;2026-05;4520002;Serviços de Lanternagem ou Funilaria e Pintura de Veículos Automotores;0;6;-6
4109401;Guarapuava;PR;Novo CAGED;2026-10-06T16:53:23.546027+00:00;2026-05;6209100;Suporte Técnico, Manutenção e Outros Serviços em Tecnologia da Informação;0;6;-6
4109401;Guarapuava;PR;Novo CAGED;2026-10-06T16:53:23.546027+00:00;2026-06;other;Outras categorias (agregadas);559;655;-96
4109401;Guarapuava;PR;Novo CAGED;2026-10-06T16:53:23.546027+00:00;2026-06;4711302;Comércio Varejista de Mercadorias em Geral, com Predominância de Produtos Alimentícios - Supermercados;125;203;-78
4109401;Guarapuava;PR;Novo CAGED;2026-10-06T16:53:23.546027+00:00;2026-06;4120400;Construção de Edifícios;98;77;21
4109401;Guarapuava;PR;Novo CAGED;2026-10-06T16:53:23.546027+00:00;2026-06;8211300;Serviços Combinados de Escritório e Apoio Administrativo;89;68;21
4109401;Guarapuava;PR;Novo CAGED;2026-10-06T16:53:23.546027+00:00;2026-06;4211101;Construção de Rodovias e Ferrovias;82;75;7
4109401;Guarapuava;PR;Novo CAGED;2026-10-06T16:53:23.546027+00:00;2026-06;8610101;Atividades de Atendimento Hospitalar, Exceto Pronto-Socorro e Unidades para Atendimento a Urgências;60;55;5
4109401;Guarapuava;PR;Novo CAGED;2026-10-06T16:53:23.546027+00:00;2026-06;4930202;Transporte Rodoviário de Carga, Exceto Produtos Perigosos e Mudanças, Intermunicipal, Interestadual e Internacional;59;66;-7
4109401;Guarapuava;PR;Novo CAGED;2026-10-06T16:53:23.546027+00:00;2026-06;5611201;Restaurantes e Similares;58;64;-6
4109401;Guarapuava;PR;Novo CAGED;2026-10-06T16:53:23.546027+00:00;2026-06;5611203;Lanchonetes, Casas de Chá, de Sucos e Similares;56;54;2
4109401;Guarapuava;PR;Novo CAGED;2026-10-06T16:53:23.546027+00:00;2026-06;1621800;Fabricação de Madeira Laminada e de Chapas de Madeira Compensada, Prensada e Aglomerada;53;59;-6
4109401;Guarapuava;PR;Novo CAGED;2026-10-06T16:53:23.546027+00:00;2026-06;4781400;Comércio Varejista de Artigos do Vestuário e Acessórios;40;45;-5
4109401;Guarapuava;PR;Novo CAGED;2026-10-06T16:53:23.546027+00:00;2026-06;4671100;Comércio Atacadista de Madeira e Produtos Derivados;35;13;22
4109401;Guarapuava;PR;Novo CAGED;2026-10-06T16:53:23.546027+00:00;2026-06;1610203;Serrarias com Desdobramento de Madeira em Bruto;30;27;3
4109401;Guarapuava;PR;Novo CAGED;2026-10-06T16:53:23.546027+00:00;2026-06;4731800;Comércio Varejista de Combustíveis para Veículos Automotores;29;23;6
4109401;Guarapuava;PR;Novo CAGED;2026-10-06T16:53:23.546027+00:00;2026-06;7732201;Aluguel de Máquinas e Equipamentos para Construção sem Operador, Exceto Andaimes;27;18;9
4109401;Guarapuava;PR;Novo CAGED;2026-10-06T16:53:23.546027+00:00;2026-06;4711301;Comércio Varejista de Mercadorias em Geral, com Predominância de Produtos Alimentícios - Hipermercados;27;26;1
4109401;Guarapuava;PR;Novo CAGED;2026-10-06T16:53:23.546027+00:00;2026-06;1323500;Tecelagem de Fios de Fibras Artificiais e Sintéticas;27;13;14
4109401;Guarapuava;PR;Novo CAGED;2026-10-06T16:53:23.546027+00:00;2026-06;4771701;Comércio Varejista de Produtos Farmacêuticos, sem Manipulação de Fórmulas;25;17;8
4109401;Guarapuava;PR;Novo CAGED;2026-10-06T16:53:23.546027+00:00;2026-06;4721102;Padaria e Confeitaria com Predominância de Revenda;25;25;0
4109401;Guarapuava;PR;Novo CAGED;2026-10-06T16:53:23.546027+00:00;2026-06;4634601;Comércio Atacadista de Carnes Bovinas e Suínas e Derivados;24;16;8
4109401;Guarapuava;PR;Novo CAGED;2026-10-06T16:53:23.546027+00:00;2026-06;4511101;Comércio a Varejo de Automóveis, Camionetas e Utilitários Novos;22;17;5
4109401;Guarapuava;PR;Novo CAGED;2026-10-06T16:53:23.546027+00:00;2026-06;4637104;Comércio Atacadista de Pães, Bolos, Biscoitos e Similares;19;10;9
4109401;Guarapuava;PR;Novo CAGED;2026-10-06T16:53:23.546027+00:00;2026-06;4530703;Comércio a Varejo de Peças e Acessórios Novos para Veículos Automotores;19;13;6
4109401;Guarapuava;PR;Novo CAGED;2026-10-06T16:53:23.546027+00:00;2026-06;5510801;Hotéis;19;14;5
4109401;Guarapuava;PR;Novo CAGED;2026-10-06T16:53:23.546027+00:00;2026-06;8513900;Ensino Fundamental;18;19;-1
4109401;Guarapuava;PR;Novo CAGED;2026-10-06T16:53:23.546027+00:00;2026-06;2222600;Fabricação de Embalagens de Material Plástico;18;90;-72
4109401;Guarapuava;PR;Novo CAGED;2026-10-06T16:53:23.546027+00:00;2026-06;2399199;Fabricação de Outros Produtos de Minerais Não-Metálicos não Especificados Anteriormente;17;15;2
4109401;Guarapuava;PR;Novo CAGED;2026-10-06T16:53:23.546027+00:00;2026-06;4782201;Comércio Varejista de Calçados;16;15;1
4109401;Guarapuava;PR;Novo CAGED;2026-10-06T16:53:23.546027+00:00;2026-06;4511104;Comércio por Atacado de Caminhões Novos e Usados;16;5;11
4109401;Guarapuava;PR;Novo CAGED;2026-10-06T16:53:23.546027+00:00;2026-06;4222701;Construção de Redes de Abastecimento de água, Coleta de Esgoto e Construções Correlatas, Exceto Obras de Irrigação;16;6;10
4109401;Guarapuava;PR;Novo CAGED;2026-10-06T16:53:23.546027+00:00;2026-06;0115600;Cultivo de Soja;16;44;-28
4109401;Guarapuava;PR;Novo CAGED;2026-10-06T16:53:23.546027+00:00;2026-06;8230001;Serviços de Organização de Feiras, Congressos, Exposições e Festas;16;5;11
4109401;Guarapuava;PR;Novo CAGED;2026-10-06T16:53:23.546027+00:00;2026-06;6912500;Cartórios;14;18;-4
4109401;Guarapuava;PR;Novo CAGED;2026-10-06T16:53:23.546027+00:00;2026-06;4321500;Instalação e Manutenção Elétrica;14;20;-6
4109401;Guarapuava;PR;Novo CAGED;2026-10-06T16:53:23.546027+00:00;2026-06;4712100;Comércio Varejista de Mercadorias em Geral, com Predominância de Produtos Alimentícios - Minimercados, Mercearias e Armazéns;13;12;1
4109401;Guarapuava;PR;Novo CAGED;2026-10-06T16:53:23.546027+00:00;2026-06;2511000;Fabricação de Estruturas Metálicas;13;7;6
4109401;Guarapuava;PR;Novo CAGED;2026-10-06T16:53:23.546027+00:00;2026-06;4744099;Comércio Varejista de Materiais de Construção em Geral;12;13;-1
4109401;Guarapuava;PR;Novo CAGED;2026-10-06T16:53:23.546027+00:00;2026-06;0155505;Produção de Ovos;12;7;5
4109401;Guarapuava;PR;Novo CAGED;2026-10-06T16:53:23.546027+00:00;2026-06;4520001;Serviços de Manutenção e Reparação Mecânica de Veículos Automotores;12;10;2
4109401;Guarapuava;PR;Novo CAGED;2026-10-06T16:53:23.546027+00:00;2026-06;6920601;Atividades de Contabilidade;11;10;1
4109401;Guarapuava;PR;Novo CAGED;2026-10-06T16:53:23.546027+00:00;2026-06;4635403;Comércio Atacadista de Bebidas com Atividade de Fracionamento e Acondicionamento Associada;11;9;2
4109401;Guarapuava;PR;Novo CAGED;2026-10-06T16:53:23.546027+00:00;2026-06;4661300;Comércio Atacadista de Máquinas, Aparelhos e Equipamentos para Uso Agropecuário, Partes e Peças;11;7;4
4109401;Guarapuava;PR;Novo CAGED;2026-10-06T16:53:23.546027+00:00;2026-06;4772500;Comércio Varejista de Cosméticos, Produtos de Perfumaria e de Higiene Pessoal;11;8;3
4109401;Guarapuava;PR;Novo CAGED;2026-10-06T16:53:23.546027+00:00;2026-06;4729699;Comércio Varejista de Produtos Alimentícios em Geral ou Especializado em Produtos Alimentícios não Especificados Anteriormente;11;6;5
4109401;Guarapuava;PR;Novo CAGED;2026-10-06T16:53:23.546027+00:00;2026-06;3321000;Instalação de Máquinas e Equipamentos Industriais;11;6;5
4109401;Guarapuava;PR;Novo CAGED;2026-10-06T16:53:23.546027+00:00;2026-06;4753900;Comércio Varejista Especializado de Eletrodomésticos e Equipamentos de áudio e Vídeo;10;7;3
4109401;Guarapuava;PR;Novo CAGED;2026-10-06T16:53:23.546027+00:00;2026-06;4744005;Comércio Varejista de Materiais de Construção não Especificados Anteriormente;10;8;2
4109401;Guarapuava;PR;Novo CAGED;2026-10-06T16:53:23.546027+00:00;2026-06;4221902;Construção de Estações e Redes de Distribuição de Energia Elétrica;10;5;5
4109401;Guarapuava;PR;Novo CAGED;2026-10-06T16:53:23.546027+00:00;2026-06;8121400;Limpeza em Prédios e em Domicílios;10;9;1
4109401;Guarapuava;PR;Novo CAGED;2026-10-06T16:53:23.546027+00:00;2026-06;4930201;Transporte Rodoviário de Carga, Exceto Produtos Perigosos e Mudanças, Municipal;10;14;-4
4109401;Guarapuava;PR;Novo CAGED;2026-10-06T16:53:23.546027+00:00;2026-06;8011101;Atividades de Vigilância e Segurança Privada;9;12;-3
4109401;Guarapuava;PR;Novo CAGED;2026-10-06T16:53:23.546027+00:00;2026-06;4751201;Comércio Varejista Especializado de Equipamentos e Suprimentos de Informática;9;6;3
4109401;Guarapuava;PR;Novo CAGED;2026-10-06T16:53:23.546027+00:00;2026-06;4722901;Comércio Varejista de Carnes - Açougues;9;11;-2
4109401;Guarapuava;PR;Novo CAGED;2026-10-06T16:53:23.546027+00:00;2026-06;8112500;Condomínios Prediais;9;11;-2
4109401;Guarapuava;PR;Novo CAGED;2026-10-06T16:53:23.546027+00:00;2026-06;4292801;Montagem de Estruturas Metálicas;9;6;3
4109401;Guarapuava;PR;Novo CAGED;2026-10-06T16:53:23.546027+00:00;2026-06;2539001;Serviços de Usinagem, Tornearia e Solda;9;6;3
4109401;Guarapuava;PR;Novo CAGED;2026-10-06T16:53:23.546027+00:00;2026-06;4921301;Transporte Rodoviário Coletivo de Passageiros, com Itinerário Fixo, Municipal;9;5;4
4109401;Guarapuava;PR;Novo CAGED;2026-10-06T16:53:23.546027+00:00;2026-06;8630504;Atividade Odontológica com Recursos para Realização de Procedimentos Cirúrgicos;8;9;-1
4109401;Guarapuava;PR;Novo CAGED;2026-10-06T16:53:23.546027+00:00;2026-06;4637199;Comércio Atacadista Especializado em Outros Produtos Alimentícios não Especificados Anteriormente;8;7;1
4109401;Guarapuava;PR;Novo CAGED;2026-10-06T16:53:23.546027+00:00;2026-06;4754701;Comércio Varejista de Móveis;8;14;-6
4109401;Guarapuava;PR;Novo CAGED;2026-10-06T16:53:23.546027+00:00;2026-06;6821802;Corretagem no Aluguel de Imóveis;8;8;0
4109401;Guarapuava;PR;Novo CAGED;2026-10-06T16:53:23.546027+00:00;2026-06;8532500;Educação Superior - Graduação e Pós-Graduação;8;18;-10
4109401;Guarapuava;PR;Novo CAGED;2026-10-06T16:53:23.546027+00:00;2026-06;1052000;Fabricação de Laticínios;8;9;-1
4109401;Guarapuava;PR;Novo CAGED;2026-10-06T16:53:23.546027+00:00;2026-06;1062700;Moagem de Trigo e Fabricação de Derivados;8;0;8
4109401;Guarapuava;PR;Novo CAGED;2026-10-06T16:53:23.546027+00:00;2026-06;8630503;Atividade Médica Ambulatorial Restrita a Consultas;7;14;-7
4109401;Guarapuava;PR;Novo CAGED;2026-10-06T16:53:23.546027+00:00;2026-06;4639701;Comércio Atacadista de Produtos Alimentícios em Geral;7;5;2
4109401;Guarapuava;PR;Novo CAGED;2026-10-06T16:53:23.546027+00:00;2026-06;4774100;Comércio Varejista de Artigos de óptica;7;5;2
4109401;Guarapuava;PR;Novo CAGED;2026-10-06T16:53:23.546027+00:00;2026-06;4729602;Comércio Varejista de Mercadorias em Lojas de Conveniência;7;5;2
4109401;Guarapuava;PR;Novo CAGED;2026-10-06T16:53:23.546027+00:00;2026-06;4530701;Comércio por Atacado de Peças e Acessórios Novos para Veículos Automotores;7;9;-2
4109401;Guarapuava;PR;Novo CAGED;2026-10-06T16:53:23.546027+00:00;2026-06;0119999;Cultivo de Outras Plantas de Lavoura Temporária não Especificadas Anteriormente;7;75;-68
4109401;Guarapuava;PR;Novo CAGED;2026-10-06T16:53:23.546027+00:00;2026-06;2013401;Fabricação de Adubos e Fertilizantes Organominerais;7;6;1
4109401;Guarapuava;PR;Novo CAGED;2026-10-06T16:53:23.546027+00:00;2026-06;5320202;Serviços de Entrega Rápida;7;7;0
4109401;Guarapuava;PR;Novo CAGED;2026-10-06T16:53:23.546027+00:00;2026-06;8220200;Atividades de Teleatendimento;6;13;-7
4109401;Guarapuava;PR;Novo CAGED;2026-10-06T16:53:23.546027+00:00;2026-06;1721400;Fabricação de Papel;6;7;-1
4109401;Guarapuava;PR;Novo CAGED;2026-10-06T16:53:23.546027+00:00;2026-06;8640202;Laboratórios Clínicos;6;0;6
4109401;Guarapuava;PR;Novo CAGED;2026-10-06T16:53:23.546027+00:00;2026-06;1610205;Serviço de Tratamento de Madeira Realizado Sob Contrato;6;32;-26
4109401;Guarapuava;PR;Novo CAGED;2026-10-06T16:53:23.546027+00:00;2026-06;8800600;Serviços de Assistência Social sem Alojamento;6;7;-1
4109401;Guarapuava;PR;Novo CAGED;2026-10-06T16:53:23.546027+00:00;2026-06;9313100;Atividades de Condicionamento Físico;5;9;-4
4109401;Guarapuava;PR;Novo CAGED;2026-10-06T16:53:23.546027+00:00;2026-06;4683400;Comércio Atacadista de Defensivos Agrícolas, Adubos, Fertilizantes e Corretivos do Solo;5;11;-6
4109401;Guarapuava;PR;Novo CAGED;2026-10-06T16:53:23.546027+00:00;2026-06;4752100;Comércio Varejista Especializado de Equipamentos de Telefonia e Comunicação;5;13;-8
4109401;Guarapuava;PR;Novo CAGED;2026-10-06T16:53:23.546027+00:00;2026-06;1629301;Fabricação de Artefatos Diversos de Madeira, Exceto Móveis;5;7;-2
4109401;Guarapuava;PR;Novo CAGED;2026-10-06T16:53:23.546027+00:00;2026-06;5620101;Fornecimento de Alimentos Preparados Preponderantemente para Empresas;5;9;-4
4109401;Guarapuava;PR;Novo CAGED;2026-10-06T16:53:23.546027+00:00;2026-06;3314708;Manutenção e Reparação de Máquinas, Equipamentos e Aparelhos para Transporte e Elevação de Cargas;5;0;5
4109401;Guarapuava;PR;Novo CAGED;2026-10-06T16:53:23.546027+00:00;2026-06;4922102;Transporte Rodoviário Coletivo de Passageiros, com Itinerário Fixo, Interestadual;5;0;5
4109401;Guarapuava;PR;Novo CAGED;2026-10-06T16:53:23.546027+00:00;2026-06;0163600;Atividades de Pós-Colheita;0;110;-110
4109401;Guarapuava;PR;Novo CAGED;2026-10-06T16:53:23.546027+00:00;2026-06;4691500;Comércio Atacadista de Mercadorias em Geral, com Predominância de Produtos Alimentícios;0;34;-34
4109401;Guarapuava;PR;Novo CAGED;2026-10-06T16:53:23.546027+00:00;2026-06;4724500;Comércio Varejista de Hortifrutigranjeiros;0;47;-47
4109401;Guarapuava;PR;Novo CAGED;2026-10-06T16:53:23.546027+00:00;2026-06;4930203;Transporte Rodoviário de Produtos Perigosos;0;5;-5
4109401;Guarapuava;PR;Novo CAGED;2026-10-06T16:53:23.546027+00:00;2026-07;other;Outras categorias (agregadas);602;631;-29
4109401;Guarapuava;PR;Novo CAGED;2026-10-06T16:53:23.546027+00:00;2026-07;4711302;Comércio Varejista de Mercadorias em Geral, com Predominância de Produtos Alimentícios - Supermercados;152;138;14
4109401;Guarapuava;PR;Novo CAGED;2026-10-06T16:53:23.546027+00:00;2026-07;5611201;Restaurantes e Similares;108;91;17
4109401;Guarapuava;PR;Novo CAGED;2026-10-06T16:53:23.546027+00:00;2026-07;8211300;Serviços Combinados de Escritório e Apoio Administrativo;92;73;19
4109401;Guarapuava;PR;Novo CAGED;2026-10-06T16:53:23.546027+00:00;2026-07;4120400;Construção de Edifícios;85;103;-18
4109401;Guarapuava;PR;Novo CAGED;2026-10-06T16:53:23.546027+00:00;2026-07;8610101;Atividades de Atendimento Hospitalar, Exceto Pronto-Socorro e Unidades para Atendimento a Urgências;67;57;10
4109401;Guarapuava;PR;Novo CAGED;2026-10-06T16:53:23.546027+00:00;2026-07;4211101;Construção de Rodovias e Ferrovias;53;60;-7
4109401;Guarapuava;PR;Novo CAGED;2026-10-06T16:53:23.546027+00:00;2026-07;1621800;Fabricação de Madeira Laminada e de Chapas de Madeira Compensada, Prensada e Aglomerada;53;63;-10
4109401;Guarapuava;PR;Novo CAGED;2026-10-06T16:53:23.546027+00:00;2026-07;5611203;Lanchonetes, Casas de Chá, de Sucos e Similares;52;56;-4
4109401;Guarapuava;PR;Novo CAGED;2026-10-06T16:53:23.546027+00:00;2026-07;4781400;Comércio Varejista de Artigos do Vestuário e Acessórios;51;66;-15
4109401;Guarapuava;PR;Novo CAGED;2026-10-06T16:53:23.546027+00:00;2026-07;4930202;Transporte Rodoviário de Carga, Exceto Produtos Perigosos e Mudanças, Intermunicipal, Interestadual e Internacional;51;68;-17
4109401;Guarapuava;PR;Novo CAGED;2026-10-06T16:53:23.546027+00:00;2026-07;8532500;Educação Superior - Graduação e Pós-Graduação;45;40;5
4109401;Guarapuava;PR;Novo CAGED;2026-10-06T16:53:23.546027+00:00;2026-07;2222600;Fabricação de Embalagens de Material Plástico;43;60;-17
4109401;Guarapuava;PR;Novo CAGED;2026-10-06T16:53:23.546027+00:00;2026-07;4632001;Comércio Atacadista de Cereais e Leguminosas Beneficiados;40;10;30
4109401;Guarapuava;PR;Novo CAGED;2026-10-06T16:53:23.546027+00:00;2026-07;4731800;Comércio Varejista de Combustíveis para Veículos Automotores;40;26;14
4109401;Guarapuava;PR;Novo CAGED;2026-10-06T16:53:23.546027+00:00;2026-07;4671100;Comércio Atacadista de Madeira e Produtos Derivados;31;27;4
4109401;Guarapuava;PR;Novo CAGED;2026-10-06T16:53:23.546027+00:00;2026-07;4771701;Comércio Varejista de Produtos Farmacêuticos, sem Manipulação de Fórmulas;30;14;16
4109401;Guarapuava;PR;Novo CAGED;2026-10-06T16:53:23.546027+00:00;2026-07;4530703;Comércio a Varejo de Peças e Acessórios Novos para Veículos Automotores;29;17;12
4109401;Guarapuava;PR;Novo CAGED;2026-10-06T16:53:23.546027+00:00;2026-07;0115600;Cultivo de Soja;27;22;5
4109401;Guarapuava;PR;Novo CAGED;2026-10-06T16:53:23.546027+00:00;2026-07;1323500;Tecelagem de Fios de Fibras Artificiais e Sintéticas;26;21;5
4109401;Guarapuava;PR;Novo CAGED;2026-10-06T16:53:23.546027+00:00;2026-07;8513900;Ensino Fundamental;23;21;2
4109401;Guarapuava;PR;Novo CAGED;2026-10-06T16:53:23.546027+00:00;2026-07;4711301;Comércio Varejista de Mercadorias em Geral, com Predominância de Produtos Alimentícios - Hipermercados;22;36;-14
4109401;Guarapuava;PR;Novo CAGED;2026-10-06T16:53:23.546027+00:00;2026-07;1610203;Serrarias com Desdobramento de Madeira em Bruto;22;52;-30
4109401;Guarapuava;PR;Novo CAGED;2026-10-06T16:53:23.546027+00:00;2026-07;4721102;Padaria e Confeitaria com Predominância de Revenda;21;28;-7
4109401;Guarapuava;PR;Novo CAGED;2026-10-06T16:53:23.546027+00:00;2026-07;4511101;Comércio a Varejo de Automóveis, Camionetas e Utilitários Novos;19;14;5
4109401;Guarapuava;PR;Novo CAGED;2026-10-06T16:53:23.546027+00:00;2026-07;8112500;Condomínios Prediais;19;15;4
4109401;Guarapuava;PR;Novo CAGED;2026-10-06T16:53:23.546027+00:00;2026-07;4399103;Obras de Alvenaria;18;8;10
4109401;Guarapuava;PR;Novo CAGED;2026-10-06T16:53:23.546027+00:00;2026-07;6920601;Atividades de Contabilidade;17;14;3
4109401;Guarapuava;PR;Novo CAGED;2026-10-06T16:53:23.546027+00:00;2026-07;5510801;Hotéis;17;21;-4
4109401;Guarapuava;PR;Novo CAGED;2026-10-06T16:53:23.546027+00:00;2026-07;4712100;Comércio Varejista de Mercadorias em Geral, com Predominância de Produtos Alimentícios - Minimercados, Mercearias e Armazéns;15;10;5
4109401;Guarapuava;PR;Novo CAGED;2026-10-06T16:53:23.546027+00:00;2026-07;4637199;Comércio Atacadista Especializado em Outros Produtos Alimentícios não Especificados Anteriormente;14;14;0
4109401;Guarapuava;PR;Novo CAGED;2026-10-06T16:53:23.546027+00:00;2026-07;4683400;Comércio Atacadista de Defensivos Agrícolas, Adubos, Fertilizantes e Corretivos do Solo;14;13;1
4109401;Guarapuava;PR;Novo CAGED;2026-10-06T16:53:23.546027+00:00;2026-07;3321000;Instalação de Máquinas e Equipamentos Industriais;12;9;3
4109401;Guarapuava;PR;Novo CAGED;2026-10-06T16:53:23.546027+00:00;2026-07;7732201;Aluguel de Máquinas e Equipamentos para Construção sem Operador, Exceto Andaimes;11;21;-10
4109401;Guarapuava;PR;Novo CAGED;2026-10-06T16:53:23.546027+00:00;2026-07;8011101;Atividades de Vigilância e Segurança Privada;11;11;0
4109401;Guarapuava;PR;Novo CAGED;2026-10-06T16:53:23.546027+00:00;2026-07;4744001;Comércio Varejista de Ferragens e Ferramentas;11;6;5
4109401;Guarapuava;PR;Novo CAGED;2026-10-06T16:53:23.546027+00:00;2026-07;1052000;Fabricação de Laticínios;11;7;4
4109401;Guarapuava;PR;Novo CAGED;2026-10-06T16:53:23.546027+00:00;2026-07;7319002;Promoção de Vendas;11;6;5
4109401;Guarapuava;PR;Novo CAGED;2026-10-06T16:53:23.546027+00:00;2026-07;5320202;Serviços de Entrega Rápida;11;10;1
4109401;Guarapuava;PR;Novo CAGED;2026-10-06T16:53:23.546027+00:00;2026-07;4520001;Serviços de Manutenção e Reparação Mecânica de Veículos Automotores;11;11;0
4109401;Guarapuava;PR;Novo CAGED;2026-10-06T16:53:23.546027+00:00;2026-07;4930201;Transporte Rodoviário de Carga, Exceto Produtos Perigosos e Mudanças, Municipal;11;10;1
4109401;Guarapuava;PR;Novo CAGED;2026-10-06T16:53:23.546027+00:00;2026-07;4782201;Comércio Varejista de Calçados;10;13;-3
4109401;Guarapuava;PR;Novo CAGED;2026-10-06T16:53:23.546027+00:00;2026-07;4321500;Instalação e Manutenção Elétrica;10;17;-7
4109401;Guarapuava;PR;Novo CAGED;2026-10-06T16:53:23.546027+00:00;2026-07;8121400;Limpeza em Prédios e em Domicílios;10;14;-4
4109401;Guarapuava;PR;Novo CAGED;2026-10-06T16:53:23.546027+00:00;2026-07;8219999;Preparação de Documentos e Serviços Especializados de Apoio Administrativo não Especificados Anteriormente;10;6;4
4109401;Guarapuava;PR;Novo CAGED;2026-10-06T16:53:23.546027+00:00;2026-07;8020001;Atividades de Monitoramento de Sistemas de Segurança Eletronico;9;16;-7
4109401;Guarapuava;PR;Novo CAGED;2026-10-06T16:53:23.546027+00:00;2026-07;4774100;Comércio Varejista de Artigos de óptica;9;6;3
4109401;Guarapuava;PR;Novo CAGED;2026-10-06T16:53:23.546027+00:00;2026-07;4772500;Comércio Varejista de Cosméticos, Produtos de Perfumaria e de Higiene Pessoal;9;5;4
4109401;Guarapuava;PR;Novo CAGED;2026-10-06T16:53:23.546027+00:00;2026-07;4744099;Comércio Varejista de Materiais de Construção em Geral;9;21;-12
4109401;Guarapuava;PR;Novo CAGED;2026-10-06T16:53:23.546027+00:00;2026-07;4744005;Comércio Varejista de Materiais de Construção não Especificados Anteriormente;9;6;3
4109401;Guarapuava;PR;Novo CAGED;2026-10-06T16:53:23.546027+00:00;2026-07;4754701;Comércio Varejista de Móveis;9;16;-7
4109401;Guarapuava;PR;Novo CAGED;2026-10-06T16:53:23.546027+00:00;2026-07;1092900;Fabricação de Biscoitos e Bolachas;9;9;0
4109401;Guarapuava;PR;Novo CAGED;2026-10-06T16:53:23.546027+00:00;2026-07;1722200;Fabricação de Cartolina e Papel-Cartão;9;8;1
4109401;Guarapuava;PR;Novo CAGED;2026-10-06T16:53:23.546027+00:00;2026-07;9313100;Atividades de Condicionamento Físico;8;8;0
4109401;Guarapuava;PR;Novo CAGED;2026-10-06T16:53:23.546027+00:00;2026-07;7490104;Atividades de Intermediação e Agenciamento de Serviços e Negócios em Geral, Exceto Imobiliários;8;8;0
4109401;Guarapuava;PR;Novo CAGED;2026-10-06T16:53:23.546027+00:00;2026-07;8220200;Atividades de Teleatendimento;8;10;-2
4109401;Guarapuava;PR;Novo CAGED;2026-10-06T16:53:23.546027+00:00;2026-07;4722901;Comércio Varejista de Carnes - Açougues;8;11;-3
4109401;Guarapuava;PR;Novo CAGED;2026-10-06T16:53:23.546027+00:00;2026-07;4729699;Comércio Varejista de Produtos Alimentícios em Geral ou Especializado em Produtos Alimentícios não Especificados Anteriormente;8;9;-1
4109401;Guarapuava;PR;Novo CAGED;2026-10-06T16:53:23.546027+00:00;2026-07;7112000;Serviços de Engenharia;8;6;2
4109401;Guarapuava;PR;Novo CAGED;2026-10-06T16:53:23.546027+00:00;2026-07;8630504;Atividade Odontológica com Recursos para Realização de Procedimentos Cirúrgicos;7;5;2
4109401;Guarapuava;PR;Novo CAGED;2026-10-06T16:53:23.546027+00:00;2026-07;8291100;Atividades de Cobrança e Informações Cadastrais;7;9;-2
4109401;Guarapuava;PR;Novo CAGED;2026-10-06T16:53:23.546027+00:00;2026-07;4634601;Comércio Atacadista de Carnes Bovinas e Suínas e Derivados;7;13;-6
4109401;Guarapuava;PR;Novo CAGED;2026-10-06T16:53:23.546027+00:00;2026-07;4661300;Comércio Atacadista de Máquinas, Aparelhos e Equipamentos para Uso Agropecuário, Partes e Peças;7;20;-13
4109401;Guarapuava;PR;Novo CAGED;2026-10-06T16:53:23.546027+00:00;2026-07;4753900;Comércio Varejista Especializado de Eletrodomésticos e Equipamentos de áudio e Vídeo;7;10;-3
4109401;Guarapuava;PR;Novo CAGED;2026-10-06T16:53:23.546027+00:00;2026-07;4789004;Comércio Varejista de Animais Vivos e de Artigos e Alimentos para Animais de Estimação;7;7;0
4109401;Guarapuava;PR;Novo CAGED;2026-10-06T16:53:23.546027+00:00;2026-07;2311700;Fabricação de Vidro Plano e de Segurança;7;6;1
4109401;Guarapuava;PR;Novo CAGED;2026-10-06T16:53:23.546027+00:00;2026-07;5620101;Fornecimento de Alimentos Preparados Preponderantemente para Empresas;7;6;1
4109401;Guarapuava;PR;Novo CAGED;2026-10-06T16:53:23.546027+00:00;2026-07;1062700;Moagem de Trigo e Fabricação de Derivados;7;5;2
4109401;Guarapuava;PR;Novo CAGED;2026-10-06T16:53:23.546027+00:00;2026-07;4771702;Comércio Varejista de Produtos Farmacêuticos, com Manipulação de Fórmulas;6;6;0
4109401;Guarapuava;PR;Novo CAGED;2026-10-06T16:53:23.546027+00:00;2026-07;4511104;Comércio por Atacado de Caminhões Novos e Usados;6;11;-5
4109401;Guarapuava;PR;Novo CAGED;2026-10-06T16:53:23.546027+00:00;2026-07;0111399;Cultivo de Outros Cereais não Especificados Anteriormente;6;5;1
4109401;Guarapuava;PR;Novo CAGED;2026-10-06T16:53:23.546027+00:00;2026-07;2511000;Fabricação de Estruturas Metálicas;6;6;0
4109401;Guarapuava;PR;Novo CAGED;2026-10-06T16:53:23.546027+00:00;2026-07;3314799;Manutenção e Reparação de Outras Máquinas e Equipamentos para Usos Industriais não Especificados Anteriormente;6;7;-1
4109401;Guarapuava;PR;Novo CAGED;2026-10-06T16:53:23.546027+00:00;2026-07;8630503;Atividade Médica Ambulatorial Restrita a Consultas;5;22;-17
4109401;Guarapuava;PR;Novo CAGED;2026-10-06T16:53:23.546027+00:00;2026-07;8012900;Atividades de Transporte de Valores;5;7;-2
4109401;Guarapuava;PR;Novo CAGED;2026-10-06T16:53:23.546027+00:00;2026-07;4639701;Comércio Atacadista de Produtos Alimentícios em Geral;5;6;-1
4109401;Guarapuava;PR;Novo CAGED;2026-10-06T16:53:23.546027+00:00;2026-07;4530701;Comércio por Atacado de Peças e Acessórios Novos para Veículos Automotores;5;7;-2
4109401;Guarapuava;PR;Novo CAGED;2026-10-06T16:53:23.546027+00:00;2026-07;0119903;Cultivo de Batata-Inglesa;5;5;0
4109401;Guarapuava;PR;Novo CAGED;2026-10-06T16:53:23.546027+00:00;2026-07;2399199;Fabricação de Outros Produtos de Minerais Não-Metálicos não Especificados Anteriormente;5;7;-2
4109401;Guarapuava;PR;Novo CAGED;2026-10-06T16:53:23.546027+00:00;2026-07;4110700;Incorporação de Empreendimentos Imobiliários;5;8;-3
4109401;Guarapuava;PR;Novo CAGED;2026-10-06T16:53:23.546027+00:00;2026-07;4330499;Outras Obras de Acabamento da Construção;5;6;-1
4109401;Guarapuava;PR;Novo CAGED;2026-10-06T16:53:23.546027+00:00;2026-07;8230001;Serviços de Organização de Feiras, Congressos, Exposições e Festas;5;12;-7
4109401;Guarapuava;PR;Novo CAGED;2026-10-06T16:53:23.546027+00:00;2026-07;4691500;Comércio Atacadista de Mercadorias em Geral, com Predominância de Produtos Alimentícios;0;5;-5
4109401;Guarapuava;PR;Novo CAGED;2026-10-06T16:53:23.546027+00:00;2026-07;4763602;Comércio Varejista de Artigos Esportivos;0;5;-5
4109401;Guarapuava;PR;Novo CAGED;2026-10-06T16:53:23.546027+00:00;2026-08;4711302;Comércio Varejista de Mercadorias em Geral, com Predominância de Produtos Alimentícios - Supermercados;669;571;98
4109401;Guarapuava;PR;Novo CAGED;2026-10-06T16:53:23.546027+00:00;2026-08;other;Outras categorias (agregadas);639;548;91
4109401;Guarapuava;PR;Novo CAGED;2026-10-06T16:53:23.546027+00:00;2026-08;4930202;Transporte Rodoviário de Carga, Exceto Produtos Perigosos e Mudanças, Intermunicipal, Interestadual e Internacional;93;58;35
4109401;Guarapuava;PR;Novo CAGED;2026-10-06T16:53:23.546027+00:00;2026-08;5611201;Restaurantes e Similares;86;69;17
4109401;Guarapuava;PR;Novo CAGED;2026-10-06T16:53:23.546027+00:00;2026-08;8610101;Atividades de Atendimento Hospitalar, Exceto Pronto-Socorro e Unidades para Atendimento a Urgências;85;55;30
4109401;Guarapuava;PR;Novo CAGED;2026-10-06T16:53:23.546027+00:00;2026-08;5611203;Lanchonetes, Casas de Chá, de Sucos e Similares;75;57;18
4109401;Guarapuava;PR;Novo CAGED;2026-10-06T16:53:23.546027+00:00;2026-08;8211300;Serviços Combinados de Escritório e Apoio Administrativo;66;72;-6
4109401;Guarapuava;PR;Novo CAGED;2026-10-06T16:53:23.546027+00:00;2026-08;1621800;Fabricação de Madeira Laminada e de Chapas de Madeira Compensada, Prensada e Aglomerada;64;58;6
4109401;Guarapuava;PR;Novo CAGED;2026-10-06T16:53:23.546027+00:00;2026-08;4120400;Construção de Edifícios;52;66;-14
4109401;Guarapuava;PR;Novo CAGED;2026-10-06T16:53:23.546027+00:00;2026-08;4781400;Comércio Varejista de Artigos do Vestuário e Acessórios;37;42;-5
4109401;Guarapuava;PR;Novo CAGED;2026-10-06T16:53:23.546027+00:00;2026-08;1323500;Tecelagem de Fios de Fibras Artificiais e Sintéticas;35;25;10
4109401;Guarapuava;PR;Novo CAGED;2026-10-06T16:53:23.546027+00:00;2026-08;4211101;Construção de Rodovias e Ferrovias;31;56;-25
4109401;Guarapuava;PR;Novo CAGED;2026-10-06T16:53:23.546027+00:00;2026-08;4771701;Comércio Varejista de Produtos Farmacêuticos, sem Manipulação de Fórmulas;29;21;8
4109401;Guarapuava;PR;Novo CAGED;2026-10-06T16:53:23.546027+00:00;2026-08;4721102;Padaria e Confeitaria com Predominância de Revenda;29;17;12
4109401;Guarapuava;PR;Novo CAGED;2026-10-06T16:53:23.546027+00:00;2026-08;2222600;Fabricação de Embalagens de Material Plástico;27;54;-27
4109401;Guarapuava;PR;Novo CAGED;2026-10-06T16:53:23.546027+00:00;2026-08;8532500;Educação Superior - Graduação e Pós-Graduação;25;16;9
4109401;Guarapuava;PR;Novo CAGED;2026-10-06T16:53:23.546027+00:00;2026-08;4731800;Comércio Varejista de Combustíveis para Veículos Automotores;24;23;1
4109401;Guarapuava;PR;Novo CAGED;2026-10-06T16:53:23.546027+00:00;2026-08;4222701;Construção de Redes de Abastecimento de água, Coleta de Esgoto e Construções Correlatas, Exceto Obras de Irrigação;24;6;18
4109401;Guarapuava;PR;Novo CAGED;2026-10-06T16:53:23.546027+00:00;2026-08;0115600;Cultivo de Soja;22;8;14
4109401;Guarapuava;PR;Novo CAGED;2026-10-06T16:53:23.546027+00:00;2026-08;4711301;Comércio Varejista de Mercadorias em Geral, com Predominância de Produtos Alimentícios - Hipermercados;21;24;-3
4109401;Guarapuava;PR;Novo CAGED;2026-10-06T16:53:23.546027+00:00;2026-08;4744099;Comércio Varejista de Materiais de Construção em Geral;18;17;1
4109401;Guarapuava;PR;Novo CAGED;2026-10-06T16:53:23.546027+00:00;2026-08;4511101;Comércio a Varejo de Automóveis, Camionetas e Utilitários Novos;18;18;0
4109401;Guarapuava;PR;Novo CAGED;2026-10-06T16:53:23.546027+00:00;2026-08;4671100;Comércio Atacadista de Madeira e Produtos Derivados;17;26;-9
4109401;Guarapuava;PR;Novo CAGED;2026-10-06T16:53:23.546027+00:00;2026-08;4712100;Comércio Varejista de Mercadorias em Geral, com Predominância de Produtos Alimentícios - Minimercados, Mercearias e Armazéns;17;21;-4
4109401;Guarapuava;PR;Novo CAGED;2026-10-06T16:53:23.546027+00:00;2026-08;4754701;Comércio Varejista de Móveis;17;10;7
4109401;Guarapuava;PR;Novo CAGED;2026-10-06T16:53:23.546027+00:00;2026-08;8513900;Ensino Fundamental;16;9;7
4109401;Guarapuava;PR;Novo CAGED;2026-10-06T16:53:23.546027+00:00;2026-08;5510801;Hotéis;16;14;2
4109401;Guarapuava;PR;Novo CAGED;2026-10-06T16:53:23.546027+00:00;2026-08;4530703;Comércio a Varejo de Peças e Acessórios Novos para Veículos Automotores;14;16;-2
4109401;Guarapuava;PR;Novo CAGED;2026-10-06T16:53:23.546027+00:00;2026-08;8011101;Atividades de Vigilância e Segurança Privada;13;18;-5
4109401;Guarapuava;PR;Novo CAGED;2026-10-06T16:53:23.546027+00:00;2026-08;4729699;Comércio Varejista de Produtos Alimentícios em Geral ou Especializado em Produtos Alimentícios não Especificados Anteriormente;13;7;6
4109401;Guarapuava;PR;Novo CAGED;2026-10-06T16:53:23.546027+00:00;2026-08;3101200;Fabricação de Móveis com Predominância de Madeira;13;9;4
4109401;Guarapuava;PR;Novo CAGED;2026-10-06T16:53:23.546027+00:00;2026-08;5620101;Fornecimento de Alimentos Preparados Preponderantemente para Empresas;13;8;5
4109401;Guarapuava;PR;Novo CAGED;2026-10-06T16:53:23.546027+00:00;2026-08;4639701;Comércio Atacadista de Produtos Alimentícios em Geral;12;13;-1
4109401;Guarapuava;PR;Novo CAGED;2026-10-06T16:53:23.546027+00:00;2026-08;4789004;Comércio Varejista de Animais Vivos e de Artigos e Alimentos para Animais de Estimação;12;6;6
4109401;Guarapuava;PR;Novo CAGED;2026-10-06T16:53:23.546027+00:00;2026-08;4520001;Serviços de Manutenção e Reparação Mecânica de Veículos Automotores;12;10;2
4109401;Guarapuava;PR;Novo CAGED;2026-10-06T16:53:23.546027+00:00;2026-08;7732201;Aluguel de Máquinas e Equipamentos para Construção sem Operador, Exceto Andaimes;11;17;-6
4109401;Guarapuava;PR;Novo CAGED;2026-10-06T16:53:23.546027+00:00;2026-08;8630504;Atividade Odontológica com Recursos para Realização de Procedimentos Cirúrgicos;11;10;1
4109401;Guarapuava;PR;Novo CAGED;2026-10-06T16:53:23.546027+00:00;2026-08;4683400;Comércio Atacadista de Defensivos Agrícolas, Adubos, Fertilizantes e Corretivos do Solo;11;11;0
4109401;Guarapuava;PR;Novo CAGED;2026-10-06T16:53:23.546027+00:00;2026-08;4753900;Comércio Varejista Especializado de Eletrodomésticos e Equipamentos de áudio e Vídeo;11;14;-3
4109401;Guarapuava;PR;Novo CAGED;2026-10-06T16:53:23.546027+00:00;2026-08;4530701;Comércio por Atacado de Peças e Acessórios Novos para Veículos Automotores;11;7;4
4109401;Guarapuava;PR;Novo CAGED;2026-10-06T16:53:23.546027+00:00;2026-08;4321500;Instalação e Manutenção Elétrica;11;11;0
4109401;Guarapuava;PR;Novo CAGED;2026-10-06T16:53:23.546027+00:00;2026-08;8020001;Atividades de Monitoramento de Sistemas de Segurança Eletronico;10;10;0
4109401;Guarapuava;PR;Novo CAGED;2026-10-06T16:53:23.546027+00:00;2026-08;4632001;Comércio Atacadista de Cereais e Leguminosas Beneficiados;10;16;-6
4109401;Guarapuava;PR;Novo CAGED;2026-10-06T16:53:23.546027+00:00;2026-08;8112500;Condomínios Prediais;10;7;3
4109401;Guarapuava;PR;Novo CAGED;2026-10-06T16:53:23.546027+00:00;2026-08;1721400;Fabricação de Papel;10;9;1
4109401;Guarapuava;PR;Novo CAGED;2026-10-06T16:53:23.546027+00:00;2026-08;8121400;Limpeza em Prédios e em Domicílios;10;13;-3
4109401;Guarapuava;PR;Novo CAGED;2026-10-06T16:53:23.546027+00:00;2026-08;8230001;Serviços de Organização de Feiras, Congressos, Exposições e Festas;10;5;5
4109401;Guarapuava;PR;Novo CAGED;2026-10-06T16:53:23.546027+00:00;2026-08;9313100;Atividades de Condicionamento Físico;9;17;-8
4109401;Guarapuava;PR;Novo CAGED;2026-10-06T16:53:23.546027+00:00;2026-08;9602502;Atividades de Estética e Outros Serviços de Cuidados com a Beleza;9;7;2
4109401;Guarapuava;PR;Novo CAGED;2026-10-06T16:53:23.546027+00:00;2026-08;4774100;Comércio Varejista de Artigos de óptica;9;7;2
4109401;Guarapuava;PR;Novo CAGED;2026-10-06T16:53:23.546027+00:00;2026-08;4782201;Comércio Varejista de Calçados;9;8;1
4109401;Guarapuava;PR;Novo CAGED;2026-10-06T16:53:23.546027+00:00;2026-08;4772500;Comércio Varejista de Cosméticos, Produtos de Perfumaria e de Higiene Pessoal;9;14;-5
4109401;Guarapuava;PR;Novo CAGED;2026-10-06T16:53:23.546027+00:00;2026-08;2013401;Fabricação de Adubos e Fertilizantes Organominerais;9;5;4
4109401;Guarapuava;PR;Novo CAGED;2026-10-06T16:53:23.546027+00:00;2026-08;5320202;Serviços de Entrega Rápida;9;12;-3
4109401;Guarapuava;PR;Novo CAGED;2026-10-06T16:53:23.546027+00:00;2026-08;4330404;Serviços de Pintura de Edifícios em Geral;9;12;-3
4109401;Guarapuava;PR;Novo CAGED;2026-10-06T16:53:23.546027+00:00;2026-08;9430800;Atividades de Associações de Defesa de Direitos Sociais;8;12;-4
4109401;Guarapuava;PR;Novo CAGED;2026-10-06T16:53:23.546027+00:00;2026-08;6920601;Atividades de Contabilidade;8;17;-9
4109401;Guarapuava;PR;Novo CAGED;2026-10-06T16:53:23.546027+00:00;2026-08;4634601;Comércio Atacadista de Carnes Bovinas e Suínas e Derivados;8;14;-6
4109401;Guarapuava;PR;Novo CAGED;2026-10-06T16:53:23.546027+00:00;2026-08;1629301;Fabricação de Artefatos Diversos de Madeira, Exceto Móveis;8;8;0
4109401;Guarapuava;PR;Novo CAGED;2026-10-06T16:53:23.546027+00:00;2026-08;9609299;Outras Atividades de Serviços Pessoais não Especificadas Anteriormente;8;20;-12
4109401;Guarapuava;PR;Novo CAGED;2026-10-06T16:53:23.546027+00:00;2026-08;8299799;Outras Atividades de Serviços Prestados Principalmente às Empresas não Especificadas Anteriormente;8;5;3
4109401;Guarapuava;PR;Novo CAGED;2026-10-06T16:53:23.546027+00:00;2026-08;7319002;Promoção de Vendas;8;14;-6
4109401;Guarapuava;PR;Novo CAGED;2026-10-06T16:53:23.546027+00:00;2026-08;0230600;Atividades de Apoio à Produção Florestal;7;9;-2
4109401;Guarapuava;PR;Novo CAGED;2026-10-06T16:53:23.546027+00:00;2026-08;4635403;Comércio Atacadista de Bebidas com Atividade de Fracionamento e Acondicionamento Associada;7;13;-6
4109401;Guarapuava;PR;Novo CAGED;2026-10-06T16:53:23.546027+00:00;2026-08;4661300;Comércio Atacadista de Máquinas, Aparelhos e Equipamentos para Uso Agropecuário, Partes e Peças;7;11;-4
4109401;Guarapuava;PR;Novo CAGED;2026-10-06T16:53:23.546027+00:00;2026-08;4722901;Comércio Varejista de Carnes - Açougues;7;8;-1
4109401;Guarapuava;PR;Novo CAGED;2026-10-06T16:53:23.546027+00:00;2026-08;4789099;Comércio Varejista de Outros Produtos não Especificados Anteriormente;7;7;0
4109401;Guarapuava;PR;Novo CAGED;2026-10-06T16:53:23.546027+00:00;2026-08;4530705;Comércio a Varejo de Pneumáticos e Câmaras-De-Ar;7;5;2
4109401;Guarapuava;PR;Novo CAGED;2026-10-06T16:53:23.546027+00:00;2026-08;1092900;Fabricação de Biscoitos e Bolachas;7;15;-8
4109401;Guarapuava;PR;Novo CAGED;2026-10-06T16:53:23.546027+00:00;2026-08;6190699;Outras Atividades de Telecomunicações não Especificadas Anteriormente;7;5;2
4109401;Guarapuava;PR;Novo CAGED;2026-10-06T16:53:23.546027+00:00;2026-08;4299599;Outras Obras de Engenharia Civil não Especificadas Anteriormente;7;10;-3
4109401;Guarapuava;PR;Novo CAGED;2026-10-06T16:53:23.546027+00:00;2026-08;4930201;Transporte Rodoviário de Carga, Exceto Produtos Perigosos e Mudanças, Municipal;7;14;-7
4109401;Guarapuava;PR;Novo CAGED;2026-10-06T16:53:23.546027+00:00;2026-08;8630503;Atividade Médica Ambulatorial Restrita a Consultas;6;5;1
4109401;Guarapuava;PR;Novo CAGED;2026-10-06T16:53:23.546027+00:00;2026-08;8630502;Atividade Médica Ambulatorial com Recursos para Realização de Exames Complementares;6;0;6
4109401;Guarapuava;PR;Novo CAGED;2026-10-06T16:53:23.546027+00:00;2026-08;4511102;Comércio a Varejo de Automóveis, Camionetas e Utilitários Usados;6;6;0
4109401;Guarapuava;PR;Novo CAGED;2026-10-06T16:53:23.546027+00:00;2026-08;1113502;Fabricação de Cervejas e Chopes;6;6;0
4109401;Guarapuava;PR;Novo CAGED;2026-10-06T16:53:23.546027+00:00;2026-08;2399199;Fabricação de Outros Produtos de Minerais Não-Metálicos não Especificados Anteriormente;6;18;-12
4109401;Guarapuava;PR;Novo CAGED;2026-10-06T16:53:23.546027+00:00;2026-08;1062700;Moagem de Trigo e Fabricação de Derivados;6;5;1
4109401;Guarapuava;PR;Novo CAGED;2026-10-06T16:53:23.546027+00:00;2026-08;4399103;Obras de Alvenaria;6;10;-4
4109401;Guarapuava;PR;Novo CAGED;2026-10-06T16:53:23.546027+00:00;2026-08;1610203;Serrarias com Desdobramento de Madeira em Bruto;6;21;-15
4109401;Guarapuava;PR;Novo CAGED;2026-10-06T16:53:23.546027+00:00;2026-08;9491000;Atividades de Organizações Religiosas;5;0;5
4109401;Guarapuava;PR;Novo CAGED;2026-10-06T16:53:23.546027+00:00;2026-08;4771702;Comércio Varejista de Produtos Farmacêuticos, com Manipulação de Fórmulas;5;6;-1
4109401;Guarapuava;PR;Novo CAGED;2026-10-06T16:53:23.546027+00:00;2026-08;4511104;Comércio por Atacado de Caminhões Novos e Usados;5;5;0
4109401;Guarapuava;PR;Novo CAGED;2026-10-06T16:53:23.546027+00:00;2026-08;0119999;Cultivo de Outras Plantas de Lavoura Temporária não Especificadas Anteriormente;5;6;-1
4109401;Guarapuava;PR;Novo CAGED;2026-10-06T16:53:23.546027+00:00;2026-08;3321000;Instalação de Máquinas e Equipamentos Industriais;5;10;-5
4109401;Guarapuava;PR;Novo CAGED;2026-10-06T16:53:23.546027+00:00;2026-08;0155505;Produção de Ovos;5;5;0
4109401;Guarapuava;PR;Novo CAGED;2026-10-06T16:53:23.546027+00:00;2026-08;2212900;Reforma de Pneumáticos Usados;5;5;0
4109401;Guarapuava;PR;Novo CAGED;2026-10-06T16:53:23.546027+00:00;2026-08;4924800;Transporte Escolar;5;6;-1
4109401;Guarapuava;PR;Novo CAGED;2026-10-06T16:53:23.546027+00:00;2026-08;4691500;Comércio Atacadista de Mercadorias em Geral, com Predominância de Produtos Alimentícios;0;23;-23
4109401;Guarapuava;PR;Novo CAGED;2026-10-06T16:53:23.546027+00:00;2026-08;3314708;Manutenção e Reparação de Máquinas, Equipamentos e Aparelhos para Transporte e Elevação de Cargas;0;5;-5
4119608;Pitanga;PR;Novo CAGED;2026-10-06T16:53:23.546027+00:00;2024-09;other;Outras categorias (agregadas);178;175;3
4119608;Pitanga;PR;Novo CAGED;2026-10-06T16:53:23.546027+00:00;2024-09;4221902;Construção de Estações e Redes de Distribuição de Energia Elétrica;45;17;28
4119608;Pitanga;PR;Novo CAGED;2026-10-06T16:53:23.546027+00:00;2024-09;1011201;Frigorífico - Abate de Bovinos;16;19;-3
4119608;Pitanga;PR;Novo CAGED;2026-10-06T16:53:23.546027+00:00;2024-09;4930202;Transporte Rodoviário de Carga, Exceto Produtos Perigosos e Mudanças, Intermunicipal, Interestadual e Internacional;16;17;-1
4119608;Pitanga;PR;Novo CAGED;2026-10-06T16:53:23.546027+00:00;2024-09;4711302;Comércio Varejista de Mercadorias em Geral, com Predominância de Produtos Alimentícios - Supermercados;10;14;-4
4119608;Pitanga;PR;Novo CAGED;2026-10-06T16:53:23.546027+00:00;2024-09;4222701;Construção de Redes de Abastecimento de água, Coleta de Esgoto e Construções Correlatas, Exceto Obras de Irrigação;8;0;8
4119608;Pitanga;PR;Novo CAGED;2026-10-06T16:53:23.546027+00:00;2024-09;5611201;Restaurantes e Similares;5;8;-3
4119608;Pitanga;PR;Novo CAGED;2026-10-06T16:53:23.546027+00:00;2024-10;other;Outras categorias (agregadas);181;157;24
4119608;Pitanga;PR;Novo CAGED;2026-10-06T16:53:23.546027+00:00;2024-10;4221902;Construção de Estações e Redes de Distribuição de Energia Elétrica;20;11;9
4119608;Pitanga;PR;Novo CAGED;2026-10-06T16:53:23.546027+00:00;2024-10;1011201;Frigorífico - Abate de Bovinos;16;17;-1
4119608;Pitanga;PR;Novo CAGED;2026-10-06T16:53:23.546027+00:00;2024-10;4711302;Comércio Varejista de Mercadorias em Geral, com Predominância de Produtos Alimentícios - Supermercados;15;15;0
4119608;Pitanga;PR;Novo CAGED;2026-10-06T16:53:23.546027+00:00;2024-10;4930202;Transporte Rodoviário de Carga, Exceto Produtos Perigosos e Mudanças, Intermunicipal, Interestadual e Internacional;15;10;5
4119608;Pitanga;PR;Novo CAGED;2026-10-06T16:53:23.546027+00:00;2024-10;4781400;Comércio Varejista de Artigos do Vestuário e Acessórios;7;9;-2
4119608;Pitanga;PR;Novo CAGED;2026-10-06T16:53:23.546027+00:00;2024-10;4292801;Montagem de Estruturas Metálicas;5;0;5
4119608;Pitanga;PR;Novo CAGED;2026-10-06T16:53:23.546027+00:00;2024-11;other;Outras categorias (agregadas);158;162;-4
4119608;Pitanga;PR;Novo CAGED;2026-10-06T16:53:23.546027+00:00;2024-11;4221902;Construção de Estações e Redes de Distribuição de Energia Elétrica;33;19;14
4119608;Pitanga;PR;Novo CAGED;2026-10-06T16:53:23.546027+00:00;2024-11;4930202;Transporte Rodoviário de Carga, Exceto Produtos Perigosos e Mudanças, Intermunicipal, Interestadual e Internacional;16;15;1
4119608;Pitanga;PR;Novo CAGED;2026-10-06T16:53:23.546027+00:00;2024-11;4711302;Comércio Varejista de Mercadorias em Geral, com Predominância de Produtos Alimentícios - Supermercados;12;13;-1
4119608;Pitanga;PR;Novo CAGED;2026-10-06T16:53:23.546027+00:00;2024-11;4781400;Comércio Varejista de Artigos do Vestuário e Acessórios;8;6;2
4119608;Pitanga;PR;Novo CAGED;2026-10-06T16:53:23.546027+00:00;2024-11;4712100;Comércio Varejista de Mercadorias em Geral, com Predominância de Produtos Alimentícios - Minimercados, Mercearias e Armazéns;7;0;7
4119608;Pitanga;PR;Novo CAGED;2026-10-06T16:53:23.546027+00:00;2024-11;8129000;Atividades de Limpeza não Especificadas Anteriormente;6;0;6
4119608;Pitanga;PR;Novo CAGED;2026-10-06T16:53:23.546027+00:00;2024-12;other;Outras categorias (agregadas);119;208;-89
4119608;Pitanga;PR;Novo CAGED;2026-10-06T16:53:23.546027+00:00;2024-12;1011201;Frigorífico - Abate de Bovinos;22;12;10
4119608;Pitanga;PR;Novo CAGED;2026-10-06T16:53:23.546027+00:00;2024-12;4711302;Comércio Varejista de Mercadorias em Geral, com Predominância de Produtos Alimentícios - Supermercados;20;21;-1
4119608;Pitanga;PR;Novo CAGED;2026-10-06T16:53:23.546027+00:00;2024-12;4930202;Transporte Rodoviário de Carga, Exceto Produtos Perigosos e Mudanças, Intermunicipal, Interestadual e Internacional;12;21;-9
4119608;Pitanga;PR;Novo CAGED;2026-10-06T16:53:23.546027+00:00;2024-12;4712100;Comércio Varejista de Mercadorias em Geral, com Predominância de Produtos Alimentícios - Minimercados, Mercearias e Armazéns;5;7;-2
4119608;Pitanga;PR;Novo CAGED;2026-10-06T16:53:23.546027+00:00;2024-12;8532500;Educação Superior - Graduação e Pós-Graduação;0;5;-5
4119608;Pitanga;PR;Novo CAGED;2026-10-06T16:53:23.546027+00:00;2025-01;other;Outras categorias (agregadas);130;172;-42
4119608;Pitanga;PR;Novo CAGED;2026-10-06T16:53:23.546027+00:00;2025-01;4221902;Construção de Estações e Redes de Distribuição de Energia Elétrica;38;18;20
4119608;Pitanga;PR;Novo CAGED;2026-10-06T16:53:23.546027+00:00;2025-01;4930202;Transporte Rodoviário de Carga, Exceto Produtos Perigosos e Mudanças, Intermunicipal, Interestadual e Internacional;21;17;4
4119608;Pitanga;PR;Novo CAGED;2026-10-06T16:53:23.546027+00:00;2025-01;1011201;Frigorífico - Abate de Bovinos;12;9;3
4119608;Pitanga;PR;Novo CAGED;2026-10-06T16:53:23.546027+00:00;2025-01;4781400;Comércio Varejista de Artigos do Vestuário e Acessórios;8;11;-3
4119608;Pitanga;PR;Novo CAGED;2026-10-06T16:53:23.546027+00:00;2025-01;4711302;Comércio Varejista de Mercadorias em Geral, com Predominância de Produtos Alimentícios - Supermercados;7;23;-16
4119608;Pitanga;PR;Novo CAGED;2026-10-06T16:53:23.546027+00:00;2025-01;4292801;Montagem de Estruturas Metálicas;6;5;1
4119608;Pitanga;PR;Novo CAGED;2026-10-06T16:53:23.546027+00:00;2025-01;4520001;Serviços de Manutenção e Reparação Mecânica de Veículos Automotores;0;5;-5
4119608;Pitanga;PR;Novo CAGED;2026-10-06T16:53:23.546027+00:00;2025-02;other;Outras categorias (agregadas);207;146;61
4119608;Pitanga;PR;Novo CAGED;2026-10-06T16:53:23.546027+00:00;2025-02;3811400;Coleta de Resíduos Não-Perigosos;56;13;43
4119608;Pitanga;PR;Novo CAGED;2026-10-06T16:53:23.546027+00:00;2025-02;4221902;Construção de Estações e Redes de Distribuição de Energia Elétrica;47;16;31
4119608;Pitanga;PR;Novo CAGED;2026-10-06T16:53:23.546027+00:00;2025-02;4711302;Comércio Varejista de Mercadorias em Geral, com Predominância de Produtos Alimentícios - Supermercados;37;31;6
4119608;Pitanga;PR;Novo CAGED;2026-10-06T16:53:23.546027+00:00;2025-02;4930202;Transporte Rodoviário de Carga, Exceto Produtos Perigosos e Mudanças, Intermunicipal, Interestadual e Internacional;18;11;7
4119608;Pitanga;PR;Novo CAGED;2026-10-06T16:53:23.546027+00:00;2025-02;1011201;Frigorífico - Abate de Bovinos;14;9;5
4119608;Pitanga;PR;Novo CAGED;2026-10-06T16:53:23.546027+00:00;2025-02;4731800;Comércio Varejista de Combustíveis para Veículos Automotores;11;8;3
4119608;Pitanga;PR;Novo CAGED;2026-10-06T16:53:23.546027+00:00;2025-02;1422300;Fabricação de Artigos do Vestuário, Produzidos em Malharias e Tricotagens, Exceto Meias;6;0;6
4119608;Pitanga;PR;Novo CAGED;2026-10-06T16:53:23.546027+00:00;2025-02;5611201;Restaurantes e Similares;5;8;-3
4119608;Pitanga;PR;Novo CAGED;2026-10-06T16:53:23.546027+00:00;2025-02;3101200;Fabricação de Móveis com Predominância de Madeira;0;5;-5
4119608;Pitanga;PR;Novo CAGED;2026-10-06T16:53:23.546027+00:00;2025-03;other;Outras categorias (agregadas);153;161;-8
4119608;Pitanga;PR;Novo CAGED;2026-10-06T16:53:23.546027+00:00;2025-03;4221902;Construção de Estações e Redes de Distribuição de Energia Elétrica;45;13;32
4119608;Pitanga;PR;Novo CAGED;2026-10-06T16:53:23.546027+00:00;2025-03;4711302;Comércio Varejista de Mercadorias em Geral, com Predominância de Produtos Alimentícios - Supermercados;32;14;18
4119608;Pitanga;PR;Novo CAGED;2026-10-06T16:53:23.546027+00:00;2025-03;1011201;Frigorífico - Abate de Bovinos;12;14;-2
4119608;Pitanga;PR;Novo CAGED;2026-10-06T16:53:23.546027+00:00;2025-03;4781400;Comércio Varejista de Artigos do Vestuário e Acessórios;8;9;-1
4119608;Pitanga;PR;Novo CAGED;2026-10-06T16:53:23.546027+00:00;2025-03;4930202;Transporte Rodoviário de Carga, Exceto Produtos Perigosos e Mudanças, Intermunicipal, Interestadual e Internacional;8;11;-3
4119608;Pitanga;PR;Novo CAGED;2026-10-06T16:53:23.546027+00:00;2025-03;5611201;Restaurantes e Similares;7;5;2
4119608;Pitanga;PR;Novo CAGED;2026-10-06T16:53:23.546027+00:00;2025-03;4731800;Comércio Varejista de Combustíveis para Veículos Automotores;6;9;-3
4119608;Pitanga;PR;Novo CAGED;2026-10-06T16:53:23.546027+00:00;2025-03;9430800;Atividades de Associações de Defesa de Direitos Sociais;0;5;-5
4119608;Pitanga;PR;Novo CAGED;2026-10-06T16:53:23.546027+00:00;2025-04;other;Outras categorias (agregadas);152;142;10
4119608;Pitanga;PR;Novo CAGED;2026-10-06T16:53:23.546027+00:00;2025-04;3811400;Coleta de Resíduos Não-Perigosos;26;6;20
4119608;Pitanga;PR;Novo CAGED;2026-10-06T16:53:23.546027+00:00;2025-04;4711302;Comércio Varejista de Mercadorias em Geral, com Predominância de Produtos Alimentícios - Supermercados;20;20;0
4119608;Pitanga;PR;Novo CAGED;2026-10-06T16:53:23.546027+00:00;2025-04;4221902;Construção de Estações e Redes de Distribuição de Energia Elétrica;19;31;-12
4119608;Pitanga;PR;Novo CAGED;2026-10-06T16:53:23.546027+00:00;2025-04;1011201;Frigorífico - Abate de Bovinos;13;12;1
4119608;Pitanga;PR;Novo CAGED;2026-10-06T16:53:23.546027+00:00;2025-04;4930202;Transporte Rodoviário de Carga, Exceto Produtos Perigosos e Mudanças, Intermunicipal, Interestadual e Internacional;13;10;3
4119608;Pitanga;PR;Novo CAGED;2026-10-06T16:53:23.546027+00:00;2025-04;4781400;Comércio Varejista de Artigos do Vestuário e Acessórios;10;7;3
4119608;Pitanga;PR;Novo CAGED;2026-10-06T16:53:23.546027+00:00;2025-05;other;Outras categorias (agregadas);144;139;5
4119608;Pitanga;PR;Novo CAGED;2026-10-06T16:53:23.546027+00:00;2025-05;4711302;Comércio Varejista de Mercadorias em Geral, com Predominância de Produtos Alimentícios - Supermercados;30;17;13
4119608;Pitanga;PR;Novo CAGED;2026-10-06T16:53:23.546027+00:00;2025-05;1011201;Frigorífico - Abate de Bovinos;27;13;14
4119608;Pitanga;PR;Novo CAGED;2026-10-06T16:53:23.546027+00:00;2025-05;4930202;Transporte Rodoviário de Carga, Exceto Produtos Perigosos e Mudanças, Intermunicipal, Interestadual e Internacional;16;17;-1
4119608;Pitanga;PR;Novo CAGED;2026-10-06T16:53:23.546027+00:00;2025-05;4221902;Construção de Estações e Redes de Distribuição de Energia Elétrica;9;24;-15
4119608;Pitanga;PR;Novo CAGED;2026-10-06T16:53:23.546027+00:00;2025-05;9430800;Atividades de Associações de Defesa de Direitos Sociais;7;0;7
4119608;Pitanga;PR;Novo CAGED;2026-10-06T16:53:23.546027+00:00;2025-05;4623199;Comércio Atacadista de Matérias-Primas Agrícolas não Especificadas Anteriormente;7;5;2
4119608;Pitanga;PR;Novo CAGED;2026-10-06T16:53:23.546027+00:00;2025-05;3811400;Coleta de Resíduos Não-Perigosos;6;8;-2
4119608;Pitanga;PR;Novo CAGED;2026-10-06T16:53:23.546027+00:00;2025-05;0115600;Cultivo de Soja;6;11;-5
4119608;Pitanga;PR;Novo CAGED;2026-10-06T16:53:23.546027+00:00;2025-05;4632003;Comércio Atacadista de Cereais e Leguminosas Beneficiados, Farinhas, Amidos e Féculas, com Atividade de Fracionamento e Acondicionamento Associada;5;5;0
4119608;Pitanga;PR;Novo CAGED;2026-10-06T16:53:23.546027+00:00;2025-05;4520002;Serviços de Lanternagem ou Funilaria e Pintura de Veículos Automotores;5;0;5
4119608;Pitanga;PR;Novo CAGED;2026-10-06T16:53:23.546027+00:00;2025-05;1749400;Fabricação de Produtos de Pastas Celulósicas, Papel, Cartolina, Papel-Cartão e Papelão Ondulado não Especificados Anteriormente;0;7;-7
4119608;Pitanga;PR;Novo CAGED;2026-10-06T16:53:23.546027+00:00;2025-05;2311700;Fabricação de Vidro Plano e de Segurança;0;5;-5
4119608;Pitanga;PR;Novo CAGED;2026-10-06T16:53:23.546027+00:00;2025-05;4520001;Serviços de Manutenção e Reparação Mecânica de Veículos Automotores;0;5;-5
4119608;Pitanga;PR;Novo CAGED;2026-10-06T16:53:23.546027+00:00;2025-06;other;Outras categorias (agregadas);166;142;24
4119608;Pitanga;PR;Novo CAGED;2026-10-06T16:53:23.546027+00:00;2025-06;4930202;Transporte Rodoviário de Carga, Exceto Produtos Perigosos e Mudanças, Intermunicipal, Interestadual e Internacional;14;11;3
4119608;Pitanga;PR;Novo CAGED;2026-10-06T16:53:23.546027+00:00;2025-06;4711302;Comércio Varejista de Mercadorias em Geral, com Predominância de Produtos Alimentícios - Supermercados;11;19;-8
4119608;Pitanga;PR;Novo CAGED;2026-10-06T16:53:23.546027+00:00;2025-06;1011201;Frigorífico - Abate de Bovinos;8;17;-9
4119608;Pitanga;PR;Novo CAGED;2026-10-06T16:53:23.546027+00:00;2025-06;6110803;Serviços de Comunicação Multimídia - Scm;6;0;6
4119608;Pitanga;PR;Novo CAGED;2026-10-06T16:53:23.546027+00:00;2025-06;4632003;Comércio Atacadista de Cereais e Leguminosas Beneficiados, Farinhas, Amidos e Féculas, com Atividade de Fracionamento e Acondicionamento Associada;5;0;5
4119608;Pitanga;PR;Novo CAGED;2026-10-06T16:53:23.546027+00:00;2025-06;4781400;Comércio Varejista de Artigos do Vestuário e Acessórios;5;9;-4
4119608;Pitanga;PR;Novo CAGED;2026-10-06T16:53:23.546027+00:00;2025-06;4530703;Comércio a Varejo de Peças e Acessórios Novos para Veículos Automotores;5;6;-1
4119608;Pitanga;PR;Novo CAGED;2026-10-06T16:53:23.546027+00:00;2025-06;4292801;Montagem de Estruturas Metálicas;5;6;-1
4119608;Pitanga;PR;Novo CAGED;2026-10-06T16:53:23.546027+00:00;2025-06;4789099;Comércio Varejista de Outros Produtos não Especificados Anteriormente;0;5;-5
4119608;Pitanga;PR;Novo CAGED;2026-10-06T16:53:23.546027+00:00;2025-07;other;Outras categorias (agregadas);163;126;37
4119608;Pitanga;PR;Novo CAGED;2026-10-06T16:53:23.546027+00:00;2025-07;1011201;Frigorífico - Abate de Bovinos;38;12;26
4119608;Pitanga;PR;Novo CAGED;2026-10-06T16:53:23.546027+00:00;2025-07;4711302;Comércio Varejista de Mercadorias em Geral, com Predominância de Produtos Alimentícios - Supermercados;19;20;-1
4119608;Pitanga;PR;Novo CAGED;2026-10-06T16:53:23.546027+00:00;2025-07;4930202;Transporte Rodoviário de Carga, Exceto Produtos Perigosos e Mudanças, Intermunicipal, Interestadual e Internacional;11;13;-2
4119608;Pitanga;PR;Novo CAGED;2026-10-06T16:53:23.546027+00:00;2025-07;3811400;Coleta de Resíduos Não-Perigosos;9;8;1
4119608;Pitanga;PR;Novo CAGED;2026-10-06T16:53:23.546027+00:00;2025-07;4781400;Comércio Varejista de Artigos do Vestuário e Acessórios;9;9;0
4119608;Pitanga;PR;Novo CAGED;2026-10-06T16:53:23.546027+00:00;2025-07;4221902;Construção de Estações e Redes de Distribuição de Energia Elétrica;9;6;3
4119608;Pitanga;PR;Novo CAGED;2026-10-06T16:53:23.546027+00:00;2025-07;2532201;Produção de Artefatos Estampados de Metal;6;0;6
4119608;Pitanga;PR;Novo CAGED;2026-10-06T16:53:23.546027+00:00;2025-07;4692300;Comércio Atacadista de Mercadorias em Geral, com Predominância de Insumos Agropecuários;5;0;5
4119608;Pitanga;PR;Novo CAGED;2026-10-06T16:53:23.546027+00:00;2025-07;0151202;Criação de Bovinos para Leite;5;5;0
4119608;Pitanga;PR;Novo CAGED;2026-10-06T16:53:23.546027+00:00;2025-07;5611201;Restaurantes e Similares;5;5;0
4119608;Pitanga;PR;Novo CAGED;2026-10-06T16:53:23.546027+00:00;2025-07;8299799;Outras Atividades de Serviços Prestados Principalmente às Empresas não Especificadas Anteriormente;0;11;-11
4119608;Pitanga;PR;Novo CAGED;2026-10-06T16:53:23.546027+00:00;2025-08;other;Outras categorias (agregadas);109;139;-30
4119608;Pitanga;PR;Novo CAGED;2026-10-06T16:53:23.546027+00:00;2025-08;4711302;Comércio Varejista de Mercadorias em Geral, com Predominância de Produtos Alimentícios - Supermercados;25;29;-4
4119608;Pitanga;PR;Novo CAGED;2026-10-06T16:53:23.546027+00:00;2025-08;4930202;Transporte Rodoviário de Carga, Exceto Produtos Perigosos e Mudanças, Intermunicipal, Interestadual e Internacional;21;14;7
4119608;Pitanga;PR;Novo CAGED;2026-10-06T16:53:23.546027+00:00;2025-08;4221902;Construção de Estações e Redes de Distribuição de Energia Elétrica;16;7;9
4119608;Pitanga;PR;Novo CAGED;2026-10-06T16:53:23.546027+00:00;2025-08;4120400;Construção de Edifícios;9;5;4
4119608;Pitanga;PR;Novo CAGED;2026-10-06T16:53:23.546027+00:00;2025-08;4623109;Comércio Atacadista de Alimentos para Animais;8;0;8
4119608;Pitanga;PR;Novo CAGED;2026-10-06T16:53:23.546027+00:00;2025-08;4781400;Comércio Varejista de Artigos do Vestuário e Acessórios;7;13;-6
4119608;Pitanga;PR;Novo CAGED;2026-10-06T16:53:23.546027+00:00;2025-08;1011201;Frigorífico - Abate de Bovinos;7;13;-6
4119608;Pitanga;PR;Novo CAGED;2026-10-06T16:53:23.546027+00:00;2025-08;0115600;Cultivo de Soja;5;11;-6
4119608;Pitanga;PR;Novo CAGED;2026-10-06T16:53:23.546027+00:00;2025-09;other;Outras categorias (agregadas);176;139;37
4119608;Pitanga;PR;Novo CAGED;2026-10-06T16:53:23.546027+00:00;2025-09;4781400;Comércio Varejista de Artigos do Vestuário e Acessórios;20;11;9
4119608;Pitanga;PR;Novo CAGED;2026-10-06T16:53:23.546027+00:00;2025-09;4711302;Comércio Varejista de Mercadorias em Geral, com Predominância de Produtos Alimentícios - Supermercados;16;23;-7
4119608;Pitanga;PR;Novo CAGED;2026-10-06T16:53:23.546027+00:00;2025-09;4930202;Transporte Rodoviário de Carga, Exceto Produtos Perigosos e Mudanças, Intermunicipal, Interestadual e Internacional;14;15;-1
4119608;Pitanga;PR;Novo CAGED;2026-10-06T16:53:23.546027+00:00;2025-09;1011201;Frigorífico - Abate de Bovinos;13;20;-7
4119608;Pitanga;PR;Novo CAGED;2026-10-06T16:53:23.546027+00:00;2025-09;8630503;Atividade Médica Ambulatorial Restrita a Consultas;7;5;2
4119608;Pitanga;PR;Novo CAGED;2026-10-06T16:53:23.546027+00:00;2025-09;4924800;Transporte Escolar;7;0;7
4119608;Pitanga;PR;Novo CAGED;2026-10-06T16:53:23.546027+00:00;2025-09;6110803;Serviços de Comunicação Multimídia - Scm;6;5;1
4119608;Pitanga;PR;Novo CAGED;2026-10-06T16:53:23.546027+00:00;2025-09;4520001;Serviços de Manutenção e Reparação Mecânica de Veículos Automotores;6;5;1
4119608;Pitanga;PR;Novo CAGED;2026-10-06T16:53:23.546027+00:00;2025-10;other;Outras categorias (agregadas);140;163;-23
4119608;Pitanga;PR;Novo CAGED;2026-10-06T16:53:23.546027+00:00;2025-10;4221902;Construção de Estações e Redes de Distribuição de Energia Elétrica;29;9;20
4119608;Pitanga;PR;Novo CAGED;2026-10-06T16:53:23.546027+00:00;2025-10;4930202;Transporte Rodoviário de Carga, Exceto Produtos Perigosos e Mudanças, Intermunicipal, Interestadual e Internacional;29;15;14
4119608;Pitanga;PR;Novo CAGED;2026-10-06T16:53:23.546027+00:00;2025-10;4711302;Comércio Varejista de Mercadorias em Geral, com Predominância de Produtos Alimentícios - Supermercados;25;15;10
4119608;Pitanga;PR;Novo CAGED;2026-10-06T16:53:23.546027+00:00;2025-10;4781400;Comércio Varejista de Artigos do Vestuário e Acessórios;13;15;-2
4119608;Pitanga;PR;Novo CAGED;2026-10-06T16:53:23.546027+00:00;2025-10;1011201;Frigorífico - Abate de Bovinos;11;13;-2
4119608;Pitanga;PR;Novo CAGED;2026-10-06T16:53:23.546027+00:00;2025-11;other;Outras categorias (agregadas);133;142;-9
4119608;Pitanga;PR;Novo CAGED;2026-10-06T16:53:23.546027+00:00;2025-11;4930202;Transporte Rodoviário de Carga, Exceto Produtos Perigosos e Mudanças, Intermunicipal, Interestadual e Internacional;20;18;2
4119608;Pitanga;PR;Novo CAGED;2026-10-06T16:53:23.546027+00:00;2025-11;4781400;Comércio Varejista de Artigos do Vestuário e Acessórios;15;5;10
4119608;Pitanga;PR;Novo CAGED;2026-10-06T16:53:23.546027+00:00;2025-11;1011201;Frigorífico - Abate de Bovinos;15;13;2
4119608;Pitanga;PR;Novo CAGED;2026-10-06T16:53:23.546027+00:00;2025-11;4711302;Comércio Varejista de Mercadorias em Geral, com Predominância de Produtos Alimentícios - Supermercados;12;20;-8
4119608;Pitanga;PR;Novo CAGED;2026-10-06T16:53:23.546027+00:00;2025-11;0115600;Cultivo de Soja;8;10;-2
4119608;Pitanga;PR;Novo CAGED;2026-10-06T16:53:23.546027+00:00;2025-12;other;Outras categorias (agregadas);99;203;-104
4119608;Pitanga;PR;Novo CAGED;2026-10-06T16:53:23.546027+00:00;2025-12;1011201;Frigorífico - Abate de Bovinos;25;12;13
4119608;Pitanga;PR;Novo CAGED;2026-10-06T16:53:23.546027+00:00;2025-12;4711302;Comércio Varejista de Mercadorias em Geral, com Predominância de Produtos Alimentícios - Supermercados;24;24;0
4119608;Pitanga;PR;Novo CAGED;2026-10-06T16:53:23.546027+00:00;2025-12;4781400;Comércio Varejista de Artigos do Vestuário e Acessórios;10;7;3
4119608;Pitanga;PR;Novo CAGED;2026-10-06T16:53:23.546027+00:00;2025-12;8610101;Atividades de Atendimento Hospitalar, Exceto Pronto-Socorro e Unidades para Atendimento a Urgências;5;5;0
4119608;Pitanga;PR;Novo CAGED;2026-10-06T16:53:23.546027+00:00;2025-12;8520100;Ensino Médio;0;5;-5
4119608;Pitanga;PR;Novo CAGED;2026-10-06T16:53:23.546027+00:00;2025-12;8599601;Formação de Condutores;0;9;-9
4119608;Pitanga;PR;Novo CAGED;2026-10-06T16:53:23.546027+00:00;2026-01;other;Outras categorias (agregadas);139;158;-19
4119608;Pitanga;PR;Novo CAGED;2026-10-06T16:53:23.546027+00:00;2026-01;4930202;Transporte Rodoviário de Carga, Exceto Produtos Perigosos e Mudanças, Intermunicipal, Interestadual e Internacional;25;17;8
4119608;Pitanga;PR;Novo CAGED;2026-10-06T16:53:23.546027+00:00;2026-01;4711302;Comércio Varejista de Mercadorias em Geral, com Predominância de Produtos Alimentícios - Supermercados;19;21;-2
4119608;Pitanga;PR;Novo CAGED;2026-10-06T16:53:23.546027+00:00;2026-01;4781400;Comércio Varejista de Artigos do Vestuário e Acessórios;9;11;-2
4119608;Pitanga;PR;Novo CAGED;2026-10-06T16:53:23.546027+00:00;2026-01;8211300;Serviços Combinados de Escritório e Apoio Administrativo;9;0;9
4119608;Pitanga;PR;Novo CAGED;2026-10-06T16:53:23.546027+00:00;2026-01;1011201;Frigorífico - Abate de Bovinos;5;6;-1
4119608;Pitanga;PR;Novo CAGED;2026-10-06T16:53:23.546027+00:00;2026-01;4292801;Montagem de Estruturas Metálicas;5;5;0
4119608;Pitanga;PR;Novo CAGED;2026-10-06T16:53:23.546027+00:00;2026-01;4120400;Construção de Edifícios;0;9;-9
4119608;Pitanga;PR;Novo CAGED;2026-10-06T16:53:23.546027+00:00;2026-02;other;Outras categorias (agregadas);190;158;32
4119608;Pitanga;PR;Novo CAGED;2026-10-06T16:53:23.546027+00:00;2026-02;4930202;Transporte Rodoviário de Carga, Exceto Produtos Perigosos e Mudanças, Intermunicipal, Interestadual e Internacional;25;19;6
4119608;Pitanga;PR;Novo CAGED;2026-10-06T16:53:23.546027+00:00;2026-02;4711302;Comércio Varejista de Mercadorias em Geral, com Predominância de Produtos Alimentícios - Supermercados;23;30;-7
4119608;Pitanga;PR;Novo CAGED;2026-10-06T16:53:23.546027+00:00;2026-02;1011201;Frigorífico - Abate de Bovinos;18;10;8
4119608;Pitanga;PR;Novo CAGED;2026-10-06T16:53:23.546027+00:00;2026-02;4781400;Comércio Varejista de Artigos do Vestuário e Acessórios;11;14;-3
4119608;Pitanga;PR;Novo CAGED;2026-10-06T16:53:23.546027+00:00;2026-02;5611201;Restaurantes e Similares;9;7;2
4119608;Pitanga;PR;Novo CAGED;2026-10-06T16:53:23.546027+00:00;2026-02;0115600;Cultivo de Soja;8;9;-1
4119608;Pitanga;PR;Novo CAGED;2026-10-06T16:53:23.546027+00:00;2026-02;4221902;Construção de Estações e Redes de Distribuição de Energia Elétrica;7;5;2
4119608;Pitanga;PR;Novo CAGED;2026-10-06T16:53:23.546027+00:00;2026-02;4731800;Comércio Varejista de Combustíveis para Veículos Automotores;5;6;-1
4119608;Pitanga;PR;Novo CAGED;2026-10-06T16:53:23.546027+00:00;2026-03;other;Outras categorias (agregadas);215;159;56
4119608;Pitanga;PR;Novo CAGED;2026-10-06T16:53:23.546027+00:00;2026-03;4711302;Comércio Varejista de Mercadorias em Geral, com Predominância de Produtos Alimentícios - Supermercados;24;24;0
4119608;Pitanga;PR;Novo CAGED;2026-10-06T16:53:23.546027+00:00;2026-03;4930202;Transporte Rodoviário de Carga, Exceto Produtos Perigosos e Mudanças, Intermunicipal, Interestadual e Internacional;21;23;-2
4119608;Pitanga;PR;Novo CAGED;2026-10-06T16:53:23.546027+00:00;2026-03;4781400;Comércio Varejista de Artigos do Vestuário e Acessórios;15;10;5
4119608;Pitanga;PR;Novo CAGED;2026-10-06T16:53:23.546027+00:00;2026-03;3811400;Coleta de Resíduos Não-Perigosos;10;6;4
4119608;Pitanga;PR;Novo CAGED;2026-10-06T16:53:23.546027+00:00;2026-03;4120400;Construção de Edifícios;9;5;4
4119608;Pitanga;PR;Novo CAGED;2026-10-06T16:53:23.546027+00:00;2026-03;1011201;Frigorífico - Abate de Bovinos;8;15;-7
4119608;Pitanga;PR;Novo CAGED;2026-10-06T16:53:23.546027+00:00;2026-03;4520001;Serviços de Manutenção e Reparação Mecânica de Veículos Automotores;8;5;3
4119608;Pitanga;PR;Novo CAGED;2026-10-06T16:53:23.546027+00:00;2026-03;4292801;Montagem de Estruturas Metálicas;5;0;5
4119608;Pitanga;PR;Novo CAGED;2026-10-06T16:53:23.546027+00:00;2026-03;5611201;Restaurantes e Similares;5;9;-4
4119608;Pitanga;PR;Novo CAGED;2026-10-06T16:53:23.546027+00:00;2026-04;other;Outras categorias (agregadas);143;162;-19
4119608;Pitanga;PR;Novo CAGED;2026-10-06T16:53:23.546027+00:00;2026-04;4930202;Transporte Rodoviário de Carga, Exceto Produtos Perigosos e Mudanças, Intermunicipal, Interestadual e Internacional;20;25;-5
4119608;Pitanga;PR;Novo CAGED;2026-10-06T16:53:23.546027+00:00;2026-04;1011201;Frigorífico - Abate de Bovinos;17;16;1
4119608;Pitanga;PR;Novo CAGED;2026-10-06T16:53:23.546027+00:00;2026-04;4711302;Comércio Varejista de Mercadorias em Geral, com Predominância de Produtos Alimentícios - Supermercados;15;16;-1
4119608;Pitanga;PR;Novo CAGED;2026-10-06T16:53:23.546027+00:00;2026-04;6912500;Cartórios;13;17;-4
4119608;Pitanga;PR;Novo CAGED;2026-10-06T16:53:23.546027+00:00;2026-04;2399199;Fabricação de Outros Produtos de Minerais Não-Metálicos não Especificados Anteriormente;11;9;2
4119608;Pitanga;PR;Novo CAGED;2026-10-06T16:53:23.546027+00:00;2026-04;4781400;Comércio Varejista de Artigos do Vestuário e Acessórios;9;14;-5
4119608;Pitanga;PR;Novo CAGED;2026-10-06T16:53:23.546027+00:00;2026-04;0115600;Cultivo de Soja;8;10;-2
4119608;Pitanga;PR;Novo CAGED;2026-10-06T16:53:23.546027+00:00;2026-04;4530703;Comércio a Varejo de Peças e Acessórios Novos para Veículos Automotores;7;0;7
4119608;Pitanga;PR;Novo CAGED;2026-10-06T16:53:23.546027+00:00;2026-04;4520001;Serviços de Manutenção e Reparação Mecânica de Veículos Automotores;6;5;1
4119608;Pitanga;PR;Novo CAGED;2026-10-06T16:53:23.546027+00:00;2026-04;7112000;Serviços de Engenharia;0;5;-5
4119608;Pitanga;PR;Novo CAGED;2026-10-06T16:53:23.546027+00:00;2026-05;other;Outras categorias (agregadas);171;154;17
4119608;Pitanga;PR;Novo CAGED;2026-10-06T16:53:23.546027+00:00;2026-05;4711302;Comércio Varejista de Mercadorias em Geral, com Predominância de Produtos Alimentícios - Supermercados;28;22;6
4119608;Pitanga;PR;Novo CAGED;2026-10-06T16:53:23.546027+00:00;2026-05;4930202;Transporte Rodoviário de Carga, Exceto Produtos Perigosos e Mudanças, Intermunicipal, Interestadual e Internacional;21;26;-5
4119608;Pitanga;PR;Novo CAGED;2026-10-06T16:53:23.546027+00:00;2026-05;1011201;Frigorífico - Abate de Bovinos;19;10;9
4119608;Pitanga;PR;Novo CAGED;2026-10-06T16:53:23.546027+00:00;2026-05;4781400;Comércio Varejista de Artigos do Vestuário e Acessórios;10;13;-3
4119608;Pitanga;PR;Novo CAGED;2026-10-06T16:53:23.546027+00:00;2026-05;6912500;Cartórios;5;0;5
4119608;Pitanga;PR;Novo CAGED;2026-10-06T16:53:23.546027+00:00;2026-05;4763601;Comércio Varejista de Brinquedos e Artigos Recreativos;0;8;-8
4119608;Pitanga;PR;Novo CAGED;2026-10-06T16:53:23.546027+00:00;2026-06;other;Outras categorias (agregadas);144;129;15
4119608;Pitanga;PR;Novo CAGED;2026-10-06T16:53:23.546027+00:00;2026-06;4711302;Comércio Varejista de Mercadorias em Geral, com Predominância de Produtos Alimentícios - Supermercados;19;26;-7
4119608;Pitanga;PR;Novo CAGED;2026-10-06T16:53:23.546027+00:00;2026-06;4930202;Transporte Rodoviário de Carga, Exceto Produtos Perigosos e Mudanças, Intermunicipal, Interestadual e Internacional;16;24;-8
4119608;Pitanga;PR;Novo CAGED;2026-10-06T16:53:23.546027+00:00;2026-06;1011201;Frigorífico - Abate de Bovinos;10;17;-7
4119608;Pitanga;PR;Novo CAGED;2026-10-06T16:53:23.546027+00:00;2026-06;4120400;Construção de Edifícios;7;6;1
4119608;Pitanga;PR;Novo CAGED;2026-10-06T16:53:23.546027+00:00;2026-06;4781400;Comércio Varejista de Artigos do Vestuário e Acessórios;5;15;-10
4119608;Pitanga;PR;Novo CAGED;2026-10-06T16:53:23.546027+00:00;2026-06;4221902;Construção de Estações e Redes de Distribuição de Energia Elétrica;0;8;-8
4119608;Pitanga;PR;Novo CAGED;2026-10-06T16:53:23.546027+00:00;2026-07;other;Outras categorias (agregadas);135;118;17
4119608;Pitanga;PR;Novo CAGED;2026-10-06T16:53:23.546027+00:00;2026-07;4930202;Transporte Rodoviário de Carga, Exceto Produtos Perigosos e Mudanças, Intermunicipal, Interestadual e Internacional;44;34;10
4119608;Pitanga;PR;Novo CAGED;2026-10-06T16:53:23.546027+00:00;2026-07;4711302;Comércio Varejista de Mercadorias em Geral, com Predominância de Produtos Alimentícios - Supermercados;24;17;7
4119608;Pitanga;PR;Novo CAGED;2026-10-06T16:53:23.546027+00:00;2026-07;4781400;Comércio Varejista de Artigos do Vestuário e Acessórios;16;9;7
4119608;Pitanga;PR;Novo CAGED;2026-10-06T16:53:23.546027+00:00;2026-07;1011201;Frigorífico - Abate de Bovinos;13;10;3
4119608;Pitanga;PR;Novo CAGED;2026-10-06T16:53:23.546027+00:00;2026-07;4120400;Construção de Edifícios;12;6;6
4119608;Pitanga;PR;Novo CAGED;2026-10-06T16:53:23.546027+00:00;2026-07;4520001;Serviços de Manutenção e Reparação Mecânica de Veículos Automotores;11;9;2
4119608;Pitanga;PR;Novo CAGED;2026-10-06T16:53:23.546027+00:00;2026-07;2399199;Fabricação de Outros Produtos de Minerais Não-Metálicos não Especificados Anteriormente;6;5;1
4119608;Pitanga;PR;Novo CAGED;2026-10-06T16:53:23.546027+00:00;2026-07;4110700;Incorporação de Empreendimentos Imobiliários;6;0;6
4119608;Pitanga;PR;Novo CAGED;2026-10-06T16:53:23.546027+00:00;2026-07;8211300;Serviços Combinados de Escritório e Apoio Administrativo;5;0;5
4119608;Pitanga;PR;Novo CAGED;2026-10-06T16:53:23.546027+00:00;2026-08;other;Outras categorias (agregadas);166;138;28
4119608;Pitanga;PR;Novo CAGED;2026-10-06T16:53:23.546027+00:00;2026-08;4930202;Transporte Rodoviário de Carga, Exceto Produtos Perigosos e Mudanças, Intermunicipal, Interestadual e Internacional;45;22;23
4119608;Pitanga;PR;Novo CAGED;2026-10-06T16:53:23.546027+00:00;2026-08;4711302;Comércio Varejista de Mercadorias em Geral, com Predominância de Produtos Alimentícios - Supermercados;37;31;6
4119608;Pitanga;PR;Novo CAGED;2026-10-06T16:53:23.546027+00:00;2026-08;1011201;Frigorífico - Abate de Bovinos;17;15;2
4119608;Pitanga;PR;Novo CAGED;2026-10-06T16:53:23.546027+00:00;2026-08;4781400;Comércio Varejista de Artigos do Vestuário e Acessórios;6;9;-3
4119608;Pitanga;PR;Novo CAGED;2026-10-06T16:53:23.546027+00:00;2026-08;0115600;Cultivo de Soja;6;7;-1
4119608;Pitanga;PR;Novo CAGED;2026-10-06T16:53:23.546027+00:00;2026-08;7112000;Serviços de Engenharia;6;6;0
4119608;Pitanga;PR;Novo CAGED;2026-10-06T16:53:23.546027+00:00;2026-08;1091102;Fabricação de Produtos de Padaria e Confeitaria com Predominância de Produção Própria;5;0;5
4113254;Laranjal;PR;Novo CAGED;2026-10-06T16:53:23.546027+00:00;2025-01;other;Outras categorias (agregadas);6;9;-3
4113254;Laranjal;PR;Novo CAGED;2026-10-06T16:53:23.546027+00:00;2025-02;other;Outras categorias (agregadas);12;5;7
4113254;Laranjal;PR;Novo CAGED;2026-10-06T16:53:23.546027+00:00;2025-03;other;Outras categorias (agregadas);11;5;6
4113254;Laranjal;PR;Novo CAGED;2026-10-06T16:53:23.546027+00:00;2025-03;0210103;Cultivo de Pinus;9;0;9
4113254;Laranjal;PR;Novo CAGED;2026-10-06T16:53:23.546027+00:00;2025-04;other;Outras categorias (agregadas);6;9;-3
4113254;Laranjal;PR;Novo CAGED;2026-10-06T16:53:23.546027+00:00;2025-05;other;Outras categorias (agregadas);17;16;1
4113254;Laranjal;PR;Novo CAGED;2026-10-06T16:53:23.546027+00:00;2025-06;other;Outras categorias (agregadas);15;8;7
4113254;Laranjal;PR;Novo CAGED;2026-10-06T16:53:23.546027+00:00;2025-07;other;Outras categorias (agregadas);9;9;0
4113254;Laranjal;PR;Novo CAGED;2026-10-06T16:53:23.546027+00:00;2025-09;other;Outras categorias (agregadas);9;9;0
4113254;Laranjal;PR;Novo CAGED;2026-10-06T16:53:23.546027+00:00;2025-10;other;Outras categorias (agregadas);5;5;0
4113254;Laranjal;PR;Novo CAGED;2026-10-06T16:53:23.546027+00:00;2025-11;other;Outras categorias (agregadas);11;6;5
4113254;Laranjal;PR;Novo CAGED;2026-10-06T16:53:23.546027+00:00;2026-01;other;Outras categorias (agregadas);5;13;-8
4113254;Laranjal;PR;Novo CAGED;2026-10-06T16:53:23.546027+00:00;2026-02;other;Outras categorias (agregadas);11;9;2
4113254;Laranjal;PR;Novo CAGED;2026-10-06T16:53:23.546027+00:00;2026-02;0151201;Criação de Bovinos para Corte;5;5;0
4113254;Laranjal;PR;Novo CAGED;2026-10-06T16:53:23.546027+00:00;2026-03;other;Outras categorias (agregadas);13;15;-2
4113254;Laranjal;PR;Novo CAGED;2026-10-06T16:53:23.546027+00:00;2026-04;other;Outras categorias (agregadas);13;9;4
4113254;Laranjal;PR;Novo CAGED;2026-10-06T16:53:23.546027+00:00;2026-05;other;Outras categorias (agregadas);15;6;9
4113254;Laranjal;PR;Novo CAGED;2026-10-06T16:53:23.546027+00:00;2026-06;other;Outras categorias (agregadas);5;11;-6
4113254;Laranjal;PR;Novo CAGED;2026-10-06T16:53:23.546027+00:00;2026-07;other;Outras categorias (agregadas);8;9;-1
4113254;Laranjal;PR;Novo CAGED;2026-10-06T16:53:23.546027+00:00;2026-08;other;Outras categorias (agregadas);19;8;11
