municipalityCode;municipality;state;source;collectedAt;period;code;label;admissions;dismissals;balance
4127965;Turvo;PR;Novo CAGED;2026-10-06T16:53:23.546027+00:00;2024-09;other;Outras categorias (agregadas);70;59;11
4127965;Turvo;PR;Novo CAGED;2026-10-06T16:53:23.546027+00:00;2024-09;784205;Alimentador de linha de produção;13;9;4
4127965;Turvo;PR;Novo CAGED;2026-10-06T16:53:23.546027+00:00;2024-09;911305;Mecânico de manutenção de máquinas, em geral;10;0;10
4127965;Turvo;PR;Novo CAGED;2026-10-06T16:53:23.546027+00:00;2024-09;612615;Produtor de erva-mate;0;5;-5
4127965;Turvo;PR;Novo CAGED;2026-10-06T16:53:23.546027+00:00;2024-10;other;Outras categorias (agregadas);49;53;-4
4127965;Turvo;PR;Novo CAGED;2026-10-06T16:53:23.546027+00:00;2024-10;784205;Alimentador de linha de produção;18;10;8
4127965;Turvo;PR;Novo CAGED;2026-10-06T16:53:23.546027+00:00;2024-10;782510;Motorista de caminhão (rotas regionais e internacionais);6;5;1
4127965;Turvo;PR;Novo CAGED;2026-10-06T16:53:23.546027+00:00;2024-10;521110;Vendedor de comércio varejista;6;5;1
4127965;Turvo;PR;Novo CAGED;2026-10-06T16:53:23.546027+00:00;2024-10;622615;Trabalhador da cultura de erva-mate;0;11;-11
4127965;Turvo;PR;Novo CAGED;2026-10-06T16:53:23.546027+00:00;2024-11;other;Outras categorias (agregadas);49;60;-11
4127965;Turvo;PR;Novo CAGED;2026-10-06T16:53:23.546027+00:00;2024-11;784205;Alimentador de linha de produção;19;15;4
4127965;Turvo;PR;Novo CAGED;2026-10-06T16:53:23.546027+00:00;2024-11;622020;Trabalhador volante da agricultura;0;7;-7
4127965;Turvo;PR;Novo CAGED;2026-10-06T16:53:23.546027+00:00;2024-12;other;Outras categorias (agregadas);48;76;-28
4127965;Turvo;PR;Novo CAGED;2026-10-06T16:53:23.546027+00:00;2024-12;784205;Alimentador de linha de produção;15;10;5
4127965;Turvo;PR;Novo CAGED;2026-10-06T16:53:23.546027+00:00;2024-12;782310;Motorista de furgão ou veículo similar;0;7;-7
4127965;Turvo;PR;Novo CAGED;2026-10-06T16:53:23.546027+00:00;2024-12;331205;Professor de nível médio no ensino fundamental;0;18;-18
4127965;Turvo;PR;Novo CAGED;2026-10-06T16:53:23.546027+00:00;2025-01;other;Outras categorias (agregadas);42;61;-19
4127965;Turvo;PR;Novo CAGED;2026-10-06T16:53:23.546027+00:00;2025-01;784205;Alimentador de linha de produção;19;16;3
4127965;Turvo;PR;Novo CAGED;2026-10-06T16:53:23.546027+00:00;2025-01;782510;Motorista de caminhão (rotas regionais e internacionais);8;8;0
4127965;Turvo;PR;Novo CAGED;2026-10-06T16:53:23.546027+00:00;2025-01;521110;Vendedor de comércio varejista;5;8;-3
4127965;Turvo;PR;Novo CAGED;2026-10-06T16:53:23.546027+00:00;2025-02;other;Outras categorias (agregadas);67;65;2
4127965;Turvo;PR;Novo CAGED;2026-10-06T16:53:23.546027+00:00;2025-02;784205;Alimentador de linha de produção;18;9;9
4127965;Turvo;PR;Novo CAGED;2026-10-06T16:53:23.546027+00:00;2025-02;521110;Vendedor de comércio varejista;13;10;3
4127965;Turvo;PR;Novo CAGED;2026-10-06T16:53:23.546027+00:00;2025-02;622615;Trabalhador da cultura de erva-mate;7;0;7
4127965;Turvo;PR;Novo CAGED;2026-10-06T16:53:23.546027+00:00;2025-03;other;Outras categorias (agregadas);67;60;7
4127965;Turvo;PR;Novo CAGED;2026-10-06T16:53:23.546027+00:00;2025-03;784205;Alimentador de linha de produção;22;7;15
4127965;Turvo;PR;Novo CAGED;2026-10-06T16:53:23.546027+00:00;2025-03;622615;Trabalhador da cultura de erva-mate;6;0;6
4127965;Turvo;PR;Novo CAGED;2026-10-06T16:53:23.546027+00:00;2025-03;421125;Operador de caixa;5;5;0
4127965;Turvo;PR;Novo CAGED;2026-10-06T16:53:23.546027+00:00;2025-04;other;Outras categorias (agregadas);67;53;14
4127965;Turvo;PR;Novo CAGED;2026-10-06T16:53:23.546027+00:00;2025-04;784205;Alimentador de linha de produção;14;16;-2
4127965;Turvo;PR;Novo CAGED;2026-10-06T16:53:23.546027+00:00;2025-04;782510;Motorista de caminhão (rotas regionais e internacionais);7;8;-1
4127965;Turvo;PR;Novo CAGED;2026-10-06T16:53:23.546027+00:00;2025-04;521110;Vendedor de comércio varejista;6;6;0
4127965;Turvo;PR;Novo CAGED;2026-10-06T16:53:23.546027+00:00;2025-05;other;Outras categorias (agregadas);59;61;-2
4127965;Turvo;PR;Novo CAGED;2026-10-06T16:53:23.546027+00:00;2025-05;784205;Alimentador de linha de produção;8;14;-6
4127965;Turvo;PR;Novo CAGED;2026-10-06T16:53:23.546027+00:00;2025-05;841630;Misturador de chá ou mate;7;0;7
4127965;Turvo;PR;Novo CAGED;2026-10-06T16:53:23.546027+00:00;2025-06;other;Outras categorias (agregadas);93;60;33
4127965;Turvo;PR;Novo CAGED;2026-10-06T16:53:23.546027+00:00;2025-06;622615;Trabalhador da cultura de erva-mate;16;0;16
4127965;Turvo;PR;Novo CAGED;2026-10-06T16:53:23.546027+00:00;2025-06;784205;Alimentador de linha de produção;15;13;2
4127965;Turvo;PR;Novo CAGED;2026-10-06T16:53:23.546027+00:00;2025-07;other;Outras categorias (agregadas);80;54;26
4127965;Turvo;PR;Novo CAGED;2026-10-06T16:53:23.546027+00:00;2025-07;784205;Alimentador de linha de produção;15;15;0
4127965;Turvo;PR;Novo CAGED;2026-10-06T16:53:23.546027+00:00;2025-07;521110;Vendedor de comércio varejista;10;6;4
4127965;Turvo;PR;Novo CAGED;2026-10-06T16:53:23.546027+00:00;2025-08;other;Outras categorias (agregadas);53;49;4
4127965;Turvo;PR;Novo CAGED;2026-10-06T16:53:23.546027+00:00;2025-08;784205;Alimentador de linha de produção;15;17;-2
4127965;Turvo;PR;Novo CAGED;2026-10-06T16:53:23.546027+00:00;2025-08;521110;Vendedor de comércio varejista;9;9;0
4127965;Turvo;PR;Novo CAGED;2026-10-06T16:53:23.546027+00:00;2025-09;other;Outras categorias (agregadas);66;49;17
4127965;Turvo;PR;Novo CAGED;2026-10-06T16:53:23.546027+00:00;2025-09;784205;Alimentador de linha de produção;14;14;0
4127965;Turvo;PR;Novo CAGED;2026-10-06T16:53:23.546027+00:00;2025-09;622615;Trabalhador da cultura de erva-mate;5;6;-1
4127965;Turvo;PR;Novo CAGED;2026-10-06T16:53:23.546027+00:00;2025-10;other;Outras categorias (agregadas);76;63;13
4127965;Turvo;PR;Novo CAGED;2026-10-06T16:53:23.546027+00:00;2025-10;411005;Auxiliar de escritório;19;18;1
4127965;Turvo;PR;Novo CAGED;2026-10-06T16:53:23.546027+00:00;2025-10;784205;Alimentador de linha de produção;9;24;-15
4127965;Turvo;PR;Novo CAGED;2026-10-06T16:53:23.546027+00:00;2025-10;992225;Auxiliar geral de conservação de vias permanentes (exceto trilhos);7;0;7
4127965;Turvo;PR;Novo CAGED;2026-10-06T16:53:23.546027+00:00;2025-11;other;Outras categorias (agregadas);57;57;0
4127965;Turvo;PR;Novo CAGED;2026-10-06T16:53:23.546027+00:00;2025-11;622615;Trabalhador da cultura de erva-mate;33;12;21
4127965;Turvo;PR;Novo CAGED;2026-10-06T16:53:23.546027+00:00;2025-11;784205;Alimentador de linha de produção;9;6;3
4127965;Turvo;PR;Novo CAGED;2026-10-06T16:53:23.546027+00:00;2025-12;other;Outras categorias (agregadas);42;58;-16
4127965;Turvo;PR;Novo CAGED;2026-10-06T16:53:23.546027+00:00;2025-12;784205;Alimentador de linha de produção;13;11;2
4127965;Turvo;PR;Novo CAGED;2026-10-06T16:53:23.546027+00:00;2025-12;331110;Auxiliar de desenvolvimento infantil;0;14;-14
4127965;Turvo;PR;Novo CAGED;2026-10-06T16:53:23.546027+00:00;2025-12;331205;Professor de nível médio no ensino fundamental;0;12;-12
4127965;Turvo;PR;Novo CAGED;2026-10-06T16:53:23.546027+00:00;2026-01;other;Outras categorias (agregadas);121;94;27
4127965;Turvo;PR;Novo CAGED;2026-10-06T16:53:23.546027+00:00;2026-01;784205;Alimentador de linha de produção;22;18;4
4127965;Turvo;PR;Novo CAGED;2026-10-06T16:53:23.546027+00:00;2026-01;862150;Operador de máquinas fixas, em geral;0;7;-7
4127965;Turvo;PR;Novo CAGED;2026-10-06T16:53:23.546027+00:00;2026-02;other;Outras categorias (agregadas);136;81;55
4127965;Turvo;PR;Novo CAGED;2026-10-06T16:53:23.546027+00:00;2026-02;784205;Alimentador de linha de produção;27;13;14
4127965;Turvo;PR;Novo CAGED;2026-10-06T16:53:23.546027+00:00;2026-02;331205;Professor de nível médio no ensino fundamental;16;0;16
4127965;Turvo;PR;Novo CAGED;2026-10-06T16:53:23.546027+00:00;2026-02;782510;Motorista de caminhão (rotas regionais e internacionais);14;8;6
4127965;Turvo;PR;Novo CAGED;2026-10-06T16:53:23.546027+00:00;2026-02;331110;Auxiliar de desenvolvimento infantil;12;0;12
4127965;Turvo;PR;Novo CAGED;2026-10-06T16:53:23.546027+00:00;2026-02;717020;Servente de obras;8;8;0
4127965;Turvo;PR;Novo CAGED;2026-10-06T16:53:23.546027+00:00;2026-02;514320;Faxineiro;6;0;6
4127965;Turvo;PR;Novo CAGED;2026-10-06T16:53:23.546027+00:00;2026-03;other;Outras categorias (agregadas);117;73;44
4127965;Turvo;PR;Novo CAGED;2026-10-06T16:53:23.546027+00:00;2026-03;782510;Motorista de caminhão (rotas regionais e internacionais);17;10;7
4127965;Turvo;PR;Novo CAGED;2026-10-06T16:53:23.546027+00:00;2026-03;784205;Alimentador de linha de produção;16;13;3
4127965;Turvo;PR;Novo CAGED;2026-10-06T16:53:23.546027+00:00;2026-03;717020;Servente de obras;14;12;2
4127965;Turvo;PR;Novo CAGED;2026-10-06T16:53:23.546027+00:00;2026-03;715315;Armador de estrutura de concreto armado;8;0;8
4127965;Turvo;PR;Novo CAGED;2026-10-06T16:53:23.546027+00:00;2026-03;521110;Vendedor de comércio varejista;8;6;2
4127965;Turvo;PR;Novo CAGED;2026-10-06T16:53:23.546027+00:00;2026-03;715505;Carpinteiro;0;5;-5
4127965;Turvo;PR;Novo CAGED;2026-10-06T16:53:23.546027+00:00;2026-03;911305;Mecânico de manutenção de máquinas, em geral;0;10;-10
4127965;Turvo;PR;Novo CAGED;2026-10-06T16:53:23.546027+00:00;2026-04;other;Outras categorias (agregadas);97;108;-11
4127965;Turvo;PR;Novo CAGED;2026-10-06T16:53:23.546027+00:00;2026-04;782510;Motorista de caminhão (rotas regionais e internacionais);17;10;7
4127965;Turvo;PR;Novo CAGED;2026-10-06T16:53:23.546027+00:00;2026-04;784205;Alimentador de linha de produção;11;16;-5
4127965;Turvo;PR;Novo CAGED;2026-10-06T16:53:23.546027+00:00;2026-04;517410;Porteiro de edifícios;5;0;5
4127965;Turvo;PR;Novo CAGED;2026-10-06T16:53:23.546027+00:00;2026-04;715505;Carpinteiro;0;7;-7
4127965;Turvo;PR;Novo CAGED;2026-10-06T16:53:23.546027+00:00;2026-05;other;Outras categorias (agregadas);81;73;8
4127965;Turvo;PR;Novo CAGED;2026-10-06T16:53:23.546027+00:00;2026-05;784205;Alimentador de linha de produção;17;10;7
4127965;Turvo;PR;Novo CAGED;2026-10-06T16:53:23.546027+00:00;2026-05;782510;Motorista de caminhão (rotas regionais e internacionais);10;7;3
4127965;Turvo;PR;Novo CAGED;2026-10-06T16:53:23.546027+00:00;2026-05;715125;Operador de máquinas de construção civil e mineração;6;5;1
4127965;Turvo;PR;Novo CAGED;2026-10-06T16:53:23.546027+00:00;2026-06;other;Outras categorias (agregadas);87;69;18
4127965;Turvo;PR;Novo CAGED;2026-10-06T16:53:23.546027+00:00;2026-06;717020;Servente de obras;21;11;10
4127965;Turvo;PR;Novo CAGED;2026-10-06T16:53:23.546027+00:00;2026-06;784205;Alimentador de linha de produção;11;13;-2
4127965;Turvo;PR;Novo CAGED;2026-10-06T16:53:23.546027+00:00;2026-06;622615;Trabalhador da cultura de erva-mate;11;0;11
4127965;Turvo;PR;Novo CAGED;2026-10-06T16:53:23.546027+00:00;2026-06;782510;Motorista de caminhão (rotas regionais e internacionais);7;5;2
4127965;Turvo;PR;Novo CAGED;2026-10-06T16:53:23.546027+00:00;2026-06;521140;Atendente de lojas e mercados;5;5;0
4127965;Turvo;PR;Novo CAGED;2026-10-06T16:53:23.546027+00:00;2026-06;521110;Vendedor de comércio varejista;5;5;0
4127965;Turvo;PR;Novo CAGED;2026-10-06T16:53:23.546027+00:00;2026-06;517410;Porteiro de edifícios;0;5;-5
4127965;Turvo;PR;Novo CAGED;2026-10-06T16:53:23.546027+00:00;2026-07;other;Outras categorias (agregadas);119;79;40
4127965;Turvo;PR;Novo CAGED;2026-10-06T16:53:23.546027+00:00;2026-07;782510;Motorista de caminhão (rotas regionais e internacionais);13;7;6
4127965;Turvo;PR;Novo CAGED;2026-10-06T16:53:23.546027+00:00;2026-07;717020;Servente de obras;13;9;4
4127965;Turvo;PR;Novo CAGED;2026-10-06T16:53:23.546027+00:00;2026-07;715125;Operador de máquinas de construção civil e mineração;5;8;-3
4127965;Turvo;PR;Novo CAGED;2026-10-06T16:53:23.546027+00:00;2026-07;521110;Vendedor de comércio varejista;5;6;-1
4127965;Turvo;PR;Novo CAGED;2026-10-06T16:53:23.546027+00:00;2026-08;other;Outras categorias (agregadas);79;65;14
4127965;Turvo;PR;Novo CAGED;2026-10-06T16:53:23.546027+00:00;2026-08;717020;Servente de obras;13;7;6
4127965;Turvo;PR;Novo CAGED;2026-10-06T16:53:23.546027+00:00;2026-08;784205;Alimentador de linha de produção;11;5;6
4127965;Turvo;PR;Novo CAGED;2026-10-06T16:53:23.546027+00:00;2026-08;782510;Motorista de caminhão (rotas regionais e internacionais);8;11;-3
4127965;Turvo;PR;Novo CAGED;2026-10-06T16:53:23.546027+00:00;2026-08;521110;Vendedor de comércio varejista;5;5;0
4109401;Guarapuava;PR;Novo CAGED;2026-10-06T16:53:23.546027+00:00;2024-09;other;Outras categorias (agregadas);513;536;-23
4109401;Guarapuava;PR;Novo CAGED;2026-10-06T16:53:23.546027+00:00;2024-09;784205;Alimentador de linha de produção;276;219;57
4109401;Guarapuava;PR;Novo CAGED;2026-10-06T16:53:23.546027+00:00;2024-09;521110;Vendedor de comércio varejista;133;124;9
4109401;Guarapuava;PR;Novo CAGED;2026-10-06T16:53:23.546027+00:00;2024-09;782510;Motorista de caminhão (rotas regionais e internacionais);119;118;1
4109401;Guarapuava;PR;Novo CAGED;2026-10-06T16:53:23.546027+00:00;2024-09;421125;Operador de caixa;116;100;16
4109401;Guarapuava;PR;Novo CAGED;2026-10-06T16:53:23.546027+00:00;2024-09;717020;Servente de obras;78;59;19
4109401;Guarapuava;PR;Novo CAGED;2026-10-06T16:53:23.546027+00:00;2024-09;514320;Faxineiro;71;57;14
4109401;Guarapuava;PR;Novo CAGED;2026-10-06T16:53:23.546027+00:00;2024-09;411005;Auxiliar de escritório;67;62;5
4109401;Guarapuava;PR;Novo CAGED;2026-10-06T16:53:23.546027+00:00;2024-09;521125;Repositor de mercadorias;65;47;18
4109401;Guarapuava;PR;Novo CAGED;2026-10-06T16:53:23.546027+00:00;2024-09;411010;Assistente administrativo;61;62;-1
4109401;Guarapuava;PR;Novo CAGED;2026-10-06T16:53:23.546027+00:00;2024-09;513505;Auxiliar nos serviços de alimentação;51;46;5
4109401;Guarapuava;PR;Novo CAGED;2026-10-06T16:53:23.546027+00:00;2024-09;513435;Atendente de lanchonete;50;46;4
4109401;Guarapuava;PR;Novo CAGED;2026-10-06T16:53:23.546027+00:00;2024-09;715210;Pedreiro;47;49;-2
4109401;Guarapuava;PR;Novo CAGED;2026-10-06T16:53:23.546027+00:00;2024-09;521115;Promotor de vendas;37;50;-13
4109401;Guarapuava;PR;Novo CAGED;2026-10-06T16:53:23.546027+00:00;2024-09;622020;Trabalhador volante da agricultura;34;35;-1
4109401;Guarapuava;PR;Novo CAGED;2026-10-06T16:53:23.546027+00:00;2024-09;521140;Atendente de lojas e mercados;30;24;6
4109401;Guarapuava;PR;Novo CAGED;2026-10-06T16:53:23.546027+00:00;2024-09;414110;Armazenista;29;17;12
4109401;Guarapuava;PR;Novo CAGED;2026-10-06T16:53:23.546027+00:00;2024-09;422105;Recepcionista, em geral;29;24;5
4109401;Guarapuava;PR;Novo CAGED;2026-10-06T16:53:23.546027+00:00;2024-09;514120;Zelador de edifício;28;32;-4
4109401;Guarapuava;PR;Novo CAGED;2026-10-06T16:53:23.546027+00:00;2024-09;513205;Cozinheiro geral;27;29;-2
4109401;Guarapuava;PR;Novo CAGED;2026-10-06T16:53:23.546027+00:00;2024-09;848510;Açougueiro;26;22;4
4109401;Guarapuava;PR;Novo CAGED;2026-10-06T16:53:23.546027+00:00;2024-09;521135;Frentista;22;18;4
4109401;Guarapuava;PR;Novo CAGED;2026-10-06T16:53:23.546027+00:00;2024-09;322205;Técnico de enfermagem;22;23;-1
4109401;Guarapuava;PR;Novo CAGED;2026-10-06T16:53:23.546027+00:00;2024-09;783225;Ajudante de motorista;19;16;3
4109401;Guarapuava;PR;Novo CAGED;2026-10-06T16:53:23.546027+00:00;2024-09;911305;Mecânico de manutenção de máquinas, em geral;19;19;0
4109401;Guarapuava;PR;Novo CAGED;2026-10-06T16:53:23.546027+00:00;2024-09;715505;Carpinteiro;18;9;9
4109401;Guarapuava;PR;Novo CAGED;2026-10-06T16:53:23.546027+00:00;2024-09;782310;Motorista de furgão ou veículo similar;17;10;7
4109401;Guarapuava;PR;Novo CAGED;2026-10-06T16:53:23.546027+00:00;2024-09;632125;Trabalhador de extração florestal, em geral;17;10;7
4109401;Guarapuava;PR;Novo CAGED;2026-10-06T16:53:23.546027+00:00;2024-09;513405;Garçom;16;14;2
4109401;Guarapuava;PR;Novo CAGED;2026-10-06T16:53:23.546027+00:00;2024-09;914405;Mecânico de manutenção de automóveis, motocicletas e veículos similares;16;8;8
4109401;Guarapuava;PR;Novo CAGED;2026-10-06T16:53:23.546027+00:00;2024-09;414105;Almoxarife;15;13;2
4109401;Guarapuava;PR;Novo CAGED;2026-10-06T16:53:23.546027+00:00;2024-09;354125;Assistente de vendas;14;8;6
4109401;Guarapuava;PR;Novo CAGED;2026-10-06T16:53:23.546027+00:00;2024-09;715115;Operador de escavadeira;14;8;6
4109401;Guarapuava;PR;Novo CAGED;2026-10-06T16:53:23.546027+00:00;2024-09;422110;Recepcionista de consultório médico ou dentário;14;10;4
4109401;Guarapuava;PR;Novo CAGED;2026-10-06T16:53:23.546027+00:00;2024-09;621005;Trabalhador agropecuário em geral;14;19;-5
4109401;Guarapuava;PR;Novo CAGED;2026-10-06T16:53:23.546027+00:00;2024-09;142105;Gerente administrativo;13;7;6
4109401;Guarapuava;PR;Novo CAGED;2026-10-06T16:53:23.546027+00:00;2024-09;354145;Vendedor pracista;13;9;4
4109401;Guarapuava;PR;Novo CAGED;2026-10-06T16:53:23.546027+00:00;2024-09;517330;Vigilante;13;13;0
4109401;Guarapuava;PR;Novo CAGED;2026-10-06T16:53:23.546027+00:00;2024-09;763215;Costureiro, a  máquina  na confecção em série;12;21;-9
4109401;Guarapuava;PR;Novo CAGED;2026-10-06T16:53:23.546027+00:00;2024-09;223405;Farmacêutico;12;14;-2
4109401;Guarapuava;PR;Novo CAGED;2026-10-06T16:53:23.546027+00:00;2024-09;413110;Auxiliar de contabilidade;10;5;5
4109401;Guarapuava;PR;Novo CAGED;2026-10-06T16:53:23.546027+00:00;2024-09;414125;Estoquista;10;11;-1
4109401;Guarapuava;PR;Novo CAGED;2026-10-06T16:53:23.546027+00:00;2024-09;761309;Tecelão (tear automático);10;12;-2
4109401;Guarapuava;PR;Novo CAGED;2026-10-06T16:53:23.546027+00:00;2024-09;521130;Atendente de farmácia - balconista;9;9;0
4109401;Guarapuava;PR;Novo CAGED;2026-10-06T16:53:23.546027+00:00;2024-09;421310;Cobrador interno;9;7;2
4109401;Guarapuava;PR;Novo CAGED;2026-10-06T16:53:23.546027+00:00;2024-09;352210;Agente de saúde pública;8;11;-3
4109401;Guarapuava;PR;Novo CAGED;2026-10-06T16:53:23.546027+00:00;2024-09;513315;Camareiro  de hotel;8;9;-1
4109401;Guarapuava;PR;Novo CAGED;2026-10-06T16:53:23.546027+00:00;2024-09;514225;Trabalhador de serviços de limpeza e conservação de áreas públicas;8;8;0
4109401;Guarapuava;PR;Novo CAGED;2026-10-06T16:53:23.546027+00:00;2024-09;331110;Auxiliar de desenvolvimento infantil;7;5;2
4109401;Guarapuava;PR;Novo CAGED;2026-10-06T16:53:23.546027+00:00;2024-09;761215;Operador de bobinadeira;7;7;0
4109401;Guarapuava;PR;Novo CAGED;2026-10-06T16:53:23.546027+00:00;2024-09;422310;Operador de telemarketing ativo e receptivo;7;8;-1
4109401;Guarapuava;PR;Novo CAGED;2026-10-06T16:53:23.546027+00:00;2024-09;715615;Eletricista de instalações;6;10;-4
4109401;Guarapuava;PR;Novo CAGED;2026-10-06T16:53:23.546027+00:00;2024-09;223505;Enfermeiro;6;0;6
4109401;Guarapuava;PR;Novo CAGED;2026-10-06T16:53:23.546027+00:00;2024-09;414135;Expedidor de mercadorias;6;6;0
4109401;Guarapuava;PR;Novo CAGED;2026-10-06T16:53:23.546027+00:00;2024-09;848305;Padeiro;6;0;6
4109401;Guarapuava;PR;Novo CAGED;2026-10-06T16:53:23.546027+00:00;2024-09;724315;Soldador;6;9;-3
4109401;Guarapuava;PR;Novo CAGED;2026-10-06T16:53:23.546027+00:00;2024-09;514325;Trabalhador da manutenção de edificações;6;5;1
4109401;Guarapuava;PR;Novo CAGED;2026-10-06T16:53:23.546027+00:00;2024-09;715525;Carpinteiro de obras;5;0;5
4109401;Guarapuava;PR;Novo CAGED;2026-10-06T16:53:23.546027+00:00;2024-09;519905;Cartazeiro;5;0;5
4109401;Guarapuava;PR;Novo CAGED;2026-10-06T16:53:23.546027+00:00;2024-09;725205;Montador de máquinas;5;6;-1
4109401;Guarapuava;PR;Novo CAGED;2026-10-06T16:53:23.546027+00:00;2024-09;774105;Montador de móveis e artefatos de madeira;5;7;-2
4109401;Guarapuava;PR;Novo CAGED;2026-10-06T16:53:23.546027+00:00;2024-09;519110;Motofretista;5;5;0
4109401;Guarapuava;PR;Novo CAGED;2026-10-06T16:53:23.546027+00:00;2024-09;513420;Barman;0;6;-6
4109401;Guarapuava;PR;Novo CAGED;2026-10-06T16:53:23.546027+00:00;2024-09;421120;Emissor de passagens;0;5;-5
4109401;Guarapuava;PR;Novo CAGED;2026-10-06T16:53:23.546027+00:00;2024-09;811205;Operador de calcinação (tratamento químico e afins);0;6;-6
4109401;Guarapuava;PR;Novo CAGED;2026-10-06T16:53:23.546027+00:00;2024-09;782220;Operador de empilhadeira;0;5;-5
4109401;Guarapuava;PR;Novo CAGED;2026-10-06T16:53:23.546027+00:00;2024-09;763320;Operador de máquina de costura de acabamento;0;7;-7
4109401;Guarapuava;PR;Novo CAGED;2026-10-06T16:53:23.546027+00:00;2024-09;515135;Socorrista (exceto médicos e enfermeiros);0;5;-5
4109401;Guarapuava;PR;Novo CAGED;2026-10-06T16:53:23.546027+00:00;2024-09;622615;Trabalhador da cultura de erva-mate;0;5;-5
4109401;Guarapuava;PR;Novo CAGED;2026-10-06T16:53:23.546027+00:00;2024-10;other;Outras categorias (agregadas);523;565;-42
4109401;Guarapuava;PR;Novo CAGED;2026-10-06T16:53:23.546027+00:00;2024-10;784205;Alimentador de linha de produção;377;272;105
4109401;Guarapuava;PR;Novo CAGED;2026-10-06T16:53:23.546027+00:00;2024-10;521110;Vendedor de comércio varejista;149;136;13
4109401;Guarapuava;PR;Novo CAGED;2026-10-06T16:53:23.546027+00:00;2024-10;782510;Motorista de caminhão (rotas regionais e internacionais);124;140;-16
4109401;Guarapuava;PR;Novo CAGED;2026-10-06T16:53:23.546027+00:00;2024-10;421125;Operador de caixa;114;103;11
4109401;Guarapuava;PR;Novo CAGED;2026-10-06T16:53:23.546027+00:00;2024-10;717020;Servente de obras;106;96;10
4109401;Guarapuava;PR;Novo CAGED;2026-10-06T16:53:23.546027+00:00;2024-10;622020;Trabalhador volante da agricultura;101;57;44
4109401;Guarapuava;PR;Novo CAGED;2026-10-06T16:53:23.546027+00:00;2024-10;514320;Faxineiro;79;86;-7
4109401;Guarapuava;PR;Novo CAGED;2026-10-06T16:53:23.546027+00:00;2024-10;411005;Auxiliar de escritório;67;68;-1
4109401;Guarapuava;PR;Novo CAGED;2026-10-06T16:53:23.546027+00:00;2024-10;715210;Pedreiro;64;53;11
4109401;Guarapuava;PR;Novo CAGED;2026-10-06T16:53:23.546027+00:00;2024-10;513435;Atendente de lanchonete;57;55;2
4109401;Guarapuava;PR;Novo CAGED;2026-10-06T16:53:23.546027+00:00;2024-10;521125;Repositor de mercadorias;57;60;-3
4109401;Guarapuava;PR;Novo CAGED;2026-10-06T16:53:23.546027+00:00;2024-10;513505;Auxiliar nos serviços de alimentação;53;55;-2
4109401;Guarapuava;PR;Novo CAGED;2026-10-06T16:53:23.546027+00:00;2024-10;411010;Assistente administrativo;49;44;5
4109401;Guarapuava;PR;Novo CAGED;2026-10-06T16:53:23.546027+00:00;2024-10;414110;Armazenista;48;16;32
4109401;Guarapuava;PR;Novo CAGED;2026-10-06T16:53:23.546027+00:00;2024-10;521115;Promotor de vendas;37;30;7
4109401;Guarapuava;PR;Novo CAGED;2026-10-06T16:53:23.546027+00:00;2024-10;514120;Zelador de edifício;36;33;3
4109401;Guarapuava;PR;Novo CAGED;2026-10-06T16:53:23.546027+00:00;2024-10;632125;Trabalhador de extração florestal, em geral;33;11;22
4109401;Guarapuava;PR;Novo CAGED;2026-10-06T16:53:23.546027+00:00;2024-10;783225;Ajudante de motorista;31;20;11
4109401;Guarapuava;PR;Novo CAGED;2026-10-06T16:53:23.546027+00:00;2024-10;521140;Atendente de lojas e mercados;31;23;8
4109401;Guarapuava;PR;Novo CAGED;2026-10-06T16:53:23.546027+00:00;2024-10;914405;Mecânico de manutenção de automóveis, motocicletas e veículos similares;30;18;12
4109401;Guarapuava;PR;Novo CAGED;2026-10-06T16:53:23.546027+00:00;2024-10;352210;Agente de saúde pública;28;14;14
4109401;Guarapuava;PR;Novo CAGED;2026-10-06T16:53:23.546027+00:00;2024-10;848510;Açougueiro;27;30;-3
4109401;Guarapuava;PR;Novo CAGED;2026-10-06T16:53:23.546027+00:00;2024-10;422105;Recepcionista, em geral;27;18;9
4109401;Guarapuava;PR;Novo CAGED;2026-10-06T16:53:23.546027+00:00;2024-10;715505;Carpinteiro;24;18;6
4109401;Guarapuava;PR;Novo CAGED;2026-10-06T16:53:23.546027+00:00;2024-10;621005;Trabalhador agropecuário em geral;24;12;12
4109401;Guarapuava;PR;Novo CAGED;2026-10-06T16:53:23.546027+00:00;2024-10;354125;Assistente de vendas;22;19;3
4109401;Guarapuava;PR;Novo CAGED;2026-10-06T16:53:23.546027+00:00;2024-10;513205;Cozinheiro geral;21;28;-7
4109401;Guarapuava;PR;Novo CAGED;2026-10-06T16:53:23.546027+00:00;2024-10;521135;Frentista;21;22;-1
4109401;Guarapuava;PR;Novo CAGED;2026-10-06T16:53:23.546027+00:00;2024-10;513405;Garçom;21;20;1
4109401;Guarapuava;PR;Novo CAGED;2026-10-06T16:53:23.546027+00:00;2024-10;782310;Motorista de furgão ou veículo similar;21;17;4
4109401;Guarapuava;PR;Novo CAGED;2026-10-06T16:53:23.546027+00:00;2024-10;517330;Vigilante;19;11;8
4109401;Guarapuava;PR;Novo CAGED;2026-10-06T16:53:23.546027+00:00;2024-10;715615;Eletricista de instalações;15;13;2
4109401;Guarapuava;PR;Novo CAGED;2026-10-06T16:53:23.546027+00:00;2024-10;422110;Recepcionista de consultório médico ou dentário;15;10;5
4109401;Guarapuava;PR;Novo CAGED;2026-10-06T16:53:23.546027+00:00;2024-10;513315;Camareiro  de hotel;14;10;4
4109401;Guarapuava;PR;Novo CAGED;2026-10-06T16:53:23.546027+00:00;2024-10;763215;Costureiro, a  máquina  na confecção em série;14;15;-1
4109401;Guarapuava;PR;Novo CAGED;2026-10-06T16:53:23.546027+00:00;2024-10;724315;Soldador;14;14;0
4109401;Guarapuava;PR;Novo CAGED;2026-10-06T16:53:23.546027+00:00;2024-10;911305;Mecânico de manutenção de máquinas, em geral;13;16;-3
4109401;Guarapuava;PR;Novo CAGED;2026-10-06T16:53:23.546027+00:00;2024-10;521130;Atendente de farmácia - balconista;12;12;0
4109401;Guarapuava;PR;Novo CAGED;2026-10-06T16:53:23.546027+00:00;2024-10;322205;Técnico de enfermagem;12;16;-4
4109401;Guarapuava;PR;Novo CAGED;2026-10-06T16:53:23.546027+00:00;2024-10;414105;Almoxarife;11;11;0
4109401;Guarapuava;PR;Novo CAGED;2026-10-06T16:53:23.546027+00:00;2024-10;421310;Cobrador interno;11;10;1
4109401;Guarapuava;PR;Novo CAGED;2026-10-06T16:53:23.546027+00:00;2024-10;414125;Estoquista;10;6;4
4109401;Guarapuava;PR;Novo CAGED;2026-10-06T16:53:23.546027+00:00;2024-10;623310;Trabalhador da avicultura de postura;10;6;4
4109401;Guarapuava;PR;Novo CAGED;2026-10-06T16:53:23.546027+00:00;2024-10;354145;Vendedor pracista;10;9;1
4109401;Guarapuava;PR;Novo CAGED;2026-10-06T16:53:23.546027+00:00;2024-10;414135;Expedidor de mercadorias;9;14;-5
4109401;Guarapuava;PR;Novo CAGED;2026-10-06T16:53:23.546027+00:00;2024-10;223505;Enfermeiro;8;8;0
4109401;Guarapuava;PR;Novo CAGED;2026-10-06T16:53:23.546027+00:00;2024-10;142105;Gerente administrativo;8;7;1
4109401;Guarapuava;PR;Novo CAGED;2026-10-06T16:53:23.546027+00:00;2024-10;231105;Professor de nível superior na educação infantil (quatro a seis anos);8;6;2
4109401;Guarapuava;PR;Novo CAGED;2026-10-06T16:53:23.546027+00:00;2024-10;761309;Tecelão (tear automático);8;14;-6
4109401;Guarapuava;PR;Novo CAGED;2026-10-06T16:53:23.546027+00:00;2024-10;782410;Motorista de ônibus urbano;7;7;0
4109401;Guarapuava;PR;Novo CAGED;2026-10-06T16:53:23.546027+00:00;2024-10;761215;Operador de bobinadeira;7;11;-4
4109401;Guarapuava;PR;Novo CAGED;2026-10-06T16:53:23.546027+00:00;2024-10;715115;Operador de escavadeira;7;11;-4
4109401;Guarapuava;PR;Novo CAGED;2026-10-06T16:53:23.546027+00:00;2024-10;410105;Supervisor administrativo;7;12;-5
4109401;Guarapuava;PR;Novo CAGED;2026-10-06T16:53:23.546027+00:00;2024-10;715525;Carpinteiro de obras;6;0;6
4109401;Guarapuava;PR;Novo CAGED;2026-10-06T16:53:23.546027+00:00;2024-10;414215;Conferente de carga e descarga;6;5;1
4109401;Guarapuava;PR;Novo CAGED;2026-10-06T16:53:23.546027+00:00;2024-10;223405;Farmacêutico;6;6;0
4109401;Guarapuava;PR;Novo CAGED;2026-10-06T16:53:23.546027+00:00;2024-10;725205;Montador de máquinas;6;5;1
4109401;Guarapuava;PR;Novo CAGED;2026-10-06T16:53:23.546027+00:00;2024-10;517420;Vigia;6;6;0
4109401;Guarapuava;PR;Novo CAGED;2026-10-06T16:53:23.546027+00:00;2024-10;354120;Agente de vendas de serviços;5;5;0
4109401;Guarapuava;PR;Novo CAGED;2026-10-06T16:53:23.546027+00:00;2024-10;848310;Confeiteiro;5;5;0
4109401;Guarapuava;PR;Novo CAGED;2026-10-06T16:53:23.546027+00:00;2024-10;519935;Lavador de veículos;5;8;-3
4109401;Guarapuava;PR;Novo CAGED;2026-10-06T16:53:23.546027+00:00;2024-10;514325;Trabalhador da manutenção de edificações;5;6;-1
4109401;Guarapuava;PR;Novo CAGED;2026-10-06T16:53:23.546027+00:00;2024-10;514225;Trabalhador de serviços de limpeza e conservação de áreas públicas;5;5;0
4109401;Guarapuava;PR;Novo CAGED;2026-10-06T16:53:23.546027+00:00;2024-10;716305;Vidraceiro;5;6;-1
4109401;Guarapuava;PR;Novo CAGED;2026-10-06T16:53:23.546027+00:00;2024-10;414115;Balanceiro;0;5;-5
4109401;Guarapuava;PR;Novo CAGED;2026-10-06T16:53:23.546027+00:00;2024-10;841810;Operador de máquinas de fabricação de doces, salgados e massas alimentícias;0;6;-6
4109401;Guarapuava;PR;Novo CAGED;2026-10-06T16:53:23.546027+00:00;2024-10;622615;Trabalhador da cultura de erva-mate;0;8;-8
4109401;Guarapuava;PR;Novo CAGED;2026-10-06T16:53:23.546027+00:00;2024-11;other;Outras categorias (agregadas);558;539;19
4109401;Guarapuava;PR;Novo CAGED;2026-10-06T16:53:23.546027+00:00;2024-11;784205;Alimentador de linha de produção;281;274;7
4109401;Guarapuava;PR;Novo CAGED;2026-10-06T16:53:23.546027+00:00;2024-11;622315;Trabalhador na olericultura (raízes, bulbos e tubérculos);130;14;116
4109401;Guarapuava;PR;Novo CAGED;2026-10-06T16:53:23.546027+00:00;2024-11;521110;Vendedor de comércio varejista;128;135;-7
4109401;Guarapuava;PR;Novo CAGED;2026-10-06T16:53:23.546027+00:00;2024-11;421125;Operador de caixa;125;109;16
4109401;Guarapuava;PR;Novo CAGED;2026-10-06T16:53:23.546027+00:00;2024-11;782510;Motorista de caminhão (rotas regionais e internacionais);96;85;11
4109401;Guarapuava;PR;Novo CAGED;2026-10-06T16:53:23.546027+00:00;2024-11;622020;Trabalhador volante da agricultura;81;37;44
4109401;Guarapuava;PR;Novo CAGED;2026-10-06T16:53:23.546027+00:00;2024-11;717020;Servente de obras;72;56;16
4109401;Guarapuava;PR;Novo CAGED;2026-10-06T16:53:23.546027+00:00;2024-11;514320;Faxineiro;67;63;4
4109401;Guarapuava;PR;Novo CAGED;2026-10-06T16:53:23.546027+00:00;2024-11;521125;Repositor de mercadorias;65;52;13
4109401;Guarapuava;PR;Novo CAGED;2026-10-06T16:53:23.546027+00:00;2024-11;411010;Assistente administrativo;58;50;8
4109401;Guarapuava;PR;Novo CAGED;2026-10-06T16:53:23.546027+00:00;2024-11;411005;Auxiliar de escritório;56;61;-5
4109401;Guarapuava;PR;Novo CAGED;2026-10-06T16:53:23.546027+00:00;2024-11;715210;Pedreiro;55;45;10
4109401;Guarapuava;PR;Novo CAGED;2026-10-06T16:53:23.546027+00:00;2024-11;513435;Atendente de lanchonete;51;48;3
4109401;Guarapuava;PR;Novo CAGED;2026-10-06T16:53:23.546027+00:00;2024-11;513505;Auxiliar nos serviços de alimentação;42;47;-5
4109401;Guarapuava;PR;Novo CAGED;2026-10-06T16:53:23.546027+00:00;2024-11;621005;Trabalhador agropecuário em geral;41;21;20
4109401;Guarapuava;PR;Novo CAGED;2026-10-06T16:53:23.546027+00:00;2024-11;414110;Armazenista;33;23;10
4109401;Guarapuava;PR;Novo CAGED;2026-10-06T16:53:23.546027+00:00;2024-11;521140;Atendente de lojas e mercados;30;26;4
4109401;Guarapuava;PR;Novo CAGED;2026-10-06T16:53:23.546027+00:00;2024-11;513205;Cozinheiro geral;30;24;6
4109401;Guarapuava;PR;Novo CAGED;2026-10-06T16:53:23.546027+00:00;2024-11;715505;Carpinteiro;29;20;9
4109401;Guarapuava;PR;Novo CAGED;2026-10-06T16:53:23.546027+00:00;2024-11;514120;Zelador de edifício;29;20;9
4109401;Guarapuava;PR;Novo CAGED;2026-10-06T16:53:23.546027+00:00;2024-11;761309;Tecelão (tear automático);27;6;21
4109401;Guarapuava;PR;Novo CAGED;2026-10-06T16:53:23.546027+00:00;2024-11;911305;Mecânico de manutenção de máquinas, em geral;26;10;16
4109401;Guarapuava;PR;Novo CAGED;2026-10-06T16:53:23.546027+00:00;2024-11;521115;Promotor de vendas;24;25;-1
4109401;Guarapuava;PR;Novo CAGED;2026-10-06T16:53:23.546027+00:00;2024-11;521135;Frentista;23;17;6
4109401;Guarapuava;PR;Novo CAGED;2026-10-06T16:53:23.546027+00:00;2024-11;914405;Mecânico de manutenção de automóveis, motocicletas e veículos similares;23;21;2
4109401;Guarapuava;PR;Novo CAGED;2026-10-06T16:53:23.546027+00:00;2024-11;322205;Técnico de enfermagem;20;20;0
4109401;Guarapuava;PR;Novo CAGED;2026-10-06T16:53:23.546027+00:00;2024-11;354125;Assistente de vendas;18;12;6
4109401;Guarapuava;PR;Novo CAGED;2026-10-06T16:53:23.546027+00:00;2024-11;414105;Almoxarife;17;13;4
4109401;Guarapuava;PR;Novo CAGED;2026-10-06T16:53:23.546027+00:00;2024-11;517330;Vigilante;17;27;-10
4109401;Guarapuava;PR;Novo CAGED;2026-10-06T16:53:23.546027+00:00;2024-11;422105;Recepcionista, em geral;16;17;-1
4109401;Guarapuava;PR;Novo CAGED;2026-10-06T16:53:23.546027+00:00;2024-11;352210;Agente de saúde pública;15;13;2
4109401;Guarapuava;PR;Novo CAGED;2026-10-06T16:53:23.546027+00:00;2024-11;783225;Ajudante de motorista;15;19;-4
4109401;Guarapuava;PR;Novo CAGED;2026-10-06T16:53:23.546027+00:00;2024-11;848510;Açougueiro;15;24;-9
4109401;Guarapuava;PR;Novo CAGED;2026-10-06T16:53:23.546027+00:00;2024-11;513315;Camareiro  de hotel;13;8;5
4109401;Guarapuava;PR;Novo CAGED;2026-10-06T16:53:23.546027+00:00;2024-11;763215;Costureiro, a  máquina  na confecção em série;13;10;3
4109401;Guarapuava;PR;Novo CAGED;2026-10-06T16:53:23.546027+00:00;2024-11;761215;Operador de bobinadeira;13;11;2
4109401;Guarapuava;PR;Novo CAGED;2026-10-06T16:53:23.546027+00:00;2024-11;513405;Garçom;12;24;-12
4109401;Guarapuava;PR;Novo CAGED;2026-10-06T16:53:23.546027+00:00;2024-11;422110;Recepcionista de consultório médico ou dentário;11;9;2
4109401;Guarapuava;PR;Novo CAGED;2026-10-06T16:53:23.546027+00:00;2024-11;724315;Soldador;11;9;2
4109401;Guarapuava;PR;Novo CAGED;2026-10-06T16:53:23.546027+00:00;2024-11;517420;Vigia;11;5;6
4109401;Guarapuava;PR;Novo CAGED;2026-10-06T16:53:23.546027+00:00;2024-11;414125;Estoquista;10;6;4
4109401;Guarapuava;PR;Novo CAGED;2026-10-06T16:53:23.546027+00:00;2024-11;716405;Gesseiro;10;0;10
4109401;Guarapuava;PR;Novo CAGED;2026-10-06T16:53:23.546027+00:00;2024-11;413110;Auxiliar de contabilidade;9;9;0
4109401;Guarapuava;PR;Novo CAGED;2026-10-06T16:53:23.546027+00:00;2024-11;715615;Eletricista de instalações;9;11;-2
4109401;Guarapuava;PR;Novo CAGED;2026-10-06T16:53:23.546027+00:00;2024-11;414135;Expedidor de mercadorias;9;5;4
4109401;Guarapuava;PR;Novo CAGED;2026-10-06T16:53:23.546027+00:00;2024-11;782310;Motorista de furgão ou veículo similar;9;12;-3
4109401;Guarapuava;PR;Novo CAGED;2026-10-06T16:53:23.546027+00:00;2024-11;351605;Técnico em segurança do trabalho;9;7;2
4109401;Guarapuava;PR;Novo CAGED;2026-10-06T16:53:23.546027+00:00;2024-11;142105;Gerente administrativo;8;11;-3
4109401;Guarapuava;PR;Novo CAGED;2026-10-06T16:53:23.546027+00:00;2024-11;632125;Trabalhador de extração florestal, em geral;8;11;-3
4109401;Guarapuava;PR;Novo CAGED;2026-10-06T16:53:23.546027+00:00;2024-11;521130;Atendente de farmácia - balconista;6;8;-2
4109401;Guarapuava;PR;Novo CAGED;2026-10-06T16:53:23.546027+00:00;2024-11;514225;Trabalhador de serviços de limpeza e conservação de áreas públicas;6;12;-6
4109401;Guarapuava;PR;Novo CAGED;2026-10-06T16:53:23.546027+00:00;2024-11;331110;Auxiliar de desenvolvimento infantil;5;0;5
4109401;Guarapuava;PR;Novo CAGED;2026-10-06T16:53:23.546027+00:00;2024-11;377110;Atleta profissional de futebol;0;11;-11
4109401;Guarapuava;PR;Novo CAGED;2026-10-06T16:53:23.546027+00:00;2024-11;773415;Operador de máquina de usinagem de madeira (produção em série);0;7;-7
4109401;Guarapuava;PR;Novo CAGED;2026-10-06T16:53:23.546027+00:00;2024-11;773510;Operador de máquinas de usinar madeira (cnc);0;7;-7
4109401;Guarapuava;PR;Novo CAGED;2026-10-06T16:53:23.546027+00:00;2024-12;other;Outras categorias (agregadas);360;559;-199
4109401;Guarapuava;PR;Novo CAGED;2026-10-06T16:53:23.546027+00:00;2024-12;784205;Alimentador de linha de produção;313;187;126
4109401;Guarapuava;PR;Novo CAGED;2026-10-06T16:53:23.546027+00:00;2024-12;622020;Trabalhador volante da agricultura;119;33;86
4109401;Guarapuava;PR;Novo CAGED;2026-10-06T16:53:23.546027+00:00;2024-12;521110;Vendedor de comércio varejista;118;129;-11
4109401;Guarapuava;PR;Novo CAGED;2026-10-06T16:53:23.546027+00:00;2024-12;421125;Operador de caixa;105;98;7
4109401;Guarapuava;PR;Novo CAGED;2026-10-06T16:53:23.546027+00:00;2024-12;521125;Repositor de mercadorias;66;85;-19
4109401;Guarapuava;PR;Novo CAGED;2026-10-06T16:53:23.546027+00:00;2024-12;782510;Motorista de caminhão (rotas regionais e internacionais);65;70;-5
4109401;Guarapuava;PR;Novo CAGED;2026-10-06T16:53:23.546027+00:00;2024-12;622315;Trabalhador na olericultura (raízes, bulbos e tubérculos);47;7;40
4109401;Guarapuava;PR;Novo CAGED;2026-10-06T16:53:23.546027+00:00;2024-12;513435;Atendente de lanchonete;44;36;8
4109401;Guarapuava;PR;Novo CAGED;2026-10-06T16:53:23.546027+00:00;2024-12;411010;Assistente administrativo;42;66;-24
4109401;Guarapuava;PR;Novo CAGED;2026-10-06T16:53:23.546027+00:00;2024-12;514320;Faxineiro;40;53;-13
4109401;Guarapuava;PR;Novo CAGED;2026-10-06T16:53:23.546027+00:00;2024-12;414110;Armazenista;34;35;-1
4109401;Guarapuava;PR;Novo CAGED;2026-10-06T16:53:23.546027+00:00;2024-12;513505;Auxiliar nos serviços de alimentação;34;47;-13
4109401;Guarapuava;PR;Novo CAGED;2026-10-06T16:53:23.546027+00:00;2024-12;411005;Auxiliar de escritório;33;55;-22
4109401;Guarapuava;PR;Novo CAGED;2026-10-06T16:53:23.546027+00:00;2024-12;717020;Servente de obras;33;43;-10
4109401;Guarapuava;PR;Novo CAGED;2026-10-06T16:53:23.546027+00:00;2024-12;521140;Atendente de lojas e mercados;32;20;12
4109401;Guarapuava;PR;Novo CAGED;2026-10-06T16:53:23.546027+00:00;2024-12;352210;Agente de saúde pública;26;14;12
4109401;Guarapuava;PR;Novo CAGED;2026-10-06T16:53:23.546027+00:00;2024-12;848510;Açougueiro;23;22;1
4109401;Guarapuava;PR;Novo CAGED;2026-10-06T16:53:23.546027+00:00;2024-12;513205;Cozinheiro geral;23;29;-6
4109401;Guarapuava;PR;Novo CAGED;2026-10-06T16:53:23.546027+00:00;2024-12;422105;Recepcionista, em geral;21;16;5
4109401;Guarapuava;PR;Novo CAGED;2026-10-06T16:53:23.546027+00:00;2024-12;783225;Ajudante de motorista;18;9;9
4109401;Guarapuava;PR;Novo CAGED;2026-10-06T16:53:23.546027+00:00;2024-12;715210;Pedreiro;18;41;-23
4109401;Guarapuava;PR;Novo CAGED;2026-10-06T16:53:23.546027+00:00;2024-12;521135;Frentista;17;17;0
4109401;Guarapuava;PR;Novo CAGED;2026-10-06T16:53:23.546027+00:00;2024-12;521115;Promotor de vendas;17;36;-19
4109401;Guarapuava;PR;Novo CAGED;2026-10-06T16:53:23.546027+00:00;2024-12;632125;Trabalhador de extração florestal, em geral;17;7;10
4109401;Guarapuava;PR;Novo CAGED;2026-10-06T16:53:23.546027+00:00;2024-12;514120;Zelador de edifício;17;17;0
4109401;Guarapuava;PR;Novo CAGED;2026-10-06T16:53:23.546027+00:00;2024-12;911305;Mecânico de manutenção de máquinas, em geral;15;20;-5
4109401;Guarapuava;PR;Novo CAGED;2026-10-06T16:53:23.546027+00:00;2024-12;621005;Trabalhador agropecuário em geral;14;17;-3
4109401;Guarapuava;PR;Novo CAGED;2026-10-06T16:53:23.546027+00:00;2024-12;414105;Almoxarife;13;13;0
4109401;Guarapuava;PR;Novo CAGED;2026-10-06T16:53:23.546027+00:00;2024-12;783210;Carregador (armazém);13;0;13
4109401;Guarapuava;PR;Novo CAGED;2026-10-06T16:53:23.546027+00:00;2024-12;513405;Garçom;12;13;-1
4109401;Guarapuava;PR;Novo CAGED;2026-10-06T16:53:23.546027+00:00;2024-12;354125;Assistente de vendas;11;9;2
4109401;Guarapuava;PR;Novo CAGED;2026-10-06T16:53:23.546027+00:00;2024-12;521130;Atendente de farmácia - balconista;11;8;3
4109401;Guarapuava;PR;Novo CAGED;2026-10-06T16:53:23.546027+00:00;2024-12;422110;Recepcionista de consultório médico ou dentário;10;17;-7
4109401;Guarapuava;PR;Novo CAGED;2026-10-06T16:53:23.546027+00:00;2024-12;782310;Motorista de furgão ou veículo similar;9;15;-6
4109401;Guarapuava;PR;Novo CAGED;2026-10-06T16:53:23.546027+00:00;2024-12;715115;Operador de escavadeira;9;5;4
4109401;Guarapuava;PR;Novo CAGED;2026-10-06T16:53:23.546027+00:00;2024-12;517330;Vigilante;9;12;-3
4109401;Guarapuava;PR;Novo CAGED;2026-10-06T16:53:23.546027+00:00;2024-12;141415;Gerente de loja e supermercado;8;5;3
4109401;Guarapuava;PR;Novo CAGED;2026-10-06T16:53:23.546027+00:00;2024-12;914405;Mecânico de manutenção de automóveis, motocicletas e veículos similares;8;14;-6
4109401;Guarapuava;PR;Novo CAGED;2026-10-06T16:53:23.546027+00:00;2024-12;414125;Estoquista;7;8;-1
4109401;Guarapuava;PR;Novo CAGED;2026-10-06T16:53:23.546027+00:00;2024-12;513315;Camareiro  de hotel;6;9;-3
4109401;Guarapuava;PR;Novo CAGED;2026-10-06T16:53:23.546027+00:00;2024-12;763215;Costureiro, a  máquina  na confecção em série;6;8;-2
4109401;Guarapuava;PR;Novo CAGED;2026-10-06T16:53:23.546027+00:00;2024-12;517410;Porteiro de edifícios;6;6;0
4109401;Guarapuava;PR;Novo CAGED;2026-10-06T16:53:23.546027+00:00;2024-12;422120;Recepcionista de hotel;6;6;0
4109401;Guarapuava;PR;Novo CAGED;2026-10-06T16:53:23.546027+00:00;2024-12;724315;Soldador;6;7;-1
4109401;Guarapuava;PR;Novo CAGED;2026-10-06T16:53:23.546027+00:00;2024-12;322205;Técnico de enfermagem;5;26;-21
4109401;Guarapuava;PR;Novo CAGED;2026-10-06T16:53:23.546027+00:00;2024-12;239405;Coordenador pedagógico;0;5;-5
4109401;Guarapuava;PR;Novo CAGED;2026-10-06T16:53:23.546027+00:00;2024-12;773105;Cortador de laminados de madeira;0;5;-5
4109401;Guarapuava;PR;Novo CAGED;2026-10-06T16:53:23.546027+00:00;2024-12;225170;Médico generalista;0;6;-6
4109401;Guarapuava;PR;Novo CAGED;2026-10-06T16:53:23.546027+00:00;2024-12;773510;Operador de máquinas de usinar madeira (cnc);0;5;-5
4109401;Guarapuava;PR;Novo CAGED;2026-10-06T16:53:23.546027+00:00;2024-12;224120;Preparador físico;0;7;-7
4109401;Guarapuava;PR;Novo CAGED;2026-10-06T16:53:23.546027+00:00;2024-12;231305;Professor de ciências exatas e naturais do ensino fundamental;0;8;-8
4109401;Guarapuava;PR;Novo CAGED;2026-10-06T16:53:23.546027+00:00;2024-12;234520;Professor de ensino superior na área de prática de ensino;0;9;-9
4109401;Guarapuava;PR;Novo CAGED;2026-10-06T16:53:23.546027+00:00;2024-12;331205;Professor de nível médio no ensino fundamental;0;7;-7
4109401;Guarapuava;PR;Novo CAGED;2026-10-06T16:53:23.546027+00:00;2024-12;231210;Professor de nível superior do ensino fundamental (primeira a quarta série);0;8;-8
4109401;Guarapuava;PR;Novo CAGED;2026-10-06T16:53:23.546027+00:00;2024-12;515135;Socorrista (exceto médicos e enfermeiros);0;14;-14
4109401;Guarapuava;PR;Novo CAGED;2026-10-06T16:53:23.546027+00:00;2025-01;other;Outras categorias (agregadas);554;594;-40
4109401;Guarapuava;PR;Novo CAGED;2026-10-06T16:53:23.546027+00:00;2025-01;784205;Alimentador de linha de produção;308;280;28
4109401;Guarapuava;PR;Novo CAGED;2026-10-06T16:53:23.546027+00:00;2025-01;521110;Vendedor de comércio varejista;124;135;-11
4109401;Guarapuava;PR;Novo CAGED;2026-10-06T16:53:23.546027+00:00;2025-01;622020;Trabalhador volante da agricultura;116;63;53
4109401;Guarapuava;PR;Novo CAGED;2026-10-06T16:53:23.546027+00:00;2025-01;782510;Motorista de caminhão (rotas regionais e internacionais);103;133;-30
4109401;Guarapuava;PR;Novo CAGED;2026-10-06T16:53:23.546027+00:00;2025-01;421125;Operador de caixa;103;107;-4
4109401;Guarapuava;PR;Novo CAGED;2026-10-06T16:53:23.546027+00:00;2025-01;717020;Servente de obras;87;59;28
4109401;Guarapuava;PR;Novo CAGED;2026-10-06T16:53:23.546027+00:00;2025-01;411005;Auxiliar de escritório;81;77;4
4109401;Guarapuava;PR;Novo CAGED;2026-10-06T16:53:23.546027+00:00;2025-01;411010;Assistente administrativo;79;84;-5
4109401;Guarapuava;PR;Novo CAGED;2026-10-06T16:53:23.546027+00:00;2025-01;715210;Pedreiro;69;51;18
4109401;Guarapuava;PR;Novo CAGED;2026-10-06T16:53:23.546027+00:00;2025-01;514320;Faxineiro;56;69;-13
4109401;Guarapuava;PR;Novo CAGED;2026-10-06T16:53:23.546027+00:00;2025-01;521125;Repositor de mercadorias;55;56;-1
4109401;Guarapuava;PR;Novo CAGED;2026-10-06T16:53:23.546027+00:00;2025-01;513505;Auxiliar nos serviços de alimentação;49;66;-17
4109401;Guarapuava;PR;Novo CAGED;2026-10-06T16:53:23.546027+00:00;2025-01;513435;Atendente de lanchonete;45;45;0
4109401;Guarapuava;PR;Novo CAGED;2026-10-06T16:53:23.546027+00:00;2025-01;911305;Mecânico de manutenção de máquinas, em geral;36;32;4
4109401;Guarapuava;PR;Novo CAGED;2026-10-06T16:53:23.546027+00:00;2025-01;521140;Atendente de lojas e mercados;35;33;2
4109401;Guarapuava;PR;Novo CAGED;2026-10-06T16:53:23.546027+00:00;2025-01;514120;Zelador de edifício;29;38;-9
4109401;Guarapuava;PR;Novo CAGED;2026-10-06T16:53:23.546027+00:00;2025-01;414110;Armazenista;26;29;-3
4109401;Guarapuava;PR;Novo CAGED;2026-10-06T16:53:23.546027+00:00;2025-01;763215;Costureiro, a  máquina  na confecção em série;26;15;11
4109401;Guarapuava;PR;Novo CAGED;2026-10-06T16:53:23.546027+00:00;2025-01;761309;Tecelão (tear automático);26;24;2
4109401;Guarapuava;PR;Novo CAGED;2026-10-06T16:53:23.546027+00:00;2025-01;422105;Recepcionista, em geral;25;30;-5
4109401;Guarapuava;PR;Novo CAGED;2026-10-06T16:53:23.546027+00:00;2025-01;513405;Garçom;24;13;11
4109401;Guarapuava;PR;Novo CAGED;2026-10-06T16:53:23.546027+00:00;2025-01;914405;Mecânico de manutenção de automóveis, motocicletas e veículos similares;24;17;7
4109401;Guarapuava;PR;Novo CAGED;2026-10-06T16:53:23.546027+00:00;2025-01;848510;Açougueiro;21;28;-7
4109401;Guarapuava;PR;Novo CAGED;2026-10-06T16:53:23.546027+00:00;2025-01;322205;Técnico de enfermagem;21;14;7
4109401;Guarapuava;PR;Novo CAGED;2026-10-06T16:53:23.546027+00:00;2025-01;413110;Auxiliar de contabilidade;20;11;9
4109401;Guarapuava;PR;Novo CAGED;2026-10-06T16:53:23.546027+00:00;2025-01;715505;Carpinteiro;20;14;6
4109401;Guarapuava;PR;Novo CAGED;2026-10-06T16:53:23.546027+00:00;2025-01;521115;Promotor de vendas;19;21;-2
4109401;Guarapuava;PR;Novo CAGED;2026-10-06T16:53:23.546027+00:00;2025-01;513205;Cozinheiro geral;18;33;-15
4109401;Guarapuava;PR;Novo CAGED;2026-10-06T16:53:23.546027+00:00;2025-01;783225;Ajudante de motorista;17;24;-7
4109401;Guarapuava;PR;Novo CAGED;2026-10-06T16:53:23.546027+00:00;2025-01;414105;Almoxarife;17;19;-2
4109401;Guarapuava;PR;Novo CAGED;2026-10-06T16:53:23.546027+00:00;2025-01;782310;Motorista de furgão ou veículo similar;16;18;-2
4109401;Guarapuava;PR;Novo CAGED;2026-10-06T16:53:23.546027+00:00;2025-01;621005;Trabalhador agropecuário em geral;16;25;-9
4109401;Guarapuava;PR;Novo CAGED;2026-10-06T16:53:23.546027+00:00;2025-01;521135;Frentista;15;18;-3
4109401;Guarapuava;PR;Novo CAGED;2026-10-06T16:53:23.546027+00:00;2025-01;724315;Soldador;15;14;1
4109401;Guarapuava;PR;Novo CAGED;2026-10-06T16:53:23.546027+00:00;2025-01;354125;Assistente de vendas;14;21;-7
4109401;Guarapuava;PR;Novo CAGED;2026-10-06T16:53:23.546027+00:00;2025-01;514225;Trabalhador de serviços de limpeza e conservação de áreas públicas;13;11;2
4109401;Guarapuava;PR;Novo CAGED;2026-10-06T16:53:23.546027+00:00;2025-01;521130;Atendente de farmácia - balconista;12;12;0
4109401;Guarapuava;PR;Novo CAGED;2026-10-06T16:53:23.546027+00:00;2025-01;414125;Estoquista;12;16;-4
4109401;Guarapuava;PR;Novo CAGED;2026-10-06T16:53:23.546027+00:00;2025-01;234520;Professor de ensino superior na área de prática de ensino;12;12;0
4109401;Guarapuava;PR;Novo CAGED;2026-10-06T16:53:23.546027+00:00;2025-01;513315;Camareiro  de hotel;11;13;-2
4109401;Guarapuava;PR;Novo CAGED;2026-10-06T16:53:23.546027+00:00;2025-01;725205;Montador de máquinas;11;9;2
4109401;Guarapuava;PR;Novo CAGED;2026-10-06T16:53:23.546027+00:00;2025-01;716305;Vidraceiro;11;0;11
4109401;Guarapuava;PR;Novo CAGED;2026-10-06T16:53:23.546027+00:00;2025-01;223405;Farmacêutico;10;9;1
4109401;Guarapuava;PR;Novo CAGED;2026-10-06T16:53:23.546027+00:00;2025-01;782410;Motorista de ônibus urbano;10;5;5
4109401;Guarapuava;PR;Novo CAGED;2026-10-06T16:53:23.546027+00:00;2025-01;761215;Operador de bobinadeira;10;12;-2
4109401;Guarapuava;PR;Novo CAGED;2026-10-06T16:53:23.546027+00:00;2025-01;422110;Recepcionista de consultório médico ou dentário;10;10;0
4109401;Guarapuava;PR;Novo CAGED;2026-10-06T16:53:23.546027+00:00;2025-01;142105;Gerente administrativo;9;10;-1
4109401;Guarapuava;PR;Novo CAGED;2026-10-06T16:53:23.546027+00:00;2025-01;715115;Operador de escavadeira;9;9;0
4109401;Guarapuava;PR;Novo CAGED;2026-10-06T16:53:23.546027+00:00;2025-01;862150;Operador de máquinas fixas, em geral;9;6;3
4109401;Guarapuava;PR;Novo CAGED;2026-10-06T16:53:23.546027+00:00;2025-01;517330;Vigilante;9;30;-21
4109401;Guarapuava;PR;Novo CAGED;2026-10-06T16:53:23.546027+00:00;2025-01;848310;Confeiteiro;8;5;3
4109401;Guarapuava;PR;Novo CAGED;2026-10-06T16:53:23.546027+00:00;2025-01;422315;Operador de telemarketing receptivo;8;8;0
4109401;Guarapuava;PR;Novo CAGED;2026-10-06T16:53:23.546027+00:00;2025-01;231105;Professor de nível superior na educação infantil (quatro a seis anos);8;5;3
4109401;Guarapuava;PR;Novo CAGED;2026-10-06T16:53:23.546027+00:00;2025-01;823265;Trabalhador na fabricação de produtos abrasivos;8;5;3
4109401;Guarapuava;PR;Novo CAGED;2026-10-06T16:53:23.546027+00:00;2025-01;515215;Auxiliar de laboratório de análises clínicas;7;5;2
4109401;Guarapuava;PR;Novo CAGED;2026-10-06T16:53:23.546027+00:00;2025-01;421310;Cobrador interno;7;14;-7
4109401;Guarapuava;PR;Novo CAGED;2026-10-06T16:53:23.546027+00:00;2025-01;715615;Eletricista de instalações;7;9;-2
4109401;Guarapuava;PR;Novo CAGED;2026-10-06T16:53:23.546027+00:00;2025-01;422120;Recepcionista de hotel;7;5;2
4109401;Guarapuava;PR;Novo CAGED;2026-10-06T16:53:23.546027+00:00;2025-01;632125;Trabalhador de extração florestal, em geral;7;16;-9
4109401;Guarapuava;PR;Novo CAGED;2026-10-06T16:53:23.546027+00:00;2025-01;413205;Atendente de agência;6;0;6
4109401;Guarapuava;PR;Novo CAGED;2026-10-06T16:53:23.546027+00:00;2025-01;517410;Porteiro de edifícios;6;7;-1
4109401;Guarapuava;PR;Novo CAGED;2026-10-06T16:53:23.546027+00:00;2025-01;410105;Supervisor administrativo;6;6;0
4109401;Guarapuava;PR;Novo CAGED;2026-10-06T16:53:23.546027+00:00;2025-01;520110;Supervisor de vendas comercial;6;10;-4
4109401;Guarapuava;PR;Novo CAGED;2026-10-06T16:53:23.546027+00:00;2025-01;354120;Agente de vendas de serviços;5;5;0
4109401;Guarapuava;PR;Novo CAGED;2026-10-06T16:53:23.546027+00:00;2025-01;141410;Comerciante varejista;5;5;0
4109401;Guarapuava;PR;Novo CAGED;2026-10-06T16:53:23.546027+00:00;2025-01;141415;Gerente de loja e supermercado;5;6;-1
4109401;Guarapuava;PR;Novo CAGED;2026-10-06T16:53:23.546027+00:00;2025-01;642015;Operador de trator florestal;0;5;-5
4109401;Guarapuava;PR;Novo CAGED;2026-10-06T16:53:23.546027+00:00;2025-01;848305;Padeiro;0;7;-7
4109401;Guarapuava;PR;Novo CAGED;2026-10-06T16:53:23.546027+00:00;2025-02;other;Outras categorias (agregadas);577;520;57
4109401;Guarapuava;PR;Novo CAGED;2026-10-06T16:53:23.546027+00:00;2025-02;784205;Alimentador de linha de produção;293;293;0
4109401;Guarapuava;PR;Novo CAGED;2026-10-06T16:53:23.546027+00:00;2025-02;521125;Repositor de mercadorias;203;136;67
4109401;Guarapuava;PR;Novo CAGED;2026-10-06T16:53:23.546027+00:00;2025-02;782510;Motorista de caminhão (rotas regionais e internacionais);143;101;42
4109401;Guarapuava;PR;Novo CAGED;2026-10-06T16:53:23.546027+00:00;2025-02;521110;Vendedor de comércio varejista;142;150;-8
4109401;Guarapuava;PR;Novo CAGED;2026-10-06T16:53:23.546027+00:00;2025-02;421125;Operador de caixa;116;107;9
4109401;Guarapuava;PR;Novo CAGED;2026-10-06T16:53:23.546027+00:00;2025-02;411005;Auxiliar de escritório;104;81;23
4109401;Guarapuava;PR;Novo CAGED;2026-10-06T16:53:23.546027+00:00;2025-02;411010;Assistente administrativo;88;72;16
4109401;Guarapuava;PR;Novo CAGED;2026-10-06T16:53:23.546027+00:00;2025-02;514320;Faxineiro;76;50;26
4109401;Guarapuava;PR;Novo CAGED;2026-10-06T16:53:23.546027+00:00;2025-02;513505;Auxiliar nos serviços de alimentação;73;57;16
4109401;Guarapuava;PR;Novo CAGED;2026-10-06T16:53:23.546027+00:00;2025-02;717020;Servente de obras;66;78;-12
4109401;Guarapuava;PR;Novo CAGED;2026-10-06T16:53:23.546027+00:00;2025-02;622020;Trabalhador volante da agricultura;63;51;12
4109401;Guarapuava;PR;Novo CAGED;2026-10-06T16:53:23.546027+00:00;2025-02;513435;Atendente de lanchonete;54;52;2
4109401;Guarapuava;PR;Novo CAGED;2026-10-06T16:53:23.546027+00:00;2025-02;514120;Zelador de edifício;49;28;21
4109401;Guarapuava;PR;Novo CAGED;2026-10-06T16:53:23.546027+00:00;2025-02;521140;Atendente de lojas e mercados;44;22;22
4109401;Guarapuava;PR;Novo CAGED;2026-10-06T16:53:23.546027+00:00;2025-02;715210;Pedreiro;44;45;-1
4109401;Guarapuava;PR;Novo CAGED;2026-10-06T16:53:23.546027+00:00;2025-02;783225;Ajudante de motorista;40;19;21
4109401;Guarapuava;PR;Novo CAGED;2026-10-06T16:53:23.546027+00:00;2025-02;513205;Cozinheiro geral;35;24;11
4109401;Guarapuava;PR;Novo CAGED;2026-10-06T16:53:23.546027+00:00;2025-02;414110;Armazenista;31;29;2
4109401;Guarapuava;PR;Novo CAGED;2026-10-06T16:53:23.546027+00:00;2025-02;848510;Açougueiro;31;32;-1
4109401;Guarapuava;PR;Novo CAGED;2026-10-06T16:53:23.546027+00:00;2025-02;422105;Recepcionista, em geral;31;29;2
4109401;Guarapuava;PR;Novo CAGED;2026-10-06T16:53:23.546027+00:00;2025-02;761309;Tecelão (tear automático);28;21;7
4109401;Guarapuava;PR;Novo CAGED;2026-10-06T16:53:23.546027+00:00;2025-02;414105;Almoxarife;27;19;8
4109401;Guarapuava;PR;Novo CAGED;2026-10-06T16:53:23.546027+00:00;2025-02;782310;Motorista de furgão ou veículo similar;27;14;13
4109401;Guarapuava;PR;Novo CAGED;2026-10-06T16:53:23.546027+00:00;2025-02;521135;Frentista;26;15;11
4109401;Guarapuava;PR;Novo CAGED;2026-10-06T16:53:23.546027+00:00;2025-02;911305;Mecânico de manutenção de máquinas, em geral;23;36;-13
4109401;Guarapuava;PR;Novo CAGED;2026-10-06T16:53:23.546027+00:00;2025-02;632125;Trabalhador de extração florestal, em geral;23;5;18
4109401;Guarapuava;PR;Novo CAGED;2026-10-06T16:53:23.546027+00:00;2025-02;521115;Promotor de vendas;21;24;-3
4109401;Guarapuava;PR;Novo CAGED;2026-10-06T16:53:23.546027+00:00;2025-02;354125;Assistente de vendas;19;11;8
4109401;Guarapuava;PR;Novo CAGED;2026-10-06T16:53:23.546027+00:00;2025-02;414125;Estoquista;19;14;5
4109401;Guarapuava;PR;Novo CAGED;2026-10-06T16:53:23.546027+00:00;2025-02;914405;Mecânico de manutenção de automóveis, motocicletas e veículos similares;19;21;-2
4109401;Guarapuava;PR;Novo CAGED;2026-10-06T16:53:23.546027+00:00;2025-02;234520;Professor de ensino superior na área de prática de ensino;19;8;11
4109401;Guarapuava;PR;Novo CAGED;2026-10-06T16:53:23.546027+00:00;2025-02;621005;Trabalhador agropecuário em geral;18;19;-1
4109401;Guarapuava;PR;Novo CAGED;2026-10-06T16:53:23.546027+00:00;2025-02;761215;Operador de bobinadeira;16;14;2
4109401;Guarapuava;PR;Novo CAGED;2026-10-06T16:53:23.546027+00:00;2025-02;763215;Costureiro, a  máquina  na confecção em série;14;11;3
4109401;Guarapuava;PR;Novo CAGED;2026-10-06T16:53:23.546027+00:00;2025-02;422110;Recepcionista de consultório médico ou dentário;14;6;8
4109401;Guarapuava;PR;Novo CAGED;2026-10-06T16:53:23.546027+00:00;2025-02;715115;Operador de escavadeira;13;6;7
4109401;Guarapuava;PR;Novo CAGED;2026-10-06T16:53:23.546027+00:00;2025-02;314120;Técnico mecânico (máquinas);12;0;12
4109401;Guarapuava;PR;Novo CAGED;2026-10-06T16:53:23.546027+00:00;2025-02;517330;Vigilante;12;8;4
4109401;Guarapuava;PR;Novo CAGED;2026-10-06T16:53:23.546027+00:00;2025-02;413110;Auxiliar de contabilidade;11;9;2
4109401;Guarapuava;PR;Novo CAGED;2026-10-06T16:53:23.546027+00:00;2025-02;761005;Operador polivalente da indústria têxtil;11;12;-1
4109401;Guarapuava;PR;Novo CAGED;2026-10-06T16:53:23.546027+00:00;2025-02;513405;Garçom;10;24;-14
4109401;Guarapuava;PR;Novo CAGED;2026-10-06T16:53:23.546027+00:00;2025-02;641015;Tratorista agrícola;10;8;2
4109401;Guarapuava;PR;Novo CAGED;2026-10-06T16:53:23.546027+00:00;2025-02;517425;Fiscal de loja;9;6;3
4109401;Guarapuava;PR;Novo CAGED;2026-10-06T16:53:23.546027+00:00;2025-02;724315;Soldador;9;12;-3
4109401;Guarapuava;PR;Novo CAGED;2026-10-06T16:53:23.546027+00:00;2025-02;517420;Vigia;9;7;2
4109401;Guarapuava;PR;Novo CAGED;2026-10-06T16:53:23.546027+00:00;2025-02;715315;Armador de estrutura de concreto armado;8;6;2
4109401;Guarapuava;PR;Novo CAGED;2026-10-06T16:53:23.546027+00:00;2025-02;513315;Camareiro  de hotel;8;10;-2
4109401;Guarapuava;PR;Novo CAGED;2026-10-06T16:53:23.546027+00:00;2025-02;223405;Farmacêutico;8;9;-1
4109401;Guarapuava;PR;Novo CAGED;2026-10-06T16:53:23.546027+00:00;2025-02;142105;Gerente administrativo;8;8;0
4109401;Guarapuava;PR;Novo CAGED;2026-10-06T16:53:23.546027+00:00;2025-02;517410;Porteiro de edifícios;8;9;-1
4109401;Guarapuava;PR;Novo CAGED;2026-10-06T16:53:23.546027+00:00;2025-02;514225;Trabalhador de serviços de limpeza e conservação de áreas públicas;8;5;3
4109401;Guarapuava;PR;Novo CAGED;2026-10-06T16:53:23.546027+00:00;2025-02;322205;Técnico de enfermagem;8;25;-17
4109401;Guarapuava;PR;Novo CAGED;2026-10-06T16:53:23.546027+00:00;2025-02;521130;Atendente de farmácia - balconista;7;10;-3
4109401;Guarapuava;PR;Novo CAGED;2026-10-06T16:53:23.546027+00:00;2025-02;715505;Carpinteiro;7;17;-10
4109401;Guarapuava;PR;Novo CAGED;2026-10-06T16:53:23.546027+00:00;2025-02;421310;Cobrador interno;7;13;-6
4109401;Guarapuava;PR;Novo CAGED;2026-10-06T16:53:23.546027+00:00;2025-02;911205;Mecânico de manutenção e instalação de aparelhos de climatização e  refrigeração;7;0;7
4109401;Guarapuava;PR;Novo CAGED;2026-10-06T16:53:23.546027+00:00;2025-02;763320;Operador de máquina de costura de acabamento;7;6;1
4109401;Guarapuava;PR;Novo CAGED;2026-10-06T16:53:23.546027+00:00;2025-02;422120;Recepcionista de hotel;7;7;0
4109401;Guarapuava;PR;Novo CAGED;2026-10-06T16:53:23.546027+00:00;2025-02;716305;Vidraceiro;7;8;-1
4109401;Guarapuava;PR;Novo CAGED;2026-10-06T16:53:23.546027+00:00;2025-02;848310;Confeiteiro;6;5;1
4109401;Guarapuava;PR;Novo CAGED;2026-10-06T16:53:23.546027+00:00;2025-02;715615;Eletricista de instalações;6;7;-1
4109401;Guarapuava;PR;Novo CAGED;2026-10-06T16:53:23.546027+00:00;2025-02;784105;Embalador, a mão;6;0;6
4109401;Guarapuava;PR;Novo CAGED;2026-10-06T16:53:23.546027+00:00;2025-02;710205;Mestre (construção civil);6;6;0
4109401;Guarapuava;PR;Novo CAGED;2026-10-06T16:53:23.546027+00:00;2025-02;252305;Secretária(o) executiva(o);6;8;-2
4109401;Guarapuava;PR;Novo CAGED;2026-10-06T16:53:23.546027+00:00;2025-02;354145;Vendedor pracista;6;7;-1
4109401;Guarapuava;PR;Novo CAGED;2026-10-06T16:53:23.546027+00:00;2025-02;252405;Analista de recursos humanos;5;5;0
4109401;Guarapuava;PR;Novo CAGED;2026-10-06T16:53:23.546027+00:00;2025-02;413205;Atendente de agência;5;0;5
4109401;Guarapuava;PR;Novo CAGED;2026-10-06T16:53:23.546027+00:00;2025-02;992225;Auxiliar geral de conservação de vias permanentes (exceto trilhos);5;5;0
4109401;Guarapuava;PR;Novo CAGED;2026-10-06T16:53:23.546027+00:00;2025-02;783215;Carregador (veículos de transportes terrestres);5;7;-2
4109401;Guarapuava;PR;Novo CAGED;2026-10-06T16:53:23.546027+00:00;2025-02;223505;Enfermeiro;5;7;-2
4109401;Guarapuava;PR;Novo CAGED;2026-10-06T16:53:23.546027+00:00;2025-02;142305;Gerente comercial;5;9;-4
4109401;Guarapuava;PR;Novo CAGED;2026-10-06T16:53:23.546027+00:00;2025-02;519935;Lavador de veículos;5;7;-2
4109401;Guarapuava;PR;Novo CAGED;2026-10-06T16:53:23.546027+00:00;2025-02;725205;Montador de máquinas;5;6;-1
4109401;Guarapuava;PR;Novo CAGED;2026-10-06T16:53:23.546027+00:00;2025-02;782410;Motorista de ônibus urbano;5;6;-1
4109401;Guarapuava;PR;Novo CAGED;2026-10-06T16:53:23.546027+00:00;2025-02;521105;Vendedor em comércio atacadista;5;5;0
4109401;Guarapuava;PR;Novo CAGED;2026-10-06T16:53:23.546027+00:00;2025-02;782405;Motorista de ônibus rodoviário;0;7;-7
4109401;Guarapuava;PR;Novo CAGED;2026-10-06T16:53:23.546027+00:00;2025-02;773510;Operador de máquinas de usinar madeira (cnc);0;6;-6
4109401;Guarapuava;PR;Novo CAGED;2026-10-06T16:53:23.546027+00:00;2025-02;515135;Socorrista (exceto médicos e enfermeiros);0;8;-8
4109401;Guarapuava;PR;Novo CAGED;2026-10-06T16:53:23.546027+00:00;2025-02;622315;Trabalhador na olericultura (raízes, bulbos e tubérculos);0;34;-34
4109401;Guarapuava;PR;Novo CAGED;2026-10-06T16:53:23.546027+00:00;2025-03;other;Outras categorias (agregadas);522;593;-71
4109401;Guarapuava;PR;Novo CAGED;2026-10-06T16:53:23.546027+00:00;2025-03;784205;Alimentador de linha de produção;339;234;105
4109401;Guarapuava;PR;Novo CAGED;2026-10-06T16:53:23.546027+00:00;2025-03;421125;Operador de caixa;123;126;-3
4109401;Guarapuava;PR;Novo CAGED;2026-10-06T16:53:23.546027+00:00;2025-03;521110;Vendedor de comércio varejista;109;144;-35
4109401;Guarapuava;PR;Novo CAGED;2026-10-06T16:53:23.546027+00:00;2025-03;411005;Auxiliar de escritório;96;73;23
4109401;Guarapuava;PR;Novo CAGED;2026-10-06T16:53:23.546027+00:00;2025-03;411010;Assistente administrativo;92;65;27
4109401;Guarapuava;PR;Novo CAGED;2026-10-06T16:53:23.546027+00:00;2025-03;513505;Auxiliar nos serviços de alimentação;92;46;46
4109401;Guarapuava;PR;Novo CAGED;2026-10-06T16:53:23.546027+00:00;2025-03;782510;Motorista de caminhão (rotas regionais e internacionais);88;103;-15
4109401;Guarapuava;PR;Novo CAGED;2026-10-06T16:53:23.546027+00:00;2025-03;717020;Servente de obras;88;94;-6
4109401;Guarapuava;PR;Novo CAGED;2026-10-06T16:53:23.546027+00:00;2025-03;715210;Pedreiro;74;42;32
4109401;Guarapuava;PR;Novo CAGED;2026-10-06T16:53:23.546027+00:00;2025-03;521125;Repositor de mercadorias;67;68;-1
4109401;Guarapuava;PR;Novo CAGED;2026-10-06T16:53:23.546027+00:00;2025-03;514320;Faxineiro;60;44;16
4109401;Guarapuava;PR;Novo CAGED;2026-10-06T16:53:23.546027+00:00;2025-03;513435;Atendente de lanchonete;53;63;-10
4109401;Guarapuava;PR;Novo CAGED;2026-10-06T16:53:23.546027+00:00;2025-03;622020;Trabalhador volante da agricultura;43;76;-33
4109401;Guarapuava;PR;Novo CAGED;2026-10-06T16:53:23.546027+00:00;2025-03;514120;Zelador de edifício;32;28;4
4109401;Guarapuava;PR;Novo CAGED;2026-10-06T16:53:23.546027+00:00;2025-03;422105;Recepcionista, em geral;31;17;14
4109401;Guarapuava;PR;Novo CAGED;2026-10-06T16:53:23.546027+00:00;2025-03;521140;Atendente de lojas e mercados;29;46;-17
4109401;Guarapuava;PR;Novo CAGED;2026-10-06T16:53:23.546027+00:00;2025-03;521135;Frentista;29;28;1
4109401;Guarapuava;PR;Novo CAGED;2026-10-06T16:53:23.546027+00:00;2025-03;521115;Promotor de vendas;27;29;-2
4109401;Guarapuava;PR;Novo CAGED;2026-10-06T16:53:23.546027+00:00;2025-03;761309;Tecelão (tear automático);27;16;11
4109401;Guarapuava;PR;Novo CAGED;2026-10-06T16:53:23.546027+00:00;2025-03;414105;Almoxarife;26;15;11
4109401;Guarapuava;PR;Novo CAGED;2026-10-06T16:53:23.546027+00:00;2025-03;783225;Ajudante de motorista;25;23;2
4109401;Guarapuava;PR;Novo CAGED;2026-10-06T16:53:23.546027+00:00;2025-03;848510;Açougueiro;25;33;-8
4109401;Guarapuava;PR;Novo CAGED;2026-10-06T16:53:23.546027+00:00;2025-03;513205;Cozinheiro geral;25;38;-13
4109401;Guarapuava;PR;Novo CAGED;2026-10-06T16:53:23.546027+00:00;2025-03;322205;Técnico de enfermagem;25;20;5
4109401;Guarapuava;PR;Novo CAGED;2026-10-06T16:53:23.546027+00:00;2025-03;914405;Mecânico de manutenção de automóveis, motocicletas e veículos similares;24;20;4
4109401;Guarapuava;PR;Novo CAGED;2026-10-06T16:53:23.546027+00:00;2025-03;911305;Mecânico de manutenção de máquinas, em geral;23;18;5
4109401;Guarapuava;PR;Novo CAGED;2026-10-06T16:53:23.546027+00:00;2025-03;422110;Recepcionista de consultório médico ou dentário;23;19;4
4109401;Guarapuava;PR;Novo CAGED;2026-10-06T16:53:23.546027+00:00;2025-03;354125;Assistente de vendas;22;20;2
4109401;Guarapuava;PR;Novo CAGED;2026-10-06T16:53:23.546027+00:00;2025-03;621005;Trabalhador agropecuário em geral;21;27;-6
4109401;Guarapuava;PR;Novo CAGED;2026-10-06T16:53:23.546027+00:00;2025-03;414110;Armazenista;20;31;-11
4109401;Guarapuava;PR;Novo CAGED;2026-10-06T16:53:23.546027+00:00;2025-03;761215;Operador de bobinadeira;16;13;3
4109401;Guarapuava;PR;Novo CAGED;2026-10-06T16:53:23.546027+00:00;2025-03;414125;Estoquista;15;16;-1
4109401;Guarapuava;PR;Novo CAGED;2026-10-06T16:53:23.546027+00:00;2025-03;782310;Motorista de furgão ou veículo similar;14;18;-4
4109401;Guarapuava;PR;Novo CAGED;2026-10-06T16:53:23.546027+00:00;2025-03;716610;Pintor de obras;13;11;2
4109401;Guarapuava;PR;Novo CAGED;2026-10-06T16:53:23.546027+00:00;2025-03;715615;Eletricista de instalações;12;5;7
4109401;Guarapuava;PR;Novo CAGED;2026-10-06T16:53:23.546027+00:00;2025-03;513405;Garçom;12;18;-6
4109401;Guarapuava;PR;Novo CAGED;2026-10-06T16:53:23.546027+00:00;2025-03;413110;Auxiliar de contabilidade;11;9;2
4109401;Guarapuava;PR;Novo CAGED;2026-10-06T16:53:23.546027+00:00;2025-03;513315;Camareiro  de hotel;11;6;5
4109401;Guarapuava;PR;Novo CAGED;2026-10-06T16:53:23.546027+00:00;2025-03;724315;Soldador;11;13;-2
4109401;Guarapuava;PR;Novo CAGED;2026-10-06T16:53:23.546027+00:00;2025-03;354145;Vendedor pracista;11;9;2
4109401;Guarapuava;PR;Novo CAGED;2026-10-06T16:53:23.546027+00:00;2025-03;517420;Vigia;11;5;6
4109401;Guarapuava;PR;Novo CAGED;2026-10-06T16:53:23.546027+00:00;2025-03;517330;Vigilante;11;15;-4
4109401;Guarapuava;PR;Novo CAGED;2026-10-06T16:53:23.546027+00:00;2025-03;763215;Costureiro, a  máquina  na confecção em série;10;7;3
4109401;Guarapuava;PR;Novo CAGED;2026-10-06T16:53:23.546027+00:00;2025-03;234520;Professor de ensino superior na área de prática de ensino;10;5;5
4109401;Guarapuava;PR;Novo CAGED;2026-10-06T16:53:23.546027+00:00;2025-03;521130;Atendente de farmácia - balconista;9;15;-6
4109401;Guarapuava;PR;Novo CAGED;2026-10-06T16:53:23.546027+00:00;2025-03;715505;Carpinteiro;8;19;-11
4109401;Guarapuava;PR;Novo CAGED;2026-10-06T16:53:23.546027+00:00;2025-03;783215;Carregador (veículos de transportes terrestres);8;7;1
4109401;Guarapuava;PR;Novo CAGED;2026-10-06T16:53:23.546027+00:00;2025-03;784110;Embalador, a máquina;8;0;8
4109401;Guarapuava;PR;Novo CAGED;2026-10-06T16:53:23.546027+00:00;2025-03;951320;Monitor de sistemas eletrônicos de segurança externo;8;8;0
4109401;Guarapuava;PR;Novo CAGED;2026-10-06T16:53:23.546027+00:00;2025-03;632125;Trabalhador de extração florestal, em geral;8;12;-4
4109401;Guarapuava;PR;Novo CAGED;2026-10-06T16:53:23.546027+00:00;2025-03;517410;Porteiro de edifícios;7;8;-1
4109401;Guarapuava;PR;Novo CAGED;2026-10-06T16:53:23.546027+00:00;2025-03;623215;Trabalhador da suinocultura;7;5;2
4109401;Guarapuava;PR;Novo CAGED;2026-10-06T16:53:23.546027+00:00;2025-03;514225;Trabalhador de serviços de limpeza e conservação de áreas públicas;7;9;-2
4109401;Guarapuava;PR;Novo CAGED;2026-10-06T16:53:23.546027+00:00;2025-03;622315;Trabalhador na olericultura (raízes, bulbos e tubérculos);7;13;-6
4109401;Guarapuava;PR;Novo CAGED;2026-10-06T16:53:23.546027+00:00;2025-03;352210;Agente de saúde pública;6;5;1
4109401;Guarapuava;PR;Novo CAGED;2026-10-06T16:53:23.546027+00:00;2025-03;331110;Auxiliar de desenvolvimento infantil;6;7;-1
4109401;Guarapuava;PR;Novo CAGED;2026-10-06T16:53:23.546027+00:00;2025-03;848310;Confeiteiro;6;12;-6
4109401;Guarapuava;PR;Novo CAGED;2026-10-06T16:53:23.546027+00:00;2025-03;223505;Enfermeiro;6;5;1
4109401;Guarapuava;PR;Novo CAGED;2026-10-06T16:53:23.546027+00:00;2025-03;223405;Farmacêutico;6;5;1
4109401;Guarapuava;PR;Novo CAGED;2026-10-06T16:53:23.546027+00:00;2025-03;142105;Gerente administrativo;6;17;-11
4109401;Guarapuava;PR;Novo CAGED;2026-10-06T16:53:23.546027+00:00;2025-03;725205;Montador de máquinas;6;5;1
4109401;Guarapuava;PR;Novo CAGED;2026-10-06T16:53:23.546027+00:00;2025-03;715115;Operador de escavadeira;6;11;-5
4109401;Guarapuava;PR;Novo CAGED;2026-10-06T16:53:23.546027+00:00;2025-03;354120;Agente de vendas de serviços;5;7;-2
4109401;Guarapuava;PR;Novo CAGED;2026-10-06T16:53:23.546027+00:00;2025-03;414215;Conferente de carga e descarga;5;5;0
4109401;Guarapuava;PR;Novo CAGED;2026-10-06T16:53:23.546027+00:00;2025-03;710205;Mestre (construção civil);5;9;-4
4109401;Guarapuava;PR;Novo CAGED;2026-10-06T16:53:23.546027+00:00;2025-03;252305;Secretária(o) executiva(o);5;7;-2
4109401;Guarapuava;PR;Novo CAGED;2026-10-06T16:53:23.546027+00:00;2025-03;515210;Auxiliar de farmácia de manipulação;0;5;-5
4109401;Guarapuava;PR;Novo CAGED;2026-10-06T16:53:23.546027+00:00;2025-03;951315;Monitor de sistemas eletrônicos de segurança interno;0;7;-7
4109401;Guarapuava;PR;Novo CAGED;2026-10-06T16:53:23.546027+00:00;2025-03;623110;Trabalhador da pecuária (bovinos corte);0;6;-6
4109401;Guarapuava;PR;Novo CAGED;2026-10-06T16:53:23.546027+00:00;2025-04;other;Outras categorias (agregadas);512;489;23
4109401;Guarapuava;PR;Novo CAGED;2026-10-06T16:53:23.546027+00:00;2025-04;784205;Alimentador de linha de produção;288;253;35
4109401;Guarapuava;PR;Novo CAGED;2026-10-06T16:53:23.546027+00:00;2025-04;521110;Vendedor de comércio varejista;147;127;20
4109401;Guarapuava;PR;Novo CAGED;2026-10-06T16:53:23.546027+00:00;2025-04;421125;Operador de caixa;115;94;21
4109401;Guarapuava;PR;Novo CAGED;2026-10-06T16:53:23.546027+00:00;2025-04;782510;Motorista de caminhão (rotas regionais e internacionais);99;102;-3
4109401;Guarapuava;PR;Novo CAGED;2026-10-06T16:53:23.546027+00:00;2025-04;411005;Auxiliar de escritório;91;79;12
4109401;Guarapuava;PR;Novo CAGED;2026-10-06T16:53:23.546027+00:00;2025-04;514320;Faxineiro;66;59;7
4109401;Guarapuava;PR;Novo CAGED;2026-10-06T16:53:23.546027+00:00;2025-04;717020;Servente de obras;66;56;10
4109401;Guarapuava;PR;Novo CAGED;2026-10-06T16:53:23.546027+00:00;2025-04;513505;Auxiliar nos serviços de alimentação;65;47;18
4109401;Guarapuava;PR;Novo CAGED;2026-10-06T16:53:23.546027+00:00;2025-04;411010;Assistente administrativo;62;69;-7
4109401;Guarapuava;PR;Novo CAGED;2026-10-06T16:53:23.546027+00:00;2025-04;513435;Atendente de lanchonete;56;47;9
4109401;Guarapuava;PR;Novo CAGED;2026-10-06T16:53:23.546027+00:00;2025-04;715210;Pedreiro;54;52;2
4109401;Guarapuava;PR;Novo CAGED;2026-10-06T16:53:23.546027+00:00;2025-04;521125;Repositor de mercadorias;53;37;16
4109401;Guarapuava;PR;Novo CAGED;2026-10-06T16:53:23.546027+00:00;2025-04;521140;Atendente de lojas e mercados;43;36;7
4109401;Guarapuava;PR;Novo CAGED;2026-10-06T16:53:23.546027+00:00;2025-04;513205;Cozinheiro geral;34;28;6
4109401;Guarapuava;PR;Novo CAGED;2026-10-06T16:53:23.546027+00:00;2025-04;514120;Zelador de edifício;34;32;2
4109401;Guarapuava;PR;Novo CAGED;2026-10-06T16:53:23.546027+00:00;2025-04;521135;Frentista;29;19;10
4109401;Guarapuava;PR;Novo CAGED;2026-10-06T16:53:23.546027+00:00;2025-04;783225;Ajudante de motorista;28;21;7
4109401;Guarapuava;PR;Novo CAGED;2026-10-06T16:53:23.546027+00:00;2025-04;422105;Recepcionista, em geral;27;21;6
4109401;Guarapuava;PR;Novo CAGED;2026-10-06T16:53:23.546027+00:00;2025-04;848510;Açougueiro;26;24;2
4109401;Guarapuava;PR;Novo CAGED;2026-10-06T16:53:23.546027+00:00;2025-04;414110;Armazenista;24;17;7
4109401;Guarapuava;PR;Novo CAGED;2026-10-06T16:53:23.546027+00:00;2025-04;761309;Tecelão (tear automático);23;20;3
4109401;Guarapuava;PR;Novo CAGED;2026-10-06T16:53:23.546027+00:00;2025-04;513405;Garçom;21;9;12
4109401;Guarapuava;PR;Novo CAGED;2026-10-06T16:53:23.546027+00:00;2025-04;622020;Trabalhador volante da agricultura;20;64;-44
4109401;Guarapuava;PR;Novo CAGED;2026-10-06T16:53:23.546027+00:00;2025-04;354125;Assistente de vendas;19;15;4
4109401;Guarapuava;PR;Novo CAGED;2026-10-06T16:53:23.546027+00:00;2025-04;414105;Almoxarife;18;18;0
4109401;Guarapuava;PR;Novo CAGED;2026-10-06T16:53:23.546027+00:00;2025-04;761215;Operador de bobinadeira;17;15;2
4109401;Guarapuava;PR;Novo CAGED;2026-10-06T16:53:23.546027+00:00;2025-04;782310;Motorista de furgão ou veículo similar;16;12;4
4109401;Guarapuava;PR;Novo CAGED;2026-10-06T16:53:23.546027+00:00;2025-04;422110;Recepcionista de consultório médico ou dentário;16;26;-10
4109401;Guarapuava;PR;Novo CAGED;2026-10-06T16:53:23.546027+00:00;2025-04;414125;Estoquista;15;6;9
4109401;Guarapuava;PR;Novo CAGED;2026-10-06T16:53:23.546027+00:00;2025-04;914405;Mecânico de manutenção de automóveis, motocicletas e veículos similares;14;10;4
4109401;Guarapuava;PR;Novo CAGED;2026-10-06T16:53:23.546027+00:00;2025-04;911305;Mecânico de manutenção de máquinas, em geral;14;16;-2
4109401;Guarapuava;PR;Novo CAGED;2026-10-06T16:53:23.546027+00:00;2025-04;322205;Técnico de enfermagem;14;26;-12
4109401;Guarapuava;PR;Novo CAGED;2026-10-06T16:53:23.546027+00:00;2025-04;517330;Vigilante;14;12;2
4109401;Guarapuava;PR;Novo CAGED;2026-10-06T16:53:23.546027+00:00;2025-04;521130;Atendente de farmácia - balconista;13;9;4
4109401;Guarapuava;PR;Novo CAGED;2026-10-06T16:53:23.546027+00:00;2025-04;521115;Promotor de vendas;13;25;-12
4109401;Guarapuava;PR;Novo CAGED;2026-10-06T16:53:23.546027+00:00;2025-04;517410;Porteiro de edifícios;12;6;6
4109401;Guarapuava;PR;Novo CAGED;2026-10-06T16:53:23.546027+00:00;2025-04;621005;Trabalhador agropecuário em geral;12;15;-3
4109401;Guarapuava;PR;Novo CAGED;2026-10-06T16:53:23.546027+00:00;2025-04;413110;Auxiliar de contabilidade;11;7;4
4109401;Guarapuava;PR;Novo CAGED;2026-10-06T16:53:23.546027+00:00;2025-04;763215;Costureiro, a  máquina  na confecção em série;11;9;2
4109401;Guarapuava;PR;Novo CAGED;2026-10-06T16:53:23.546027+00:00;2025-04;716305;Vidraceiro;10;5;5
4109401;Guarapuava;PR;Novo CAGED;2026-10-06T16:53:23.546027+00:00;2025-04;513315;Camareiro  de hotel;9;9;0
4109401;Guarapuava;PR;Novo CAGED;2026-10-06T16:53:23.546027+00:00;2025-04;142105;Gerente administrativo;9;6;3
4109401;Guarapuava;PR;Novo CAGED;2026-10-06T16:53:23.546027+00:00;2025-04;623215;Trabalhador da suinocultura;9;6;3
4109401;Guarapuava;PR;Novo CAGED;2026-10-06T16:53:23.546027+00:00;2025-04;715115;Operador de escavadeira;8;9;-1
4109401;Guarapuava;PR;Novo CAGED;2026-10-06T16:53:23.546027+00:00;2025-04;422120;Recepcionista de hotel;8;9;-1
4109401;Guarapuava;PR;Novo CAGED;2026-10-06T16:53:23.546027+00:00;2025-04;623310;Trabalhador da avicultura de postura;8;6;2
4109401;Guarapuava;PR;Novo CAGED;2026-10-06T16:53:23.546027+00:00;2025-04;331110;Auxiliar de desenvolvimento infantil;7;7;0
4109401;Guarapuava;PR;Novo CAGED;2026-10-06T16:53:23.546027+00:00;2025-04;414215;Conferente de carga e descarga;7;7;0
4109401;Guarapuava;PR;Novo CAGED;2026-10-06T16:53:23.546027+00:00;2025-04;715615;Eletricista de instalações;7;8;-1
4109401;Guarapuava;PR;Novo CAGED;2026-10-06T16:53:23.546027+00:00;2025-04;231105;Professor de nível superior na educação infantil (quatro a seis anos);7;6;1
4109401;Guarapuava;PR;Novo CAGED;2026-10-06T16:53:23.546027+00:00;2025-04;351605;Técnico em segurança do trabalho;7;7;0
4109401;Guarapuava;PR;Novo CAGED;2026-10-06T16:53:23.546027+00:00;2025-04;715505;Carpinteiro;6;9;-3
4109401;Guarapuava;PR;Novo CAGED;2026-10-06T16:53:23.546027+00:00;2025-04;141410;Comerciante varejista;6;5;1
4109401;Guarapuava;PR;Novo CAGED;2026-10-06T16:53:23.546027+00:00;2025-04;223405;Farmacêutico;6;8;-2
4109401;Guarapuava;PR;Novo CAGED;2026-10-06T16:53:23.546027+00:00;2025-04;782410;Motorista de ônibus urbano;6;0;6
4109401;Guarapuava;PR;Novo CAGED;2026-10-06T16:53:23.546027+00:00;2025-04;761005;Operador polivalente da indústria têxtil;6;5;1
4109401;Guarapuava;PR;Novo CAGED;2026-10-06T16:53:23.546027+00:00;2025-04;632125;Trabalhador de extração florestal, em geral;6;19;-13
4109401;Guarapuava;PR;Novo CAGED;2026-10-06T16:53:23.546027+00:00;2025-04;951105;Eletricista de manutenção eletroeletrônica;5;0;5
4109401;Guarapuava;PR;Novo CAGED;2026-10-06T16:53:23.546027+00:00;2025-04;954105;Eletromecânico de manutenção de elevadores;5;0;5
4109401;Guarapuava;PR;Novo CAGED;2026-10-06T16:53:23.546027+00:00;2025-04;725205;Montador de máquinas;5;7;-2
4109401;Guarapuava;PR;Novo CAGED;2026-10-06T16:53:23.546027+00:00;2025-04;774105;Montador de móveis e artefatos de madeira;5;5;0
4109401;Guarapuava;PR;Novo CAGED;2026-10-06T16:53:23.546027+00:00;2025-04;724315;Soldador;5;10;-5
4109401;Guarapuava;PR;Novo CAGED;2026-10-06T16:53:23.546027+00:00;2025-04;520110;Supervisor de vendas comercial;5;6;-1
4109401;Guarapuava;PR;Novo CAGED;2026-10-06T16:53:23.546027+00:00;2025-04;514325;Trabalhador da manutenção de edificações;5;9;-4
4109401;Guarapuava;PR;Novo CAGED;2026-10-06T16:53:23.546027+00:00;2025-04;641015;Tratorista agrícola;5;13;-8
4109401;Guarapuava;PR;Novo CAGED;2026-10-06T16:53:23.546027+00:00;2025-04;715525;Carpinteiro de obras;0;8;-8
4109401;Guarapuava;PR;Novo CAGED;2026-10-06T16:53:23.546027+00:00;2025-04;223515;Enfermeiro de bordo;0;7;-7
4109401;Guarapuava;PR;Novo CAGED;2026-10-06T16:53:23.546027+00:00;2025-04;782220;Operador de empilhadeira;0;6;-6
4109401;Guarapuava;PR;Novo CAGED;2026-10-06T16:53:23.546027+00:00;2025-04;515135;Socorrista (exceto médicos e enfermeiros);0;6;-6
4109401;Guarapuava;PR;Novo CAGED;2026-10-06T16:53:23.546027+00:00;2025-04;314410;Técnico em manutenção de máquinas;0;6;-6
4109401;Guarapuava;PR;Novo CAGED;2026-10-06T16:53:23.546027+00:00;2025-05;other;Outras categorias (agregadas);546;536;10
4109401;Guarapuava;PR;Novo CAGED;2026-10-06T16:53:23.546027+00:00;2025-05;784205;Alimentador de linha de produção;315;379;-64
4109401;Guarapuava;PR;Novo CAGED;2026-10-06T16:53:23.546027+00:00;2025-05;421125;Operador de caixa;124;110;14
4109401;Guarapuava;PR;Novo CAGED;2026-10-06T16:53:23.546027+00:00;2025-05;521110;Vendedor de comércio varejista;101;129;-28
4109401;Guarapuava;PR;Novo CAGED;2026-10-06T16:53:23.546027+00:00;2025-05;411010;Assistente administrativo;89;78;11
4109401;Guarapuava;PR;Novo CAGED;2026-10-06T16:53:23.546027+00:00;2025-05;782510;Motorista de caminhão (rotas regionais e internacionais);84;97;-13
4109401;Guarapuava;PR;Novo CAGED;2026-10-06T16:53:23.546027+00:00;2025-05;411005;Auxiliar de escritório;72;80;-8
4109401;Guarapuava;PR;Novo CAGED;2026-10-06T16:53:23.546027+00:00;2025-05;513435;Atendente de lanchonete;65;67;-2
4109401;Guarapuava;PR;Novo CAGED;2026-10-06T16:53:23.546027+00:00;2025-05;521125;Repositor de mercadorias;64;67;-3
4109401;Guarapuava;PR;Novo CAGED;2026-10-06T16:53:23.546027+00:00;2025-05;513505;Auxiliar nos serviços de alimentação;60;60;0
4109401;Guarapuava;PR;Novo CAGED;2026-10-06T16:53:23.546027+00:00;2025-05;514320;Faxineiro;54;50;4
4109401;Guarapuava;PR;Novo CAGED;2026-10-06T16:53:23.546027+00:00;2025-05;717020;Servente de obras;53;52;1
4109401;Guarapuava;PR;Novo CAGED;2026-10-06T16:53:23.546027+00:00;2025-05;848510;Açougueiro;37;29;8
4109401;Guarapuava;PR;Novo CAGED;2026-10-06T16:53:23.546027+00:00;2025-05;715210;Pedreiro;37;50;-13
4109401;Guarapuava;PR;Novo CAGED;2026-10-06T16:53:23.546027+00:00;2025-05;622020;Trabalhador volante da agricultura;33;68;-35
4109401;Guarapuava;PR;Novo CAGED;2026-10-06T16:53:23.546027+00:00;2025-05;514120;Zelador de edifício;31;35;-4
4109401;Guarapuava;PR;Novo CAGED;2026-10-06T16:53:23.546027+00:00;2025-05;521140;Atendente de lojas e mercados;28;41;-13
4109401;Guarapuava;PR;Novo CAGED;2026-10-06T16:53:23.546027+00:00;2025-05;521135;Frentista;26;24;2
4109401;Guarapuava;PR;Novo CAGED;2026-10-06T16:53:23.546027+00:00;2025-05;322205;Técnico de enfermagem;26;13;13
4109401;Guarapuava;PR;Novo CAGED;2026-10-06T16:53:23.546027+00:00;2025-05;414110;Armazenista;25;22;3
4109401;Guarapuava;PR;Novo CAGED;2026-10-06T16:53:23.546027+00:00;2025-05;914405;Mecânico de manutenção de automóveis, motocicletas e veículos similares;25;17;8
4109401;Guarapuava;PR;Novo CAGED;2026-10-06T16:53:23.546027+00:00;2025-05;422105;Recepcionista, em geral;25;16;9
4109401;Guarapuava;PR;Novo CAGED;2026-10-06T16:53:23.546027+00:00;2025-05;354125;Assistente de vendas;23;10;13
4109401;Guarapuava;PR;Novo CAGED;2026-10-06T16:53:23.546027+00:00;2025-05;414105;Almoxarife;22;11;11
4109401;Guarapuava;PR;Novo CAGED;2026-10-06T16:53:23.546027+00:00;2025-05;513205;Cozinheiro geral;22;35;-13
4109401;Guarapuava;PR;Novo CAGED;2026-10-06T16:53:23.546027+00:00;2025-05;422110;Recepcionista de consultório médico ou dentário;22;14;8
4109401;Guarapuava;PR;Novo CAGED;2026-10-06T16:53:23.546027+00:00;2025-05;761309;Tecelão (tear automático);22;31;-9
4109401;Guarapuava;PR;Novo CAGED;2026-10-06T16:53:23.546027+00:00;2025-05;513405;Garçom;21;18;3
4109401;Guarapuava;PR;Novo CAGED;2026-10-06T16:53:23.546027+00:00;2025-05;517330;Vigilante;20;16;4
4109401;Guarapuava;PR;Novo CAGED;2026-10-06T16:53:23.546027+00:00;2025-05;521115;Promotor de vendas;19;21;-2
4109401;Guarapuava;PR;Novo CAGED;2026-10-06T16:53:23.546027+00:00;2025-05;414125;Estoquista;18;9;9
4109401;Guarapuava;PR;Novo CAGED;2026-10-06T16:53:23.546027+00:00;2025-05;911305;Mecânico de manutenção de máquinas, em geral;16;21;-5
4109401;Guarapuava;PR;Novo CAGED;2026-10-06T16:53:23.546027+00:00;2025-05;782310;Motorista de furgão ou veículo similar;15;8;7
4109401;Guarapuava;PR;Novo CAGED;2026-10-06T16:53:23.546027+00:00;2025-05;724315;Soldador;13;7;6
4109401;Guarapuava;PR;Novo CAGED;2026-10-06T16:53:23.546027+00:00;2025-05;621005;Trabalhador agropecuário em geral;13;16;-3
4109401;Guarapuava;PR;Novo CAGED;2026-10-06T16:53:23.546027+00:00;2025-05;142105;Gerente administrativo;12;8;4
4109401;Guarapuava;PR;Novo CAGED;2026-10-06T16:53:23.546027+00:00;2025-05;517420;Vigia;10;7;3
4109401;Guarapuava;PR;Novo CAGED;2026-10-06T16:53:23.546027+00:00;2025-05;521130;Atendente de farmácia - balconista;9;11;-2
4109401;Guarapuava;PR;Novo CAGED;2026-10-06T16:53:23.546027+00:00;2025-05;715505;Carpinteiro;9;8;1
4109401;Guarapuava;PR;Novo CAGED;2026-10-06T16:53:23.546027+00:00;2025-05;761215;Operador de bobinadeira;9;12;-3
4109401;Guarapuava;PR;Novo CAGED;2026-10-06T16:53:23.546027+00:00;2025-05;632125;Trabalhador de extração florestal, em geral;9;13;-4
4109401;Guarapuava;PR;Novo CAGED;2026-10-06T16:53:23.546027+00:00;2025-05;514225;Trabalhador de serviços de limpeza e conservação de áreas públicas;9;8;1
4109401;Guarapuava;PR;Novo CAGED;2026-10-06T16:53:23.546027+00:00;2025-05;413110;Auxiliar de contabilidade;8;9;-1
4109401;Guarapuava;PR;Novo CAGED;2026-10-06T16:53:23.546027+00:00;2025-05;513315;Camareiro  de hotel;8;11;-3
4109401;Guarapuava;PR;Novo CAGED;2026-10-06T16:53:23.546027+00:00;2025-05;763215;Costureiro, a  máquina  na confecção em série;8;19;-11
4109401;Guarapuava;PR;Novo CAGED;2026-10-06T16:53:23.546027+00:00;2025-05;223505;Enfermeiro;8;8;0
4109401;Guarapuava;PR;Novo CAGED;2026-10-06T16:53:23.546027+00:00;2025-05;632120;Operador de motosserra;8;5;3
4109401;Guarapuava;PR;Novo CAGED;2026-10-06T16:53:23.546027+00:00;2025-05;823265;Trabalhador na fabricação de produtos abrasivos;8;8;0
4109401;Guarapuava;PR;Novo CAGED;2026-10-06T16:53:23.546027+00:00;2025-05;351605;Técnico em segurança do trabalho;8;5;3
4109401;Guarapuava;PR;Novo CAGED;2026-10-06T16:53:23.546027+00:00;2025-05;783225;Ajudante de motorista;7;13;-6
4109401;Guarapuava;PR;Novo CAGED;2026-10-06T16:53:23.546027+00:00;2025-05;331110;Auxiliar de desenvolvimento infantil;6;7;-1
4109401;Guarapuava;PR;Novo CAGED;2026-10-06T16:53:23.546027+00:00;2025-05;516220;Cuidador em saúde;6;0;6
4109401;Guarapuava;PR;Novo CAGED;2026-10-06T16:53:23.546027+00:00;2025-05;715615;Eletricista de instalações;6;7;-1
4109401;Guarapuava;PR;Novo CAGED;2026-10-06T16:53:23.546027+00:00;2025-05;517425;Fiscal de loja;6;5;1
4109401;Guarapuava;PR;Novo CAGED;2026-10-06T16:53:23.546027+00:00;2025-05;715115;Operador de escavadeira;6;13;-7
4109401;Guarapuava;PR;Novo CAGED;2026-10-06T16:53:23.546027+00:00;2025-05;763320;Operador de máquina de costura de acabamento;6;8;-2
4109401;Guarapuava;PR;Novo CAGED;2026-10-06T16:53:23.546027+00:00;2025-05;422310;Operador de telemarketing ativo e receptivo;6;5;1
4109401;Guarapuava;PR;Novo CAGED;2026-10-06T16:53:23.546027+00:00;2025-05;716305;Vidraceiro;6;8;-2
4109401;Guarapuava;PR;Novo CAGED;2026-10-06T16:53:23.546027+00:00;2025-05;783215;Carregador (veículos de transportes terrestres);5;18;-13
4109401;Guarapuava;PR;Novo CAGED;2026-10-06T16:53:23.546027+00:00;2025-05;414135;Expedidor de mercadorias;5;8;-3
4109401;Guarapuava;PR;Novo CAGED;2026-10-06T16:53:23.546027+00:00;2025-05;141205;Gerente de produção e operações;5;0;5
4109401;Guarapuava;PR;Novo CAGED;2026-10-06T16:53:23.546027+00:00;2025-05;517410;Porteiro de edifícios;5;8;-3
4109401;Guarapuava;PR;Novo CAGED;2026-10-06T16:53:23.546027+00:00;2025-05;354145;Vendedor pracista;5;6;-1
4109401;Guarapuava;PR;Novo CAGED;2026-10-06T16:53:23.546027+00:00;2025-05;414115;Balanceiro;0;11;-11
4109401;Guarapuava;PR;Novo CAGED;2026-10-06T16:53:23.546027+00:00;2025-05;519910;Controlador de pragas;0;5;-5
4109401;Guarapuava;PR;Novo CAGED;2026-10-06T16:53:23.546027+00:00;2025-05;711210;Operador de carregadeira;0;6;-6
4109401;Guarapuava;PR;Novo CAGED;2026-10-06T16:53:23.546027+00:00;2025-05;773510;Operador de máquinas de usinar madeira (cnc);0;10;-10
4109401;Guarapuava;PR;Novo CAGED;2026-10-06T16:53:23.546027+00:00;2025-06;other;Outras categorias (agregadas);517;564;-47
4109401;Guarapuava;PR;Novo CAGED;2026-10-06T16:53:23.546027+00:00;2025-06;784205;Alimentador de linha de produção;227;350;-123
4109401;Guarapuava;PR;Novo CAGED;2026-10-06T16:53:23.546027+00:00;2025-06;521110;Vendedor de comércio varejista;127;113;14
4109401;Guarapuava;PR;Novo CAGED;2026-10-06T16:53:23.546027+00:00;2025-06;421125;Operador de caixa;99;104;-5
4109401;Guarapuava;PR;Novo CAGED;2026-10-06T16:53:23.546027+00:00;2025-06;411005;Auxiliar de escritório;82;116;-34
4109401;Guarapuava;PR;Novo CAGED;2026-10-06T16:53:23.546027+00:00;2025-06;513505;Auxiliar nos serviços de alimentação;79;62;17
4109401;Guarapuava;PR;Novo CAGED;2026-10-06T16:53:23.546027+00:00;2025-06;782510;Motorista de caminhão (rotas regionais e internacionais);76;95;-19
4109401;Guarapuava;PR;Novo CAGED;2026-10-06T16:53:23.546027+00:00;2025-06;411010;Assistente administrativo;71;76;-5
4109401;Guarapuava;PR;Novo CAGED;2026-10-06T16:53:23.546027+00:00;2025-06;717020;Servente de obras;68;67;1
4109401;Guarapuava;PR;Novo CAGED;2026-10-06T16:53:23.546027+00:00;2025-06;514320;Faxineiro;64;54;10
4109401;Guarapuava;PR;Novo CAGED;2026-10-06T16:53:23.546027+00:00;2025-06;521125;Repositor de mercadorias;54;48;6
4109401;Guarapuava;PR;Novo CAGED;2026-10-06T16:53:23.546027+00:00;2025-06;513435;Atendente de lanchonete;50;55;-5
4109401;Guarapuava;PR;Novo CAGED;2026-10-06T16:53:23.546027+00:00;2025-06;513205;Cozinheiro geral;35;35;0
4109401;Guarapuava;PR;Novo CAGED;2026-10-06T16:53:23.546027+00:00;2025-06;715210;Pedreiro;34;61;-27
4109401;Guarapuava;PR;Novo CAGED;2026-10-06T16:53:23.546027+00:00;2025-06;622020;Trabalhador volante da agricultura;34;166;-132
4109401;Guarapuava;PR;Novo CAGED;2026-10-06T16:53:23.546027+00:00;2025-06;514120;Zelador de edifício;34;36;-2
4109401;Guarapuava;PR;Novo CAGED;2026-10-06T16:53:23.546027+00:00;2025-06;521140;Atendente de lojas e mercados;33;35;-2
4109401;Guarapuava;PR;Novo CAGED;2026-10-06T16:53:23.546027+00:00;2025-06;322205;Técnico de enfermagem;33;8;25
4109401;Guarapuava;PR;Novo CAGED;2026-10-06T16:53:23.546027+00:00;2025-06;761309;Tecelão (tear automático);24;21;3
4109401;Guarapuava;PR;Novo CAGED;2026-10-06T16:53:23.546027+00:00;2025-06;783225;Ajudante de motorista;19;16;3
4109401;Guarapuava;PR;Novo CAGED;2026-10-06T16:53:23.546027+00:00;2025-06;414110;Armazenista;19;26;-7
4109401;Guarapuava;PR;Novo CAGED;2026-10-06T16:53:23.546027+00:00;2025-06;914405;Mecânico de manutenção de automóveis, motocicletas e veículos similares;18;21;-3
4109401;Guarapuava;PR;Novo CAGED;2026-10-06T16:53:23.546027+00:00;2025-06;422110;Recepcionista de consultório médico ou dentário;18;16;2
4109401;Guarapuava;PR;Novo CAGED;2026-10-06T16:53:23.546027+00:00;2025-06;848510;Açougueiro;17;22;-5
4109401;Guarapuava;PR;Novo CAGED;2026-10-06T16:53:23.546027+00:00;2025-06;517330;Vigilante;17;17;0
4109401;Guarapuava;PR;Novo CAGED;2026-10-06T16:53:23.546027+00:00;2025-06;621005;Trabalhador agropecuário em geral;16;17;-1
4109401;Guarapuava;PR;Novo CAGED;2026-10-06T16:53:23.546027+00:00;2025-06;414105;Almoxarife;15;17;-2
4109401;Guarapuava;PR;Novo CAGED;2026-10-06T16:53:23.546027+00:00;2025-06;911305;Mecânico de manutenção de máquinas, em geral;15;22;-7
4109401;Guarapuava;PR;Novo CAGED;2026-10-06T16:53:23.546027+00:00;2025-06;521115;Promotor de vendas;15;28;-13
4109401;Guarapuava;PR;Novo CAGED;2026-10-06T16:53:23.546027+00:00;2025-06;422105;Recepcionista, em geral;15;22;-7
4109401;Guarapuava;PR;Novo CAGED;2026-10-06T16:53:23.546027+00:00;2025-06;354125;Assistente de vendas;14;15;-1
4109401;Guarapuava;PR;Novo CAGED;2026-10-06T16:53:23.546027+00:00;2025-06;514225;Trabalhador de serviços de limpeza e conservação de áreas públicas;14;6;8
4109401;Guarapuava;PR;Novo CAGED;2026-10-06T16:53:23.546027+00:00;2025-06;715615;Eletricista de instalações;13;10;3
4109401;Guarapuava;PR;Novo CAGED;2026-10-06T16:53:23.546027+00:00;2025-06;514325;Trabalhador da manutenção de edificações;13;10;3
4109401;Guarapuava;PR;Novo CAGED;2026-10-06T16:53:23.546027+00:00;2025-06;521135;Frentista;12;23;-11
4109401;Guarapuava;PR;Novo CAGED;2026-10-06T16:53:23.546027+00:00;2025-06;782310;Motorista de furgão ou veículo similar;12;16;-4
4109401;Guarapuava;PR;Novo CAGED;2026-10-06T16:53:23.546027+00:00;2025-06;724315;Soldador;12;6;6
4109401;Guarapuava;PR;Novo CAGED;2026-10-06T16:53:23.546027+00:00;2025-06;632125;Trabalhador de extração florestal, em geral;12;14;-2
4109401;Guarapuava;PR;Novo CAGED;2026-10-06T16:53:23.546027+00:00;2025-06;414135;Expedidor de mercadorias;11;6;5
4109401;Guarapuava;PR;Novo CAGED;2026-10-06T16:53:23.546027+00:00;2025-06;513405;Garçom;11;11;0
4109401;Guarapuava;PR;Novo CAGED;2026-10-06T16:53:23.546027+00:00;2025-06;521130;Atendente de farmácia - balconista;10;11;-1
4109401;Guarapuava;PR;Novo CAGED;2026-10-06T16:53:23.546027+00:00;2025-06;763215;Costureiro, a  máquina  na confecção em série;10;19;-9
4109401;Guarapuava;PR;Novo CAGED;2026-10-06T16:53:23.546027+00:00;2025-06;710205;Mestre (construção civil);10;6;4
4109401;Guarapuava;PR;Novo CAGED;2026-10-06T16:53:23.546027+00:00;2025-06;715505;Carpinteiro;9;13;-4
4109401;Guarapuava;PR;Novo CAGED;2026-10-06T16:53:23.546027+00:00;2025-06;513315;Camareiro  de hotel;8;11;-3
4109401;Guarapuava;PR;Novo CAGED;2026-10-06T16:53:23.546027+00:00;2025-06;732105;Eletricista de manutenção de linhas elétricas, telefônicas e de comunicação de dados;8;0;8
4109401;Guarapuava;PR;Novo CAGED;2026-10-06T16:53:23.546027+00:00;2025-06;414125;Estoquista;8;10;-2
4109401;Guarapuava;PR;Novo CAGED;2026-10-06T16:53:23.546027+00:00;2025-06;520110;Supervisor de vendas comercial;8;9;-1
4109401;Guarapuava;PR;Novo CAGED;2026-10-06T16:53:23.546027+00:00;2025-06;413110;Auxiliar de contabilidade;6;9;-3
4109401;Guarapuava;PR;Novo CAGED;2026-10-06T16:53:23.546027+00:00;2025-06;333110;Instrutor de cursos livres;6;0;6
4109401;Guarapuava;PR;Novo CAGED;2026-10-06T16:53:23.546027+00:00;2025-06;715115;Operador de escavadeira;6;6;0
4109401;Guarapuava;PR;Novo CAGED;2026-10-06T16:53:23.546027+00:00;2025-06;517410;Porteiro de edifícios;6;6;0
4109401;Guarapuava;PR;Novo CAGED;2026-10-06T16:53:23.546027+00:00;2025-06;422120;Recepcionista de hotel;6;5;1
4109401;Guarapuava;PR;Novo CAGED;2026-10-06T16:53:23.546027+00:00;2025-06;623310;Trabalhador da avicultura de postura;6;7;-1
4109401;Guarapuava;PR;Novo CAGED;2026-10-06T16:53:23.546027+00:00;2025-06;354145;Vendedor pracista;6;6;0
4109401;Guarapuava;PR;Novo CAGED;2026-10-06T16:53:23.546027+00:00;2025-06;414215;Conferente de carga e descarga;5;8;-3
4109401;Guarapuava;PR;Novo CAGED;2026-10-06T16:53:23.546027+00:00;2025-06;223405;Farmacêutico;5;6;-1
4109401;Guarapuava;PR;Novo CAGED;2026-10-06T16:53:23.546027+00:00;2025-06;352210;Agente de saúde pública;0;9;-9
4109401;Guarapuava;PR;Novo CAGED;2026-10-06T16:53:23.546027+00:00;2025-06;377110;Atleta profissional de futebol;0;13;-13
4109401;Guarapuava;PR;Novo CAGED;2026-10-06T16:53:23.546027+00:00;2025-06;773510;Operador de máquinas de usinar madeira (cnc);0;15;-15
4109401;Guarapuava;PR;Novo CAGED;2026-10-06T16:53:23.546027+00:00;2025-06;622315;Trabalhador na olericultura (raízes, bulbos e tubérculos);0;75;-75
4109401;Guarapuava;PR;Novo CAGED;2026-10-06T16:53:23.546027+00:00;2025-07;other;Outras categorias (agregadas);490;593;-103
4109401;Guarapuava;PR;Novo CAGED;2026-10-06T16:53:23.546027+00:00;2025-07;784205;Alimentador de linha de produção;202;239;-37
4109401;Guarapuava;PR;Novo CAGED;2026-10-06T16:53:23.546027+00:00;2025-07;717020;Servente de obras;151;64;87
4109401;Guarapuava;PR;Novo CAGED;2026-10-06T16:53:23.546027+00:00;2025-07;521110;Vendedor de comércio varejista;115;132;-17
4109401;Guarapuava;PR;Novo CAGED;2026-10-06T16:53:23.546027+00:00;2025-07;421125;Operador de caixa;105;108;-3
4109401;Guarapuava;PR;Novo CAGED;2026-10-06T16:53:23.546027+00:00;2025-07;513505;Auxiliar nos serviços de alimentação;89;58;31
4109401;Guarapuava;PR;Novo CAGED;2026-10-06T16:53:23.546027+00:00;2025-07;782510;Motorista de caminhão (rotas regionais e internacionais);88;116;-28
4109401;Guarapuava;PR;Novo CAGED;2026-10-06T16:53:23.546027+00:00;2025-07;411010;Assistente administrativo;84;60;24
4109401;Guarapuava;PR;Novo CAGED;2026-10-06T16:53:23.546027+00:00;2025-07;513435;Atendente de lanchonete;66;55;11
4109401;Guarapuava;PR;Novo CAGED;2026-10-06T16:53:23.546027+00:00;2025-07;411005;Auxiliar de escritório;66;78;-12
4109401;Guarapuava;PR;Novo CAGED;2026-10-06T16:53:23.546027+00:00;2025-07;521125;Repositor de mercadorias;65;58;7
4109401;Guarapuava;PR;Novo CAGED;2026-10-06T16:53:23.546027+00:00;2025-07;715210;Pedreiro;60;38;22
4109401;Guarapuava;PR;Novo CAGED;2026-10-06T16:53:23.546027+00:00;2025-07;514320;Faxineiro;39;39;0
4109401;Guarapuava;PR;Novo CAGED;2026-10-06T16:53:23.546027+00:00;2025-07;514120;Zelador de edifício;38;27;11
4109401;Guarapuava;PR;Novo CAGED;2026-10-06T16:53:23.546027+00:00;2025-07;521140;Atendente de lojas e mercados;35;32;3
4109401;Guarapuava;PR;Novo CAGED;2026-10-06T16:53:23.546027+00:00;2025-07;761309;Tecelão (tear automático);32;29;3
4109401;Guarapuava;PR;Novo CAGED;2026-10-06T16:53:23.546027+00:00;2025-07;513205;Cozinheiro geral;29;41;-12
4109401;Guarapuava;PR;Novo CAGED;2026-10-06T16:53:23.546027+00:00;2025-07;622020;Trabalhador volante da agricultura;25;73;-48
4109401;Guarapuava;PR;Novo CAGED;2026-10-06T16:53:23.546027+00:00;2025-07;848510;Açougueiro;24;22;2
4109401;Guarapuava;PR;Novo CAGED;2026-10-06T16:53:23.546027+00:00;2025-07;521135;Frentista;24;25;-1
4109401;Guarapuava;PR;Novo CAGED;2026-10-06T16:53:23.546027+00:00;2025-07;715505;Carpinteiro;21;5;16
4109401;Guarapuava;PR;Novo CAGED;2026-10-06T16:53:23.546027+00:00;2025-07;422110;Recepcionista de consultório médico ou dentário;21;14;7
4109401;Guarapuava;PR;Novo CAGED;2026-10-06T16:53:23.546027+00:00;2025-07;783225;Ajudante de motorista;20;6;14
4109401;Guarapuava;PR;Novo CAGED;2026-10-06T16:53:23.546027+00:00;2025-07;234520;Professor de ensino superior na área de prática de ensino;19;8;11
4109401;Guarapuava;PR;Novo CAGED;2026-10-06T16:53:23.546027+00:00;2025-07;911305;Mecânico de manutenção de máquinas, em geral;18;16;2
4109401;Guarapuava;PR;Novo CAGED;2026-10-06T16:53:23.546027+00:00;2025-07;414110;Armazenista;17;34;-17
4109401;Guarapuava;PR;Novo CAGED;2026-10-06T16:53:23.546027+00:00;2025-07;715115;Operador de escavadeira;17;7;10
4109401;Guarapuava;PR;Novo CAGED;2026-10-06T16:53:23.546027+00:00;2025-07;414105;Almoxarife;16;24;-8
4109401;Guarapuava;PR;Novo CAGED;2026-10-06T16:53:23.546027+00:00;2025-07;354125;Assistente de vendas;16;17;-1
4109401;Guarapuava;PR;Novo CAGED;2026-10-06T16:53:23.546027+00:00;2025-07;763215;Costureiro, a  máquina  na confecção em série;16;17;-1
4109401;Guarapuava;PR;Novo CAGED;2026-10-06T16:53:23.546027+00:00;2025-07;351605;Técnico em segurança do trabalho;16;8;8
4109401;Guarapuava;PR;Novo CAGED;2026-10-06T16:53:23.546027+00:00;2025-07;782310;Motorista de furgão ou veículo similar;15;11;4
4109401;Guarapuava;PR;Novo CAGED;2026-10-06T16:53:23.546027+00:00;2025-07;621005;Trabalhador agropecuário em geral;15;19;-4
4109401;Guarapuava;PR;Novo CAGED;2026-10-06T16:53:23.546027+00:00;2025-07;513405;Garçom;14;20;-6
4109401;Guarapuava;PR;Novo CAGED;2026-10-06T16:53:23.546027+00:00;2025-07;761215;Operador de bobinadeira;14;17;-3
4109401;Guarapuava;PR;Novo CAGED;2026-10-06T16:53:23.546027+00:00;2025-07;521115;Promotor de vendas;14;29;-15
4109401;Guarapuava;PR;Novo CAGED;2026-10-06T16:53:23.546027+00:00;2025-07;783215;Carregador (veículos de transportes terrestres);12;11;1
4109401;Guarapuava;PR;Novo CAGED;2026-10-06T16:53:23.546027+00:00;2025-07;715615;Eletricista de instalações;12;14;-2
4109401;Guarapuava;PR;Novo CAGED;2026-10-06T16:53:23.546027+00:00;2025-07;422105;Recepcionista, em geral;12;19;-7
4109401;Guarapuava;PR;Novo CAGED;2026-10-06T16:53:23.546027+00:00;2025-07;514225;Trabalhador de serviços de limpeza e conservação de áreas públicas;11;15;-4
4109401;Guarapuava;PR;Novo CAGED;2026-10-06T16:53:23.546027+00:00;2025-07;517425;Fiscal de loja;10;9;1
4109401;Guarapuava;PR;Novo CAGED;2026-10-06T16:53:23.546027+00:00;2025-07;517330;Vigilante;10;10;0
4109401;Guarapuava;PR;Novo CAGED;2026-10-06T16:53:23.546027+00:00;2025-07;823265;Trabalhador na fabricação de produtos abrasivos;9;5;4
4109401;Guarapuava;PR;Novo CAGED;2026-10-06T16:53:23.546027+00:00;2025-07;322205;Técnico de enfermagem;9;9;0
4109401;Guarapuava;PR;Novo CAGED;2026-10-06T16:53:23.546027+00:00;2025-07;413110;Auxiliar de contabilidade;8;7;1
4109401;Guarapuava;PR;Novo CAGED;2026-10-06T16:53:23.546027+00:00;2025-07;414215;Conferente de carga e descarga;8;6;2
4109401;Guarapuava;PR;Novo CAGED;2026-10-06T16:53:23.546027+00:00;2025-07;414125;Estoquista;8;8;0
4109401;Guarapuava;PR;Novo CAGED;2026-10-06T16:53:23.546027+00:00;2025-07;782410;Motorista de ônibus urbano;8;8;0
4109401;Guarapuava;PR;Novo CAGED;2026-10-06T16:53:23.546027+00:00;2025-07;513315;Camareiro  de hotel;7;12;-5
4109401;Guarapuava;PR;Novo CAGED;2026-10-06T16:53:23.546027+00:00;2025-07;914405;Mecânico de manutenção de automóveis, motocicletas e veículos similares;7;15;-8
4109401;Guarapuava;PR;Novo CAGED;2026-10-06T16:53:23.546027+00:00;2025-07;725205;Montador de máquinas;7;9;-2
4109401;Guarapuava;PR;Novo CAGED;2026-10-06T16:53:23.546027+00:00;2025-07;716305;Vidraceiro;7;9;-2
4109401;Guarapuava;PR;Novo CAGED;2026-10-06T16:53:23.546027+00:00;2025-07;223505;Enfermeiro;6;7;-1
4109401;Guarapuava;PR;Novo CAGED;2026-10-06T16:53:23.546027+00:00;2025-07;951320;Monitor de sistemas eletrônicos de segurança externo;6;7;-1
4109401;Guarapuava;PR;Novo CAGED;2026-10-06T16:53:23.546027+00:00;2025-07;623110;Trabalhador da pecuária (bovinos corte);6;0;6
4109401;Guarapuava;PR;Novo CAGED;2026-10-06T16:53:23.546027+00:00;2025-07;632125;Trabalhador de extração florestal, em geral;6;13;-7
4109401;Guarapuava;PR;Novo CAGED;2026-10-06T16:53:23.546027+00:00;2025-07;354145;Vendedor pracista;6;6;0
4109401;Guarapuava;PR;Novo CAGED;2026-10-06T16:53:23.546027+00:00;2025-07;354120;Agente de vendas de serviços;5;6;-1
4109401;Guarapuava;PR;Novo CAGED;2026-10-06T16:53:23.546027+00:00;2025-07;142305;Gerente comercial;5;5;0
4109401;Guarapuava;PR;Novo CAGED;2026-10-06T16:53:23.546027+00:00;2025-07;141415;Gerente de loja e supermercado;5;8;-3
4109401;Guarapuava;PR;Novo CAGED;2026-10-06T16:53:23.546027+00:00;2025-07;710205;Mestre (construção civil);5;9;-4
4109401;Guarapuava;PR;Novo CAGED;2026-10-06T16:53:23.546027+00:00;2025-07;774105;Montador de móveis e artefatos de madeira;5;8;-3
4109401;Guarapuava;PR;Novo CAGED;2026-10-06T16:53:23.546027+00:00;2025-07;716610;Pintor de obras;5;6;-1
4109401;Guarapuava;PR;Novo CAGED;2026-10-06T16:53:23.546027+00:00;2025-07;623310;Trabalhador da avicultura de postura;5;5;0
4109401;Guarapuava;PR;Novo CAGED;2026-10-06T16:53:23.546027+00:00;2025-07;514325;Trabalhador da manutenção de edificações;5;6;-1
4109401;Guarapuava;PR;Novo CAGED;2026-10-06T16:53:23.546027+00:00;2025-07;622315;Trabalhador na olericultura (raízes, bulbos e tubérculos);0;12;-12
4109401;Guarapuava;PR;Novo CAGED;2026-10-06T16:53:23.546027+00:00;2025-08;other;Outras categorias (agregadas);522;584;-62
4109401;Guarapuava;PR;Novo CAGED;2026-10-06T16:53:23.546027+00:00;2025-08;784205;Alimentador de linha de produção;212;335;-123
4109401;Guarapuava;PR;Novo CAGED;2026-10-06T16:53:23.546027+00:00;2025-08;521110;Vendedor de comércio varejista;162;146;16
4109401;Guarapuava;PR;Novo CAGED;2026-10-06T16:53:23.546027+00:00;2025-08;717020;Servente de obras;108;78;30
4109401;Guarapuava;PR;Novo CAGED;2026-10-06T16:53:23.546027+00:00;2025-08;421125;Operador de caixa;100;115;-15
4109401;Guarapuava;PR;Novo CAGED;2026-10-06T16:53:23.546027+00:00;2025-08;782510;Motorista de caminhão (rotas regionais e internacionais);93;105;-12
4109401;Guarapuava;PR;Novo CAGED;2026-10-06T16:53:23.546027+00:00;2025-08;521125;Repositor de mercadorias;84;91;-7
4109401;Guarapuava;PR;Novo CAGED;2026-10-06T16:53:23.546027+00:00;2025-08;411010;Assistente administrativo;83;62;21
4109401;Guarapuava;PR;Novo CAGED;2026-10-06T16:53:23.546027+00:00;2025-08;411005;Auxiliar de escritório;80;71;9
4109401;Guarapuava;PR;Novo CAGED;2026-10-06T16:53:23.546027+00:00;2025-08;622020;Trabalhador volante da agricultura;76;33;43
4109401;Guarapuava;PR;Novo CAGED;2026-10-06T16:53:23.546027+00:00;2025-08;513505;Auxiliar nos serviços de alimentação;75;68;7
4109401;Guarapuava;PR;Novo CAGED;2026-10-06T16:53:23.546027+00:00;2025-08;715210;Pedreiro;69;36;33
4109401;Guarapuava;PR;Novo CAGED;2026-10-06T16:53:23.546027+00:00;2025-08;513435;Atendente de lanchonete;59;56;3
4109401;Guarapuava;PR;Novo CAGED;2026-10-06T16:53:23.546027+00:00;2025-08;521140;Atendente de lojas e mercados;41;16;25
4109401;Guarapuava;PR;Novo CAGED;2026-10-06T16:53:23.546027+00:00;2025-08;514320;Faxineiro;40;46;-6
4109401;Guarapuava;PR;Novo CAGED;2026-10-06T16:53:23.546027+00:00;2025-08;514120;Zelador de edifício;37;35;2
4109401;Guarapuava;PR;Novo CAGED;2026-10-06T16:53:23.546027+00:00;2025-08;513205;Cozinheiro geral;33;23;10
4109401;Guarapuava;PR;Novo CAGED;2026-10-06T16:53:23.546027+00:00;2025-08;848510;Açougueiro;27;25;2
4109401;Guarapuava;PR;Novo CAGED;2026-10-06T16:53:23.546027+00:00;2025-08;715505;Carpinteiro;25;10;15
4109401;Guarapuava;PR;Novo CAGED;2026-10-06T16:53:23.546027+00:00;2025-08;521135;Frentista;25;18;7
4109401;Guarapuava;PR;Novo CAGED;2026-10-06T16:53:23.546027+00:00;2025-08;914405;Mecânico de manutenção de automóveis, motocicletas e veículos similares;25;16;9
4109401;Guarapuava;PR;Novo CAGED;2026-10-06T16:53:23.546027+00:00;2025-08;513405;Garçom;24;11;13
4109401;Guarapuava;PR;Novo CAGED;2026-10-06T16:53:23.546027+00:00;2025-08;761309;Tecelão (tear automático);23;15;8
4109401;Guarapuava;PR;Novo CAGED;2026-10-06T16:53:23.546027+00:00;2025-08;422105;Recepcionista, em geral;22;12;10
4109401;Guarapuava;PR;Novo CAGED;2026-10-06T16:53:23.546027+00:00;2025-08;414140;Auxiliar de logistica;20;11;9
4109401;Guarapuava;PR;Novo CAGED;2026-10-06T16:53:23.546027+00:00;2025-08;414105;Almoxarife;19;32;-13
4109401;Guarapuava;PR;Novo CAGED;2026-10-06T16:53:23.546027+00:00;2025-08;782310;Motorista de furgão ou veículo similar;19;18;1
4109401;Guarapuava;PR;Novo CAGED;2026-10-06T16:53:23.546027+00:00;2025-08;517330;Vigilante;18;5;13
4109401;Guarapuava;PR;Novo CAGED;2026-10-06T16:53:23.546027+00:00;2025-08;911305;Mecânico de manutenção de máquinas, em geral;17;14;3
4109401;Guarapuava;PR;Novo CAGED;2026-10-06T16:53:23.546027+00:00;2025-08;521115;Promotor de vendas;15;23;-8
4109401;Guarapuava;PR;Novo CAGED;2026-10-06T16:53:23.546027+00:00;2025-08;715615;Eletricista de instalações;14;10;4
4109401;Guarapuava;PR;Novo CAGED;2026-10-06T16:53:23.546027+00:00;2025-08;422110;Recepcionista de consultório médico ou dentário;14;15;-1
4109401;Guarapuava;PR;Novo CAGED;2026-10-06T16:53:23.546027+00:00;2025-08;783225;Ajudante de motorista;13;14;-1
4109401;Guarapuava;PR;Novo CAGED;2026-10-06T16:53:23.546027+00:00;2025-08;513315;Camareiro  de hotel;13;6;7
4109401;Guarapuava;PR;Novo CAGED;2026-10-06T16:53:23.546027+00:00;2025-08;621005;Trabalhador agropecuário em geral;12;12;0
4109401;Guarapuava;PR;Novo CAGED;2026-10-06T16:53:23.546027+00:00;2025-08;521130;Atendente de farmácia - balconista;11;8;3
4109401;Guarapuava;PR;Novo CAGED;2026-10-06T16:53:23.546027+00:00;2025-08;414125;Estoquista;11;9;2
4109401;Guarapuava;PR;Novo CAGED;2026-10-06T16:53:23.546027+00:00;2025-08;414110;Armazenista;10;24;-14
4109401;Guarapuava;PR;Novo CAGED;2026-10-06T16:53:23.546027+00:00;2025-08;724315;Soldador;10;9;1
4109401;Guarapuava;PR;Novo CAGED;2026-10-06T16:53:23.546027+00:00;2025-08;716305;Vidraceiro;10;5;5
4109401;Guarapuava;PR;Novo CAGED;2026-10-06T16:53:23.546027+00:00;2025-08;761215;Operador de bobinadeira;9;10;-1
4109401;Guarapuava;PR;Novo CAGED;2026-10-06T16:53:23.546027+00:00;2025-08;413110;Auxiliar de contabilidade;8;6;2
4109401;Guarapuava;PR;Novo CAGED;2026-10-06T16:53:23.546027+00:00;2025-08;142105;Gerente administrativo;8;9;-1
4109401;Guarapuava;PR;Novo CAGED;2026-10-06T16:53:23.546027+00:00;2025-08;632125;Trabalhador de extração florestal, em geral;8;6;2
4109401;Guarapuava;PR;Novo CAGED;2026-10-06T16:53:23.546027+00:00;2025-08;354125;Assistente de vendas;7;7;0
4109401;Guarapuava;PR;Novo CAGED;2026-10-06T16:53:23.546027+00:00;2025-08;421310;Cobrador interno;7;6;1
4109401;Guarapuava;PR;Novo CAGED;2026-10-06T16:53:23.546027+00:00;2025-08;848310;Confeiteiro;7;7;0
4109401;Guarapuava;PR;Novo CAGED;2026-10-06T16:53:23.546027+00:00;2025-08;710205;Mestre (construção civil);7;9;-2
4109401;Guarapuava;PR;Novo CAGED;2026-10-06T16:53:23.546027+00:00;2025-08;632120;Operador de motosserra;7;5;2
4109401;Guarapuava;PR;Novo CAGED;2026-10-06T16:53:23.546027+00:00;2025-08;354205;Comprador;6;6;0
4109401;Guarapuava;PR;Novo CAGED;2026-10-06T16:53:23.546027+00:00;2025-08;763215;Costureiro, a  máquina  na confecção em série;6;10;-4
4109401;Guarapuava;PR;Novo CAGED;2026-10-06T16:53:23.546027+00:00;2025-08;782410;Motorista de ônibus urbano;6;5;1
4109401;Guarapuava;PR;Novo CAGED;2026-10-06T16:53:23.546027+00:00;2025-08;623310;Trabalhador da avicultura de postura;6;6;0
4109401;Guarapuava;PR;Novo CAGED;2026-10-06T16:53:23.546027+00:00;2025-08;919310;Mecânico de manutenção de bicicletas e veículos similares;5;0;5
4109401;Guarapuava;PR;Novo CAGED;2026-10-06T16:53:23.546027+00:00;2025-08;782220;Operador de empilhadeira;5;12;-7
4109401;Guarapuava;PR;Novo CAGED;2026-10-06T16:53:23.546027+00:00;2025-08;715115;Operador de escavadeira;5;22;-17
4109401;Guarapuava;PR;Novo CAGED;2026-10-06T16:53:23.546027+00:00;2025-08;517410;Porteiro de edifícios;5;8;-3
4109401;Guarapuava;PR;Novo CAGED;2026-10-06T16:53:23.546027+00:00;2025-08;823265;Trabalhador na fabricação de produtos abrasivos;5;8;-3
4109401;Guarapuava;PR;Novo CAGED;2026-10-06T16:53:23.546027+00:00;2025-08;322205;Técnico de enfermagem;5;10;-5
4109401;Guarapuava;PR;Novo CAGED;2026-10-06T16:53:23.546027+00:00;2025-08;351605;Técnico em segurança do trabalho;5;6;-1
4109401;Guarapuava;PR;Novo CAGED;2026-10-06T16:53:23.546027+00:00;2025-08;741105;Ajustador de instrumentos de precisão;0;8;-8
4109401;Guarapuava;PR;Novo CAGED;2026-10-06T16:53:23.546027+00:00;2025-08;212405;Analista de desenvolvimento de sistemas;0;6;-6
4109401;Guarapuava;PR;Novo CAGED;2026-10-06T16:53:23.546027+00:00;2025-08;772105;Classificador de madeira;0;6;-6
4109401;Guarapuava;PR;Novo CAGED;2026-10-06T16:53:23.546027+00:00;2025-08;784105;Embalador, a mão;0;6;-6
4109401;Guarapuava;PR;Novo CAGED;2026-10-06T16:53:23.546027+00:00;2025-08;773510;Operador de máquinas de usinar madeira (cnc);0;67;-67
4109401;Guarapuava;PR;Novo CAGED;2026-10-06T16:53:23.546027+00:00;2025-08;715230;Pedreiro de edificações;0;5;-5
4109401;Guarapuava;PR;Novo CAGED;2026-10-06T16:53:23.546027+00:00;2025-08;391125;Técnico de planejamento de produção;0;8;-8
4109401;Guarapuava;PR;Novo CAGED;2026-10-06T16:53:23.546027+00:00;2025-09;other;Outras categorias (agregadas);479;556;-77
4109401;Guarapuava;PR;Novo CAGED;2026-10-06T16:53:23.546027+00:00;2025-09;521110;Vendedor de comércio varejista;157;149;8
4109401;Guarapuava;PR;Novo CAGED;2026-10-06T16:53:23.546027+00:00;2025-09;784205;Alimentador de linha de produção;150;212;-62
4109401;Guarapuava;PR;Novo CAGED;2026-10-06T16:53:23.546027+00:00;2025-09;421125;Operador de caixa;128;99;29
4109401;Guarapuava;PR;Novo CAGED;2026-10-06T16:53:23.546027+00:00;2025-09;411005;Auxiliar de escritório;121;71;50
4109401;Guarapuava;PR;Novo CAGED;2026-10-06T16:53:23.546027+00:00;2025-09;782510;Motorista de caminhão (rotas regionais e internacionais);89;90;-1
4109401;Guarapuava;PR;Novo CAGED;2026-10-06T16:53:23.546027+00:00;2025-09;717020;Servente de obras;87;83;4
4109401;Guarapuava;PR;Novo CAGED;2026-10-06T16:53:23.546027+00:00;2025-09;411010;Assistente administrativo;73;67;6
4109401;Guarapuava;PR;Novo CAGED;2026-10-06T16:53:23.546027+00:00;2025-09;715210;Pedreiro;67;64;3
4109401;Guarapuava;PR;Novo CAGED;2026-10-06T16:53:23.546027+00:00;2025-09;513505;Auxiliar nos serviços de alimentação;64;61;3
4109401;Guarapuava;PR;Novo CAGED;2026-10-06T16:53:23.546027+00:00;2025-09;513435;Atendente de lanchonete;57;55;2
4109401;Guarapuava;PR;Novo CAGED;2026-10-06T16:53:23.546027+00:00;2025-09;521125;Repositor de mercadorias;55;49;6
4109401;Guarapuava;PR;Novo CAGED;2026-10-06T16:53:23.546027+00:00;2025-09;514320;Faxineiro;52;43;9
4109401;Guarapuava;PR;Novo CAGED;2026-10-06T16:53:23.546027+00:00;2025-09;622020;Trabalhador volante da agricultura;44;40;4
4109401;Guarapuava;PR;Novo CAGED;2026-10-06T16:53:23.546027+00:00;2025-09;414105;Almoxarife;33;24;9
4109401;Guarapuava;PR;Novo CAGED;2026-10-06T16:53:23.546027+00:00;2025-09;848510;Açougueiro;32;36;-4
4109401;Guarapuava;PR;Novo CAGED;2026-10-06T16:53:23.546027+00:00;2025-09;514120;Zelador de edifício;31;30;1
4109401;Guarapuava;PR;Novo CAGED;2026-10-06T16:53:23.546027+00:00;2025-09;521140;Atendente de lojas e mercados;30;34;-4
4109401;Guarapuava;PR;Novo CAGED;2026-10-06T16:53:23.546027+00:00;2025-09;513205;Cozinheiro geral;26;32;-6
4109401;Guarapuava;PR;Novo CAGED;2026-10-06T16:53:23.546027+00:00;2025-09;521135;Frentista;24;20;4
4109401;Guarapuava;PR;Novo CAGED;2026-10-06T16:53:23.546027+00:00;2025-09;414110;Armazenista;23;13;10
4109401;Guarapuava;PR;Novo CAGED;2026-10-06T16:53:23.546027+00:00;2025-09;914405;Mecânico de manutenção de automóveis, motocicletas e veículos similares;20;21;-1
4109401;Guarapuava;PR;Novo CAGED;2026-10-06T16:53:23.546027+00:00;2025-09;414140;Auxiliar de logistica;19;11;8
4109401;Guarapuava;PR;Novo CAGED;2026-10-06T16:53:23.546027+00:00;2025-09;621005;Trabalhador agropecuário em geral;19;18;1
4109401;Guarapuava;PR;Novo CAGED;2026-10-06T16:53:23.546027+00:00;2025-09;517330;Vigilante;19;7;12
4109401;Guarapuava;PR;Novo CAGED;2026-10-06T16:53:23.546027+00:00;2025-09;782310;Motorista de furgão ou veículo similar;17;17;0
4109401;Guarapuava;PR;Novo CAGED;2026-10-06T16:53:23.546027+00:00;2025-09;521115;Promotor de vendas;17;12;5
4109401;Guarapuava;PR;Novo CAGED;2026-10-06T16:53:23.546027+00:00;2025-09;322205;Técnico de enfermagem;17;12;5
4109401;Guarapuava;PR;Novo CAGED;2026-10-06T16:53:23.546027+00:00;2025-09;422105;Recepcionista, em geral;16;25;-9
4109401;Guarapuava;PR;Novo CAGED;2026-10-06T16:53:23.546027+00:00;2025-09;521130;Atendente de farmácia - balconista;15;11;4
4109401;Guarapuava;PR;Novo CAGED;2026-10-06T16:53:23.546027+00:00;2025-09;422110;Recepcionista de consultório médico ou dentário;15;11;4
4109401;Guarapuava;PR;Novo CAGED;2026-10-06T16:53:23.546027+00:00;2025-09;783225;Ajudante de motorista;14;10;4
4109401;Guarapuava;PR;Novo CAGED;2026-10-06T16:53:23.546027+00:00;2025-09;992225;Auxiliar geral de conservação de vias permanentes (exceto trilhos);13;7;6
4109401;Guarapuava;PR;Novo CAGED;2026-10-06T16:53:23.546027+00:00;2025-09;761309;Tecelão (tear automático);13;14;-1
4109401;Guarapuava;PR;Novo CAGED;2026-10-06T16:53:23.546027+00:00;2025-09;513405;Garçom;12;17;-5
4109401;Guarapuava;PR;Novo CAGED;2026-10-06T16:53:23.546027+00:00;2025-09;632125;Trabalhador de extração florestal, em geral;12;8;4
4109401;Guarapuava;PR;Novo CAGED;2026-10-06T16:53:23.546027+00:00;2025-09;414125;Estoquista;11;12;-1
4109401;Guarapuava;PR;Novo CAGED;2026-10-06T16:53:23.546027+00:00;2025-09;911305;Mecânico de manutenção de máquinas, em geral;11;24;-13
4109401;Guarapuava;PR;Novo CAGED;2026-10-06T16:53:23.546027+00:00;2025-09;413110;Auxiliar de contabilidade;10;12;-2
4109401;Guarapuava;PR;Novo CAGED;2026-10-06T16:53:23.546027+00:00;2025-09;715615;Eletricista de instalações;10;12;-2
4109401;Guarapuava;PR;Novo CAGED;2026-10-06T16:53:23.546027+00:00;2025-09;761215;Operador de bobinadeira;10;8;2
4109401;Guarapuava;PR;Novo CAGED;2026-10-06T16:53:23.546027+00:00;2025-09;354125;Assistente de vendas;9;15;-6
4109401;Guarapuava;PR;Novo CAGED;2026-10-06T16:53:23.546027+00:00;2025-09;377110;Atleta profissional de futebol;9;0;9
4109401;Guarapuava;PR;Novo CAGED;2026-10-06T16:53:23.546027+00:00;2025-09;716610;Pintor de obras;9;0;9
4109401;Guarapuava;PR;Novo CAGED;2026-10-06T16:53:23.546027+00:00;2025-09;421310;Cobrador interno;8;5;3
4109401;Guarapuava;PR;Novo CAGED;2026-10-06T16:53:23.546027+00:00;2025-09;716305;Vidraceiro;8;10;-2
4109401;Guarapuava;PR;Novo CAGED;2026-10-06T16:53:23.546027+00:00;2025-09;142305;Gerente comercial;7;9;-2
4109401;Guarapuava;PR;Novo CAGED;2026-10-06T16:53:23.546027+00:00;2025-09;710205;Mestre (construção civil);7;7;0
4109401;Guarapuava;PR;Novo CAGED;2026-10-06T16:53:23.546027+00:00;2025-09;774105;Montador de móveis e artefatos de madeira;7;9;-2
4109401;Guarapuava;PR;Novo CAGED;2026-10-06T16:53:23.546027+00:00;2025-09;252305;Secretária(o) executiva(o);7;8;-1
4109401;Guarapuava;PR;Novo CAGED;2026-10-06T16:53:23.546027+00:00;2025-09;623310;Trabalhador da avicultura de postura;7;5;2
4109401;Guarapuava;PR;Novo CAGED;2026-10-06T16:53:23.546027+00:00;2025-09;351605;Técnico em segurança do trabalho;7;7;0
4109401;Guarapuava;PR;Novo CAGED;2026-10-06T16:53:23.546027+00:00;2025-09;515210;Auxiliar de farmácia de manipulação;6;0;6
4109401;Guarapuava;PR;Novo CAGED;2026-10-06T16:53:23.546027+00:00;2025-09;223505;Enfermeiro;6;6;0
4109401;Guarapuava;PR;Novo CAGED;2026-10-06T16:53:23.546027+00:00;2025-09;951320;Monitor de sistemas eletrônicos de segurança externo;6;5;1
4109401;Guarapuava;PR;Novo CAGED;2026-10-06T16:53:23.546027+00:00;2025-09;715505;Carpinteiro;5;13;-8
4109401;Guarapuava;PR;Novo CAGED;2026-10-06T16:53:23.546027+00:00;2025-09;763215;Costureiro, a  máquina  na confecção em série;5;10;-5
4109401;Guarapuava;PR;Novo CAGED;2026-10-06T16:53:23.546027+00:00;2025-09;732105;Eletricista de manutenção de linhas elétricas, telefônicas e de comunicação de dados;5;5;0
4109401;Guarapuava;PR;Novo CAGED;2026-10-06T16:53:23.546027+00:00;2025-09;223405;Farmacêutico;5;12;-7
4109401;Guarapuava;PR;Novo CAGED;2026-10-06T16:53:23.546027+00:00;2025-09;142105;Gerente administrativo;5;15;-10
4109401;Guarapuava;PR;Novo CAGED;2026-10-06T16:53:23.546027+00:00;2025-09;724315;Soldador;5;13;-8
4109401;Guarapuava;PR;Novo CAGED;2026-10-06T16:53:23.546027+00:00;2025-09;514225;Trabalhador de serviços de limpeza e conservação de áreas públicas;5;6;-1
4109401;Guarapuava;PR;Novo CAGED;2026-10-06T16:53:23.546027+00:00;2025-09;521105;Vendedor em comércio atacadista;5;5;0
4109401;Guarapuava;PR;Novo CAGED;2026-10-06T16:53:23.546027+00:00;2025-09;142330;Analista de negócios;0;5;-5
4109401;Guarapuava;PR;Novo CAGED;2026-10-06T16:53:23.546027+00:00;2025-09;823265;Trabalhador na fabricação de produtos abrasivos;0;6;-6
4109401;Guarapuava;PR;Novo CAGED;2026-10-06T16:53:23.546027+00:00;2025-10;other;Outras categorias (agregadas);493;557;-64
4109401;Guarapuava;PR;Novo CAGED;2026-10-06T16:53:23.546027+00:00;2025-10;784205;Alimentador de linha de produção;227;192;35
4109401;Guarapuava;PR;Novo CAGED;2026-10-06T16:53:23.546027+00:00;2025-10;521110;Vendedor de comércio varejista;155;152;3
4109401;Guarapuava;PR;Novo CAGED;2026-10-06T16:53:23.546027+00:00;2025-10;421125;Operador de caixa;110;122;-12
4109401;Guarapuava;PR;Novo CAGED;2026-10-06T16:53:23.546027+00:00;2025-10;782510;Motorista de caminhão (rotas regionais e internacionais);91;107;-16
4109401;Guarapuava;PR;Novo CAGED;2026-10-06T16:53:23.546027+00:00;2025-10;717020;Servente de obras;86;73;13
4109401;Guarapuava;PR;Novo CAGED;2026-10-06T16:53:23.546027+00:00;2025-10;513505;Auxiliar nos serviços de alimentação;79;65;14
4109401;Guarapuava;PR;Novo CAGED;2026-10-06T16:53:23.546027+00:00;2025-10;411005;Auxiliar de escritório;71;71;0
4109401;Guarapuava;PR;Novo CAGED;2026-10-06T16:53:23.546027+00:00;2025-10;411010;Assistente administrativo;61;74;-13
4109401;Guarapuava;PR;Novo CAGED;2026-10-06T16:53:23.546027+00:00;2025-10;514320;Faxineiro;55;49;6
4109401;Guarapuava;PR;Novo CAGED;2026-10-06T16:53:23.546027+00:00;2025-10;513435;Atendente de lanchonete;54;55;-1
4109401;Guarapuava;PR;Novo CAGED;2026-10-06T16:53:23.546027+00:00;2025-10;715210;Pedreiro;48;51;-3
4109401;Guarapuava;PR;Novo CAGED;2026-10-06T16:53:23.546027+00:00;2025-10;521125;Repositor de mercadorias;45;52;-7
4109401;Guarapuava;PR;Novo CAGED;2026-10-06T16:53:23.546027+00:00;2025-10;521140;Atendente de lojas e mercados;39;31;8
4109401;Guarapuava;PR;Novo CAGED;2026-10-06T16:53:23.546027+00:00;2025-10;622020;Trabalhador volante da agricultura;37;40;-3
4109401;Guarapuava;PR;Novo CAGED;2026-10-06T16:53:23.546027+00:00;2025-10;763215;Costureiro, a  máquina  na confecção em série;36;32;4
4109401;Guarapuava;PR;Novo CAGED;2026-10-06T16:53:23.546027+00:00;2025-10;514120;Zelador de edifício;31;32;-1
4109401;Guarapuava;PR;Novo CAGED;2026-10-06T16:53:23.546027+00:00;2025-10;513205;Cozinheiro geral;29;25;4
4109401;Guarapuava;PR;Novo CAGED;2026-10-06T16:53:23.546027+00:00;2025-10;414105;Almoxarife;25;16;9
4109401;Guarapuava;PR;Novo CAGED;2026-10-06T16:53:23.546027+00:00;2025-10;422105;Recepcionista, em geral;25;23;2
4109401;Guarapuava;PR;Novo CAGED;2026-10-06T16:53:23.546027+00:00;2025-10;914405;Mecânico de manutenção de automóveis, motocicletas e veículos similares;23;18;5
4109401;Guarapuava;PR;Novo CAGED;2026-10-06T16:53:23.546027+00:00;2025-10;414110;Armazenista;22;14;8
4109401;Guarapuava;PR;Novo CAGED;2026-10-06T16:53:23.546027+00:00;2025-10;848510;Açougueiro;22;26;-4
4109401;Guarapuava;PR;Novo CAGED;2026-10-06T16:53:23.546027+00:00;2025-10;513405;Garçom;17;12;5
4109401;Guarapuava;PR;Novo CAGED;2026-10-06T16:53:23.546027+00:00;2025-10;422110;Recepcionista de consultório médico ou dentário;16;16;0
4109401;Guarapuava;PR;Novo CAGED;2026-10-06T16:53:23.546027+00:00;2025-10;521135;Frentista;14;22;-8
4109401;Guarapuava;PR;Novo CAGED;2026-10-06T16:53:23.546027+00:00;2025-10;782310;Motorista de furgão ou veículo similar;14;18;-4
4109401;Guarapuava;PR;Novo CAGED;2026-10-06T16:53:23.546027+00:00;2025-10;521115;Promotor de vendas;14;15;-1
4109401;Guarapuava;PR;Novo CAGED;2026-10-06T16:53:23.546027+00:00;2025-10;322205;Técnico de enfermagem;14;6;8
4109401;Guarapuava;PR;Novo CAGED;2026-10-06T16:53:23.546027+00:00;2025-10;354125;Assistente de vendas;13;16;-3
4109401;Guarapuava;PR;Novo CAGED;2026-10-06T16:53:23.546027+00:00;2025-10;715615;Eletricista de instalações;13;9;4
4109401;Guarapuava;PR;Novo CAGED;2026-10-06T16:53:23.546027+00:00;2025-10;517330;Vigilante;13;22;-9
4109401;Guarapuava;PR;Novo CAGED;2026-10-06T16:53:23.546027+00:00;2025-10;783225;Ajudante de motorista;12;10;2
4109401;Guarapuava;PR;Novo CAGED;2026-10-06T16:53:23.546027+00:00;2025-10;223505;Enfermeiro;12;11;1
4109401;Guarapuava;PR;Novo CAGED;2026-10-06T16:53:23.546027+00:00;2025-10;223405;Farmacêutico;12;10;2
4109401;Guarapuava;PR;Novo CAGED;2026-10-06T16:53:23.546027+00:00;2025-10;911305;Mecânico de manutenção de máquinas, em geral;12;17;-5
4109401;Guarapuava;PR;Novo CAGED;2026-10-06T16:53:23.546027+00:00;2025-10;521130;Atendente de farmácia - balconista;11;7;4
4109401;Guarapuava;PR;Novo CAGED;2026-10-06T16:53:23.546027+00:00;2025-10;414125;Estoquista;11;11;0
4109401;Guarapuava;PR;Novo CAGED;2026-10-06T16:53:23.546027+00:00;2025-10;724315;Soldador;10;11;-1
4109401;Guarapuava;PR;Novo CAGED;2026-10-06T16:53:23.546027+00:00;2025-10;421310;Cobrador interno;9;10;-1
4109401;Guarapuava;PR;Novo CAGED;2026-10-06T16:53:23.546027+00:00;2025-10;621005;Trabalhador agropecuário em geral;9;16;-7
4109401;Guarapuava;PR;Novo CAGED;2026-10-06T16:53:23.546027+00:00;2025-10;513315;Camareiro  de hotel;8;5;3
4109401;Guarapuava;PR;Novo CAGED;2026-10-06T16:53:23.546027+00:00;2025-10;715505;Carpinteiro;8;10;-2
4109401;Guarapuava;PR;Novo CAGED;2026-10-06T16:53:23.546027+00:00;2025-10;848310;Confeiteiro;8;7;1
4109401;Guarapuava;PR;Novo CAGED;2026-10-06T16:53:23.546027+00:00;2025-10;517425;Fiscal de loja;8;7;1
4109401;Guarapuava;PR;Novo CAGED;2026-10-06T16:53:23.546027+00:00;2025-10;951320;Monitor de sistemas eletrônicos de segurança externo;8;6;2
4109401;Guarapuava;PR;Novo CAGED;2026-10-06T16:53:23.546027+00:00;2025-10;414140;Auxiliar de logistica;7;8;-1
4109401;Guarapuava;PR;Novo CAGED;2026-10-06T16:53:23.546027+00:00;2025-10;725205;Montador de máquinas;7;5;2
4109401;Guarapuava;PR;Novo CAGED;2026-10-06T16:53:23.546027+00:00;2025-10;422120;Recepcionista de hotel;7;5;2
4109401;Guarapuava;PR;Novo CAGED;2026-10-06T16:53:23.546027+00:00;2025-10;377110;Atleta profissional de futebol;6;15;-9
4109401;Guarapuava;PR;Novo CAGED;2026-10-06T16:53:23.546027+00:00;2025-10;413110;Auxiliar de contabilidade;6;9;-3
4109401;Guarapuava;PR;Novo CAGED;2026-10-06T16:53:23.546027+00:00;2025-10;783215;Carregador (veículos de transportes terrestres);6;8;-2
4109401;Guarapuava;PR;Novo CAGED;2026-10-06T16:53:23.546027+00:00;2025-10;414215;Conferente de carga e descarga;6;6;0
4109401;Guarapuava;PR;Novo CAGED;2026-10-06T16:53:23.546027+00:00;2025-10;519935;Lavador de veículos;6;0;6
4109401;Guarapuava;PR;Novo CAGED;2026-10-06T16:53:23.546027+00:00;2025-10;782220;Operador de empilhadeira;6;8;-2
4109401;Guarapuava;PR;Novo CAGED;2026-10-06T16:53:23.546027+00:00;2025-10;517410;Porteiro de edifícios;6;7;-1
4109401;Guarapuava;PR;Novo CAGED;2026-10-06T16:53:23.546027+00:00;2025-10;314120;Técnico mecânico (máquinas);6;0;6
4109401;Guarapuava;PR;Novo CAGED;2026-10-06T16:53:23.546027+00:00;2025-10;716305;Vidraceiro;6;6;0
4109401;Guarapuava;PR;Novo CAGED;2026-10-06T16:53:23.546027+00:00;2025-10;520110;Supervisor de vendas comercial;5;6;-1
4109401;Guarapuava;PR;Novo CAGED;2026-10-06T16:53:23.546027+00:00;2025-10;761309;Tecelão (tear automático);5;28;-23
4109401;Guarapuava;PR;Novo CAGED;2026-10-06T16:53:23.546027+00:00;2025-10;351605;Técnico em segurança do trabalho;5;7;-2
4109401;Guarapuava;PR;Novo CAGED;2026-10-06T16:53:23.546027+00:00;2025-10;317110;Desenvolvedor de sistemas de tecnologia da informação (técnico);0;6;-6
4109401;Guarapuava;PR;Novo CAGED;2026-10-06T16:53:23.546027+00:00;2025-10;252305;Secretária(o) executiva(o);0;5;-5
4109401;Guarapuava;PR;Novo CAGED;2026-10-06T16:53:23.546027+00:00;2025-11;other;Outras categorias (agregadas);456;469;-13
4109401;Guarapuava;PR;Novo CAGED;2026-10-06T16:53:23.546027+00:00;2025-11;784205;Alimentador de linha de produção;211;158;53
4109401;Guarapuava;PR;Novo CAGED;2026-10-06T16:53:23.546027+00:00;2025-11;421125;Operador de caixa;143;93;50
4109401;Guarapuava;PR;Novo CAGED;2026-10-06T16:53:23.546027+00:00;2025-11;521110;Vendedor de comércio varejista;142;122;20
4109401;Guarapuava;PR;Novo CAGED;2026-10-06T16:53:23.546027+00:00;2025-11;622020;Trabalhador volante da agricultura;121;25;96
4109401;Guarapuava;PR;Novo CAGED;2026-10-06T16:53:23.546027+00:00;2025-11;782510;Motorista de caminhão (rotas regionais e internacionais);86;84;2
4109401;Guarapuava;PR;Novo CAGED;2026-10-06T16:53:23.546027+00:00;2025-11;411010;Assistente administrativo;72;41;31
4109401;Guarapuava;PR;Novo CAGED;2026-10-06T16:53:23.546027+00:00;2025-11;717020;Servente de obras;72;63;9
4109401;Guarapuava;PR;Novo CAGED;2026-10-06T16:53:23.546027+00:00;2025-11;411005;Auxiliar de escritório;63;61;2
4109401;Guarapuava;PR;Novo CAGED;2026-10-06T16:53:23.546027+00:00;2025-11;521125;Repositor de mercadorias;60;51;9
4109401;Guarapuava;PR;Novo CAGED;2026-10-06T16:53:23.546027+00:00;2025-11;513505;Auxiliar nos serviços de alimentação;59;51;8
4109401;Guarapuava;PR;Novo CAGED;2026-10-06T16:53:23.546027+00:00;2025-11;521140;Atendente de lojas e mercados;54;26;28
4109401;Guarapuava;PR;Novo CAGED;2026-10-06T16:53:23.546027+00:00;2025-11;514320;Faxineiro;42;41;1
4109401;Guarapuava;PR;Novo CAGED;2026-10-06T16:53:23.546027+00:00;2025-11;621005;Trabalhador agropecuário em geral;38;8;30
4109401;Guarapuava;PR;Novo CAGED;2026-10-06T16:53:23.546027+00:00;2025-11;513435;Atendente de lanchonete;36;36;0
4109401;Guarapuava;PR;Novo CAGED;2026-10-06T16:53:23.546027+00:00;2025-11;848510;Açougueiro;34;20;14
4109401;Guarapuava;PR;Novo CAGED;2026-10-06T16:53:23.546027+00:00;2025-11;715210;Pedreiro;33;51;-18
4109401;Guarapuava;PR;Novo CAGED;2026-10-06T16:53:23.546027+00:00;2025-11;513205;Cozinheiro geral;23;22;1
4109401;Guarapuava;PR;Novo CAGED;2026-10-06T16:53:23.546027+00:00;2025-11;514120;Zelador de edifício;23;21;2
4109401;Guarapuava;PR;Novo CAGED;2026-10-06T16:53:23.546027+00:00;2025-11;911305;Mecânico de manutenção de máquinas, em geral;18;14;4
4109401;Guarapuava;PR;Novo CAGED;2026-10-06T16:53:23.546027+00:00;2025-11;422105;Recepcionista, em geral;18;13;5
4109401;Guarapuava;PR;Novo CAGED;2026-10-06T16:53:23.546027+00:00;2025-11;422110;Recepcionista de consultório médico ou dentário;17;7;10
4109401;Guarapuava;PR;Novo CAGED;2026-10-06T16:53:23.546027+00:00;2025-11;322205;Técnico de enfermagem;17;7;10
4109401;Guarapuava;PR;Novo CAGED;2026-10-06T16:53:23.546027+00:00;2025-11;914405;Mecânico de manutenção de automóveis, motocicletas e veículos similares;16;12;4
4109401;Guarapuava;PR;Novo CAGED;2026-10-06T16:53:23.546027+00:00;2025-11;517330;Vigilante;16;14;2
4109401;Guarapuava;PR;Novo CAGED;2026-10-06T16:53:23.546027+00:00;2025-11;783225;Ajudante de motorista;14;14;0
4109401;Guarapuava;PR;Novo CAGED;2026-10-06T16:53:23.546027+00:00;2025-11;521135;Frentista;12;12;0
4109401;Guarapuava;PR;Novo CAGED;2026-10-06T16:53:23.546027+00:00;2025-11;513405;Garçom;12;15;-3
4109401;Guarapuava;PR;Novo CAGED;2026-10-06T16:53:23.546027+00:00;2025-11;623310;Trabalhador da avicultura de postura;12;10;2
4109401;Guarapuava;PR;Novo CAGED;2026-10-06T16:53:23.546027+00:00;2025-11;354125;Assistente de vendas;11;9;2
4109401;Guarapuava;PR;Novo CAGED;2026-10-06T16:53:23.546027+00:00;2025-11;782310;Motorista de furgão ou veículo similar;11;11;0
4109401;Guarapuava;PR;Novo CAGED;2026-10-06T16:53:23.546027+00:00;2025-11;521115;Promotor de vendas;10;16;-6
4109401;Guarapuava;PR;Novo CAGED;2026-10-06T16:53:23.546027+00:00;2025-11;992225;Auxiliar geral de conservação de vias permanentes (exceto trilhos);9;6;3
4109401;Guarapuava;PR;Novo CAGED;2026-10-06T16:53:23.546027+00:00;2025-11;223505;Enfermeiro;9;5;4
4109401;Guarapuava;PR;Novo CAGED;2026-10-06T16:53:23.546027+00:00;2025-11;223405;Farmacêutico;9;11;-2
4109401;Guarapuava;PR;Novo CAGED;2026-10-06T16:53:23.546027+00:00;2025-11;351605;Técnico em segurança do trabalho;9;5;4
4109401;Guarapuava;PR;Novo CAGED;2026-10-06T16:53:23.546027+00:00;2025-11;414105;Almoxarife;8;18;-10
4109401;Guarapuava;PR;Novo CAGED;2026-10-06T16:53:23.546027+00:00;2025-11;414110;Armazenista;8;10;-2
4109401;Guarapuava;PR;Novo CAGED;2026-10-06T16:53:23.546027+00:00;2025-11;848310;Confeiteiro;8;6;2
4109401;Guarapuava;PR;Novo CAGED;2026-10-06T16:53:23.546027+00:00;2025-11;715615;Eletricista de instalações;8;6;2
4109401;Guarapuava;PR;Novo CAGED;2026-10-06T16:53:23.546027+00:00;2025-11;414125;Estoquista;8;13;-5
4109401;Guarapuava;PR;Novo CAGED;2026-10-06T16:53:23.546027+00:00;2025-11;710205;Mestre (construção civil);8;9;-1
4109401;Guarapuava;PR;Novo CAGED;2026-10-06T16:53:23.546027+00:00;2025-11;724315;Soldador;8;10;-2
4109401;Guarapuava;PR;Novo CAGED;2026-10-06T16:53:23.546027+00:00;2025-11;514225;Trabalhador de serviços de limpeza e conservação de áreas públicas;8;6;2
4109401;Guarapuava;PR;Novo CAGED;2026-10-06T16:53:23.546027+00:00;2025-11;521130;Atendente de farmácia - balconista;7;10;-3
4109401;Guarapuava;PR;Novo CAGED;2026-10-06T16:53:23.546027+00:00;2025-11;413110;Auxiliar de contabilidade;7;6;1
4109401;Guarapuava;PR;Novo CAGED;2026-10-06T16:53:23.546027+00:00;2025-11;513315;Camareiro  de hotel;7;5;2
4109401;Guarapuava;PR;Novo CAGED;2026-10-06T16:53:23.546027+00:00;2025-11;421310;Cobrador interno;7;9;-2
4109401;Guarapuava;PR;Novo CAGED;2026-10-06T16:53:23.546027+00:00;2025-11;862150;Operador de máquinas fixas, em geral;7;5;2
4109401;Guarapuava;PR;Novo CAGED;2026-10-06T16:53:23.546027+00:00;2025-11;517410;Porteiro de edifícios;7;7;0
4109401;Guarapuava;PR;Novo CAGED;2026-10-06T16:53:23.546027+00:00;2025-11;414140;Auxiliar de logistica;6;6;0
4109401;Guarapuava;PR;Novo CAGED;2026-10-06T16:53:23.546027+00:00;2025-11;142105;Gerente administrativo;6;10;-4
4109401;Guarapuava;PR;Novo CAGED;2026-10-06T16:53:23.546027+00:00;2025-11;782220;Operador de empilhadeira;5;5;0
4109401;Guarapuava;PR;Novo CAGED;2026-10-06T16:53:23.546027+00:00;2025-11;641010;Operador de máquinas de beneficiamento de produtos agrícolas;5;5;0
4109401;Guarapuava;PR;Novo CAGED;2026-10-06T16:53:23.546027+00:00;2025-11;761309;Tecelão (tear automático);5;14;-9
4109401;Guarapuava;PR;Novo CAGED;2026-10-06T16:53:23.546027+00:00;2025-11;715305;Armador de estrutura de concreto;0;8;-8
4109401;Guarapuava;PR;Novo CAGED;2026-10-06T16:53:23.546027+00:00;2025-11;715315;Armador de estrutura de concreto armado;0;6;-6
4109401;Guarapuava;PR;Novo CAGED;2026-10-06T16:53:23.546027+00:00;2025-12;other;Outras categorias (agregadas);370;584;-214
4109401;Guarapuava;PR;Novo CAGED;2026-10-06T16:53:23.546027+00:00;2025-12;784205;Alimentador de linha de produção;248;148;100
4109401;Guarapuava;PR;Novo CAGED;2026-10-06T16:53:23.546027+00:00;2025-12;421125;Operador de caixa;135;127;8
4109401;Guarapuava;PR;Novo CAGED;2026-10-06T16:53:23.546027+00:00;2025-12;622020;Trabalhador volante da agricultura;133;45;88
4109401;Guarapuava;PR;Novo CAGED;2026-10-06T16:53:23.546027+00:00;2025-12;521110;Vendedor de comércio varejista;109;108;1
4109401;Guarapuava;PR;Novo CAGED;2026-10-06T16:53:23.546027+00:00;2025-12;521125;Repositor de mercadorias;68;55;13
4109401;Guarapuava;PR;Novo CAGED;2026-10-06T16:53:23.546027+00:00;2025-12;782510;Motorista de caminhão (rotas regionais e internacionais);61;75;-14
4109401;Guarapuava;PR;Novo CAGED;2026-10-06T16:53:23.546027+00:00;2025-12;513505;Auxiliar nos serviços de alimentação;57;68;-11
4109401;Guarapuava;PR;Novo CAGED;2026-10-06T16:53:23.546027+00:00;2025-12;411005;Auxiliar de escritório;44;68;-24
4109401;Guarapuava;PR;Novo CAGED;2026-10-06T16:53:23.546027+00:00;2025-12;513435;Atendente de lanchonete;40;48;-8
4109401;Guarapuava;PR;Novo CAGED;2026-10-06T16:53:23.546027+00:00;2025-12;514320;Faxineiro;37;53;-16
4109401;Guarapuava;PR;Novo CAGED;2026-10-06T16:53:23.546027+00:00;2025-12;848510;Açougueiro;34;34;0
4109401;Guarapuava;PR;Novo CAGED;2026-10-06T16:53:23.546027+00:00;2025-12;411010;Assistente administrativo;28;51;-23
4109401;Guarapuava;PR;Novo CAGED;2026-10-06T16:53:23.546027+00:00;2025-12;521140;Atendente de lojas e mercados;28;43;-15
4109401;Guarapuava;PR;Novo CAGED;2026-10-06T16:53:23.546027+00:00;2025-12;717020;Servente de obras;27;65;-38
4109401;Guarapuava;PR;Novo CAGED;2026-10-06T16:53:23.546027+00:00;2025-12;414110;Armazenista;20;18;2
4109401;Guarapuava;PR;Novo CAGED;2026-10-06T16:53:23.546027+00:00;2025-12;513405;Garçom;17;19;-2
4109401;Guarapuava;PR;Novo CAGED;2026-10-06T16:53:23.546027+00:00;2025-12;521135;Frentista;16;16;0
4109401;Guarapuava;PR;Novo CAGED;2026-10-06T16:53:23.546027+00:00;2025-12;914405;Mecânico de manutenção de automóveis, motocicletas e veículos similares;16;17;-1
4109401;Guarapuava;PR;Novo CAGED;2026-10-06T16:53:23.546027+00:00;2025-12;422110;Recepcionista de consultório médico ou dentário;16;9;7
4109401;Guarapuava;PR;Novo CAGED;2026-10-06T16:53:23.546027+00:00;2025-12;513205;Cozinheiro geral;15;33;-18
4109401;Guarapuava;PR;Novo CAGED;2026-10-06T16:53:23.546027+00:00;2025-12;715210;Pedreiro;14;46;-32
4109401;Guarapuava;PR;Novo CAGED;2026-10-06T16:53:23.546027+00:00;2025-12;422105;Recepcionista, em geral;14;23;-9
4109401;Guarapuava;PR;Novo CAGED;2026-10-06T16:53:23.546027+00:00;2025-12;354125;Assistente de vendas;11;11;0
4109401;Guarapuava;PR;Novo CAGED;2026-10-06T16:53:23.546027+00:00;2025-12;782310;Motorista de furgão ou veículo similar;11;8;3
4109401;Guarapuava;PR;Novo CAGED;2026-10-06T16:53:23.546027+00:00;2025-12;621005;Trabalhador agropecuário em geral;11;17;-6
4109401;Guarapuava;PR;Novo CAGED;2026-10-06T16:53:23.546027+00:00;2025-12;514120;Zelador de edifício;11;18;-7
4109401;Guarapuava;PR;Novo CAGED;2026-10-06T16:53:23.546027+00:00;2025-12;783225;Ajudante de motorista;10;11;-1
4109401;Guarapuava;PR;Novo CAGED;2026-10-06T16:53:23.546027+00:00;2025-12;223505;Enfermeiro;9;9;0
4109401;Guarapuava;PR;Novo CAGED;2026-10-06T16:53:23.546027+00:00;2025-12;521115;Promotor de vendas;9;12;-3
4109401;Guarapuava;PR;Novo CAGED;2026-10-06T16:53:23.546027+00:00;2025-12;517330;Vigilante;9;10;-1
4109401;Guarapuava;PR;Novo CAGED;2026-10-06T16:53:23.546027+00:00;2025-12;414105;Almoxarife;8;17;-9
4109401;Guarapuava;PR;Novo CAGED;2026-10-06T16:53:23.546027+00:00;2025-12;521130;Atendente de farmácia - balconista;8;9;-1
4109401;Guarapuava;PR;Novo CAGED;2026-10-06T16:53:23.546027+00:00;2025-12;783210;Carregador (armazém);8;0;8
4109401;Guarapuava;PR;Novo CAGED;2026-10-06T16:53:23.546027+00:00;2025-12;223405;Farmacêutico;8;9;-1
4109401;Guarapuava;PR;Novo CAGED;2026-10-06T16:53:23.546027+00:00;2025-12;992225;Auxiliar geral de conservação de vias permanentes (exceto trilhos);7;5;2
4109401;Guarapuava;PR;Novo CAGED;2026-10-06T16:53:23.546027+00:00;2025-12;513315;Camareiro  de hotel;7;10;-3
4109401;Guarapuava;PR;Novo CAGED;2026-10-06T16:53:23.546027+00:00;2025-12;414125;Estoquista;7;8;-1
4109401;Guarapuava;PR;Novo CAGED;2026-10-06T16:53:23.546027+00:00;2025-12;517425;Fiscal de loja;7;7;0
4109401;Guarapuava;PR;Novo CAGED;2026-10-06T16:53:23.546027+00:00;2025-12;322205;Técnico de enfermagem;7;9;-2
4109401;Guarapuava;PR;Novo CAGED;2026-10-06T16:53:23.546027+00:00;2025-12;782405;Motorista de ônibus rodoviário;6;0;6
4109401;Guarapuava;PR;Novo CAGED;2026-10-06T16:53:23.546027+00:00;2025-12;632125;Trabalhador de extração florestal, em geral;5;11;-6
4109401;Guarapuava;PR;Novo CAGED;2026-10-06T16:53:23.546027+00:00;2025-12;524215;Vendedor  permissionário;5;0;5
4109401;Guarapuava;PR;Novo CAGED;2026-10-06T16:53:23.546027+00:00;2025-12;716305;Vidraceiro;5;9;-4
4109401;Guarapuava;PR;Novo CAGED;2026-10-06T16:53:23.546027+00:00;2025-12;517420;Vigia;5;6;-1
4109401;Guarapuava;PR;Novo CAGED;2026-10-06T16:53:23.546027+00:00;2025-12;715315;Armador de estrutura de concreto armado;0;6;-6
4109401;Guarapuava;PR;Novo CAGED;2026-10-06T16:53:23.546027+00:00;2025-12;331110;Auxiliar de desenvolvimento infantil;0;8;-8
4109401;Guarapuava;PR;Novo CAGED;2026-10-06T16:53:23.546027+00:00;2025-12;725205;Montador de máquinas;0;9;-9
4109401;Guarapuava;PR;Novo CAGED;2026-10-06T16:53:23.546027+00:00;2025-12;641010;Operador de máquinas de beneficiamento de produtos agrícolas;0;5;-5
4109401;Guarapuava;PR;Novo CAGED;2026-10-06T16:53:23.546027+00:00;2025-12;231305;Professor de ciências exatas e naturais do ensino fundamental;0;6;-6
4109401;Guarapuava;PR;Novo CAGED;2026-10-06T16:53:23.546027+00:00;2025-12;232115;Professor de disciplinas pedagógicas no ensino médio;0;6;-6
4109401;Guarapuava;PR;Novo CAGED;2026-10-06T16:53:23.546027+00:00;2025-12;234520;Professor de ensino superior na área de prática de ensino;0;16;-16
4109401;Guarapuava;PR;Novo CAGED;2026-10-06T16:53:23.546027+00:00;2025-12;231210;Professor de nível superior do ensino fundamental (primeira a quarta série);0;8;-8
4109401;Guarapuava;PR;Novo CAGED;2026-10-06T16:53:23.546027+00:00;2025-12;231105;Professor de nível superior na educação infantil (quatro a seis anos);0;7;-7
4109401;Guarapuava;PR;Novo CAGED;2026-10-06T16:53:23.546027+00:00;2025-12;761309;Tecelão (tear automático);0;7;-7
4109401;Guarapuava;PR;Novo CAGED;2026-10-06T16:53:23.546027+00:00;2026-01;other;Outras categorias (agregadas);588;557;31
4109401;Guarapuava;PR;Novo CAGED;2026-10-06T16:53:23.546027+00:00;2026-01;784205;Alimentador de linha de produção;323;206;117
4109401;Guarapuava;PR;Novo CAGED;2026-10-06T16:53:23.546027+00:00;2026-01;622020;Trabalhador volante da agricultura;131;52;79
4109401;Guarapuava;PR;Novo CAGED;2026-10-06T16:53:23.546027+00:00;2026-01;521110;Vendedor de comércio varejista;123;125;-2
4109401;Guarapuava;PR;Novo CAGED;2026-10-06T16:53:23.546027+00:00;2026-01;782510;Motorista de caminhão (rotas regionais e internacionais);113;91;22
4109401;Guarapuava;PR;Novo CAGED;2026-10-06T16:53:23.546027+00:00;2026-01;421125;Operador de caixa;112;130;-18
4109401;Guarapuava;PR;Novo CAGED;2026-10-06T16:53:23.546027+00:00;2026-01;717020;Servente de obras;98;56;42
4109401;Guarapuava;PR;Novo CAGED;2026-10-06T16:53:23.546027+00:00;2026-01;715210;Pedreiro;86;41;45
4109401;Guarapuava;PR;Novo CAGED;2026-10-06T16:53:23.546027+00:00;2026-01;411005;Auxiliar de escritório;85;84;1
4109401;Guarapuava;PR;Novo CAGED;2026-10-06T16:53:23.546027+00:00;2026-01;513505;Auxiliar nos serviços de alimentação;70;66;4
4109401;Guarapuava;PR;Novo CAGED;2026-10-06T16:53:23.546027+00:00;2026-01;513435;Atendente de lanchonete;59;49;10
4109401;Guarapuava;PR;Novo CAGED;2026-10-06T16:53:23.546027+00:00;2026-01;514320;Faxineiro;59;50;9
4109401;Guarapuava;PR;Novo CAGED;2026-10-06T16:53:23.546027+00:00;2026-01;411010;Assistente administrativo;51;65;-14
4109401;Guarapuava;PR;Novo CAGED;2026-10-06T16:53:23.546027+00:00;2026-01;521125;Repositor de mercadorias;36;66;-30
4109401;Guarapuava;PR;Novo CAGED;2026-10-06T16:53:23.546027+00:00;2026-01;521140;Atendente de lojas e mercados;35;42;-7
4109401;Guarapuava;PR;Novo CAGED;2026-10-06T16:53:23.546027+00:00;2026-01;422105;Recepcionista, em geral;33;24;9
4109401;Guarapuava;PR;Novo CAGED;2026-10-06T16:53:23.546027+00:00;2026-01;848510;Açougueiro;31;36;-5
4109401;Guarapuava;PR;Novo CAGED;2026-10-06T16:53:23.546027+00:00;2026-01;514120;Zelador de edifício;31;29;2
4109401;Guarapuava;PR;Novo CAGED;2026-10-06T16:53:23.546027+00:00;2026-01;414105;Almoxarife;29;23;6
4109401;Guarapuava;PR;Novo CAGED;2026-10-06T16:53:23.546027+00:00;2026-01;783215;Carregador (veículos de transportes terrestres);25;7;18
4109401;Guarapuava;PR;Novo CAGED;2026-10-06T16:53:23.546027+00:00;2026-01;521135;Frentista;25;14;11
4109401;Guarapuava;PR;Novo CAGED;2026-10-06T16:53:23.546027+00:00;2026-01;911305;Mecânico de manutenção de máquinas, em geral;25;13;12
4109401;Guarapuava;PR;Novo CAGED;2026-10-06T16:53:23.546027+00:00;2026-01;715615;Eletricista de instalações;21;13;8
4109401;Guarapuava;PR;Novo CAGED;2026-10-06T16:53:23.546027+00:00;2026-01;914405;Mecânico de manutenção de automóveis, motocicletas e veículos similares;21;25;-4
4109401;Guarapuava;PR;Novo CAGED;2026-10-06T16:53:23.546027+00:00;2026-01;322205;Técnico de enfermagem;20;11;9
4109401;Guarapuava;PR;Novo CAGED;2026-10-06T16:53:23.546027+00:00;2026-01;513405;Garçom;19;13;6
4109401;Guarapuava;PR;Novo CAGED;2026-10-06T16:53:23.546027+00:00;2026-01;513205;Cozinheiro geral;17;21;-4
4109401;Guarapuava;PR;Novo CAGED;2026-10-06T16:53:23.546027+00:00;2026-01;422110;Recepcionista de consultório médico ou dentário;17;12;5
4109401;Guarapuava;PR;Novo CAGED;2026-10-06T16:53:23.546027+00:00;2026-01;716305;Vidraceiro;17;6;11
4109401;Guarapuava;PR;Novo CAGED;2026-10-06T16:53:23.546027+00:00;2026-01;513315;Camareiro  de hotel;16;12;4
4109401;Guarapuava;PR;Novo CAGED;2026-10-06T16:53:23.546027+00:00;2026-01;632125;Trabalhador de extração florestal, em geral;15;7;8
4109401;Guarapuava;PR;Novo CAGED;2026-10-06T16:53:23.546027+00:00;2026-01;783225;Ajudante de motorista;13;14;-1
4109401;Guarapuava;PR;Novo CAGED;2026-10-06T16:53:23.546027+00:00;2026-01;763215;Costureiro, a  máquina  na confecção em série;13;19;-6
4109401;Guarapuava;PR;Novo CAGED;2026-10-06T16:53:23.546027+00:00;2026-01;142105;Gerente administrativo;12;13;-1
4109401;Guarapuava;PR;Novo CAGED;2026-10-06T16:53:23.546027+00:00;2026-01;422315;Operador de telemarketing receptivo;11;7;4
4109401;Guarapuava;PR;Novo CAGED;2026-10-06T16:53:23.546027+00:00;2026-01;621005;Trabalhador agropecuário em geral;11;23;-12
4109401;Guarapuava;PR;Novo CAGED;2026-10-06T16:53:23.546027+00:00;2026-01;517330;Vigilante;11;21;-10
4109401;Guarapuava;PR;Novo CAGED;2026-10-06T16:53:23.546027+00:00;2026-01;413110;Auxiliar de contabilidade;10;12;-2
4109401;Guarapuava;PR;Novo CAGED;2026-10-06T16:53:23.546027+00:00;2026-01;521115;Promotor de vendas;10;14;-4
4109401;Guarapuava;PR;Novo CAGED;2026-10-06T16:53:23.546027+00:00;2026-01;414110;Armazenista;9;23;-14
4109401;Guarapuava;PR;Novo CAGED;2026-10-06T16:53:23.546027+00:00;2026-01;521130;Atendente de farmácia - balconista;9;6;3
4109401;Guarapuava;PR;Novo CAGED;2026-10-06T16:53:23.546027+00:00;2026-01;761215;Operador de bobinadeira;9;11;-2
4109401;Guarapuava;PR;Novo CAGED;2026-10-06T16:53:23.546027+00:00;2026-01;951320;Monitor de sistemas eletrônicos de segurança externo;8;10;-2
4109401;Guarapuava;PR;Novo CAGED;2026-10-06T16:53:23.546027+00:00;2026-01;232115;Professor de disciplinas pedagógicas no ensino médio;8;0;8
4109401;Guarapuava;PR;Novo CAGED;2026-10-06T16:53:23.546027+00:00;2026-01;761309;Tecelão (tear automático);8;11;-3
4109401;Guarapuava;PR;Novo CAGED;2026-10-06T16:53:23.546027+00:00;2026-01;521105;Vendedor em comércio atacadista;8;6;2
4109401;Guarapuava;PR;Novo CAGED;2026-10-06T16:53:23.546027+00:00;2026-01;519935;Lavador de veículos;7;8;-1
4109401;Guarapuava;PR;Novo CAGED;2026-10-06T16:53:23.546027+00:00;2026-01;782310;Motorista de furgão ou veículo similar;7;19;-12
4109401;Guarapuava;PR;Novo CAGED;2026-10-06T16:53:23.546027+00:00;2026-01;782515;Motorista operacional de guincho;7;6;1
4109401;Guarapuava;PR;Novo CAGED;2026-10-06T16:53:23.546027+00:00;2026-01;724315;Soldador;7;14;-7
4109401;Guarapuava;PR;Novo CAGED;2026-10-06T16:53:23.546027+00:00;2026-01;818110;Auxiliar de laboratório de análises físico-químicas;6;5;1
4109401;Guarapuava;PR;Novo CAGED;2026-10-06T16:53:23.546027+00:00;2026-01;992225;Auxiliar geral de conservação de vias permanentes (exceto trilhos);6;8;-2
4109401;Guarapuava;PR;Novo CAGED;2026-10-06T16:53:23.546027+00:00;2026-01;715505;Carpinteiro;6;10;-4
4109401;Guarapuava;PR;Novo CAGED;2026-10-06T16:53:23.546027+00:00;2026-01;252210;Contador;6;6;0
4109401;Guarapuava;PR;Novo CAGED;2026-10-06T16:53:23.546027+00:00;2026-01;414125;Estoquista;6;9;-3
4109401;Guarapuava;PR;Novo CAGED;2026-10-06T16:53:23.546027+00:00;2026-01;514225;Trabalhador de serviços de limpeza e conservação de áreas públicas;6;7;-1
4109401;Guarapuava;PR;Novo CAGED;2026-10-06T16:53:23.546027+00:00;2026-01;354145;Vendedor pracista;6;7;-1
4109401;Guarapuava;PR;Novo CAGED;2026-10-06T16:53:23.546027+00:00;2026-01;715305;Armador de estrutura de concreto;5;0;5
4109401;Guarapuava;PR;Novo CAGED;2026-10-06T16:53:23.546027+00:00;2026-01;354125;Assistente de vendas;5;17;-12
4109401;Guarapuava;PR;Novo CAGED;2026-10-06T16:53:23.546027+00:00;2026-01;514310;Auxiliar de manutenção predial;5;6;-1
4109401;Guarapuava;PR;Novo CAGED;2026-10-06T16:53:23.546027+00:00;2026-01;724405;Caldeireiro (chapas de cobre);5;0;5
4109401;Guarapuava;PR;Novo CAGED;2026-10-06T16:53:23.546027+00:00;2026-01;421310;Cobrador interno;5;8;-3
4109401;Guarapuava;PR;Novo CAGED;2026-10-06T16:53:23.546027+00:00;2026-01;724110;Encanador;5;5;0
4109401;Guarapuava;PR;Novo CAGED;2026-10-06T16:53:23.546027+00:00;2026-01;517425;Fiscal de loja;5;8;-3
4109401;Guarapuava;PR;Novo CAGED;2026-10-06T16:53:23.546027+00:00;2026-01;715115;Operador de escavadeira;5;6;-1
4109401;Guarapuava;PR;Novo CAGED;2026-10-06T16:53:23.546027+00:00;2026-01;517420;Vigia;5;6;-1
4109401;Guarapuava;PR;Novo CAGED;2026-10-06T16:53:23.546027+00:00;2026-01;333105;Instrutor de auto-escola;0;6;-6
4109401;Guarapuava;PR;Novo CAGED;2026-10-06T16:53:23.546027+00:00;2026-02;other;Outras categorias (agregadas);533;521;12
4109401;Guarapuava;PR;Novo CAGED;2026-10-06T16:53:23.546027+00:00;2026-02;784205;Alimentador de linha de produção;256;290;-34
4109401;Guarapuava;PR;Novo CAGED;2026-10-06T16:53:23.546027+00:00;2026-02;521125;Repositor de mercadorias;144;144;0
4109401;Guarapuava;PR;Novo CAGED;2026-10-06T16:53:23.546027+00:00;2026-02;521110;Vendedor de comércio varejista;129;166;-37
4109401;Guarapuava;PR;Novo CAGED;2026-10-06T16:53:23.546027+00:00;2026-02;421125;Operador de caixa;111;118;-7
4109401;Guarapuava;PR;Novo CAGED;2026-10-06T16:53:23.546027+00:00;2026-02;782510;Motorista de caminhão (rotas regionais e internacionais);104;93;11
4109401;Guarapuava;PR;Novo CAGED;2026-10-06T16:53:23.546027+00:00;2026-02;411005;Auxiliar de escritório;98;77;21
4109401;Guarapuava;PR;Novo CAGED;2026-10-06T16:53:23.546027+00:00;2026-02;411010;Assistente administrativo;81;70;11
4109401;Guarapuava;PR;Novo CAGED;2026-10-06T16:53:23.546027+00:00;2026-02;717020;Servente de obras;73;75;-2
4109401;Guarapuava;PR;Novo CAGED;2026-10-06T16:53:23.546027+00:00;2026-02;514320;Faxineiro;61;65;-4
4109401;Guarapuava;PR;Novo CAGED;2026-10-06T16:53:23.546027+00:00;2026-02;513435;Atendente de lanchonete;60;59;1
4109401;Guarapuava;PR;Novo CAGED;2026-10-06T16:53:23.546027+00:00;2026-02;322205;Técnico de enfermagem;60;16;44
4109401;Guarapuava;PR;Novo CAGED;2026-10-06T16:53:23.546027+00:00;2026-02;513505;Auxiliar nos serviços de alimentação;57;67;-10
4109401;Guarapuava;PR;Novo CAGED;2026-10-06T16:53:23.546027+00:00;2026-02;715210;Pedreiro;53;58;-5
4109401;Guarapuava;PR;Novo CAGED;2026-10-06T16:53:23.546027+00:00;2026-02;622020;Trabalhador volante da agricultura;48;78;-30
4109401;Guarapuava;PR;Novo CAGED;2026-10-06T16:53:23.546027+00:00;2026-02;234520;Professor de ensino superior na área de prática de ensino;36;8;28
4109401;Guarapuava;PR;Novo CAGED;2026-10-06T16:53:23.546027+00:00;2026-02;521140;Atendente de lojas e mercados;33;27;6
4109401;Guarapuava;PR;Novo CAGED;2026-10-06T16:53:23.546027+00:00;2026-02;414105;Almoxarife;32;21;11
4109401;Guarapuava;PR;Novo CAGED;2026-10-06T16:53:23.546027+00:00;2026-02;848510;Açougueiro;32;28;4
4109401;Guarapuava;PR;Novo CAGED;2026-10-06T16:53:23.546027+00:00;2026-02;521135;Frentista;29;24;5
4109401;Guarapuava;PR;Novo CAGED;2026-10-06T16:53:23.546027+00:00;2026-02;422105;Recepcionista, em geral;28;29;-1
4109401;Guarapuava;PR;Novo CAGED;2026-10-06T16:53:23.546027+00:00;2026-02;782310;Motorista de furgão ou veículo similar;23;16;7
4109401;Guarapuava;PR;Novo CAGED;2026-10-06T16:53:23.546027+00:00;2026-02;514120;Zelador de edifício;23;29;-6
4109401;Guarapuava;PR;Novo CAGED;2026-10-06T16:53:23.546027+00:00;2026-02;783225;Ajudante de motorista;22;15;7
4109401;Guarapuava;PR;Novo CAGED;2026-10-06T16:53:23.546027+00:00;2026-02;513205;Cozinheiro geral;22;23;-1
4109401;Guarapuava;PR;Novo CAGED;2026-10-06T16:53:23.546027+00:00;2026-02;914405;Mecânico de manutenção de automóveis, motocicletas e veículos similares;20;34;-14
4109401;Guarapuava;PR;Novo CAGED;2026-10-06T16:53:23.546027+00:00;2026-02;621005;Trabalhador agropecuário em geral;19;17;2
4109401;Guarapuava;PR;Novo CAGED;2026-10-06T16:53:23.546027+00:00;2026-02;517330;Vigilante;18;10;8
4109401;Guarapuava;PR;Novo CAGED;2026-10-06T16:53:23.546027+00:00;2026-02;223505;Enfermeiro;17;6;11
4109401;Guarapuava;PR;Novo CAGED;2026-10-06T16:53:23.546027+00:00;2026-02;521115;Promotor de vendas;17;14;3
4109401;Guarapuava;PR;Novo CAGED;2026-10-06T16:53:23.546027+00:00;2026-02;632125;Trabalhador de extração florestal, em geral;17;10;7
4109401;Guarapuava;PR;Novo CAGED;2026-10-06T16:53:23.546027+00:00;2026-02;331110;Auxiliar de desenvolvimento infantil;16;5;11
4109401;Guarapuava;PR;Novo CAGED;2026-10-06T16:53:23.546027+00:00;2026-02;513315;Camareiro  de hotel;16;13;3
4109401;Guarapuava;PR;Novo CAGED;2026-10-06T16:53:23.546027+00:00;2026-02;414125;Estoquista;15;17;-2
4109401;Guarapuava;PR;Novo CAGED;2026-10-06T16:53:23.546027+00:00;2026-02;911305;Mecânico de manutenção de máquinas, em geral;15;21;-6
4109401;Guarapuava;PR;Novo CAGED;2026-10-06T16:53:23.546027+00:00;2026-02;641015;Tratorista agrícola;15;5;10
4109401;Guarapuava;PR;Novo CAGED;2026-10-06T16:53:23.546027+00:00;2026-02;513405;Garçom;14;20;-6
4109401;Guarapuava;PR;Novo CAGED;2026-10-06T16:53:23.546027+00:00;2026-02;354125;Assistente de vendas;13;9;4
4109401;Guarapuava;PR;Novo CAGED;2026-10-06T16:53:23.546027+00:00;2026-02;314120;Técnico mecânico (máquinas);11;7;4
4109401;Guarapuava;PR;Novo CAGED;2026-10-06T16:53:23.546027+00:00;2026-02;517420;Vigia;11;7;4
4109401;Guarapuava;PR;Novo CAGED;2026-10-06T16:53:23.546027+00:00;2026-02;413110;Auxiliar de contabilidade;10;8;2
4109401;Guarapuava;PR;Novo CAGED;2026-10-06T16:53:23.546027+00:00;2026-02;414140;Auxiliar de logistica;10;8;2
4109401;Guarapuava;PR;Novo CAGED;2026-10-06T16:53:23.546027+00:00;2026-02;414115;Balanceiro;10;9;1
4109401;Guarapuava;PR;Novo CAGED;2026-10-06T16:53:23.546027+00:00;2026-02;715615;Eletricista de instalações;10;17;-7
4109401;Guarapuava;PR;Novo CAGED;2026-10-06T16:53:23.546027+00:00;2026-02;724315;Soldador;10;17;-7
4109401;Guarapuava;PR;Novo CAGED;2026-10-06T16:53:23.546027+00:00;2026-02;715505;Carpinteiro;9;10;-1
4109401;Guarapuava;PR;Novo CAGED;2026-10-06T16:53:23.546027+00:00;2026-02;517410;Porteiro de edifícios;9;6;3
4109401;Guarapuava;PR;Novo CAGED;2026-10-06T16:53:23.546027+00:00;2026-02;422110;Recepcionista de consultório médico ou dentário;9;11;-2
4109401;Guarapuava;PR;Novo CAGED;2026-10-06T16:53:23.546027+00:00;2026-02;763215;Costureiro, a  máquina  na confecção em série;8;12;-4
4109401;Guarapuava;PR;Novo CAGED;2026-10-06T16:53:23.546027+00:00;2026-02;223405;Farmacêutico;8;8;0
4109401;Guarapuava;PR;Novo CAGED;2026-10-06T16:53:23.546027+00:00;2026-02;782220;Operador de empilhadeira;8;6;2
4109401;Guarapuava;PR;Novo CAGED;2026-10-06T16:53:23.546027+00:00;2026-02;414110;Armazenista;7;13;-6
4109401;Guarapuava;PR;Novo CAGED;2026-10-06T16:53:23.546027+00:00;2026-02;521130;Atendente de farmácia - balconista;7;10;-3
4109401;Guarapuava;PR;Novo CAGED;2026-10-06T16:53:23.546027+00:00;2026-02;421310;Cobrador interno;7;10;-3
4109401;Guarapuava;PR;Novo CAGED;2026-10-06T16:53:23.546027+00:00;2026-02;517425;Fiscal de loja;7;9;-2
4109401;Guarapuava;PR;Novo CAGED;2026-10-06T16:53:23.546027+00:00;2026-02;725205;Montador de máquinas;7;10;-3
4109401;Guarapuava;PR;Novo CAGED;2026-10-06T16:53:23.546027+00:00;2026-02;761215;Operador de bobinadeira;7;10;-3
4109401;Guarapuava;PR;Novo CAGED;2026-10-06T16:53:23.546027+00:00;2026-02;715115;Operador de escavadeira;7;9;-2
4109401;Guarapuava;PR;Novo CAGED;2026-10-06T16:53:23.546027+00:00;2026-02;520110;Supervisor de vendas comercial;7;6;1
4109401;Guarapuava;PR;Novo CAGED;2026-10-06T16:53:23.546027+00:00;2026-02;514225;Trabalhador de serviços de limpeza e conservação de áreas públicas;7;6;1
4109401;Guarapuava;PR;Novo CAGED;2026-10-06T16:53:23.546027+00:00;2026-02;992225;Auxiliar geral de conservação de vias permanentes (exceto trilhos);6;5;1
4109401;Guarapuava;PR;Novo CAGED;2026-10-06T16:53:23.546027+00:00;2026-02;141410;Comerciante varejista;6;5;1
4109401;Guarapuava;PR;Novo CAGED;2026-10-06T16:53:23.546027+00:00;2026-02;223605;Fisioterapeuta geral;6;0;6
4109401;Guarapuava;PR;Novo CAGED;2026-10-06T16:53:23.546027+00:00;2026-02;142105;Gerente administrativo;6;12;-6
4109401;Guarapuava;PR;Novo CAGED;2026-10-06T16:53:23.546027+00:00;2026-02;391205;Inspetor de qualidade;6;7;-1
4109401;Guarapuava;PR;Novo CAGED;2026-10-06T16:53:23.546027+00:00;2026-02;761309;Tecelão (tear automático);6;13;-7
4109401;Guarapuava;PR;Novo CAGED;2026-10-06T16:53:23.546027+00:00;2026-02;414215;Conferente de carga e descarga;5;6;-1
4109401;Guarapuava;PR;Novo CAGED;2026-10-06T16:53:23.546027+00:00;2026-02;524205;Feirante;5;0;5
4109401;Guarapuava;PR;Novo CAGED;2026-10-06T16:53:23.546027+00:00;2026-02;142305;Gerente comercial;5;8;-3
4109401;Guarapuava;PR;Novo CAGED;2026-10-06T16:53:23.546027+00:00;2026-02;223710;Nutricionista;5;0;5
4109401;Guarapuava;PR;Novo CAGED;2026-10-06T16:53:23.546027+00:00;2026-02;234616;Professor de língua inglesa;5;0;5
4109401;Guarapuava;PR;Novo CAGED;2026-10-06T16:53:23.546027+00:00;2026-02;848525;Retalhador de carne;5;0;5
4109401;Guarapuava;PR;Novo CAGED;2026-10-06T16:53:23.546027+00:00;2026-02;514325;Trabalhador da manutenção de edificações;5;5;0
4109401;Guarapuava;PR;Novo CAGED;2026-10-06T16:53:23.546027+00:00;2026-02;414120;Conferente mercadoria (exceto carga e descarga);0;5;-5
4109401;Guarapuava;PR;Novo CAGED;2026-10-06T16:53:23.546027+00:00;2026-02;317110;Desenvolvedor de sistemas de tecnologia da informação (técnico);0;5;-5
4109401;Guarapuava;PR;Novo CAGED;2026-10-06T16:53:23.546027+00:00;2026-02;141415;Gerente de loja e supermercado;0;5;-5
4109401;Guarapuava;PR;Novo CAGED;2026-10-06T16:53:23.546027+00:00;2026-02;732120;Instalador de linhas elétricas de alta e baixa - tensão (rede aérea e subterrânea);0;6;-6
4109401;Guarapuava;PR;Novo CAGED;2026-10-06T16:53:23.546027+00:00;2026-02;333105;Instrutor de auto-escola;0;11;-11
4109401;Guarapuava;PR;Novo CAGED;2026-10-06T16:53:23.546027+00:00;2026-02;841810;Operador de máquinas de fabricação de doces, salgados e massas alimentícias;0;6;-6
4109401;Guarapuava;PR;Novo CAGED;2026-10-06T16:53:23.546027+00:00;2026-03;other;Outras categorias (agregadas);604;576;28
4109401;Guarapuava;PR;Novo CAGED;2026-10-06T16:53:23.546027+00:00;2026-03;784205;Alimentador de linha de produção;300;227;73
4109401;Guarapuava;PR;Novo CAGED;2026-10-06T16:53:23.546027+00:00;2026-03;421125;Operador de caixa;155;117;38
4109401;Guarapuava;PR;Novo CAGED;2026-10-06T16:53:23.546027+00:00;2026-03;322205;Técnico de enfermagem;136;23;113
4109401;Guarapuava;PR;Novo CAGED;2026-10-06T16:53:23.546027+00:00;2026-03;521110;Vendedor de comércio varejista;127;114;13
4109401;Guarapuava;PR;Novo CAGED;2026-10-06T16:53:23.546027+00:00;2026-03;717020;Servente de obras;119;77;42
4109401;Guarapuava;PR;Novo CAGED;2026-10-06T16:53:23.546027+00:00;2026-03;411005;Auxiliar de escritório;112;87;25
4109401;Guarapuava;PR;Novo CAGED;2026-10-06T16:53:23.546027+00:00;2026-03;514320;Faxineiro;107;64;43
4109401;Guarapuava;PR;Novo CAGED;2026-10-06T16:53:23.546027+00:00;2026-03;411010;Assistente administrativo;103;67;36
4109401;Guarapuava;PR;Novo CAGED;2026-10-06T16:53:23.546027+00:00;2026-03;782510;Motorista de caminhão (rotas regionais e internacionais);103;110;-7
4109401;Guarapuava;PR;Novo CAGED;2026-10-06T16:53:23.546027+00:00;2026-03;513505;Auxiliar nos serviços de alimentação;96;44;52
4109401;Guarapuava;PR;Novo CAGED;2026-10-06T16:53:23.546027+00:00;2026-03;513435;Atendente de lanchonete;80;57;23
4109401;Guarapuava;PR;Novo CAGED;2026-10-06T16:53:23.546027+00:00;2026-03;521125;Repositor de mercadorias;67;55;12
4109401;Guarapuava;PR;Novo CAGED;2026-10-06T16:53:23.546027+00:00;2026-03;715210;Pedreiro;55;83;-28
4109401;Guarapuava;PR;Novo CAGED;2026-10-06T16:53:23.546027+00:00;2026-03;521140;Atendente de lojas e mercados;52;36;16
4109401;Guarapuava;PR;Novo CAGED;2026-10-06T16:53:23.546027+00:00;2026-03;622020;Trabalhador volante da agricultura;42;49;-7
4109401;Guarapuava;PR;Novo CAGED;2026-10-06T16:53:23.546027+00:00;2026-03;848510;Açougueiro;41;40;1
4109401;Guarapuava;PR;Novo CAGED;2026-10-06T16:53:23.546027+00:00;2026-03;513205;Cozinheiro geral;33;24;9
4109401;Guarapuava;PR;Novo CAGED;2026-10-06T16:53:23.546027+00:00;2026-03;223505;Enfermeiro;33;7;26
4109401;Guarapuava;PR;Novo CAGED;2026-10-06T16:53:23.546027+00:00;2026-03;514120;Zelador de edifício;33;31;2
4109401;Guarapuava;PR;Novo CAGED;2026-10-06T16:53:23.546027+00:00;2026-03;414105;Almoxarife;28;21;7
4109401;Guarapuava;PR;Novo CAGED;2026-10-06T16:53:23.546027+00:00;2026-03;914405;Mecânico de manutenção de automóveis, motocicletas e veículos similares;27;18;9
4109401;Guarapuava;PR;Novo CAGED;2026-10-06T16:53:23.546027+00:00;2026-03;422105;Recepcionista, em geral;26;21;5
4109401;Guarapuava;PR;Novo CAGED;2026-10-06T16:53:23.546027+00:00;2026-03;521135;Frentista;25;26;-1
4109401;Guarapuava;PR;Novo CAGED;2026-10-06T16:53:23.546027+00:00;2026-03;783225;Ajudante de motorista;24;13;11
4109401;Guarapuava;PR;Novo CAGED;2026-10-06T16:53:23.546027+00:00;2026-03;911305;Mecânico de manutenção de máquinas, em geral;22;28;-6
4109401;Guarapuava;PR;Novo CAGED;2026-10-06T16:53:23.546027+00:00;2026-03;422110;Recepcionista de consultório médico ou dentário;20;19;1
4109401;Guarapuava;PR;Novo CAGED;2026-10-06T16:53:23.546027+00:00;2026-03;517330;Vigilante;19;13;6
4109401;Guarapuava;PR;Novo CAGED;2026-10-06T16:53:23.546027+00:00;2026-03;515210;Auxiliar de farmácia de manipulação;18;9;9
4109401;Guarapuava;PR;Novo CAGED;2026-10-06T16:53:23.546027+00:00;2026-03;414110;Armazenista;17;10;7
4109401;Guarapuava;PR;Novo CAGED;2026-10-06T16:53:23.546027+00:00;2026-03;715505;Carpinteiro;16;14;2
4109401;Guarapuava;PR;Novo CAGED;2026-10-06T16:53:23.546027+00:00;2026-03;782310;Motorista de furgão ou veículo similar;15;14;1
4109401;Guarapuava;PR;Novo CAGED;2026-10-06T16:53:23.546027+00:00;2026-03;413110;Auxiliar de contabilidade;14;8;6
4109401;Guarapuava;PR;Novo CAGED;2026-10-06T16:53:23.546027+00:00;2026-03;223405;Farmacêutico;14;6;8
4109401;Guarapuava;PR;Novo CAGED;2026-10-06T16:53:23.546027+00:00;2026-03;632125;Trabalhador de extração florestal, em geral;14;19;-5
4109401;Guarapuava;PR;Novo CAGED;2026-10-06T16:53:23.546027+00:00;2026-03;414125;Estoquista;13;10;3
4109401;Guarapuava;PR;Novo CAGED;2026-10-06T16:53:23.546027+00:00;2026-03;513315;Camareiro  de hotel;12;14;-2
4109401;Guarapuava;PR;Novo CAGED;2026-10-06T16:53:23.546027+00:00;2026-03;142105;Gerente administrativo;12;8;4
4109401;Guarapuava;PR;Novo CAGED;2026-10-06T16:53:23.546027+00:00;2026-03;354125;Assistente de vendas;11;7;4
4109401;Guarapuava;PR;Novo CAGED;2026-10-06T16:53:23.546027+00:00;2026-03;414215;Conferente de carga e descarga;11;11;0
4109401;Guarapuava;PR;Novo CAGED;2026-10-06T16:53:23.546027+00:00;2026-03;422315;Operador de telemarketing receptivo;11;13;-2
4109401;Guarapuava;PR;Novo CAGED;2026-10-06T16:53:23.546027+00:00;2026-03;521115;Promotor de vendas;11;12;-1
4109401;Guarapuava;PR;Novo CAGED;2026-10-06T16:53:23.546027+00:00;2026-03;725205;Montador de máquinas;10;9;1
4109401;Guarapuava;PR;Novo CAGED;2026-10-06T16:53:23.546027+00:00;2026-03;231205;Professor da  educação de jovens e adultos do ensino fundamental (primeira a quarta série);10;0;10
4109401;Guarapuava;PR;Novo CAGED;2026-10-06T16:53:23.546027+00:00;2026-03;715615;Eletricista de instalações;9;12;-3
4109401;Guarapuava;PR;Novo CAGED;2026-10-06T16:53:23.546027+00:00;2026-03;716610;Pintor de obras;9;5;4
4109401;Guarapuava;PR;Novo CAGED;2026-10-06T16:53:23.546027+00:00;2026-03;724315;Soldador;9;8;1
4109401;Guarapuava;PR;Novo CAGED;2026-10-06T16:53:23.546027+00:00;2026-03;623310;Trabalhador da avicultura de postura;9;6;3
4109401;Guarapuava;PR;Novo CAGED;2026-10-06T16:53:23.546027+00:00;2026-03;521130;Atendente de farmácia - balconista;8;7;1
4109401;Guarapuava;PR;Novo CAGED;2026-10-06T16:53:23.546027+00:00;2026-03;514310;Auxiliar de manutenção predial;8;6;2
4109401;Guarapuava;PR;Novo CAGED;2026-10-06T16:53:23.546027+00:00;2026-03;710205;Mestre (construção civil);8;9;-1
4109401;Guarapuava;PR;Novo CAGED;2026-10-06T16:53:23.546027+00:00;2026-03;231210;Professor de nível superior do ensino fundamental (primeira a quarta série);8;7;1
4109401;Guarapuava;PR;Novo CAGED;2026-10-06T16:53:23.546027+00:00;2026-03;621005;Trabalhador agropecuário em geral;8;38;-30
4109401;Guarapuava;PR;Novo CAGED;2026-10-06T16:53:23.546027+00:00;2026-03;514225;Trabalhador de serviços de limpeza e conservação de áreas públicas;8;5;3
4109401;Guarapuava;PR;Novo CAGED;2026-10-06T16:53:23.546027+00:00;2026-03;421310;Cobrador interno;7;7;0
4109401;Guarapuava;PR;Novo CAGED;2026-10-06T16:53:23.546027+00:00;2026-03;410105;Supervisor administrativo;7;6;1
4109401;Guarapuava;PR;Novo CAGED;2026-10-06T16:53:23.546027+00:00;2026-03;761309;Tecelão (tear automático);7;15;-8
4109401;Guarapuava;PR;Novo CAGED;2026-10-06T16:53:23.546027+00:00;2026-03;823265;Trabalhador na fabricação de produtos abrasivos;7;5;2
4109401;Guarapuava;PR;Novo CAGED;2026-10-06T16:53:23.546027+00:00;2026-03;992225;Auxiliar geral de conservação de vias permanentes (exceto trilhos);6;9;-3
4109401;Guarapuava;PR;Novo CAGED;2026-10-06T16:53:23.546027+00:00;2026-03;513405;Garçom;6;16;-10
4109401;Guarapuava;PR;Novo CAGED;2026-10-06T16:53:23.546027+00:00;2026-03;519110;Motofretista;6;10;-4
4109401;Guarapuava;PR;Novo CAGED;2026-10-06T16:53:23.546027+00:00;2026-03;761215;Operador de bobinadeira;6;10;-4
4109401;Guarapuava;PR;Novo CAGED;2026-10-06T16:53:23.546027+00:00;2026-03;422120;Recepcionista de hotel;6;5;1
4109401;Guarapuava;PR;Novo CAGED;2026-10-06T16:53:23.546027+00:00;2026-03;514325;Trabalhador da manutenção de edificações;6;10;-4
4109401;Guarapuava;PR;Novo CAGED;2026-10-06T16:53:23.546027+00:00;2026-03;520110;Supervisor de vendas comercial;5;11;-6
4109401;Guarapuava;PR;Novo CAGED;2026-10-06T16:53:23.546027+00:00;2026-03;623215;Trabalhador da suinocultura;5;6;-1
4109401;Guarapuava;PR;Novo CAGED;2026-10-06T16:53:23.546027+00:00;2026-03;641015;Tratorista agrícola;5;5;0
4109401;Guarapuava;PR;Novo CAGED;2026-10-06T16:53:23.546027+00:00;2026-03;351605;Técnico em segurança do trabalho;5;6;-1
4109401;Guarapuava;PR;Novo CAGED;2026-10-06T16:53:23.546027+00:00;2026-03;354145;Vendedor pracista;5;7;-2
4109401;Guarapuava;PR;Novo CAGED;2026-10-06T16:53:23.546027+00:00;2026-03;317110;Desenvolvedor de sistemas de tecnologia da informação (técnico);0;10;-10
4109401;Guarapuava;PR;Novo CAGED;2026-10-06T16:53:23.546027+00:00;2026-03;732105;Eletricista de manutenção de linhas elétricas, telefônicas e de comunicação de dados;0;5;-5
4109401;Guarapuava;PR;Novo CAGED;2026-10-06T16:53:23.546027+00:00;2026-03;862150;Operador de máquinas fixas, em geral;0;6;-6
4109401;Guarapuava;PR;Novo CAGED;2026-10-06T16:53:23.546027+00:00;2026-03;342315;Supervisor de carga e descarga;0;5;-5
4109401;Guarapuava;PR;Novo CAGED;2026-10-06T16:53:23.546027+00:00;2026-04;other;Outras categorias (agregadas);526;576;-50
4109401;Guarapuava;PR;Novo CAGED;2026-10-06T16:53:23.546027+00:00;2026-04;784205;Alimentador de linha de produção;264;193;71
4109401;Guarapuava;PR;Novo CAGED;2026-10-06T16:53:23.546027+00:00;2026-04;421125;Operador de caixa;135;122;13
4109401;Guarapuava;PR;Novo CAGED;2026-10-06T16:53:23.546027+00:00;2026-04;521110;Vendedor de comércio varejista;117;108;9
4109401;Guarapuava;PR;Novo CAGED;2026-10-06T16:53:23.546027+00:00;2026-04;782510;Motorista de caminhão (rotas regionais e internacionais);108;94;14
4109401;Guarapuava;PR;Novo CAGED;2026-10-06T16:53:23.546027+00:00;2026-04;717020;Servente de obras;93;82;11
4109401;Guarapuava;PR;Novo CAGED;2026-10-06T16:53:23.546027+00:00;2026-04;514320;Faxineiro;90;62;28
4109401;Guarapuava;PR;Novo CAGED;2026-10-06T16:53:23.546027+00:00;2026-04;411005;Auxiliar de escritório;87;59;28
4109401;Guarapuava;PR;Novo CAGED;2026-10-06T16:53:23.546027+00:00;2026-04;322205;Técnico de enfermagem;78;26;52
4109401;Guarapuava;PR;Novo CAGED;2026-10-06T16:53:23.546027+00:00;2026-04;411010;Assistente administrativo;63;55;8
4109401;Guarapuava;PR;Novo CAGED;2026-10-06T16:53:23.546027+00:00;2026-04;513505;Auxiliar nos serviços de alimentação;56;61;-5
4109401;Guarapuava;PR;Novo CAGED;2026-10-06T16:53:23.546027+00:00;2026-04;848510;Açougueiro;47;36;11
4109401;Guarapuava;PR;Novo CAGED;2026-10-06T16:53:23.546027+00:00;2026-04;715210;Pedreiro;46;60;-14
4109401;Guarapuava;PR;Novo CAGED;2026-10-06T16:53:23.546027+00:00;2026-04;521125;Repositor de mercadorias;46;55;-9
4109401;Guarapuava;PR;Novo CAGED;2026-10-06T16:53:23.546027+00:00;2026-04;513435;Atendente de lanchonete;43;54;-11
4109401;Guarapuava;PR;Novo CAGED;2026-10-06T16:53:23.546027+00:00;2026-04;521140;Atendente de lojas e mercados;37;33;4
4109401;Guarapuava;PR;Novo CAGED;2026-10-06T16:53:23.546027+00:00;2026-04;422105;Recepcionista, em geral;34;21;13
4109401;Guarapuava;PR;Novo CAGED;2026-10-06T16:53:23.546027+00:00;2026-04;514120;Zelador de edifício;33;27;6
4109401;Guarapuava;PR;Novo CAGED;2026-10-06T16:53:23.546027+00:00;2026-04;521135;Frentista;29;30;-1
4109401;Guarapuava;PR;Novo CAGED;2026-10-06T16:53:23.546027+00:00;2026-04;622020;Trabalhador volante da agricultura;26;41;-15
4109401;Guarapuava;PR;Novo CAGED;2026-10-06T16:53:23.546027+00:00;2026-04;911305;Mecânico de manutenção de máquinas, em geral;25;14;11
4109401;Guarapuava;PR;Novo CAGED;2026-10-06T16:53:23.546027+00:00;2026-04;517330;Vigilante;21;16;5
4109401;Guarapuava;PR;Novo CAGED;2026-10-06T16:53:23.546027+00:00;2026-04;513405;Garçom;19;18;1
4109401;Guarapuava;PR;Novo CAGED;2026-10-06T16:53:23.546027+00:00;2026-04;783225;Ajudante de motorista;18;13;5
4109401;Guarapuava;PR;Novo CAGED;2026-10-06T16:53:23.546027+00:00;2026-04;414105;Almoxarife;18;16;2
4109401;Guarapuava;PR;Novo CAGED;2026-10-06T16:53:23.546027+00:00;2026-04;513205;Cozinheiro geral;18;19;-1
4109401;Guarapuava;PR;Novo CAGED;2026-10-06T16:53:23.546027+00:00;2026-04;715615;Eletricista de instalações;17;11;6
4109401;Guarapuava;PR;Novo CAGED;2026-10-06T16:53:23.546027+00:00;2026-04;621005;Trabalhador agropecuário em geral;16;10;6
4109401;Guarapuava;PR;Novo CAGED;2026-10-06T16:53:23.546027+00:00;2026-04;914405;Mecânico de manutenção de automóveis, motocicletas e veículos similares;14;13;1
4109401;Guarapuava;PR;Novo CAGED;2026-10-06T16:53:23.546027+00:00;2026-04;782310;Motorista de furgão ou veículo similar;14;16;-2
4109401;Guarapuava;PR;Novo CAGED;2026-10-06T16:53:23.546027+00:00;2026-04;413110;Auxiliar de contabilidade;13;6;7
4109401;Guarapuava;PR;Novo CAGED;2026-10-06T16:53:23.546027+00:00;2026-04;223505;Enfermeiro;13;8;5
4109401;Guarapuava;PR;Novo CAGED;2026-10-06T16:53:23.546027+00:00;2026-04;414125;Estoquista;13;10;3
4109401;Guarapuava;PR;Novo CAGED;2026-10-06T16:53:23.546027+00:00;2026-04;223405;Farmacêutico;13;15;-2
4109401;Guarapuava;PR;Novo CAGED;2026-10-06T16:53:23.546027+00:00;2026-04;422110;Recepcionista de consultório médico ou dentário;13;15;-2
4109401;Guarapuava;PR;Novo CAGED;2026-10-06T16:53:23.546027+00:00;2026-04;354125;Assistente de vendas;12;15;-3
4109401;Guarapuava;PR;Novo CAGED;2026-10-06T16:53:23.546027+00:00;2026-04;521130;Atendente de farmácia - balconista;11;9;2
4109401;Guarapuava;PR;Novo CAGED;2026-10-06T16:53:23.546027+00:00;2026-04;513315;Camareiro  de hotel;11;8;3
4109401;Guarapuava;PR;Novo CAGED;2026-10-06T16:53:23.546027+00:00;2026-04;414215;Conferente de carga e descarga;11;9;2
4109401;Guarapuava;PR;Novo CAGED;2026-10-06T16:53:23.546027+00:00;2026-04;763215;Costureiro, a  máquina  na confecção em série;11;19;-8
4109401;Guarapuava;PR;Novo CAGED;2026-10-06T16:53:23.546027+00:00;2026-04;632125;Trabalhador de extração florestal, em geral;11;18;-7
4109401;Guarapuava;PR;Novo CAGED;2026-10-06T16:53:23.546027+00:00;2026-04;414110;Armazenista;9;14;-5
4109401;Guarapuava;PR;Novo CAGED;2026-10-06T16:53:23.546027+00:00;2026-04;715505;Carpinteiro;9;9;0
4109401;Guarapuava;PR;Novo CAGED;2026-10-06T16:53:23.546027+00:00;2026-04;715115;Operador de escavadeira;9;7;2
4109401;Guarapuava;PR;Novo CAGED;2026-10-06T16:53:23.546027+00:00;2026-04;521115;Promotor de vendas;9;8;1
4109401;Guarapuava;PR;Novo CAGED;2026-10-06T16:53:23.546027+00:00;2026-04;414140;Auxiliar de logistica;8;7;1
4109401;Guarapuava;PR;Novo CAGED;2026-10-06T16:53:23.546027+00:00;2026-04;142105;Gerente administrativo;8;11;-3
4109401;Guarapuava;PR;Novo CAGED;2026-10-06T16:53:23.546027+00:00;2026-04;514325;Trabalhador da manutenção de edificações;8;9;-1
4109401;Guarapuava;PR;Novo CAGED;2026-10-06T16:53:23.546027+00:00;2026-04;763320;Operador de máquina de costura de acabamento;7;8;-1
4109401;Guarapuava;PR;Novo CAGED;2026-10-06T16:53:23.546027+00:00;2026-04;724315;Soldador;7;11;-4
4109401;Guarapuava;PR;Novo CAGED;2026-10-06T16:53:23.546027+00:00;2026-04;623310;Trabalhador da avicultura de postura;7;7;0
4109401;Guarapuava;PR;Novo CAGED;2026-10-06T16:53:23.546027+00:00;2026-04;301110;Técnico de laboratório de análises físico-químicas (materiais de construção);7;0;7
4109401;Guarapuava;PR;Novo CAGED;2026-10-06T16:53:23.546027+00:00;2026-04;818105;Assistente de laboratório industrial;6;0;6
4109401;Guarapuava;PR;Novo CAGED;2026-10-06T16:53:23.546027+00:00;2026-04;761215;Operador de bobinadeira;6;10;-4
4109401;Guarapuava;PR;Novo CAGED;2026-10-06T16:53:23.546027+00:00;2026-04;761309;Tecelão (tear automático);6;10;-4
4109401;Guarapuava;PR;Novo CAGED;2026-10-06T16:53:23.546027+00:00;2026-04;623215;Trabalhador da suinocultura;6;6;0
4109401;Guarapuava;PR;Novo CAGED;2026-10-06T16:53:23.546027+00:00;2026-04;514225;Trabalhador de serviços de limpeza e conservação de áreas públicas;6;7;-1
4109401;Guarapuava;PR;Novo CAGED;2026-10-06T16:53:23.546027+00:00;2026-04;351605;Técnico em segurança do trabalho;6;6;0
4109401;Guarapuava;PR;Novo CAGED;2026-10-06T16:53:23.546027+00:00;2026-04;784110;Embalador, a máquina;5;5;0
4109401;Guarapuava;PR;Novo CAGED;2026-10-06T16:53:23.546027+00:00;2026-04;517425;Fiscal de loja;5;7;-2
4109401;Guarapuava;PR;Novo CAGED;2026-10-06T16:53:23.546027+00:00;2026-04;422315;Operador de telemarketing receptivo;5;6;-1
4109401;Guarapuava;PR;Novo CAGED;2026-10-06T16:53:23.546027+00:00;2026-04;314120;Técnico mecânico (máquinas);5;5;0
4109401;Guarapuava;PR;Novo CAGED;2026-10-06T16:53:23.546027+00:00;2026-04;716305;Vidraceiro;5;5;0
4109401;Guarapuava;PR;Novo CAGED;2026-10-06T16:53:23.546027+00:00;2026-04;513425;Copeiro;0;5;-5
4109401;Guarapuava;PR;Novo CAGED;2026-10-06T16:53:23.546027+00:00;2026-04;317110;Desenvolvedor de sistemas de tecnologia da informação (técnico);0;5;-5
4109401;Guarapuava;PR;Novo CAGED;2026-10-06T16:53:23.546027+00:00;2026-04;391205;Inspetor de qualidade;0;6;-6
4109401;Guarapuava;PR;Novo CAGED;2026-10-06T16:53:23.546027+00:00;2026-04;721210;Operador de máquinas operatrizes;0;7;-7
4109401;Guarapuava;PR;Novo CAGED;2026-10-06T16:53:23.546027+00:00;2026-04;715230;Pedreiro de edificações;0;8;-8
4109401;Guarapuava;PR;Novo CAGED;2026-10-06T16:53:23.546027+00:00;2026-04;354140;Técnico em atendimento e vendas;0;5;-5
4109401;Guarapuava;PR;Novo CAGED;2026-10-06T16:53:23.546027+00:00;2026-05;other;Outras categorias (agregadas);437;601;-164
4109401;Guarapuava;PR;Novo CAGED;2026-10-06T16:53:23.546027+00:00;2026-05;784205;Alimentador de linha de produção;208;225;-17
4109401;Guarapuava;PR;Novo CAGED;2026-10-06T16:53:23.546027+00:00;2026-05;421125;Operador de caixa;131;123;8
4109401;Guarapuava;PR;Novo CAGED;2026-10-06T16:53:23.546027+00:00;2026-05;521110;Vendedor de comércio varejista;121;115;6
4109401;Guarapuava;PR;Novo CAGED;2026-10-06T16:53:23.546027+00:00;2026-05;717020;Servente de obras;87;95;-8
4109401;Guarapuava;PR;Novo CAGED;2026-10-06T16:53:23.546027+00:00;2026-05;782510;Motorista de caminhão (rotas regionais e internacionais);78;99;-21
4109401;Guarapuava;PR;Novo CAGED;2026-10-06T16:53:23.546027+00:00;2026-05;521125;Repositor de mercadorias;64;48;16
4109401;Guarapuava;PR;Novo CAGED;2026-10-06T16:53:23.546027+00:00;2026-05;513505;Auxiliar nos serviços de alimentação;58;51;7
4109401;Guarapuava;PR;Novo CAGED;2026-10-06T16:53:23.546027+00:00;2026-05;411005;Auxiliar de escritório;56;54;2
4109401;Guarapuava;PR;Novo CAGED;2026-10-06T16:53:23.546027+00:00;2026-05;514320;Faxineiro;54;58;-4
4109401;Guarapuava;PR;Novo CAGED;2026-10-06T16:53:23.546027+00:00;2026-05;411010;Assistente administrativo;43;66;-23
4109401;Guarapuava;PR;Novo CAGED;2026-10-06T16:53:23.546027+00:00;2026-05;513435;Atendente de lanchonete;43;40;3
4109401;Guarapuava;PR;Novo CAGED;2026-10-06T16:53:23.546027+00:00;2026-05;848510;Açougueiro;34;28;6
4109401;Guarapuava;PR;Novo CAGED;2026-10-06T16:53:23.546027+00:00;2026-05;322205;Técnico de enfermagem;32;19;13
4109401;Guarapuava;PR;Novo CAGED;2026-10-06T16:53:23.546027+00:00;2026-05;514120;Zelador de edifício;31;30;1
4109401;Guarapuava;PR;Novo CAGED;2026-10-06T16:53:23.546027+00:00;2026-05;715210;Pedreiro;30;46;-16
4109401;Guarapuava;PR;Novo CAGED;2026-10-06T16:53:23.546027+00:00;2026-05;521140;Atendente de lojas e mercados;29;41;-12
4109401;Guarapuava;PR;Novo CAGED;2026-10-06T16:53:23.546027+00:00;2026-05;622020;Trabalhador volante da agricultura;24;119;-95
4109401;Guarapuava;PR;Novo CAGED;2026-10-06T16:53:23.546027+00:00;2026-05;513405;Garçom;23;18;5
4109401;Guarapuava;PR;Novo CAGED;2026-10-06T16:53:23.546027+00:00;2026-05;521135;Frentista;20;15;5
4109401;Guarapuava;PR;Novo CAGED;2026-10-06T16:53:23.546027+00:00;2026-05;422105;Recepcionista, em geral;19;14;5
4109401;Guarapuava;PR;Novo CAGED;2026-10-06T16:53:23.546027+00:00;2026-05;414110;Armazenista;18;19;-1
4109401;Guarapuava;PR;Novo CAGED;2026-10-06T16:53:23.546027+00:00;2026-05;513205;Cozinheiro geral;18;18;0
4109401;Guarapuava;PR;Novo CAGED;2026-10-06T16:53:23.546027+00:00;2026-05;911305;Mecânico de manutenção de máquinas, em geral;17;17;0
4109401;Guarapuava;PR;Novo CAGED;2026-10-06T16:53:23.546027+00:00;2026-05;517330;Vigilante;15;23;-8
4109401;Guarapuava;PR;Novo CAGED;2026-10-06T16:53:23.546027+00:00;2026-05;414105;Almoxarife;14;16;-2
4109401;Guarapuava;PR;Novo CAGED;2026-10-06T16:53:23.546027+00:00;2026-05;783225;Ajudante de motorista;13;19;-6
4109401;Guarapuava;PR;Novo CAGED;2026-10-06T16:53:23.546027+00:00;2026-05;351605;Técnico em segurança do trabalho;13;7;6
4109401;Guarapuava;PR;Novo CAGED;2026-10-06T16:53:23.546027+00:00;2026-05;413110;Auxiliar de contabilidade;12;7;5
4109401;Guarapuava;PR;Novo CAGED;2026-10-06T16:53:23.546027+00:00;2026-05;914405;Mecânico de manutenção de automóveis, motocicletas e veículos similares;12;15;-3
4109401;Guarapuava;PR;Novo CAGED;2026-10-06T16:53:23.546027+00:00;2026-05;632125;Trabalhador de extração florestal, em geral;12;8;4
4109401;Guarapuava;PR;Novo CAGED;2026-10-06T16:53:23.546027+00:00;2026-05;782310;Motorista de furgão ou veículo similar;11;12;-1
4109401;Guarapuava;PR;Novo CAGED;2026-10-06T16:53:23.546027+00:00;2026-05;331105;Professor de nível médio na educação infantil;11;5;6
4109401;Guarapuava;PR;Novo CAGED;2026-10-06T16:53:23.546027+00:00;2026-05;715505;Carpinteiro;10;11;-1
4109401;Guarapuava;PR;Novo CAGED;2026-10-06T16:53:23.546027+00:00;2026-05;715115;Operador de escavadeira;10;8;2
4109401;Guarapuava;PR;Novo CAGED;2026-10-06T16:53:23.546027+00:00;2026-05;621005;Trabalhador agropecuário em geral;10;13;-3
4109401;Guarapuava;PR;Novo CAGED;2026-10-06T16:53:23.546027+00:00;2026-05;521130;Atendente de farmácia - balconista;9;9;0
4109401;Guarapuava;PR;Novo CAGED;2026-10-06T16:53:23.546027+00:00;2026-05;223405;Farmacêutico;9;10;-1
4109401;Guarapuava;PR;Novo CAGED;2026-10-06T16:53:23.546027+00:00;2026-05;422315;Operador de telemarketing receptivo;9;6;3
4109401;Guarapuava;PR;Novo CAGED;2026-10-06T16:53:23.546027+00:00;2026-05;521115;Promotor de vendas;9;11;-2
4109401;Guarapuava;PR;Novo CAGED;2026-10-06T16:53:23.546027+00:00;2026-05;354125;Assistente de vendas;8;9;-1
4109401;Guarapuava;PR;Novo CAGED;2026-10-06T16:53:23.546027+00:00;2026-05;513315;Camareiro  de hotel;8;17;-9
4109401;Guarapuava;PR;Novo CAGED;2026-10-06T16:53:23.546027+00:00;2026-05;763215;Costureiro, a  máquina  na confecção em série;8;15;-7
4109401;Guarapuava;PR;Novo CAGED;2026-10-06T16:53:23.546027+00:00;2026-05;715615;Eletricista de instalações;8;9;-1
4109401;Guarapuava;PR;Novo CAGED;2026-10-06T16:53:23.546027+00:00;2026-05;414125;Estoquista;8;11;-3
4109401;Guarapuava;PR;Novo CAGED;2026-10-06T16:53:23.546027+00:00;2026-05;761215;Operador de bobinadeira;8;12;-4
4109401;Guarapuava;PR;Novo CAGED;2026-10-06T16:53:23.546027+00:00;2026-05;761309;Tecelão (tear automático);8;16;-8
4109401;Guarapuava;PR;Novo CAGED;2026-10-06T16:53:23.546027+00:00;2026-05;716305;Vidraceiro;8;9;-1
4109401;Guarapuava;PR;Novo CAGED;2026-10-06T16:53:23.546027+00:00;2026-05;223505;Enfermeiro;7;9;-2
4109401;Guarapuava;PR;Novo CAGED;2026-10-06T16:53:23.546027+00:00;2026-05;992225;Auxiliar geral de conservação de vias permanentes (exceto trilhos);6;5;1
4109401;Guarapuava;PR;Novo CAGED;2026-10-06T16:53:23.546027+00:00;2026-05;517425;Fiscal de loja;6;5;1
4109401;Guarapuava;PR;Novo CAGED;2026-10-06T16:53:23.546027+00:00;2026-05;422310;Operador de telemarketing ativo e receptivo;6;7;-1
4109401;Guarapuava;PR;Novo CAGED;2026-10-06T16:53:23.546027+00:00;2026-05;716610;Pintor de obras;6;5;1
4109401;Guarapuava;PR;Novo CAGED;2026-10-06T16:53:23.546027+00:00;2026-05;422110;Recepcionista de consultório médico ou dentário;6;11;-5
4109401;Guarapuava;PR;Novo CAGED;2026-10-06T16:53:23.546027+00:00;2026-05;252305;Secretária(o) executiva(o);6;7;-1
4109401;Guarapuava;PR;Novo CAGED;2026-10-06T16:53:23.546027+00:00;2026-05;514225;Trabalhador de serviços de limpeza e conservação de áreas públicas;6;12;-6
4109401;Guarapuava;PR;Novo CAGED;2026-10-06T16:53:23.546027+00:00;2026-05;783215;Carregador (veículos de transportes terrestres);5;6;-1
4109401;Guarapuava;PR;Novo CAGED;2026-10-06T16:53:23.546027+00:00;2026-05;414215;Conferente de carga e descarga;5;5;0
4109401;Guarapuava;PR;Novo CAGED;2026-10-06T16:53:23.546027+00:00;2026-05;710205;Mestre (construção civil);5;6;-1
4109401;Guarapuava;PR;Novo CAGED;2026-10-06T16:53:23.546027+00:00;2026-05;951320;Monitor de sistemas eletrônicos de segurança externo;5;5;0
4109401;Guarapuava;PR;Novo CAGED;2026-10-06T16:53:23.546027+00:00;2026-05;623310;Trabalhador da avicultura de postura;5;6;-1
4109401;Guarapuava;PR;Novo CAGED;2026-10-06T16:53:23.546027+00:00;2026-05;623215;Trabalhador da suinocultura;5;10;-5
4109401;Guarapuava;PR;Novo CAGED;2026-10-06T16:53:23.546027+00:00;2026-05;715230;Pedreiro de edificações;0;5;-5
4109401;Guarapuava;PR;Novo CAGED;2026-10-06T16:53:23.546027+00:00;2026-05;724440;Serralheiro;0;5;-5
4109401;Guarapuava;PR;Novo CAGED;2026-10-06T16:53:23.546027+00:00;2026-06;other;Outras categorias (agregadas);497;537;-40
4109401;Guarapuava;PR;Novo CAGED;2026-10-06T16:53:23.546027+00:00;2026-06;784205;Alimentador de linha de produção;210;393;-183
4109401;Guarapuava;PR;Novo CAGED;2026-10-06T16:53:23.546027+00:00;2026-06;421125;Operador de caixa;125;135;-10
4109401;Guarapuava;PR;Novo CAGED;2026-10-06T16:53:23.546027+00:00;2026-06;521110;Vendedor de comércio varejista;115;124;-9
4109401;Guarapuava;PR;Novo CAGED;2026-10-06T16:53:23.546027+00:00;2026-06;782510;Motorista de caminhão (rotas regionais e internacionais);90;113;-23
4109401;Guarapuava;PR;Novo CAGED;2026-10-06T16:53:23.546027+00:00;2026-06;717020;Servente de obras;82;72;10
4109401;Guarapuava;PR;Novo CAGED;2026-10-06T16:53:23.546027+00:00;2026-06;411010;Assistente administrativo;81;51;30
4109401;Guarapuava;PR;Novo CAGED;2026-10-06T16:53:23.546027+00:00;2026-06;411005;Auxiliar de escritório;71;63;8
4109401;Guarapuava;PR;Novo CAGED;2026-10-06T16:53:23.546027+00:00;2026-06;513505;Auxiliar nos serviços de alimentação;70;73;-3
4109401;Guarapuava;PR;Novo CAGED;2026-10-06T16:53:23.546027+00:00;2026-06;513435;Atendente de lanchonete;63;51;12
4109401;Guarapuava;PR;Novo CAGED;2026-10-06T16:53:23.546027+00:00;2026-06;514320;Faxineiro;57;66;-9
4109401;Guarapuava;PR;Novo CAGED;2026-10-06T16:53:23.546027+00:00;2026-06;521125;Repositor de mercadorias;49;61;-12
4109401;Guarapuava;PR;Novo CAGED;2026-10-06T16:53:23.546027+00:00;2026-06;521140;Atendente de lojas e mercados;48;36;12
4109401;Guarapuava;PR;Novo CAGED;2026-10-06T16:53:23.546027+00:00;2026-06;715210;Pedreiro;35;46;-11
4109401;Guarapuava;PR;Novo CAGED;2026-10-06T16:53:23.546027+00:00;2026-06;322205;Técnico de enfermagem;34;30;4
4109401;Guarapuava;PR;Novo CAGED;2026-10-06T16:53:23.546027+00:00;2026-06;422105;Recepcionista, em geral;25;22;3
4109401;Guarapuava;PR;Novo CAGED;2026-10-06T16:53:23.546027+00:00;2026-06;848510;Açougueiro;24;32;-8
4109401;Guarapuava;PR;Novo CAGED;2026-10-06T16:53:23.546027+00:00;2026-06;514120;Zelador de edifício;24;23;1
4109401;Guarapuava;PR;Novo CAGED;2026-10-06T16:53:23.546027+00:00;2026-06;782310;Motorista de furgão ou veículo similar;23;12;11
4109401;Guarapuava;PR;Novo CAGED;2026-10-06T16:53:23.546027+00:00;2026-06;911305;Mecânico de manutenção de máquinas, em geral;22;13;9
4109401;Guarapuava;PR;Novo CAGED;2026-10-06T16:53:23.546027+00:00;2026-06;622020;Trabalhador volante da agricultura;22;123;-101
4109401;Guarapuava;PR;Novo CAGED;2026-10-06T16:53:23.546027+00:00;2026-06;223505;Enfermeiro;20;8;12
4109401;Guarapuava;PR;Novo CAGED;2026-10-06T16:53:23.546027+00:00;2026-06;521135;Frentista;20;23;-3
4109401;Guarapuava;PR;Novo CAGED;2026-10-06T16:53:23.546027+00:00;2026-06;783225;Ajudante de motorista;18;16;2
4109401;Guarapuava;PR;Novo CAGED;2026-10-06T16:53:23.546027+00:00;2026-06;414105;Almoxarife;17;16;1
4109401;Guarapuava;PR;Novo CAGED;2026-10-06T16:53:23.546027+00:00;2026-06;914405;Mecânico de manutenção de automóveis, motocicletas e veículos similares;16;15;1
4109401;Guarapuava;PR;Novo CAGED;2026-10-06T16:53:23.546027+00:00;2026-06;414110;Armazenista;14;18;-4
4109401;Guarapuava;PR;Novo CAGED;2026-10-06T16:53:23.546027+00:00;2026-06;715505;Carpinteiro;14;11;3
4109401;Guarapuava;PR;Novo CAGED;2026-10-06T16:53:23.546027+00:00;2026-06;513405;Garçom;13;8;5
4109401;Guarapuava;PR;Novo CAGED;2026-10-06T16:53:23.546027+00:00;2026-06;725205;Montador de máquinas;13;5;8
4109401;Guarapuava;PR;Novo CAGED;2026-10-06T16:53:23.546027+00:00;2026-06;715115;Operador de escavadeira;13;10;3
4109401;Guarapuava;PR;Novo CAGED;2026-10-06T16:53:23.546027+00:00;2026-06;521115;Promotor de vendas;13;12;1
4109401;Guarapuava;PR;Novo CAGED;2026-10-06T16:53:23.546027+00:00;2026-06;521130;Atendente de farmácia - balconista;12;9;3
4109401;Guarapuava;PR;Novo CAGED;2026-10-06T16:53:23.546027+00:00;2026-06;223405;Farmacêutico;12;10;2
4109401;Guarapuava;PR;Novo CAGED;2026-10-06T16:53:23.546027+00:00;2026-06;354125;Assistente de vendas;11;10;1
4109401;Guarapuava;PR;Novo CAGED;2026-10-06T16:53:23.546027+00:00;2026-06;992225;Auxiliar geral de conservação de vias permanentes (exceto trilhos);11;9;2
4109401;Guarapuava;PR;Novo CAGED;2026-10-06T16:53:23.546027+00:00;2026-06;421310;Cobrador interno;11;5;6
4109401;Guarapuava;PR;Novo CAGED;2026-10-06T16:53:23.546027+00:00;2026-06;715615;Eletricista de instalações;11;12;-1
4109401;Guarapuava;PR;Novo CAGED;2026-10-06T16:53:23.546027+00:00;2026-06;623310;Trabalhador da avicultura de postura;11;6;5
4109401;Guarapuava;PR;Novo CAGED;2026-10-06T16:53:23.546027+00:00;2026-06;517330;Vigilante;11;18;-7
4109401;Guarapuava;PR;Novo CAGED;2026-10-06T16:53:23.546027+00:00;2026-06;710205;Mestre (construção civil);10;8;2
4109401;Guarapuava;PR;Novo CAGED;2026-10-06T16:53:23.546027+00:00;2026-06;422110;Recepcionista de consultório médico ou dentário;10;13;-3
4109401;Guarapuava;PR;Novo CAGED;2026-10-06T16:53:23.546027+00:00;2026-06;761309;Tecelão (tear automático);10;28;-18
4109401;Guarapuava;PR;Novo CAGED;2026-10-06T16:53:23.546027+00:00;2026-06;351605;Técnico em segurança do trabalho;10;6;4
4109401;Guarapuava;PR;Novo CAGED;2026-10-06T16:53:23.546027+00:00;2026-06;513315;Camareiro  de hotel;8;8;0
4109401;Guarapuava;PR;Novo CAGED;2026-10-06T16:53:23.546027+00:00;2026-06;513205;Cozinheiro geral;8;19;-11
4109401;Guarapuava;PR;Novo CAGED;2026-10-06T16:53:23.546027+00:00;2026-06;515210;Auxiliar de farmácia de manipulação;7;5;2
4109401;Guarapuava;PR;Novo CAGED;2026-10-06T16:53:23.546027+00:00;2026-06;414125;Estoquista;7;10;-3
4109401;Guarapuava;PR;Novo CAGED;2026-10-06T16:53:23.546027+00:00;2026-06;422310;Operador de telemarketing ativo e receptivo;7;5;2
4109401;Guarapuava;PR;Novo CAGED;2026-10-06T16:53:23.546027+00:00;2026-06;724315;Soldador;7;5;2
4109401;Guarapuava;PR;Novo CAGED;2026-10-06T16:53:23.546027+00:00;2026-06;763215;Costureiro, a  máquina  na confecção em série;6;21;-15
4109401;Guarapuava;PR;Novo CAGED;2026-10-06T16:53:23.546027+00:00;2026-06;351405;Escrevente;6;8;-2
4109401;Guarapuava;PR;Novo CAGED;2026-10-06T16:53:23.546027+00:00;2026-06;782220;Operador de empilhadeira;6;12;-6
4109401;Guarapuava;PR;Novo CAGED;2026-10-06T16:53:23.546027+00:00;2026-06;715125;Operador de máquinas de construção civil e mineração;6;0;6
4109401;Guarapuava;PR;Novo CAGED;2026-10-06T16:53:23.546027+00:00;2026-06;414215;Conferente de carga e descarga;5;5;0
4109401;Guarapuava;PR;Novo CAGED;2026-10-06T16:53:23.546027+00:00;2026-06;784105;Embalador, a mão;5;6;-1
4109401;Guarapuava;PR;Novo CAGED;2026-10-06T16:53:23.546027+00:00;2026-06;142105;Gerente administrativo;5;6;-1
4109401;Guarapuava;PR;Novo CAGED;2026-10-06T16:53:23.546027+00:00;2026-06;141415;Gerente de loja e supermercado;5;9;-4
4109401;Guarapuava;PR;Novo CAGED;2026-10-06T16:53:23.546027+00:00;2026-06;715135;Operador de pá carregadeira;5;5;0
4109401;Guarapuava;PR;Novo CAGED;2026-10-06T16:53:23.546027+00:00;2026-06;251510;Psicólogo clínico;5;0;5
4109401;Guarapuava;PR;Novo CAGED;2026-10-06T16:53:23.546027+00:00;2026-06;410105;Supervisor administrativo;5;9;-4
4109401;Guarapuava;PR;Novo CAGED;2026-10-06T16:53:23.546027+00:00;2026-06;621005;Trabalhador agropecuário em geral;5;23;-18
4109401;Guarapuava;PR;Novo CAGED;2026-10-06T16:53:23.546027+00:00;2026-06;623215;Trabalhador da suinocultura;5;0;5
4109401;Guarapuava;PR;Novo CAGED;2026-10-06T16:53:23.546027+00:00;2026-06;312105;Técnico de obras civis;5;0;5
4109401;Guarapuava;PR;Novo CAGED;2026-10-06T16:53:23.546027+00:00;2026-06;414210;Apontador de produção;0;5;-5
4109401;Guarapuava;PR;Novo CAGED;2026-10-06T16:53:23.546027+00:00;2026-06;783210;Carregador (armazém);0;17;-17
4109401;Guarapuava;PR;Novo CAGED;2026-10-06T16:53:23.546027+00:00;2026-06;519935;Lavador de veículos;0;6;-6
4109401;Guarapuava;PR;Novo CAGED;2026-10-06T16:53:23.546027+00:00;2026-06;862120;Operador de caldeira;0;5;-5
4109401;Guarapuava;PR;Novo CAGED;2026-10-06T16:53:23.546027+00:00;2026-06;622315;Trabalhador na olericultura (raízes, bulbos e tubérculos);0;39;-39
4109401;Guarapuava;PR;Novo CAGED;2026-10-06T16:53:23.546027+00:00;2026-07;other;Outras categorias (agregadas);486;543;-57
4109401;Guarapuava;PR;Novo CAGED;2026-10-06T16:53:23.546027+00:00;2026-07;784205;Alimentador de linha de produção;211;184;27
4109401;Guarapuava;PR;Novo CAGED;2026-10-06T16:53:23.546027+00:00;2026-07;521110;Vendedor de comércio varejista;132;152;-20
4109401;Guarapuava;PR;Novo CAGED;2026-10-06T16:53:23.546027+00:00;2026-07;421125;Operador de caixa;129;121;8
4109401;Guarapuava;PR;Novo CAGED;2026-10-06T16:53:23.546027+00:00;2026-07;782510;Motorista de caminhão (rotas regionais e internacionais);91;111;-20
4109401;Guarapuava;PR;Novo CAGED;2026-10-06T16:53:23.546027+00:00;2026-07;717020;Servente de obras;88;76;12
4109401;Guarapuava;PR;Novo CAGED;2026-10-06T16:53:23.546027+00:00;2026-07;411010;Assistente administrativo;68;67;1
4109401;Guarapuava;PR;Novo CAGED;2026-10-06T16:53:23.546027+00:00;2026-07;513435;Atendente de lanchonete;67;60;7
4109401;Guarapuava;PR;Novo CAGED;2026-10-06T16:53:23.546027+00:00;2026-07;513505;Auxiliar nos serviços de alimentação;67;73;-6
4109401;Guarapuava;PR;Novo CAGED;2026-10-06T16:53:23.546027+00:00;2026-07;411005;Auxiliar de escritório;60;84;-24
4109401;Guarapuava;PR;Novo CAGED;2026-10-06T16:53:23.546027+00:00;2026-07;521140;Atendente de lojas e mercados;58;23;35
4109401;Guarapuava;PR;Novo CAGED;2026-10-06T16:53:23.546027+00:00;2026-07;514320;Faxineiro;58;53;5
4109401;Guarapuava;PR;Novo CAGED;2026-10-06T16:53:23.546027+00:00;2026-07;521125;Repositor de mercadorias;54;62;-8
4109401;Guarapuava;PR;Novo CAGED;2026-10-06T16:53:23.546027+00:00;2026-07;715210;Pedreiro;43;49;-6
4109401;Guarapuava;PR;Novo CAGED;2026-10-06T16:53:23.546027+00:00;2026-07;514120;Zelador de edifício;40;36;4
4109401;Guarapuava;PR;Novo CAGED;2026-10-06T16:53:23.546027+00:00;2026-07;521135;Frentista;38;22;16
4109401;Guarapuava;PR;Novo CAGED;2026-10-06T16:53:23.546027+00:00;2026-07;848510;Açougueiro;29;35;-6
4109401;Guarapuava;PR;Novo CAGED;2026-10-06T16:53:23.546027+00:00;2026-07;422105;Recepcionista, em geral;28;22;6
4109401;Guarapuava;PR;Novo CAGED;2026-10-06T16:53:23.546027+00:00;2026-07;234520;Professor de ensino superior na área de prática de ensino;24;19;5
4109401;Guarapuava;PR;Novo CAGED;2026-10-06T16:53:23.546027+00:00;2026-07;911305;Mecânico de manutenção de máquinas, em geral;23;25;-2
4109401;Guarapuava;PR;Novo CAGED;2026-10-06T16:53:23.546027+00:00;2026-07;914405;Mecânico de manutenção de automóveis, motocicletas e veículos similares;21;20;1
4109401;Guarapuava;PR;Novo CAGED;2026-10-06T16:53:23.546027+00:00;2026-07;621005;Trabalhador agropecuário em geral;21;25;-4
4109401;Guarapuava;PR;Novo CAGED;2026-10-06T16:53:23.546027+00:00;2026-07;517330;Vigilante;21;16;5
4109401;Guarapuava;PR;Novo CAGED;2026-10-06T16:53:23.546027+00:00;2026-07;622020;Trabalhador volante da agricultura;20;42;-22
4109401;Guarapuava;PR;Novo CAGED;2026-10-06T16:53:23.546027+00:00;2026-07;513205;Cozinheiro geral;19;26;-7
4109401;Guarapuava;PR;Novo CAGED;2026-10-06T16:53:23.546027+00:00;2026-07;322205;Técnico de enfermagem;19;23;-4
4109401;Guarapuava;PR;Novo CAGED;2026-10-06T16:53:23.546027+00:00;2026-07;521130;Atendente de farmácia - balconista;16;7;9
4109401;Guarapuava;PR;Novo CAGED;2026-10-06T16:53:23.546027+00:00;2026-07;422110;Recepcionista de consultório médico ou dentário;16;10;6
4109401;Guarapuava;PR;Novo CAGED;2026-10-06T16:53:23.546027+00:00;2026-07;715505;Carpinteiro;15;15;0
4109401;Guarapuava;PR;Novo CAGED;2026-10-06T16:53:23.546027+00:00;2026-07;513405;Garçom;15;13;2
4109401;Guarapuava;PR;Novo CAGED;2026-10-06T16:53:23.546027+00:00;2026-07;783225;Ajudante de motorista;14;11;3
4109401;Guarapuava;PR;Novo CAGED;2026-10-06T16:53:23.546027+00:00;2026-07;414105;Almoxarife;13;11;2
4109401;Guarapuava;PR;Novo CAGED;2026-10-06T16:53:23.546027+00:00;2026-07;414140;Auxiliar de logistica;13;6;7
4109401;Guarapuava;PR;Novo CAGED;2026-10-06T16:53:23.546027+00:00;2026-07;782310;Motorista de furgão ou veículo similar;12;15;-3
4109401;Guarapuava;PR;Novo CAGED;2026-10-06T16:53:23.546027+00:00;2026-07;414110;Armazenista;11;8;3
4109401;Guarapuava;PR;Novo CAGED;2026-10-06T16:53:23.546027+00:00;2026-07;715615;Eletricista de instalações;11;12;-1
4109401;Guarapuava;PR;Novo CAGED;2026-10-06T16:53:23.546027+00:00;2026-07;223405;Farmacêutico;11;10;1
4109401;Guarapuava;PR;Novo CAGED;2026-10-06T16:53:23.546027+00:00;2026-07;142305;Gerente comercial;11;10;1
4109401;Guarapuava;PR;Novo CAGED;2026-10-06T16:53:23.546027+00:00;2026-07;761309;Tecelão (tear automático);11;17;-6
4109401;Guarapuava;PR;Novo CAGED;2026-10-06T16:53:23.546027+00:00;2026-07;632125;Trabalhador de extração florestal, em geral;11;7;4
4109401;Guarapuava;PR;Novo CAGED;2026-10-06T16:53:23.546027+00:00;2026-07;513315;Camareiro  de hotel;10;9;1
4109401;Guarapuava;PR;Novo CAGED;2026-10-06T16:53:23.546027+00:00;2026-07;223505;Enfermeiro;10;10;0
4109401;Guarapuava;PR;Novo CAGED;2026-10-06T16:53:23.546027+00:00;2026-07;725205;Montador de máquinas;10;8;2
4109401;Guarapuava;PR;Novo CAGED;2026-10-06T16:53:23.546027+00:00;2026-07;354125;Assistente de vendas;9;13;-4
4109401;Guarapuava;PR;Novo CAGED;2026-10-06T16:53:23.546027+00:00;2026-07;763215;Costureiro, a  máquina  na confecção em série;9;15;-6
4109401;Guarapuava;PR;Novo CAGED;2026-10-06T16:53:23.546027+00:00;2026-07;414125;Estoquista;9;6;3
4109401;Guarapuava;PR;Novo CAGED;2026-10-06T16:53:23.546027+00:00;2026-07;351605;Técnico em segurança do trabalho;9;6;3
4109401;Guarapuava;PR;Novo CAGED;2026-10-06T16:53:23.546027+00:00;2026-07;515210;Auxiliar de farmácia de manipulação;8;7;1
4109401;Guarapuava;PR;Novo CAGED;2026-10-06T16:53:23.546027+00:00;2026-07;715115;Operador de escavadeira;8;8;0
4109401;Guarapuava;PR;Novo CAGED;2026-10-06T16:53:23.546027+00:00;2026-07;724315;Soldador;8;8;0
4109401;Guarapuava;PR;Novo CAGED;2026-10-06T16:53:23.546027+00:00;2026-07;413110;Auxiliar de contabilidade;7;9;-2
4109401;Guarapuava;PR;Novo CAGED;2026-10-06T16:53:23.546027+00:00;2026-07;142105;Gerente administrativo;7;11;-4
4109401;Guarapuava;PR;Novo CAGED;2026-10-06T16:53:23.546027+00:00;2026-07;521115;Promotor de vendas;7;8;-1
4109401;Guarapuava;PR;Novo CAGED;2026-10-06T16:53:23.546027+00:00;2026-07;520110;Supervisor de vendas comercial;7;6;1
4109401;Guarapuava;PR;Novo CAGED;2026-10-06T16:53:23.546027+00:00;2026-07;783215;Carregador (veículos de transportes terrestres);6;5;1
4109401;Guarapuava;PR;Novo CAGED;2026-10-06T16:53:23.546027+00:00;2026-07;517425;Fiscal de loja;6;5;1
4109401;Guarapuava;PR;Novo CAGED;2026-10-06T16:53:23.546027+00:00;2026-07;141415;Gerente de loja e supermercado;6;5;1
4109401;Guarapuava;PR;Novo CAGED;2026-10-06T16:53:23.546027+00:00;2026-07;710205;Mestre (construção civil);6;12;-6
4109401;Guarapuava;PR;Novo CAGED;2026-10-06T16:53:23.546027+00:00;2026-07;519110;Motofretista;6;7;-1
4109401;Guarapuava;PR;Novo CAGED;2026-10-06T16:53:23.546027+00:00;2026-07;422315;Operador de telemarketing receptivo;6;7;-1
4109401;Guarapuava;PR;Novo CAGED;2026-10-06T16:53:23.546027+00:00;2026-07;514325;Trabalhador da manutenção de edificações;6;6;0
4109401;Guarapuava;PR;Novo CAGED;2026-10-06T16:53:23.546027+00:00;2026-07;716305;Vidraceiro;6;7;-1
4109401;Guarapuava;PR;Novo CAGED;2026-10-06T16:53:23.546027+00:00;2026-07;848310;Confeiteiro;5;8;-3
4109401;Guarapuava;PR;Novo CAGED;2026-10-06T16:53:23.546027+00:00;2026-07;414215;Conferente de carga e descarga;5;6;-1
4109401;Guarapuava;PR;Novo CAGED;2026-10-06T16:53:23.546027+00:00;2026-07;141510;Gerente de restaurante;5;6;-1
4109401;Guarapuava;PR;Novo CAGED;2026-10-06T16:53:23.546027+00:00;2026-07;632120;Operador de motosserra;5;6;-1
4109401;Guarapuava;PR;Novo CAGED;2026-10-06T16:53:23.546027+00:00;2026-07;716610;Pintor de obras;5;5;0
4109401;Guarapuava;PR;Novo CAGED;2026-10-06T16:53:23.546027+00:00;2026-07;252305;Secretária(o) executiva(o);5;6;-1
4109401;Guarapuava;PR;Novo CAGED;2026-10-06T16:53:23.546027+00:00;2026-07;514225;Trabalhador de serviços de limpeza e conservação de áreas públicas;5;6;-1
4109401;Guarapuava;PR;Novo CAGED;2026-10-06T16:53:23.546027+00:00;2026-07;252545;Analista financeiro (instituições financeiras);0;5;-5
4109401;Guarapuava;PR;Novo CAGED;2026-10-06T16:53:23.546027+00:00;2026-07;141205;Gerente de produção e operações;0;9;-9
4109401;Guarapuava;PR;Novo CAGED;2026-10-06T16:53:23.546027+00:00;2026-07;642015;Operador de trator florestal;0;14;-14
4109401;Guarapuava;PR;Novo CAGED;2026-10-06T16:53:23.546027+00:00;2026-07;632015;Viveirista florestal;0;5;-5
4109401;Guarapuava;PR;Novo CAGED;2026-10-06T16:53:23.546027+00:00;2026-08;other;Outras categorias (agregadas);575;563;12
4109401;Guarapuava;PR;Novo CAGED;2026-10-06T16:53:23.546027+00:00;2026-08;421125;Operador de caixa;270;229;41
4109401;Guarapuava;PR;Novo CAGED;2026-10-06T16:53:23.546027+00:00;2026-08;784205;Alimentador de linha de produção;188;217;-29
4109401;Guarapuava;PR;Novo CAGED;2026-10-06T16:53:23.546027+00:00;2026-08;521125;Repositor de mercadorias;164;191;-27
4109401;Guarapuava;PR;Novo CAGED;2026-10-06T16:53:23.546027+00:00;2026-08;521110;Vendedor de comércio varejista;148;137;11
4109401;Guarapuava;PR;Novo CAGED;2026-10-06T16:53:23.546027+00:00;2026-08;782510;Motorista de caminhão (rotas regionais e internacionais);86;101;-15
4109401;Guarapuava;PR;Novo CAGED;2026-10-06T16:53:23.546027+00:00;2026-08;521140;Atendente de lojas e mercados;85;32;53
4109401;Guarapuava;PR;Novo CAGED;2026-10-06T16:53:23.546027+00:00;2026-08;717020;Servente de obras;85;58;27
4109401;Guarapuava;PR;Novo CAGED;2026-10-06T16:53:23.546027+00:00;2026-08;411010;Assistente administrativo;81;73;8
4109401;Guarapuava;PR;Novo CAGED;2026-10-06T16:53:23.546027+00:00;2026-08;411005;Auxiliar de escritório;76;66;10
4109401;Guarapuava;PR;Novo CAGED;2026-10-06T16:53:23.546027+00:00;2026-08;848510;Açougueiro;76;67;9
4109401;Guarapuava;PR;Novo CAGED;2026-10-06T16:53:23.546027+00:00;2026-08;513505;Auxiliar nos serviços de alimentação;74;68;6
4109401;Guarapuava;PR;Novo CAGED;2026-10-06T16:53:23.546027+00:00;2026-08;513435;Atendente de lanchonete;62;55;7
4109401;Guarapuava;PR;Novo CAGED;2026-10-06T16:53:23.546027+00:00;2026-08;514320;Faxineiro;57;64;-7
4109401;Guarapuava;PR;Novo CAGED;2026-10-06T16:53:23.546027+00:00;2026-08;514120;Zelador de edifício;56;33;23
4109401;Guarapuava;PR;Novo CAGED;2026-10-06T16:53:23.546027+00:00;2026-08;622020;Trabalhador volante da agricultura;43;22;21
4109401;Guarapuava;PR;Novo CAGED;2026-10-06T16:53:23.546027+00:00;2026-08;322205;Técnico de enfermagem;41;19;22
4109401;Guarapuava;PR;Novo CAGED;2026-10-06T16:53:23.546027+00:00;2026-08;715210;Pedreiro;38;55;-17
4109401;Guarapuava;PR;Novo CAGED;2026-10-06T16:53:23.546027+00:00;2026-08;513205;Cozinheiro geral;29;14;15
4109401;Guarapuava;PR;Novo CAGED;2026-10-06T16:53:23.546027+00:00;2026-08;420105;Supervisor de caixas e bilheteiros (exceto caixa de banco);27;8;19
4109401;Guarapuava;PR;Novo CAGED;2026-10-06T16:53:23.546027+00:00;2026-08;513405;Garçom;26;16;10
4109401;Guarapuava;PR;Novo CAGED;2026-10-06T16:53:23.546027+00:00;2026-08;422105;Recepcionista, em geral;24;26;-2
4109401;Guarapuava;PR;Novo CAGED;2026-10-06T16:53:23.546027+00:00;2026-08;914405;Mecânico de manutenção de automóveis, motocicletas e veículos similares;23;9;14
4109401;Guarapuava;PR;Novo CAGED;2026-10-06T16:53:23.546027+00:00;2026-08;782310;Motorista de furgão ou veículo similar;23;25;-2
4109401;Guarapuava;PR;Novo CAGED;2026-10-06T16:53:23.546027+00:00;2026-08;414140;Auxiliar de logistica;22;5;17
4109401;Guarapuava;PR;Novo CAGED;2026-10-06T16:53:23.546027+00:00;2026-08;521135;Frentista;21;22;-1
4109401;Guarapuava;PR;Novo CAGED;2026-10-06T16:53:23.546027+00:00;2026-08;414110;Armazenista;18;21;-3
4109401;Guarapuava;PR;Novo CAGED;2026-10-06T16:53:23.546027+00:00;2026-08;414105;Almoxarife;15;19;-4
4109401;Guarapuava;PR;Novo CAGED;2026-10-06T16:53:23.546027+00:00;2026-08;223505;Enfermeiro;15;7;8
4109401;Guarapuava;PR;Novo CAGED;2026-10-06T16:53:23.546027+00:00;2026-08;911305;Mecânico de manutenção de máquinas, em geral;15;15;0
4109401;Guarapuava;PR;Novo CAGED;2026-10-06T16:53:23.546027+00:00;2026-08;422110;Recepcionista de consultório médico ou dentário;15;9;6
4109401;Guarapuava;PR;Novo CAGED;2026-10-06T16:53:23.546027+00:00;2026-08;783225;Ajudante de motorista;14;14;0
4109401;Guarapuava;PR;Novo CAGED;2026-10-06T16:53:23.546027+00:00;2026-08;521130;Atendente de farmácia - balconista;14;11;3
4109401;Guarapuava;PR;Novo CAGED;2026-10-06T16:53:23.546027+00:00;2026-08;517330;Vigilante;12;20;-8
4109401;Guarapuava;PR;Novo CAGED;2026-10-06T16:53:23.546027+00:00;2026-08;414125;Estoquista;11;16;-5
4109401;Guarapuava;PR;Novo CAGED;2026-10-06T16:53:23.546027+00:00;2026-08;521115;Promotor de vendas;11;13;-2
4109401;Guarapuava;PR;Novo CAGED;2026-10-06T16:53:23.546027+00:00;2026-08;782220;Operador de empilhadeira;10;8;2
4109401;Guarapuava;PR;Novo CAGED;2026-10-06T16:53:23.546027+00:00;2026-08;848305;Padeiro;10;16;-6
4109401;Guarapuava;PR;Novo CAGED;2026-10-06T16:53:23.546027+00:00;2026-08;621005;Trabalhador agropecuário em geral;10;11;-1
4109401;Guarapuava;PR;Novo CAGED;2026-10-06T16:53:23.546027+00:00;2026-08;351605;Técnico em segurança do trabalho;10;13;-3
4109401;Guarapuava;PR;Novo CAGED;2026-10-06T16:53:23.546027+00:00;2026-08;354125;Assistente de vendas;9;12;-3
4109401;Guarapuava;PR;Novo CAGED;2026-10-06T16:53:23.546027+00:00;2026-08;223405;Farmacêutico;9;11;-2
4109401;Guarapuava;PR;Novo CAGED;2026-10-06T16:53:23.546027+00:00;2026-08;716610;Pintor de obras;9;13;-4
4109401;Guarapuava;PR;Novo CAGED;2026-10-06T16:53:23.546027+00:00;2026-08;517410;Porteiro de edifícios;9;6;3
4109401;Guarapuava;PR;Novo CAGED;2026-10-06T16:53:23.546027+00:00;2026-08;410105;Supervisor administrativo;9;5;4
4109401;Guarapuava;PR;Novo CAGED;2026-10-06T16:53:23.546027+00:00;2026-08;716305;Vidraceiro;9;7;2
4109401;Guarapuava;PR;Novo CAGED;2026-10-06T16:53:23.546027+00:00;2026-08;413110;Auxiliar de contabilidade;8;5;3
4109401;Guarapuava;PR;Novo CAGED;2026-10-06T16:53:23.546027+00:00;2026-08;513315;Camareiro  de hotel;8;11;-3
4109401;Guarapuava;PR;Novo CAGED;2026-10-06T16:53:23.546027+00:00;2026-08;715615;Eletricista de instalações;8;8;0
4109401;Guarapuava;PR;Novo CAGED;2026-10-06T16:53:23.546027+00:00;2026-08;142105;Gerente administrativo;8;11;-3
4109401;Guarapuava;PR;Novo CAGED;2026-10-06T16:53:23.546027+00:00;2026-08;761309;Tecelão (tear automático);8;12;-4
4109401;Guarapuava;PR;Novo CAGED;2026-10-06T16:53:23.546027+00:00;2026-08;715115;Operador de escavadeira;7;12;-5
4109401;Guarapuava;PR;Novo CAGED;2026-10-06T16:53:23.546027+00:00;2026-08;724315;Soldador;7;7;0
4109401;Guarapuava;PR;Novo CAGED;2026-10-06T16:53:23.546027+00:00;2026-08;414215;Conferente de carga e descarga;6;8;-2
4109401;Guarapuava;PR;Novo CAGED;2026-10-06T16:53:23.546027+00:00;2026-08;342315;Supervisor de carga e descarga;6;5;1
4109401;Guarapuava;PR;Novo CAGED;2026-10-06T16:53:23.546027+00:00;2026-08;632125;Trabalhador de extração florestal, em geral;6;9;-3
4109401;Guarapuava;PR;Novo CAGED;2026-10-06T16:53:23.546027+00:00;2026-08;515215;Auxiliar de laboratório de análises clínicas;5;5;0
4109401;Guarapuava;PR;Novo CAGED;2026-10-06T16:53:23.546027+00:00;2026-08;322415;Auxiliar em saúde bucal;5;6;-1
4109401;Guarapuava;PR;Novo CAGED;2026-10-06T16:53:23.546027+00:00;2026-08;783210;Carregador (armazém);5;0;5
4109401;Guarapuava;PR;Novo CAGED;2026-10-06T16:53:23.546027+00:00;2026-08;783215;Carregador (veículos de transportes terrestres);5;5;0
4109401;Guarapuava;PR;Novo CAGED;2026-10-06T16:53:23.546027+00:00;2026-08;519905;Cartazeiro;5;5;0
4109401;Guarapuava;PR;Novo CAGED;2026-10-06T16:53:23.546027+00:00;2026-08;763215;Costureiro, a  máquina  na confecção em série;5;12;-7
4109401;Guarapuava;PR;Novo CAGED;2026-10-06T16:53:23.546027+00:00;2026-08;414135;Expedidor de mercadorias;5;5;0
4109401;Guarapuava;PR;Novo CAGED;2026-10-06T16:53:23.546027+00:00;2026-08;513610;Pizzaiolo;5;6;-1
4109401;Guarapuava;PR;Novo CAGED;2026-10-06T16:53:23.546027+00:00;2026-08;623310;Trabalhador da avicultura de postura;5;5;0
4109401;Guarapuava;PR;Novo CAGED;2026-10-06T16:53:23.546027+00:00;2026-08;622615;Trabalhador da cultura de erva-mate;5;0;5
4109401;Guarapuava;PR;Novo CAGED;2026-10-06T16:53:23.546027+00:00;2026-08;623215;Trabalhador da suinocultura;5;6;-1
4109401;Guarapuava;PR;Novo CAGED;2026-10-06T16:53:23.546027+00:00;2026-08;517420;Vigia;5;5;0
4109401;Guarapuava;PR;Novo CAGED;2026-10-06T16:53:23.546027+00:00;2026-08;424120;Entrevistador de preços;0;7;-7
4109401;Guarapuava;PR;Novo CAGED;2026-10-06T16:53:23.546027+00:00;2026-08;773510;Operador de máquinas de usinar madeira (cnc);0;6;-6
4109401;Guarapuava;PR;Novo CAGED;2026-10-06T16:53:23.546027+00:00;2026-08;224120;Preparador físico;0;6;-6
4119608;Pitanga;PR;Novo CAGED;2026-10-06T16:53:23.546027+00:00;2024-09;other;Outras categorias (agregadas);178;168;10
4119608;Pitanga;PR;Novo CAGED;2026-10-06T16:53:23.546027+00:00;2024-09;521110;Vendedor de comércio varejista;21;16;5
4119608;Pitanga;PR;Novo CAGED;2026-10-06T16:53:23.546027+00:00;2024-09;411010;Assistente administrativo;17;14;3
4119608;Pitanga;PR;Novo CAGED;2026-10-06T16:53:23.546027+00:00;2024-09;782510;Motorista de caminhão (rotas regionais e internacionais);15;12;3
4119608;Pitanga;PR;Novo CAGED;2026-10-06T16:53:23.546027+00:00;2024-09;421125;Operador de caixa;14;11;3
4119608;Pitanga;PR;Novo CAGED;2026-10-06T16:53:23.546027+00:00;2024-09;411005;Auxiliar de escritório;8;9;-1
4119608;Pitanga;PR;Novo CAGED;2026-10-06T16:53:23.546027+00:00;2024-09;724220;Preparador de estruturas metálicas;7;0;7
4119608;Pitanga;PR;Novo CAGED;2026-10-06T16:53:23.546027+00:00;2024-09;521125;Repositor de mercadorias;7;6;1
4119608;Pitanga;PR;Novo CAGED;2026-10-06T16:53:23.546027+00:00;2024-09;514320;Faxineiro;6;8;-2
4119608;Pitanga;PR;Novo CAGED;2026-10-06T16:53:23.546027+00:00;2024-09;784205;Alimentador de linha de produção;5;6;-1
4119608;Pitanga;PR;Novo CAGED;2026-10-06T16:53:23.546027+00:00;2024-10;other;Outras categorias (agregadas);161;126;35
4119608;Pitanga;PR;Novo CAGED;2026-10-06T16:53:23.546027+00:00;2024-10;521110;Vendedor de comércio varejista;17;13;4
4119608;Pitanga;PR;Novo CAGED;2026-10-06T16:53:23.546027+00:00;2024-10;782510;Motorista de caminhão (rotas regionais e internacionais);12;10;2
4119608;Pitanga;PR;Novo CAGED;2026-10-06T16:53:23.546027+00:00;2024-10;421125;Operador de caixa;11;9;2
4119608;Pitanga;PR;Novo CAGED;2026-10-06T16:53:23.546027+00:00;2024-10;717020;Servente de obras;11;8;3
4119608;Pitanga;PR;Novo CAGED;2026-10-06T16:53:23.546027+00:00;2024-10;411010;Assistente administrativo;8;17;-9
4119608;Pitanga;PR;Novo CAGED;2026-10-06T16:53:23.546027+00:00;2024-10;521140;Atendente de lojas e mercados;8;0;8
4119608;Pitanga;PR;Novo CAGED;2026-10-06T16:53:23.546027+00:00;2024-10;783225;Ajudante de motorista;7;7;0
4119608;Pitanga;PR;Novo CAGED;2026-10-06T16:53:23.546027+00:00;2024-10;521125;Repositor de mercadorias;7;9;-2
4119608;Pitanga;PR;Novo CAGED;2026-10-06T16:53:23.546027+00:00;2024-10;621005;Trabalhador agropecuário em geral;6;8;-2
4119608;Pitanga;PR;Novo CAGED;2026-10-06T16:53:23.546027+00:00;2024-10;514120;Zelador de edifício;6;6;0
4119608;Pitanga;PR;Novo CAGED;2026-10-06T16:53:23.546027+00:00;2024-10;411005;Auxiliar de escritório;5;6;-1
4119608;Pitanga;PR;Novo CAGED;2026-10-06T16:53:23.546027+00:00;2024-11;other;Outras categorias (agregadas);131;126;5
4119608;Pitanga;PR;Novo CAGED;2026-10-06T16:53:23.546027+00:00;2024-11;521110;Vendedor de comércio varejista;24;13;11
4119608;Pitanga;PR;Novo CAGED;2026-10-06T16:53:23.546027+00:00;2024-11;411010;Assistente administrativo;15;14;1
4119608;Pitanga;PR;Novo CAGED;2026-10-06T16:53:23.546027+00:00;2024-11;724205;Montador de estruturas metálicas;13;5;8
4119608;Pitanga;PR;Novo CAGED;2026-10-06T16:53:23.546027+00:00;2024-11;421125;Operador de caixa;12;8;4
4119608;Pitanga;PR;Novo CAGED;2026-10-06T16:53:23.546027+00:00;2024-11;514320;Faxineiro;11;5;6
4119608;Pitanga;PR;Novo CAGED;2026-10-06T16:53:23.546027+00:00;2024-11;717020;Servente de obras;8;5;3
4119608;Pitanga;PR;Novo CAGED;2026-10-06T16:53:23.546027+00:00;2024-11;411005;Auxiliar de escritório;7;12;-5
4119608;Pitanga;PR;Novo CAGED;2026-10-06T16:53:23.546027+00:00;2024-11;782510;Motorista de caminhão (rotas regionais e internacionais);7;20;-13
4119608;Pitanga;PR;Novo CAGED;2026-10-06T16:53:23.546027+00:00;2024-11;514330;Limpador de piscinas;6;0;6
4119608;Pitanga;PR;Novo CAGED;2026-10-06T16:53:23.546027+00:00;2024-11;521125;Repositor de mercadorias;6;7;-1
4119608;Pitanga;PR;Novo CAGED;2026-10-06T16:53:23.546027+00:00;2024-12;other;Outras categorias (agregadas);84;144;-60
4119608;Pitanga;PR;Novo CAGED;2026-10-06T16:53:23.546027+00:00;2024-12;521110;Vendedor de comércio varejista;17;14;3
4119608;Pitanga;PR;Novo CAGED;2026-10-06T16:53:23.546027+00:00;2024-12;411010;Assistente administrativo;12;12;0
4119608;Pitanga;PR;Novo CAGED;2026-10-06T16:53:23.546027+00:00;2024-12;521125;Repositor de mercadorias;11;12;-1
4119608;Pitanga;PR;Novo CAGED;2026-10-06T16:53:23.546027+00:00;2024-12;411005;Auxiliar de escritório;10;11;-1
4119608;Pitanga;PR;Novo CAGED;2026-10-06T16:53:23.546027+00:00;2024-12;421125;Operador de caixa;10;6;4
4119608;Pitanga;PR;Novo CAGED;2026-10-06T16:53:23.546027+00:00;2024-12;621005;Trabalhador agropecuário em geral;10;5;5
4119608;Pitanga;PR;Novo CAGED;2026-10-06T16:53:23.546027+00:00;2024-12;783225;Ajudante de motorista;9;5;4
4119608;Pitanga;PR;Novo CAGED;2026-10-06T16:53:23.546027+00:00;2024-12;521130;Atendente de farmácia - balconista;5;6;-1
4119608;Pitanga;PR;Novo CAGED;2026-10-06T16:53:23.546027+00:00;2024-12;782510;Motorista de caminhão (rotas regionais e internacionais);5;8;-3
4119608;Pitanga;PR;Novo CAGED;2026-10-06T16:53:23.546027+00:00;2024-12;514120;Zelador de edifício;5;6;-1
4119608;Pitanga;PR;Novo CAGED;2026-10-06T16:53:23.546027+00:00;2024-12;514225;Trabalhador de serviços de limpeza e conservação de áreas públicas;0;45;-45
4119608;Pitanga;PR;Novo CAGED;2026-10-06T16:53:23.546027+00:00;2025-01;other;Outras categorias (agregadas);111;139;-28
4119608;Pitanga;PR;Novo CAGED;2026-10-06T16:53:23.546027+00:00;2025-01;724205;Montador de estruturas metálicas;25;7;18
4119608;Pitanga;PR;Novo CAGED;2026-10-06T16:53:23.546027+00:00;2025-01;521110;Vendedor de comércio varejista;15;24;-9
4119608;Pitanga;PR;Novo CAGED;2026-10-06T16:53:23.546027+00:00;2025-01;782510;Motorista de caminhão (rotas regionais e internacionais);11;12;-1
4119608;Pitanga;PR;Novo CAGED;2026-10-06T16:53:23.546027+00:00;2025-01;519215;Operador de prensa de material reciclável;9;5;4
4119608;Pitanga;PR;Novo CAGED;2026-10-06T16:53:23.546027+00:00;2025-01;411010;Assistente administrativo;8;12;-4
4119608;Pitanga;PR;Novo CAGED;2026-10-06T16:53:23.546027+00:00;2025-01;621005;Trabalhador agropecuário em geral;8;12;-4
4119608;Pitanga;PR;Novo CAGED;2026-10-06T16:53:23.546027+00:00;2025-01;411005;Auxiliar de escritório;7;5;2
4119608;Pitanga;PR;Novo CAGED;2026-10-06T16:53:23.546027+00:00;2025-01;521140;Atendente de lojas e mercados;6;5;1
4119608;Pitanga;PR;Novo CAGED;2026-10-06T16:53:23.546027+00:00;2025-01;521135;Frentista;6;0;6
4119608;Pitanga;PR;Novo CAGED;2026-10-06T16:53:23.546027+00:00;2025-01;717020;Servente de obras;6;12;-6
4119608;Pitanga;PR;Novo CAGED;2026-10-06T16:53:23.546027+00:00;2025-01;514320;Faxineiro;5;7;-2
4119608;Pitanga;PR;Novo CAGED;2026-10-06T16:53:23.546027+00:00;2025-01;421125;Operador de caixa;5;12;-7
4119608;Pitanga;PR;Novo CAGED;2026-10-06T16:53:23.546027+00:00;2025-01;914405;Mecânico de manutenção de automóveis, motocicletas e veículos similares;0;8;-8
4119608;Pitanga;PR;Novo CAGED;2026-10-06T16:53:23.546027+00:00;2025-02;other;Outras categorias (agregadas);187;123;64
4119608;Pitanga;PR;Novo CAGED;2026-10-06T16:53:23.546027+00:00;2025-02;514225;Trabalhador de serviços de limpeza e conservação de áreas públicas;52;10;42
4119608;Pitanga;PR;Novo CAGED;2026-10-06T16:53:23.546027+00:00;2025-02;421125;Operador de caixa;22;13;9
4119608;Pitanga;PR;Novo CAGED;2026-10-06T16:53:23.546027+00:00;2025-02;521110;Vendedor de comércio varejista;22;17;5
4119608;Pitanga;PR;Novo CAGED;2026-10-06T16:53:23.546027+00:00;2025-02;411010;Assistente administrativo;21;13;8
4119608;Pitanga;PR;Novo CAGED;2026-10-06T16:53:23.546027+00:00;2025-02;724205;Montador de estruturas metálicas;17;10;7
4119608;Pitanga;PR;Novo CAGED;2026-10-06T16:53:23.546027+00:00;2025-02;782510;Motorista de caminhão (rotas regionais e internacionais);17;12;5
4119608;Pitanga;PR;Novo CAGED;2026-10-06T16:53:23.546027+00:00;2025-02;521125;Repositor de mercadorias;17;15;2
4119608;Pitanga;PR;Novo CAGED;2026-10-06T16:53:23.546027+00:00;2025-02;724220;Preparador de estruturas metálicas;15;0;15
4119608;Pitanga;PR;Novo CAGED;2026-10-06T16:53:23.546027+00:00;2025-02;411005;Auxiliar de escritório;14;9;5
4119608;Pitanga;PR;Novo CAGED;2026-10-06T16:53:23.546027+00:00;2025-02;621005;Trabalhador agropecuário em geral;7;5;2
4119608;Pitanga;PR;Novo CAGED;2026-10-06T16:53:23.546027+00:00;2025-02;521135;Frentista;5;6;-1
4119608;Pitanga;PR;Novo CAGED;2026-10-06T16:53:23.546027+00:00;2025-02;717020;Servente de obras;5;9;-4
4119608;Pitanga;PR;Novo CAGED;2026-10-06T16:53:23.546027+00:00;2025-02;513205;Cozinheiro geral;0;5;-5
4119608;Pitanga;PR;Novo CAGED;2026-10-06T16:53:23.546027+00:00;2025-03;other;Outras categorias (agregadas);144;131;13
4119608;Pitanga;PR;Novo CAGED;2026-10-06T16:53:23.546027+00:00;2025-03;724205;Montador de estruturas metálicas;29;5;24
4119608;Pitanga;PR;Novo CAGED;2026-10-06T16:53:23.546027+00:00;2025-03;521110;Vendedor de comércio varejista;23;18;5
4119608;Pitanga;PR;Novo CAGED;2026-10-06T16:53:23.546027+00:00;2025-03;421125;Operador de caixa;14;13;1
4119608;Pitanga;PR;Novo CAGED;2026-10-06T16:53:23.546027+00:00;2025-03;411005;Auxiliar de escritório;11;10;1
4119608;Pitanga;PR;Novo CAGED;2026-10-06T16:53:23.546027+00:00;2025-03;782510;Motorista de caminhão (rotas regionais e internacionais);11;10;1
4119608;Pitanga;PR;Novo CAGED;2026-10-06T16:53:23.546027+00:00;2025-03;411010;Assistente administrativo;9;12;-3
4119608;Pitanga;PR;Novo CAGED;2026-10-06T16:53:23.546027+00:00;2025-03;784205;Alimentador de linha de produção;7;11;-4
4119608;Pitanga;PR;Novo CAGED;2026-10-06T16:53:23.546027+00:00;2025-03;521140;Atendente de lojas e mercados;6;5;1
4119608;Pitanga;PR;Novo CAGED;2026-10-06T16:53:23.546027+00:00;2025-03;514320;Faxineiro;6;5;1
4119608;Pitanga;PR;Novo CAGED;2026-10-06T16:53:23.546027+00:00;2025-03;514120;Zelador de edifício;6;6;0
4119608;Pitanga;PR;Novo CAGED;2026-10-06T16:53:23.546027+00:00;2025-03;621005;Trabalhador agropecuário em geral;5;15;-10
4119608;Pitanga;PR;Novo CAGED;2026-10-06T16:53:23.546027+00:00;2025-04;other;Outras categorias (agregadas);116;115;1
4119608;Pitanga;PR;Novo CAGED;2026-10-06T16:53:23.546027+00:00;2025-04;521110;Vendedor de comércio varejista;24;19;5
4119608;Pitanga;PR;Novo CAGED;2026-10-06T16:53:23.546027+00:00;2025-04;514225;Trabalhador de serviços de limpeza e conservação de áreas públicas;20;5;15
4119608;Pitanga;PR;Novo CAGED;2026-10-06T16:53:23.546027+00:00;2025-04;411010;Assistente administrativo;17;9;8
4119608;Pitanga;PR;Novo CAGED;2026-10-06T16:53:23.546027+00:00;2025-04;782510;Motorista de caminhão (rotas regionais e internacionais);14;13;1
4119608;Pitanga;PR;Novo CAGED;2026-10-06T16:53:23.546027+00:00;2025-04;421125;Operador de caixa;11;8;3
4119608;Pitanga;PR;Novo CAGED;2026-10-06T16:53:23.546027+00:00;2025-04;724205;Montador de estruturas metálicas;10;16;-6
4119608;Pitanga;PR;Novo CAGED;2026-10-06T16:53:23.546027+00:00;2025-04;621005;Trabalhador agropecuário em geral;10;8;2
4119608;Pitanga;PR;Novo CAGED;2026-10-06T16:53:23.546027+00:00;2025-04;411005;Auxiliar de escritório;8;8;0
4119608;Pitanga;PR;Novo CAGED;2026-10-06T16:53:23.546027+00:00;2025-04;521125;Repositor de mercadorias;7;10;-3
4119608;Pitanga;PR;Novo CAGED;2026-10-06T16:53:23.546027+00:00;2025-04;914405;Mecânico de manutenção de automóveis, motocicletas e veículos similares;6;6;0
4119608;Pitanga;PR;Novo CAGED;2026-10-06T16:53:23.546027+00:00;2025-04;514320;Faxineiro;5;6;-1
4119608;Pitanga;PR;Novo CAGED;2026-10-06T16:53:23.546027+00:00;2025-04;717020;Servente de obras;5;5;0
4119608;Pitanga;PR;Novo CAGED;2026-10-06T16:53:23.546027+00:00;2025-05;other;Outras categorias (agregadas);153;124;29
4119608;Pitanga;PR;Novo CAGED;2026-10-06T16:53:23.546027+00:00;2025-05;724205;Montador de estruturas metálicas;19;6;13
4119608;Pitanga;PR;Novo CAGED;2026-10-06T16:53:23.546027+00:00;2025-05;411010;Assistente administrativo;18;21;-3
4119608;Pitanga;PR;Novo CAGED;2026-10-06T16:53:23.546027+00:00;2025-05;782510;Motorista de caminhão (rotas regionais e internacionais);16;17;-1
4119608;Pitanga;PR;Novo CAGED;2026-10-06T16:53:23.546027+00:00;2025-05;521110;Vendedor de comércio varejista;10;26;-16
4119608;Pitanga;PR;Novo CAGED;2026-10-06T16:53:23.546027+00:00;2025-05;784205;Alimentador de linha de produção;9;5;4
4119608;Pitanga;PR;Novo CAGED;2026-10-06T16:53:23.546027+00:00;2025-05;421125;Operador de caixa;9;11;-2
4119608;Pitanga;PR;Novo CAGED;2026-10-06T16:53:23.546027+00:00;2025-05;621005;Trabalhador agropecuário em geral;7;11;-4
4119608;Pitanga;PR;Novo CAGED;2026-10-06T16:53:23.546027+00:00;2025-05;411005;Auxiliar de escritório;6;10;-4
4119608;Pitanga;PR;Novo CAGED;2026-10-06T16:53:23.546027+00:00;2025-05;514320;Faxineiro;5;5;0
4119608;Pitanga;PR;Novo CAGED;2026-10-06T16:53:23.546027+00:00;2025-05;514225;Trabalhador de serviços de limpeza e conservação de áreas públicas;5;9;-4
4119608;Pitanga;PR;Novo CAGED;2026-10-06T16:53:23.546027+00:00;2025-05;514120;Zelador de edifício;5;5;0
4119608;Pitanga;PR;Novo CAGED;2026-10-06T16:53:23.546027+00:00;2025-05;833125;Operador de prensa de embutir papelão;0;6;-6
4119608;Pitanga;PR;Novo CAGED;2026-10-06T16:53:23.546027+00:00;2025-06;other;Outras categorias (agregadas);139;133;6
4119608;Pitanga;PR;Novo CAGED;2026-10-06T16:53:23.546027+00:00;2025-06;521110;Vendedor de comércio varejista;22;15;7
4119608;Pitanga;PR;Novo CAGED;2026-10-06T16:53:23.546027+00:00;2025-06;621005;Trabalhador agropecuário em geral;16;7;9
4119608;Pitanga;PR;Novo CAGED;2026-10-06T16:53:23.546027+00:00;2025-06;421125;Operador de caixa;10;14;-4
4119608;Pitanga;PR;Novo CAGED;2026-10-06T16:53:23.546027+00:00;2025-06;784205;Alimentador de linha de produção;8;5;3
4119608;Pitanga;PR;Novo CAGED;2026-10-06T16:53:23.546027+00:00;2025-06;411005;Auxiliar de escritório;8;9;-1
4119608;Pitanga;PR;Novo CAGED;2026-10-06T16:53:23.546027+00:00;2025-06;514320;Faxineiro;6;6;0
4119608;Pitanga;PR;Novo CAGED;2026-10-06T16:53:23.546027+00:00;2025-06;724205;Montador de estruturas metálicas;6;7;-1
4119608;Pitanga;PR;Novo CAGED;2026-10-06T16:53:23.546027+00:00;2025-06;782510;Motorista de caminhão (rotas regionais e internacionais);5;11;-6
4119608;Pitanga;PR;Novo CAGED;2026-10-06T16:53:23.546027+00:00;2025-06;521125;Repositor de mercadorias;5;8;-3
4119608;Pitanga;PR;Novo CAGED;2026-10-06T16:53:23.546027+00:00;2025-07;other;Outras categorias (agregadas);137;104;33
4119608;Pitanga;PR;Novo CAGED;2026-10-06T16:53:23.546027+00:00;2025-07;411010;Assistente administrativo;33;14;19
4119608;Pitanga;PR;Novo CAGED;2026-10-06T16:53:23.546027+00:00;2025-07;521110;Vendedor de comércio varejista;25;20;5
4119608;Pitanga;PR;Novo CAGED;2026-10-06T16:53:23.546027+00:00;2025-07;421125;Operador de caixa;15;12;3
4119608;Pitanga;PR;Novo CAGED;2026-10-06T16:53:23.546027+00:00;2025-07;782510;Motorista de caminhão (rotas regionais e internacionais);14;10;4
4119608;Pitanga;PR;Novo CAGED;2026-10-06T16:53:23.546027+00:00;2025-07;784205;Alimentador de linha de produção;12;5;7
4119608;Pitanga;PR;Novo CAGED;2026-10-06T16:53:23.546027+00:00;2025-07;411005;Auxiliar de escritório;12;6;6
4119608;Pitanga;PR;Novo CAGED;2026-10-06T16:53:23.546027+00:00;2025-07;621005;Trabalhador agropecuário em geral;11;12;-1
4119608;Pitanga;PR;Novo CAGED;2026-10-06T16:53:23.546027+00:00;2025-07;514225;Trabalhador de serviços de limpeza e conservação de áreas públicas;8;8;0
4119608;Pitanga;PR;Novo CAGED;2026-10-06T16:53:23.546027+00:00;2025-07;514320;Faxineiro;6;9;-3
4119608;Pitanga;PR;Novo CAGED;2026-10-06T16:53:23.546027+00:00;2025-07;724205;Montador de estruturas metálicas;6;10;-4
4119608;Pitanga;PR;Novo CAGED;2026-10-06T16:53:23.546027+00:00;2025-07;414110;Armazenista;0;5;-5
4119608;Pitanga;PR;Novo CAGED;2026-10-06T16:53:23.546027+00:00;2025-08;other;Outras categorias (agregadas);120;146;-26
4119608;Pitanga;PR;Novo CAGED;2026-10-06T16:53:23.546027+00:00;2025-08;782510;Motorista de caminhão (rotas regionais e internacionais);20;10;10
4119608;Pitanga;PR;Novo CAGED;2026-10-06T16:53:23.546027+00:00;2025-08;521110;Vendedor de comércio varejista;18;17;1
4119608;Pitanga;PR;Novo CAGED;2026-10-06T16:53:23.546027+00:00;2025-08;521125;Repositor de mercadorias;11;16;-5
4119608;Pitanga;PR;Novo CAGED;2026-10-06T16:53:23.546027+00:00;2025-08;411010;Assistente administrativo;7;8;-1
4119608;Pitanga;PR;Novo CAGED;2026-10-06T16:53:23.546027+00:00;2025-08;411005;Auxiliar de escritório;7;8;-1
4119608;Pitanga;PR;Novo CAGED;2026-10-06T16:53:23.546027+00:00;2025-08;421125;Operador de caixa;7;10;-3
4119608;Pitanga;PR;Novo CAGED;2026-10-06T16:53:23.546027+00:00;2025-08;621005;Trabalhador agropecuário em geral;7;11;-4
4119608;Pitanga;PR;Novo CAGED;2026-10-06T16:53:23.546027+00:00;2025-08;783225;Ajudante de motorista;5;5;0
4119608;Pitanga;PR;Novo CAGED;2026-10-06T16:53:23.546027+00:00;2025-08;414140;Auxiliar de logistica;5;0;5
4119608;Pitanga;PR;Novo CAGED;2026-10-06T16:53:23.546027+00:00;2025-09;other;Outras categorias (agregadas);161;135;26
4119608;Pitanga;PR;Novo CAGED;2026-10-06T16:53:23.546027+00:00;2025-09;521110;Vendedor de comércio varejista;24;17;7
4119608;Pitanga;PR;Novo CAGED;2026-10-06T16:53:23.546027+00:00;2025-09;621005;Trabalhador agropecuário em geral;20;6;14
4119608;Pitanga;PR;Novo CAGED;2026-10-06T16:53:23.546027+00:00;2025-09;521125;Repositor de mercadorias;13;7;6
4119608;Pitanga;PR;Novo CAGED;2026-10-06T16:53:23.546027+00:00;2025-09;421125;Operador de caixa;9;10;-1
4119608;Pitanga;PR;Novo CAGED;2026-10-06T16:53:23.546027+00:00;2025-09;783225;Ajudante de motorista;8;8;0
4119608;Pitanga;PR;Novo CAGED;2026-10-06T16:53:23.546027+00:00;2025-09;784205;Alimentador de linha de produção;8;10;-2
4119608;Pitanga;PR;Novo CAGED;2026-10-06T16:53:23.546027+00:00;2025-09;411010;Assistente administrativo;8;9;-1
4119608;Pitanga;PR;Novo CAGED;2026-10-06T16:53:23.546027+00:00;2025-09;782510;Motorista de caminhão (rotas regionais e internacionais);8;13;-5
4119608;Pitanga;PR;Novo CAGED;2026-10-06T16:53:23.546027+00:00;2025-09;514320;Faxineiro;6;8;-2
4119608;Pitanga;PR;Novo CAGED;2026-10-06T16:53:23.546027+00:00;2025-10;other;Outras categorias (agregadas);133;129;4
4119608;Pitanga;PR;Novo CAGED;2026-10-06T16:53:23.546027+00:00;2025-10;724205;Montador de estruturas metálicas;27;7;20
4119608;Pitanga;PR;Novo CAGED;2026-10-06T16:53:23.546027+00:00;2025-10;521110;Vendedor de comércio varejista;22;20;2
4119608;Pitanga;PR;Novo CAGED;2026-10-06T16:53:23.546027+00:00;2025-10;783225;Ajudante de motorista;10;5;5
4119608;Pitanga;PR;Novo CAGED;2026-10-06T16:53:23.546027+00:00;2025-10;521125;Repositor de mercadorias;10;8;2
4119608;Pitanga;PR;Novo CAGED;2026-10-06T16:53:23.546027+00:00;2025-10;411010;Assistente administrativo;9;12;-3
4119608;Pitanga;PR;Novo CAGED;2026-10-06T16:53:23.546027+00:00;2025-10;782510;Motorista de caminhão (rotas regionais e internacionais);9;14;-5
4119608;Pitanga;PR;Novo CAGED;2026-10-06T16:53:23.546027+00:00;2025-10;421125;Operador de caixa;8;14;-6
4119608;Pitanga;PR;Novo CAGED;2026-10-06T16:53:23.546027+00:00;2025-10;621005;Trabalhador agropecuário em geral;8;14;-6
4119608;Pitanga;PR;Novo CAGED;2026-10-06T16:53:23.546027+00:00;2025-10;724220;Preparador de estruturas metálicas;6;0;6
4119608;Pitanga;PR;Novo CAGED;2026-10-06T16:53:23.546027+00:00;2025-10;411005;Auxiliar de escritório;5;7;-2
4119608;Pitanga;PR;Novo CAGED;2026-10-06T16:53:23.546027+00:00;2025-11;other;Outras categorias (agregadas);124;128;-4
4119608;Pitanga;PR;Novo CAGED;2026-10-06T16:53:23.546027+00:00;2025-11;521110;Vendedor de comércio varejista;18;16;2
4119608;Pitanga;PR;Novo CAGED;2026-10-06T16:53:23.546027+00:00;2025-11;521125;Repositor de mercadorias;11;7;4
4119608;Pitanga;PR;Novo CAGED;2026-10-06T16:53:23.546027+00:00;2025-11;411010;Assistente administrativo;9;8;1
4119608;Pitanga;PR;Novo CAGED;2026-10-06T16:53:23.546027+00:00;2025-11;782510;Motorista de caminhão (rotas regionais e internacionais);9;13;-4
4119608;Pitanga;PR;Novo CAGED;2026-10-06T16:53:23.546027+00:00;2025-11;621005;Trabalhador agropecuário em geral;9;10;-1
4119608;Pitanga;PR;Novo CAGED;2026-10-06T16:53:23.546027+00:00;2025-11;411005;Auxiliar de escritório;8;9;-1
4119608;Pitanga;PR;Novo CAGED;2026-10-06T16:53:23.546027+00:00;2025-11;717020;Servente de obras;8;9;-1
4119608;Pitanga;PR;Novo CAGED;2026-10-06T16:53:23.546027+00:00;2025-11;421125;Operador de caixa;7;8;-1
4119608;Pitanga;PR;Novo CAGED;2026-10-06T16:53:23.546027+00:00;2025-12;other;Outras categorias (agregadas);101;182;-81
4119608;Pitanga;PR;Novo CAGED;2026-10-06T16:53:23.546027+00:00;2025-12;521110;Vendedor de comércio varejista;18;23;-5
4119608;Pitanga;PR;Novo CAGED;2026-10-06T16:53:23.546027+00:00;2025-12;411010;Assistente administrativo;13;9;4
4119608;Pitanga;PR;Novo CAGED;2026-10-06T16:53:23.546027+00:00;2025-12;514320;Faxineiro;10;12;-2
4119608;Pitanga;PR;Novo CAGED;2026-10-06T16:53:23.546027+00:00;2025-12;421125;Operador de caixa;8;10;-2
4119608;Pitanga;PR;Novo CAGED;2026-10-06T16:53:23.546027+00:00;2025-12;621005;Trabalhador agropecuário em geral;8;8;0
4119608;Pitanga;PR;Novo CAGED;2026-10-06T16:53:23.546027+00:00;2025-12;521125;Repositor de mercadorias;5;5;0
4119608;Pitanga;PR;Novo CAGED;2026-10-06T16:53:23.546027+00:00;2025-12;992225;Auxiliar geral de conservação de vias permanentes (exceto trilhos);0;5;-5
4119608;Pitanga;PR;Novo CAGED;2026-10-06T16:53:23.546027+00:00;2025-12;333105;Instrutor de auto-escola;0;6;-6
4119608;Pitanga;PR;Novo CAGED;2026-10-06T16:53:23.546027+00:00;2025-12;724220;Preparador de estruturas metálicas;0;5;-5
4119608;Pitanga;PR;Novo CAGED;2026-10-06T16:53:23.546027+00:00;2026-01;other;Outras categorias (agregadas);120;134;-14
4119608;Pitanga;PR;Novo CAGED;2026-10-06T16:53:23.546027+00:00;2026-01;521110;Vendedor de comércio varejista;27;21;6
4119608;Pitanga;PR;Novo CAGED;2026-10-06T16:53:23.546027+00:00;2026-01;411005;Auxiliar de escritório;12;12;0
4119608;Pitanga;PR;Novo CAGED;2026-10-06T16:53:23.546027+00:00;2026-01;782510;Motorista de caminhão (rotas regionais e internacionais);11;14;-3
4119608;Pitanga;PR;Novo CAGED;2026-10-06T16:53:23.546027+00:00;2026-01;521125;Repositor de mercadorias;10;5;5
4119608;Pitanga;PR;Novo CAGED;2026-10-06T16:53:23.546027+00:00;2026-01;421125;Operador de caixa;8;14;-6
4119608;Pitanga;PR;Novo CAGED;2026-10-06T16:53:23.546027+00:00;2026-01;783225;Ajudante de motorista;7;6;1
4119608;Pitanga;PR;Novo CAGED;2026-10-06T16:53:23.546027+00:00;2026-01;411010;Assistente administrativo;6;6;0
4119608;Pitanga;PR;Novo CAGED;2026-10-06T16:53:23.546027+00:00;2026-01;724205;Montador de estruturas metálicas;5;7;-2
4119608;Pitanga;PR;Novo CAGED;2026-10-06T16:53:23.546027+00:00;2026-01;621005;Trabalhador agropecuário em geral;5;8;-3
4119608;Pitanga;PR;Novo CAGED;2026-10-06T16:53:23.546027+00:00;2026-02;other;Outras categorias (agregadas);196;138;58
4119608;Pitanga;PR;Novo CAGED;2026-10-06T16:53:23.546027+00:00;2026-02;521110;Vendedor de comércio varejista;16;24;-8
4119608;Pitanga;PR;Novo CAGED;2026-10-06T16:53:23.546027+00:00;2026-02;411005;Auxiliar de escritório;14;9;5
4119608;Pitanga;PR;Novo CAGED;2026-10-06T16:53:23.546027+00:00;2026-02;782510;Motorista de caminhão (rotas regionais e internacionais);12;16;-4
4119608;Pitanga;PR;Novo CAGED;2026-10-06T16:53:23.546027+00:00;2026-02;621005;Trabalhador agropecuário em geral;12;13;-1
4119608;Pitanga;PR;Novo CAGED;2026-10-06T16:53:23.546027+00:00;2026-02;411010;Assistente administrativo;11;13;-2
4119608;Pitanga;PR;Novo CAGED;2026-10-06T16:53:23.546027+00:00;2026-02;521125;Repositor de mercadorias;10;20;-10
4119608;Pitanga;PR;Novo CAGED;2026-10-06T16:53:23.546027+00:00;2026-02;514120;Zelador de edifício;9;8;1
4119608;Pitanga;PR;Novo CAGED;2026-10-06T16:53:23.546027+00:00;2026-02;724205;Montador de estruturas metálicas;6;7;-1
4119608;Pitanga;PR;Novo CAGED;2026-10-06T16:53:23.546027+00:00;2026-02;783225;Ajudante de motorista;5;5;0
4119608;Pitanga;PR;Novo CAGED;2026-10-06T16:53:23.546027+00:00;2026-02;513505;Auxiliar nos serviços de alimentação;5;5;0
4119608;Pitanga;PR;Novo CAGED;2026-10-06T16:53:23.546027+00:00;2026-03;other;Outras categorias (agregadas);171;144;27
4119608;Pitanga;PR;Novo CAGED;2026-10-06T16:53:23.546027+00:00;2026-03;521110;Vendedor de comércio varejista;33;21;12
4119608;Pitanga;PR;Novo CAGED;2026-10-06T16:53:23.546027+00:00;2026-03;782510;Motorista de caminhão (rotas regionais e internacionais);21;12;9
4119608;Pitanga;PR;Novo CAGED;2026-10-06T16:53:23.546027+00:00;2026-03;411005;Auxiliar de escritório;13;10;3
4119608;Pitanga;PR;Novo CAGED;2026-10-06T16:53:23.546027+00:00;2026-03;521125;Repositor de mercadorias;13;5;8
4119608;Pitanga;PR;Novo CAGED;2026-10-06T16:53:23.546027+00:00;2026-03;621005;Trabalhador agropecuário em geral;13;11;2
4119608;Pitanga;PR;Novo CAGED;2026-10-06T16:53:23.546027+00:00;2026-03;514120;Zelador de edifício;12;6;6
4119608;Pitanga;PR;Novo CAGED;2026-10-06T16:53:23.546027+00:00;2026-03;411010;Assistente administrativo;9;13;-4
4119608;Pitanga;PR;Novo CAGED;2026-10-06T16:53:23.546027+00:00;2026-03;421125;Operador de caixa;9;13;-4
4119608;Pitanga;PR;Novo CAGED;2026-10-06T16:53:23.546027+00:00;2026-03;514225;Trabalhador de serviços de limpeza e conservação de áreas públicas;9;5;4
4119608;Pitanga;PR;Novo CAGED;2026-10-06T16:53:23.546027+00:00;2026-03;514320;Faxineiro;7;5;2
4119608;Pitanga;PR;Novo CAGED;2026-10-06T16:53:23.546027+00:00;2026-03;784205;Alimentador de linha de produção;5;6;-1
4119608;Pitanga;PR;Novo CAGED;2026-10-06T16:53:23.546027+00:00;2026-03;848510;Açougueiro;5;5;0
4119608;Pitanga;PR;Novo CAGED;2026-10-06T16:53:23.546027+00:00;2026-04;other;Outras categorias (agregadas);132;161;-29
4119608;Pitanga;PR;Novo CAGED;2026-10-06T16:53:23.546027+00:00;2026-04;621005;Trabalhador agropecuário em geral;19;12;7
4119608;Pitanga;PR;Novo CAGED;2026-10-06T16:53:23.546027+00:00;2026-04;521110;Vendedor de comércio varejista;19;27;-8
4119608;Pitanga;PR;Novo CAGED;2026-10-06T16:53:23.546027+00:00;2026-04;411010;Assistente administrativo;14;13;1
4119608;Pitanga;PR;Novo CAGED;2026-10-06T16:53:23.546027+00:00;2026-04;421125;Operador de caixa;11;9;2
4119608;Pitanga;PR;Novo CAGED;2026-10-06T16:53:23.546027+00:00;2026-04;411025;Auxiliar de cartório;10;10;0
4119608;Pitanga;PR;Novo CAGED;2026-10-06T16:53:23.546027+00:00;2026-04;514320;Faxineiro;10;8;2
4119608;Pitanga;PR;Novo CAGED;2026-10-06T16:53:23.546027+00:00;2026-04;782510;Motorista de caminhão (rotas regionais e internacionais);10;14;-4
4119608;Pitanga;PR;Novo CAGED;2026-10-06T16:53:23.546027+00:00;2026-04;519215;Operador de prensa de material reciclável;9;10;-1
4119608;Pitanga;PR;Novo CAGED;2026-10-06T16:53:23.546027+00:00;2026-04;717020;Servente de obras;9;8;1
4119608;Pitanga;PR;Novo CAGED;2026-10-06T16:53:23.546027+00:00;2026-04;783225;Ajudante de motorista;6;7;-1
4119608;Pitanga;PR;Novo CAGED;2026-10-06T16:53:23.546027+00:00;2026-05;other;Outras categorias (agregadas);117;106;11
4119608;Pitanga;PR;Novo CAGED;2026-10-06T16:53:23.546027+00:00;2026-05;521110;Vendedor de comércio varejista;22;32;-10
4119608;Pitanga;PR;Novo CAGED;2026-10-06T16:53:23.546027+00:00;2026-05;421125;Operador de caixa;15;15;0
4119608;Pitanga;PR;Novo CAGED;2026-10-06T16:53:23.546027+00:00;2026-05;521125;Repositor de mercadorias;15;6;9
4119608;Pitanga;PR;Novo CAGED;2026-10-06T16:53:23.546027+00:00;2026-05;782510;Motorista de caminhão (rotas regionais e internacionais);14;13;1
4119608;Pitanga;PR;Novo CAGED;2026-10-06T16:53:23.546027+00:00;2026-05;783225;Ajudante de motorista;13;10;3
4119608;Pitanga;PR;Novo CAGED;2026-10-06T16:53:23.546027+00:00;2026-05;784205;Alimentador de linha de produção;12;5;7
4119608;Pitanga;PR;Novo CAGED;2026-10-06T16:53:23.546027+00:00;2026-05;411005;Auxiliar de escritório;12;7;5
4119608;Pitanga;PR;Novo CAGED;2026-10-06T16:53:23.546027+00:00;2026-05;411010;Assistente administrativo;9;11;-2
4119608;Pitanga;PR;Novo CAGED;2026-10-06T16:53:23.546027+00:00;2026-05;514120;Zelador de edifício;8;6;2
4119608;Pitanga;PR;Novo CAGED;2026-10-06T16:53:23.546027+00:00;2026-05;519215;Operador de prensa de material reciclável;7;7;0
4119608;Pitanga;PR;Novo CAGED;2026-10-06T16:53:23.546027+00:00;2026-05;724205;Montador de estruturas metálicas;5;6;-1
4119608;Pitanga;PR;Novo CAGED;2026-10-06T16:53:23.546027+00:00;2026-05;621005;Trabalhador agropecuário em geral;5;9;-4
4119608;Pitanga;PR;Novo CAGED;2026-10-06T16:53:23.546027+00:00;2026-06;other;Outras categorias (agregadas);109;123;-14
4119608;Pitanga;PR;Novo CAGED;2026-10-06T16:53:23.546027+00:00;2026-06;521110;Vendedor de comércio varejista;18;20;-2
4119608;Pitanga;PR;Novo CAGED;2026-10-06T16:53:23.546027+00:00;2026-06;411005;Auxiliar de escritório;15;5;10
4119608;Pitanga;PR;Novo CAGED;2026-10-06T16:53:23.546027+00:00;2026-06;421125;Operador de caixa;15;17;-2
4119608;Pitanga;PR;Novo CAGED;2026-10-06T16:53:23.546027+00:00;2026-06;411010;Assistente administrativo;12;9;3
4119608;Pitanga;PR;Novo CAGED;2026-10-06T16:53:23.546027+00:00;2026-06;783225;Ajudante de motorista;11;7;4
4119608;Pitanga;PR;Novo CAGED;2026-10-06T16:53:23.546027+00:00;2026-06;782510;Motorista de caminhão (rotas regionais e internacionais);11;17;-6
4119608;Pitanga;PR;Novo CAGED;2026-10-06T16:53:23.546027+00:00;2026-06;784205;Alimentador de linha de produção;5;6;-1
4119608;Pitanga;PR;Novo CAGED;2026-10-06T16:53:23.546027+00:00;2026-06;521125;Repositor de mercadorias;5;10;-5
4119608;Pitanga;PR;Novo CAGED;2026-10-06T16:53:23.546027+00:00;2026-06;519205;Catador de material reciclável;0;6;-6
4119608;Pitanga;PR;Novo CAGED;2026-10-06T16:53:23.546027+00:00;2026-06;519215;Operador de prensa de material reciclável;0;5;-5
4119608;Pitanga;PR;Novo CAGED;2026-10-06T16:53:23.546027+00:00;2026-07;other;Outras categorias (agregadas);151;109;42
4119608;Pitanga;PR;Novo CAGED;2026-10-06T16:53:23.546027+00:00;2026-07;782510;Motorista de caminhão (rotas regionais e internacionais);23;13;10
4119608;Pitanga;PR;Novo CAGED;2026-10-06T16:53:23.546027+00:00;2026-07;521110;Vendedor de comércio varejista;21;14;7
4119608;Pitanga;PR;Novo CAGED;2026-10-06T16:53:23.546027+00:00;2026-07;521125;Repositor de mercadorias;12;9;3
4119608;Pitanga;PR;Novo CAGED;2026-10-06T16:53:23.546027+00:00;2026-07;421125;Operador de caixa;11;7;4
4119608;Pitanga;PR;Novo CAGED;2026-10-06T16:53:23.546027+00:00;2026-07;717020;Servente de obras;9;7;2
4119608;Pitanga;PR;Novo CAGED;2026-10-06T16:53:23.546027+00:00;2026-07;621005;Trabalhador agropecuário em geral;9;6;3
4119608;Pitanga;PR;Novo CAGED;2026-10-06T16:53:23.546027+00:00;2026-07;783225;Ajudante de motorista;8;10;-2
4119608;Pitanga;PR;Novo CAGED;2026-10-06T16:53:23.546027+00:00;2026-07;519215;Operador de prensa de material reciclável;8;18;-10
4119608;Pitanga;PR;Novo CAGED;2026-10-06T16:53:23.546027+00:00;2026-07;411010;Assistente administrativo;7;8;-1
4119608;Pitanga;PR;Novo CAGED;2026-10-06T16:53:23.546027+00:00;2026-07;411005;Auxiliar de escritório;7;7;0
4119608;Pitanga;PR;Novo CAGED;2026-10-06T16:53:23.546027+00:00;2026-07;521130;Atendente de farmácia - balconista;6;0;6
4119608;Pitanga;PR;Novo CAGED;2026-10-06T16:53:23.546027+00:00;2026-08;other;Outras categorias (agregadas);150;115;35
4119608;Pitanga;PR;Novo CAGED;2026-10-06T16:53:23.546027+00:00;2026-08;782510;Motorista de caminhão (rotas regionais e internacionais);28;14;14
4119608;Pitanga;PR;Novo CAGED;2026-10-06T16:53:23.546027+00:00;2026-08;411010;Assistente administrativo;22;7;15
4119608;Pitanga;PR;Novo CAGED;2026-10-06T16:53:23.546027+00:00;2026-08;521125;Repositor de mercadorias;18;13;5
4119608;Pitanga;PR;Novo CAGED;2026-10-06T16:53:23.546027+00:00;2026-08;421125;Operador de caixa;15;13;2
4119608;Pitanga;PR;Novo CAGED;2026-10-06T16:53:23.546027+00:00;2026-08;521110;Vendedor de comércio varejista;15;13;2
4119608;Pitanga;PR;Novo CAGED;2026-10-06T16:53:23.546027+00:00;2026-08;621005;Trabalhador agropecuário em geral;10;14;-4
4119608;Pitanga;PR;Novo CAGED;2026-10-06T16:53:23.546027+00:00;2026-08;783225;Ajudante de motorista;8;9;-1
4119608;Pitanga;PR;Novo CAGED;2026-10-06T16:53:23.546027+00:00;2026-08;411005;Auxiliar de escritório;8;13;-5
4119608;Pitanga;PR;Novo CAGED;2026-10-06T16:53:23.546027+00:00;2026-08;784205;Alimentador de linha de produção;7;7;0
4119608;Pitanga;PR;Novo CAGED;2026-10-06T16:53:23.546027+00:00;2026-08;514320;Faxineiro;7;10;-3
4113254;Laranjal;PR;Novo CAGED;2026-10-06T16:53:23.546027+00:00;2025-01;other;Outras categorias (agregadas);6;9;-3
4113254;Laranjal;PR;Novo CAGED;2026-10-06T16:53:23.546027+00:00;2025-02;other;Outras categorias (agregadas);12;5;7
4113254;Laranjal;PR;Novo CAGED;2026-10-06T16:53:23.546027+00:00;2025-03;other;Outras categorias (agregadas);12;5;7
4113254;Laranjal;PR;Novo CAGED;2026-10-06T16:53:23.546027+00:00;2025-03;622020;Trabalhador volante da agricultura;8;0;8
4113254;Laranjal;PR;Novo CAGED;2026-10-06T16:53:23.546027+00:00;2025-04;other;Outras categorias (agregadas);6;9;-3
4113254;Laranjal;PR;Novo CAGED;2026-10-06T16:53:23.546027+00:00;2025-05;other;Outras categorias (agregadas);17;16;1
4113254;Laranjal;PR;Novo CAGED;2026-10-06T16:53:23.546027+00:00;2025-06;other;Outras categorias (agregadas);15;8;7
4113254;Laranjal;PR;Novo CAGED;2026-10-06T16:53:23.546027+00:00;2025-07;other;Outras categorias (agregadas);9;9;0
4113254;Laranjal;PR;Novo CAGED;2026-10-06T16:53:23.546027+00:00;2025-09;other;Outras categorias (agregadas);9;9;0
4113254;Laranjal;PR;Novo CAGED;2026-10-06T16:53:23.546027+00:00;2025-10;other;Outras categorias (agregadas);5;5;0
4113254;Laranjal;PR;Novo CAGED;2026-10-06T16:53:23.546027+00:00;2025-11;other;Outras categorias (agregadas);11;6;5
4113254;Laranjal;PR;Novo CAGED;2026-10-06T16:53:23.546027+00:00;2026-01;other;Outras categorias (agregadas);5;13;-8
4113254;Laranjal;PR;Novo CAGED;2026-10-06T16:53:23.546027+00:00;2026-02;other;Outras categorias (agregadas);16;14;2
4113254;Laranjal;PR;Novo CAGED;2026-10-06T16:53:23.546027+00:00;2026-03;other;Outras categorias (agregadas);13;15;-2
4113254;Laranjal;PR;Novo CAGED;2026-10-06T16:53:23.546027+00:00;2026-04;other;Outras categorias (agregadas);13;9;4
4113254;Laranjal;PR;Novo CAGED;2026-10-06T16:53:23.546027+00:00;2026-05;other;Outras categorias (agregadas);15;6;9
4113254;Laranjal;PR;Novo CAGED;2026-10-06T16:53:23.546027+00:00;2026-06;other;Outras categorias (agregadas);5;11;-6
4113254;Laranjal;PR;Novo CAGED;2026-10-06T16:53:23.546027+00:00;2026-07;other;Outras categorias (agregadas);8;9;-1
4113254;Laranjal;PR;Novo CAGED;2026-10-06T16:53:23.546027+00:00;2026-08;other;Outras categorias (agregadas);19;8;11
