code,state,network,location,stage,metric,value,unit,reference,sourceId,field,status,modality,agency,collectedAt,officialUrl,sourceUrl
4109401,PR,Total,Total,Ensino fundamental,flowApproval,98.7,%,2025,flow-2025,1_CAT_FUN,available,Conforme universo do indicador INEP,INEP,2026-10-06T18:06:37.031241+00:00,https://www.gov.br/inep/pt-br/acesso-a-informacao/dados-abertos/indicadores-educacionais/taxas-de-rendimento-escolar,https://download.inep.gov.br/informacoes_estatisticas/indicadores_educacionais/2025/tx_rend_municipios_2025.zip
4109401,PR,Total,Total,Anos iniciais,flowApproval,98.4,%,2025,flow-2025,1_CAT_FUN_AI,available,Conforme universo do indicador INEP,INEP,2026-10-06T18:06:37.031241+00:00,https://www.gov.br/inep/pt-br/acesso-a-informacao/dados-abertos/indicadores-educacionais/taxas-de-rendimento-escolar,https://download.inep.gov.br/informacoes_estatisticas/indicadores_educacionais/2025/tx_rend_municipios_2025.zip
4109401,PR,Total,Total,Anos finais,flowApproval,99.2,%,2025,flow-2025,1_CAT_FUN_AF,available,Conforme universo do indicador INEP,INEP,2026-10-06T18:06:37.031241+00:00,https://www.gov.br/inep/pt-br/acesso-a-informacao/dados-abertos/indicadores-educacionais/taxas-de-rendimento-escolar,https://download.inep.gov.br/informacoes_estatisticas/indicadores_educacionais/2025/tx_rend_municipios_2025.zip
4109401,PR,Total,Total,Ensino médio,flowApproval,98.8,%,2025,flow-2025,1_CAT_MED,available,Conforme universo do indicador INEP,INEP,2026-10-06T18:06:37.031241+00:00,https://www.gov.br/inep/pt-br/acesso-a-informacao/dados-abertos/indicadores-educacionais/taxas-de-rendimento-escolar,https://download.inep.gov.br/informacoes_estatisticas/indicadores_educacionais/2025/tx_rend_municipios_2025.zip
4109401,PR,Total,Total,Ensino fundamental,flowRepetition,1.3,%,2025,flow-2025,2_CAT_FUN,available,Conforme universo do indicador INEP,INEP,2026-10-06T18:06:37.031241+00:00,https://www.gov.br/inep/pt-br/acesso-a-informacao/dados-abertos/indicadores-educacionais/taxas-de-rendimento-escolar,https://download.inep.gov.br/informacoes_estatisticas/indicadores_educacionais/2025/tx_rend_municipios_2025.zip
4109401,PR,Total,Total,Anos iniciais,flowRepetition,1.6,%,2025,flow-2025,2_CAT_FUN_AI,available,Conforme universo do indicador INEP,INEP,2026-10-06T18:06:37.031241+00:00,https://www.gov.br/inep/pt-br/acesso-a-informacao/dados-abertos/indicadores-educacionais/taxas-de-rendimento-escolar,https://download.inep.gov.br/informacoes_estatisticas/indicadores_educacionais/2025/tx_rend_municipios_2025.zip
4109401,PR,Total,Total,Anos finais,flowRepetition,0.8,%,2025,flow-2025,2_CAT_FUN_AF,available,Conforme universo do indicador INEP,INEP,2026-10-06T18:06:37.031241+00:00,https://www.gov.br/inep/pt-br/acesso-a-informacao/dados-abertos/indicadores-educacionais/taxas-de-rendimento-escolar,https://download.inep.gov.br/informacoes_estatisticas/indicadores_educacionais/2025/tx_rend_municipios_2025.zip
4109401,PR,Total,Total,Ensino médio,flowRepetition,1.2,%,2025,flow-2025,2_CAT_MED,available,Conforme universo do indicador INEP,INEP,2026-10-06T18:06:37.031241+00:00,https://www.gov.br/inep/pt-br/acesso-a-informacao/dados-abertos/indicadores-educacionais/taxas-de-rendimento-escolar,https://download.inep.gov.br/informacoes_estatisticas/indicadores_educacionais/2025/tx_rend_municipios_2025.zip
4109401,PR,Total,Total,Ensino fundamental,flowDropout,0.0,%,2025,flow-2025,3_CAT_FUN,available,Conforme universo do indicador INEP,INEP,2026-10-06T18:06:37.031241+00:00,https://www.gov.br/inep/pt-br/acesso-a-informacao/dados-abertos/indicadores-educacionais/taxas-de-rendimento-escolar,https://download.inep.gov.br/informacoes_estatisticas/indicadores_educacionais/2025/tx_rend_municipios_2025.zip
4109401,PR,Total,Total,Anos iniciais,flowDropout,0.0,%,2025,flow-2025,3_CAT_FUN_AI,available,Conforme universo do indicador INEP,INEP,2026-10-06T18:06:37.031241+00:00,https://www.gov.br/inep/pt-br/acesso-a-informacao/dados-abertos/indicadores-educacionais/taxas-de-rendimento-escolar,https://download.inep.gov.br/informacoes_estatisticas/indicadores_educacionais/2025/tx_rend_municipios_2025.zip
4109401,PR,Total,Total,Anos finais,flowDropout,0.0,%,2025,flow-2025,3_CAT_FUN_AF,available,Conforme universo do indicador INEP,INEP,2026-10-06T18:06:37.031241+00:00,https://www.gov.br/inep/pt-br/acesso-a-informacao/dados-abertos/indicadores-educacionais/taxas-de-rendimento-escolar,https://download.inep.gov.br/informacoes_estatisticas/indicadores_educacionais/2025/tx_rend_municipios_2025.zip
4109401,PR,Total,Total,Ensino médio,flowDropout,0.0,%,2025,flow-2025,3_CAT_MED,available,Conforme universo do indicador INEP,INEP,2026-10-06T18:06:37.031241+00:00,https://www.gov.br/inep/pt-br/acesso-a-informacao/dados-abertos/indicadores-educacionais/taxas-de-rendimento-escolar,https://download.inep.gov.br/informacoes_estatisticas/indicadores_educacionais/2025/tx_rend_municipios_2025.zip
4109401,PR,Total,Urbana,Ensino fundamental,flowApproval,98.7,%,2025,flow-2025,1_CAT_FUN,available,Conforme universo do indicador INEP,INEP,2026-10-06T18:06:37.031241+00:00,https://www.gov.br/inep/pt-br/acesso-a-informacao/dados-abertos/indicadores-educacionais/taxas-de-rendimento-escolar,https://download.inep.gov.br/informacoes_estatisticas/indicadores_educacionais/2025/tx_rend_municipios_2025.zip
4109401,PR,Total,Urbana,Anos iniciais,flowApproval,98.4,%,2025,flow-2025,1_CAT_FUN_AI,available,Conforme universo do indicador INEP,INEP,2026-10-06T18:06:37.031241+00:00,https://www.gov.br/inep/pt-br/acesso-a-informacao/dados-abertos/indicadores-educacionais/taxas-de-rendimento-escolar,https://download.inep.gov.br/informacoes_estatisticas/indicadores_educacionais/2025/tx_rend_municipios_2025.zip
4109401,PR,Total,Urbana,Anos finais,flowApproval,99.2,%,2025,flow-2025,1_CAT_FUN_AF,available,Conforme universo do indicador INEP,INEP,2026-10-06T18:06:37.031241+00:00,https://www.gov.br/inep/pt-br/acesso-a-informacao/dados-abertos/indicadores-educacionais/taxas-de-rendimento-escolar,https://download.inep.gov.br/informacoes_estatisticas/indicadores_educacionais/2025/tx_rend_municipios_2025.zip
4109401,PR,Total,Urbana,Ensino médio,flowApproval,98.7,%,2025,flow-2025,1_CAT_MED,available,Conforme universo do indicador INEP,INEP,2026-10-06T18:06:37.031241+00:00,https://www.gov.br/inep/pt-br/acesso-a-informacao/dados-abertos/indicadores-educacionais/taxas-de-rendimento-escolar,https://download.inep.gov.br/informacoes_estatisticas/indicadores_educacionais/2025/tx_rend_municipios_2025.zip
4109401,PR,Total,Urbana,Ensino fundamental,flowRepetition,1.3,%,2025,flow-2025,2_CAT_FUN,available,Conforme universo do indicador INEP,INEP,2026-10-06T18:06:37.031241+00:00,https://www.gov.br/inep/pt-br/acesso-a-informacao/dados-abertos/indicadores-educacionais/taxas-de-rendimento-escolar,https://download.inep.gov.br/informacoes_estatisticas/indicadores_educacionais/2025/tx_rend_municipios_2025.zip
4109401,PR,Total,Urbana,Anos iniciais,flowRepetition,1.6,%,2025,flow-2025,2_CAT_FUN_AI,available,Conforme universo do indicador INEP,INEP,2026-10-06T18:06:37.031241+00:00,https://www.gov.br/inep/pt-br/acesso-a-informacao/dados-abertos/indicadores-educacionais/taxas-de-rendimento-escolar,https://download.inep.gov.br/informacoes_estatisticas/indicadores_educacionais/2025/tx_rend_municipios_2025.zip
4109401,PR,Total,Urbana,Anos finais,flowRepetition,0.8,%,2025,flow-2025,2_CAT_FUN_AF,available,Conforme universo do indicador INEP,INEP,2026-10-06T18:06:37.031241+00:00,https://www.gov.br/inep/pt-br/acesso-a-informacao/dados-abertos/indicadores-educacionais/taxas-de-rendimento-escolar,https://download.inep.gov.br/informacoes_estatisticas/indicadores_educacionais/2025/tx_rend_municipios_2025.zip
4109401,PR,Total,Urbana,Ensino médio,flowRepetition,1.3,%,2025,flow-2025,2_CAT_MED,available,Conforme universo do indicador INEP,INEP,2026-10-06T18:06:37.031241+00:00,https://www.gov.br/inep/pt-br/acesso-a-informacao/dados-abertos/indicadores-educacionais/taxas-de-rendimento-escolar,https://download.inep.gov.br/informacoes_estatisticas/indicadores_educacionais/2025/tx_rend_municipios_2025.zip
4109401,PR,Total,Urbana,Ensino fundamental,flowDropout,0.0,%,2025,flow-2025,3_CAT_FUN,available,Conforme universo do indicador INEP,INEP,2026-10-06T18:06:37.031241+00:00,https://www.gov.br/inep/pt-br/acesso-a-informacao/dados-abertos/indicadores-educacionais/taxas-de-rendimento-escolar,https://download.inep.gov.br/informacoes_estatisticas/indicadores_educacionais/2025/tx_rend_municipios_2025.zip
4109401,PR,Total,Urbana,Anos iniciais,flowDropout,0.0,%,2025,flow-2025,3_CAT_FUN_AI,available,Conforme universo do indicador INEP,INEP,2026-10-06T18:06:37.031241+00:00,https://www.gov.br/inep/pt-br/acesso-a-informacao/dados-abertos/indicadores-educacionais/taxas-de-rendimento-escolar,https://download.inep.gov.br/informacoes_estatisticas/indicadores_educacionais/2025/tx_rend_municipios_2025.zip
4109401,PR,Total,Urbana,Anos finais,flowDropout,0.0,%,2025,flow-2025,3_CAT_FUN_AF,available,Conforme universo do indicador INEP,INEP,2026-10-06T18:06:37.031241+00:00,https://www.gov.br/inep/pt-br/acesso-a-informacao/dados-abertos/indicadores-educacionais/taxas-de-rendimento-escolar,https://download.inep.gov.br/informacoes_estatisticas/indicadores_educacionais/2025/tx_rend_municipios_2025.zip
4109401,PR,Total,Urbana,Ensino médio,flowDropout,0.0,%,2025,flow-2025,3_CAT_MED,available,Conforme universo do indicador INEP,INEP,2026-10-06T18:06:37.031241+00:00,https://www.gov.br/inep/pt-br/acesso-a-informacao/dados-abertos/indicadores-educacionais/taxas-de-rendimento-escolar,https://download.inep.gov.br/informacoes_estatisticas/indicadores_educacionais/2025/tx_rend_municipios_2025.zip
4109401,PR,Total,Rural,Ensino fundamental,flowApproval,99.1,%,2025,flow-2025,1_CAT_FUN,available,Conforme universo do indicador INEP,INEP,2026-10-06T18:06:37.031241+00:00,https://www.gov.br/inep/pt-br/acesso-a-informacao/dados-abertos/indicadores-educacionais/taxas-de-rendimento-escolar,https://download.inep.gov.br/informacoes_estatisticas/indicadores_educacionais/2025/tx_rend_municipios_2025.zip
4109401,PR,Total,Rural,Anos iniciais,flowApproval,99.4,%,2025,flow-2025,1_CAT_FUN_AI,available,Conforme universo do indicador INEP,INEP,2026-10-06T18:06:37.031241+00:00,https://www.gov.br/inep/pt-br/acesso-a-informacao/dados-abertos/indicadores-educacionais/taxas-de-rendimento-escolar,https://download.inep.gov.br/informacoes_estatisticas/indicadores_educacionais/2025/tx_rend_municipios_2025.zip
4109401,PR,Total,Rural,Anos finais,flowApproval,98.9,%,2025,flow-2025,1_CAT_FUN_AF,available,Conforme universo do indicador INEP,INEP,2026-10-06T18:06:37.031241+00:00,https://www.gov.br/inep/pt-br/acesso-a-informacao/dados-abertos/indicadores-educacionais/taxas-de-rendimento-escolar,https://download.inep.gov.br/informacoes_estatisticas/indicadores_educacionais/2025/tx_rend_municipios_2025.zip
4109401,PR,Total,Rural,Ensino médio,flowApproval,100.0,%,2025,flow-2025,1_CAT_MED,available,Conforme universo do indicador INEP,INEP,2026-10-06T18:06:37.031241+00:00,https://www.gov.br/inep/pt-br/acesso-a-informacao/dados-abertos/indicadores-educacionais/taxas-de-rendimento-escolar,https://download.inep.gov.br/informacoes_estatisticas/indicadores_educacionais/2025/tx_rend_municipios_2025.zip
4109401,PR,Total,Rural,Ensino fundamental,flowRepetition,0.9,%,2025,flow-2025,2_CAT_FUN,available,Conforme universo do indicador INEP,INEP,2026-10-06T18:06:37.031241+00:00,https://www.gov.br/inep/pt-br/acesso-a-informacao/dados-abertos/indicadores-educacionais/taxas-de-rendimento-escolar,https://download.inep.gov.br/informacoes_estatisticas/indicadores_educacionais/2025/tx_rend_municipios_2025.zip
4109401,PR,Total,Rural,Anos iniciais,flowRepetition,0.6,%,2025,flow-2025,2_CAT_FUN_AI,available,Conforme universo do indicador INEP,INEP,2026-10-06T18:06:37.031241+00:00,https://www.gov.br/inep/pt-br/acesso-a-informacao/dados-abertos/indicadores-educacionais/taxas-de-rendimento-escolar,https://download.inep.gov.br/informacoes_estatisticas/indicadores_educacionais/2025/tx_rend_municipios_2025.zip
4109401,PR,Total,Rural,Anos finais,flowRepetition,1.1,%,2025,flow-2025,2_CAT_FUN_AF,available,Conforme universo do indicador INEP,INEP,2026-10-06T18:06:37.031241+00:00,https://www.gov.br/inep/pt-br/acesso-a-informacao/dados-abertos/indicadores-educacionais/taxas-de-rendimento-escolar,https://download.inep.gov.br/informacoes_estatisticas/indicadores_educacionais/2025/tx_rend_municipios_2025.zip
4109401,PR,Total,Rural,Ensino médio,flowRepetition,0.0,%,2025,flow-2025,2_CAT_MED,available,Conforme universo do indicador INEP,INEP,2026-10-06T18:06:37.031241+00:00,https://www.gov.br/inep/pt-br/acesso-a-informacao/dados-abertos/indicadores-educacionais/taxas-de-rendimento-escolar,https://download.inep.gov.br/informacoes_estatisticas/indicadores_educacionais/2025/tx_rend_municipios_2025.zip
4109401,PR,Total,Rural,Ensino fundamental,flowDropout,0.0,%,2025,flow-2025,3_CAT_FUN,available,Conforme universo do indicador INEP,INEP,2026-10-06T18:06:37.031241+00:00,https://www.gov.br/inep/pt-br/acesso-a-informacao/dados-abertos/indicadores-educacionais/taxas-de-rendimento-escolar,https://download.inep.gov.br/informacoes_estatisticas/indicadores_educacionais/2025/tx_rend_municipios_2025.zip
4109401,PR,Total,Rural,Anos iniciais,flowDropout,0.0,%,2025,flow-2025,3_CAT_FUN_AI,available,Conforme universo do indicador INEP,INEP,2026-10-06T18:06:37.031241+00:00,https://www.gov.br/inep/pt-br/acesso-a-informacao/dados-abertos/indicadores-educacionais/taxas-de-rendimento-escolar,https://download.inep.gov.br/informacoes_estatisticas/indicadores_educacionais/2025/tx_rend_municipios_2025.zip
4109401,PR,Total,Rural,Anos finais,flowDropout,0.0,%,2025,flow-2025,3_CAT_FUN_AF,available,Conforme universo do indicador INEP,INEP,2026-10-06T18:06:37.031241+00:00,https://www.gov.br/inep/pt-br/acesso-a-informacao/dados-abertos/indicadores-educacionais/taxas-de-rendimento-escolar,https://download.inep.gov.br/informacoes_estatisticas/indicadores_educacionais/2025/tx_rend_municipios_2025.zip
4109401,PR,Total,Rural,Ensino médio,flowDropout,0.0,%,2025,flow-2025,3_CAT_MED,available,Conforme universo do indicador INEP,INEP,2026-10-06T18:06:37.031241+00:00,https://www.gov.br/inep/pt-br/acesso-a-informacao/dados-abertos/indicadores-educacionais/taxas-de-rendimento-escolar,https://download.inep.gov.br/informacoes_estatisticas/indicadores_educacionais/2025/tx_rend_municipios_2025.zip
4109401,PR,Estadual,Total,Ensino fundamental,flowApproval,99.2,%,2025,flow-2025,1_CAT_FUN,available,Conforme universo do indicador INEP,INEP,2026-10-06T18:06:37.031241+00:00,https://www.gov.br/inep/pt-br/acesso-a-informacao/dados-abertos/indicadores-educacionais/taxas-de-rendimento-escolar,https://download.inep.gov.br/informacoes_estatisticas/indicadores_educacionais/2025/tx_rend_municipios_2025.zip
4109401,PR,Estadual,Total,Anos iniciais,flowApproval,,%,2025,flow-2025,1_CAT_FUN_AI,notDisclosed,Conforme universo do indicador INEP,INEP,2026-10-06T18:06:37.031241+00:00,https://www.gov.br/inep/pt-br/acesso-a-informacao/dados-abertos/indicadores-educacionais/taxas-de-rendimento-escolar,https://download.inep.gov.br/informacoes_estatisticas/indicadores_educacionais/2025/tx_rend_municipios_2025.zip
4109401,PR,Estadual,Total,Anos finais,flowApproval,99.2,%,2025,flow-2025,1_CAT_FUN_AF,available,Conforme universo do indicador INEP,INEP,2026-10-06T18:06:37.031241+00:00,https://www.gov.br/inep/pt-br/acesso-a-informacao/dados-abertos/indicadores-educacionais/taxas-de-rendimento-escolar,https://download.inep.gov.br/informacoes_estatisticas/indicadores_educacionais/2025/tx_rend_municipios_2025.zip
4109401,PR,Estadual,Total,Ensino médio,flowApproval,98.9,%,2025,flow-2025,1_CAT_MED,available,Conforme universo do indicador INEP,INEP,2026-10-06T18:06:37.031241+00:00,https://www.gov.br/inep/pt-br/acesso-a-informacao/dados-abertos/indicadores-educacionais/taxas-de-rendimento-escolar,https://download.inep.gov.br/informacoes_estatisticas/indicadores_educacionais/2025/tx_rend_municipios_2025.zip
4109401,PR,Estadual,Total,Ensino fundamental,flowRepetition,0.8,%,2025,flow-2025,2_CAT_FUN,available,Conforme universo do indicador INEP,INEP,2026-10-06T18:06:37.031241+00:00,https://www.gov.br/inep/pt-br/acesso-a-informacao/dados-abertos/indicadores-educacionais/taxas-de-rendimento-escolar,https://download.inep.gov.br/informacoes_estatisticas/indicadores_educacionais/2025/tx_rend_municipios_2025.zip
4109401,PR,Estadual,Total,Anos iniciais,flowRepetition,,%,2025,flow-2025,2_CAT_FUN_AI,notDisclosed,Conforme universo do indicador INEP,INEP,2026-10-06T18:06:37.031241+00:00,https://www.gov.br/inep/pt-br/acesso-a-informacao/dados-abertos/indicadores-educacionais/taxas-de-rendimento-escolar,https://download.inep.gov.br/informacoes_estatisticas/indicadores_educacionais/2025/tx_rend_municipios_2025.zip
4109401,PR,Estadual,Total,Anos finais,flowRepetition,0.8,%,2025,flow-2025,2_CAT_FUN_AF,available,Conforme universo do indicador INEP,INEP,2026-10-06T18:06:37.031241+00:00,https://www.gov.br/inep/pt-br/acesso-a-informacao/dados-abertos/indicadores-educacionais/taxas-de-rendimento-escolar,https://download.inep.gov.br/informacoes_estatisticas/indicadores_educacionais/2025/tx_rend_municipios_2025.zip
4109401,PR,Estadual,Total,Ensino médio,flowRepetition,1.1,%,2025,flow-2025,2_CAT_MED,available,Conforme universo do indicador INEP,INEP,2026-10-06T18:06:37.031241+00:00,https://www.gov.br/inep/pt-br/acesso-a-informacao/dados-abertos/indicadores-educacionais/taxas-de-rendimento-escolar,https://download.inep.gov.br/informacoes_estatisticas/indicadores_educacionais/2025/tx_rend_municipios_2025.zip
4109401,PR,Estadual,Total,Ensino fundamental,flowDropout,0.0,%,2025,flow-2025,3_CAT_FUN,available,Conforme universo do indicador INEP,INEP,2026-10-06T18:06:37.031241+00:00,https://www.gov.br/inep/pt-br/acesso-a-informacao/dados-abertos/indicadores-educacionais/taxas-de-rendimento-escolar,https://download.inep.gov.br/informacoes_estatisticas/indicadores_educacionais/2025/tx_rend_municipios_2025.zip
4109401,PR,Estadual,Total,Anos iniciais,flowDropout,,%,2025,flow-2025,3_CAT_FUN_AI,notDisclosed,Conforme universo do indicador INEP,INEP,2026-10-06T18:06:37.031241+00:00,https://www.gov.br/inep/pt-br/acesso-a-informacao/dados-abertos/indicadores-educacionais/taxas-de-rendimento-escolar,https://download.inep.gov.br/informacoes_estatisticas/indicadores_educacionais/2025/tx_rend_municipios_2025.zip
4109401,PR,Estadual,Total,Anos finais,flowDropout,0.0,%,2025,flow-2025,3_CAT_FUN_AF,available,Conforme universo do indicador INEP,INEP,2026-10-06T18:06:37.031241+00:00,https://www.gov.br/inep/pt-br/acesso-a-informacao/dados-abertos/indicadores-educacionais/taxas-de-rendimento-escolar,https://download.inep.gov.br/informacoes_estatisticas/indicadores_educacionais/2025/tx_rend_municipios_2025.zip
4109401,PR,Estadual,Total,Ensino médio,flowDropout,0.0,%,2025,flow-2025,3_CAT_MED,available,Conforme universo do indicador INEP,INEP,2026-10-06T18:06:37.031241+00:00,https://www.gov.br/inep/pt-br/acesso-a-informacao/dados-abertos/indicadores-educacionais/taxas-de-rendimento-escolar,https://download.inep.gov.br/informacoes_estatisticas/indicadores_educacionais/2025/tx_rend_municipios_2025.zip
4109401,PR,Estadual,Urbana,Ensino fundamental,flowApproval,99.1,%,2025,flow-2025,1_CAT_FUN,available,Conforme universo do indicador INEP,INEP,2026-10-06T18:06:37.031241+00:00,https://www.gov.br/inep/pt-br/acesso-a-informacao/dados-abertos/indicadores-educacionais/taxas-de-rendimento-escolar,https://download.inep.gov.br/informacoes_estatisticas/indicadores_educacionais/2025/tx_rend_municipios_2025.zip
4109401,PR,Estadual,Urbana,Anos iniciais,flowApproval,,%,2025,flow-2025,1_CAT_FUN_AI,notDisclosed,Conforme universo do indicador INEP,INEP,2026-10-06T18:06:37.031241+00:00,https://www.gov.br/inep/pt-br/acesso-a-informacao/dados-abertos/indicadores-educacionais/taxas-de-rendimento-escolar,https://download.inep.gov.br/informacoes_estatisticas/indicadores_educacionais/2025/tx_rend_municipios_2025.zip
4109401,PR,Estadual,Urbana,Anos finais,flowApproval,99.1,%,2025,flow-2025,1_CAT_FUN_AF,available,Conforme universo do indicador INEP,INEP,2026-10-06T18:06:37.031241+00:00,https://www.gov.br/inep/pt-br/acesso-a-informacao/dados-abertos/indicadores-educacionais/taxas-de-rendimento-escolar,https://download.inep.gov.br/informacoes_estatisticas/indicadores_educacionais/2025/tx_rend_municipios_2025.zip
4109401,PR,Estadual,Urbana,Ensino médio,flowApproval,98.8,%,2025,flow-2025,1_CAT_MED,available,Conforme universo do indicador INEP,INEP,2026-10-06T18:06:37.031241+00:00,https://www.gov.br/inep/pt-br/acesso-a-informacao/dados-abertos/indicadores-educacionais/taxas-de-rendimento-escolar,https://download.inep.gov.br/informacoes_estatisticas/indicadores_educacionais/2025/tx_rend_municipios_2025.zip
4109401,PR,Estadual,Urbana,Ensino fundamental,flowRepetition,0.9,%,2025,flow-2025,2_CAT_FUN,available,Conforme universo do indicador INEP,INEP,2026-10-06T18:06:37.031241+00:00,https://www.gov.br/inep/pt-br/acesso-a-informacao/dados-abertos/indicadores-educacionais/taxas-de-rendimento-escolar,https://download.inep.gov.br/informacoes_estatisticas/indicadores_educacionais/2025/tx_rend_municipios_2025.zip
4109401,PR,Estadual,Urbana,Anos iniciais,flowRepetition,,%,2025,flow-2025,2_CAT_FUN_AI,notDisclosed,Conforme universo do indicador INEP,INEP,2026-10-06T18:06:37.031241+00:00,https://www.gov.br/inep/pt-br/acesso-a-informacao/dados-abertos/indicadores-educacionais/taxas-de-rendimento-escolar,https://download.inep.gov.br/informacoes_estatisticas/indicadores_educacionais/2025/tx_rend_municipios_2025.zip
4109401,PR,Estadual,Urbana,Anos finais,flowRepetition,0.9,%,2025,flow-2025,2_CAT_FUN_AF,available,Conforme universo do indicador INEP,INEP,2026-10-06T18:06:37.031241+00:00,https://www.gov.br/inep/pt-br/acesso-a-informacao/dados-abertos/indicadores-educacionais/taxas-de-rendimento-escolar,https://download.inep.gov.br/informacoes_estatisticas/indicadores_educacionais/2025/tx_rend_municipios_2025.zip
4109401,PR,Estadual,Urbana,Ensino médio,flowRepetition,1.1,%,2025,flow-2025,2_CAT_MED,available,Conforme universo do indicador INEP,INEP,2026-10-06T18:06:37.031241+00:00,https://www.gov.br/inep/pt-br/acesso-a-informacao/dados-abertos/indicadores-educacionais/taxas-de-rendimento-escolar,https://download.inep.gov.br/informacoes_estatisticas/indicadores_educacionais/2025/tx_rend_municipios_2025.zip
4109401,PR,Estadual,Urbana,Ensino fundamental,flowDropout,0.0,%,2025,flow-2025,3_CAT_FUN,available,Conforme universo do indicador INEP,INEP,2026-10-06T18:06:37.031241+00:00,https://www.gov.br/inep/pt-br/acesso-a-informacao/dados-abertos/indicadores-educacionais/taxas-de-rendimento-escolar,https://download.inep.gov.br/informacoes_estatisticas/indicadores_educacionais/2025/tx_rend_municipios_2025.zip
4109401,PR,Estadual,Urbana,Anos iniciais,flowDropout,,%,2025,flow-2025,3_CAT_FUN_AI,notDisclosed,Conforme universo do indicador INEP,INEP,2026-10-06T18:06:37.031241+00:00,https://www.gov.br/inep/pt-br/acesso-a-informacao/dados-abertos/indicadores-educacionais/taxas-de-rendimento-escolar,https://download.inep.gov.br/informacoes_estatisticas/indicadores_educacionais/2025/tx_rend_municipios_2025.zip
4109401,PR,Estadual,Urbana,Anos finais,flowDropout,0.0,%,2025,flow-2025,3_CAT_FUN_AF,available,Conforme universo do indicador INEP,INEP,2026-10-06T18:06:37.031241+00:00,https://www.gov.br/inep/pt-br/acesso-a-informacao/dados-abertos/indicadores-educacionais/taxas-de-rendimento-escolar,https://download.inep.gov.br/informacoes_estatisticas/indicadores_educacionais/2025/tx_rend_municipios_2025.zip
4109401,PR,Estadual,Urbana,Ensino médio,flowDropout,0.1,%,2025,flow-2025,3_CAT_MED,available,Conforme universo do indicador INEP,INEP,2026-10-06T18:06:37.031241+00:00,https://www.gov.br/inep/pt-br/acesso-a-informacao/dados-abertos/indicadores-educacionais/taxas-de-rendimento-escolar,https://download.inep.gov.br/informacoes_estatisticas/indicadores_educacionais/2025/tx_rend_municipios_2025.zip
4109401,PR,Estadual,Rural,Ensino fundamental,flowApproval,99.6,%,2025,flow-2025,1_CAT_FUN,available,Conforme universo do indicador INEP,INEP,2026-10-06T18:06:37.031241+00:00,https://www.gov.br/inep/pt-br/acesso-a-informacao/dados-abertos/indicadores-educacionais/taxas-de-rendimento-escolar,https://download.inep.gov.br/informacoes_estatisticas/indicadores_educacionais/2025/tx_rend_municipios_2025.zip
4109401,PR,Estadual,Rural,Anos iniciais,flowApproval,,%,2025,flow-2025,1_CAT_FUN_AI,notDisclosed,Conforme universo do indicador INEP,INEP,2026-10-06T18:06:37.031241+00:00,https://www.gov.br/inep/pt-br/acesso-a-informacao/dados-abertos/indicadores-educacionais/taxas-de-rendimento-escolar,https://download.inep.gov.br/informacoes_estatisticas/indicadores_educacionais/2025/tx_rend_municipios_2025.zip
4109401,PR,Estadual,Rural,Anos finais,flowApproval,99.6,%,2025,flow-2025,1_CAT_FUN_AF,available,Conforme universo do indicador INEP,INEP,2026-10-06T18:06:37.031241+00:00,https://www.gov.br/inep/pt-br/acesso-a-informacao/dados-abertos/indicadores-educacionais/taxas-de-rendimento-escolar,https://download.inep.gov.br/informacoes_estatisticas/indicadores_educacionais/2025/tx_rend_municipios_2025.zip
4109401,PR,Estadual,Rural,Ensino médio,flowApproval,100.0,%,2025,flow-2025,1_CAT_MED,available,Conforme universo do indicador INEP,INEP,2026-10-06T18:06:37.031241+00:00,https://www.gov.br/inep/pt-br/acesso-a-informacao/dados-abertos/indicadores-educacionais/taxas-de-rendimento-escolar,https://download.inep.gov.br/informacoes_estatisticas/indicadores_educacionais/2025/tx_rend_municipios_2025.zip
4109401,PR,Estadual,Rural,Ensino fundamental,flowRepetition,0.4,%,2025,flow-2025,2_CAT_FUN,available,Conforme universo do indicador INEP,INEP,2026-10-06T18:06:37.031241+00:00,https://www.gov.br/inep/pt-br/acesso-a-informacao/dados-abertos/indicadores-educacionais/taxas-de-rendimento-escolar,https://download.inep.gov.br/informacoes_estatisticas/indicadores_educacionais/2025/tx_rend_municipios_2025.zip
4109401,PR,Estadual,Rural,Anos iniciais,flowRepetition,,%,2025,flow-2025,2_CAT_FUN_AI,notDisclosed,Conforme universo do indicador INEP,INEP,2026-10-06T18:06:37.031241+00:00,https://www.gov.br/inep/pt-br/acesso-a-informacao/dados-abertos/indicadores-educacionais/taxas-de-rendimento-escolar,https://download.inep.gov.br/informacoes_estatisticas/indicadores_educacionais/2025/tx_rend_municipios_2025.zip
4109401,PR,Estadual,Rural,Anos finais,flowRepetition,0.4,%,2025,flow-2025,2_CAT_FUN_AF,available,Conforme universo do indicador INEP,INEP,2026-10-06T18:06:37.031241+00:00,https://www.gov.br/inep/pt-br/acesso-a-informacao/dados-abertos/indicadores-educacionais/taxas-de-rendimento-escolar,https://download.inep.gov.br/informacoes_estatisticas/indicadores_educacionais/2025/tx_rend_municipios_2025.zip
4109401,PR,Estadual,Rural,Ensino médio,flowRepetition,0.0,%,2025,flow-2025,2_CAT_MED,available,Conforme universo do indicador INEP,INEP,2026-10-06T18:06:37.031241+00:00,https://www.gov.br/inep/pt-br/acesso-a-informacao/dados-abertos/indicadores-educacionais/taxas-de-rendimento-escolar,https://download.inep.gov.br/informacoes_estatisticas/indicadores_educacionais/2025/tx_rend_municipios_2025.zip
4109401,PR,Estadual,Rural,Ensino fundamental,flowDropout,0.0,%,2025,flow-2025,3_CAT_FUN,available,Conforme universo do indicador INEP,INEP,2026-10-06T18:06:37.031241+00:00,https://www.gov.br/inep/pt-br/acesso-a-informacao/dados-abertos/indicadores-educacionais/taxas-de-rendimento-escolar,https://download.inep.gov.br/informacoes_estatisticas/indicadores_educacionais/2025/tx_rend_municipios_2025.zip
4109401,PR,Estadual,Rural,Anos iniciais,flowDropout,,%,2025,flow-2025,3_CAT_FUN_AI,notDisclosed,Conforme universo do indicador INEP,INEP,2026-10-06T18:06:37.031241+00:00,https://www.gov.br/inep/pt-br/acesso-a-informacao/dados-abertos/indicadores-educacionais/taxas-de-rendimento-escolar,https://download.inep.gov.br/informacoes_estatisticas/indicadores_educacionais/2025/tx_rend_municipios_2025.zip
4109401,PR,Estadual,Rural,Anos finais,flowDropout,0.0,%,2025,flow-2025,3_CAT_FUN_AF,available,Conforme universo do indicador INEP,INEP,2026-10-06T18:06:37.031241+00:00,https://www.gov.br/inep/pt-br/acesso-a-informacao/dados-abertos/indicadores-educacionais/taxas-de-rendimento-escolar,https://download.inep.gov.br/informacoes_estatisticas/indicadores_educacionais/2025/tx_rend_municipios_2025.zip
4109401,PR,Estadual,Rural,Ensino médio,flowDropout,0.0,%,2025,flow-2025,3_CAT_MED,available,Conforme universo do indicador INEP,INEP,2026-10-06T18:06:37.031241+00:00,https://www.gov.br/inep/pt-br/acesso-a-informacao/dados-abertos/indicadores-educacionais/taxas-de-rendimento-escolar,https://download.inep.gov.br/informacoes_estatisticas/indicadores_educacionais/2025/tx_rend_municipios_2025.zip
4109401,PR,Municipal,Total,Ensino fundamental,flowApproval,98.2,%,2025,flow-2025,1_CAT_FUN,available,Conforme universo do indicador INEP,INEP,2026-10-06T18:06:37.031241+00:00,https://www.gov.br/inep/pt-br/acesso-a-informacao/dados-abertos/indicadores-educacionais/taxas-de-rendimento-escolar,https://download.inep.gov.br/informacoes_estatisticas/indicadores_educacionais/2025/tx_rend_municipios_2025.zip
4109401,PR,Municipal,Total,Anos iniciais,flowApproval,98.2,%,2025,flow-2025,1_CAT_FUN_AI,available,Conforme universo do indicador INEP,INEP,2026-10-06T18:06:37.031241+00:00,https://www.gov.br/inep/pt-br/acesso-a-informacao/dados-abertos/indicadores-educacionais/taxas-de-rendimento-escolar,https://download.inep.gov.br/informacoes_estatisticas/indicadores_educacionais/2025/tx_rend_municipios_2025.zip
4109401,PR,Municipal,Total,Anos finais,flowApproval,94.1,%,2025,flow-2025,1_CAT_FUN_AF,available,Conforme universo do indicador INEP,INEP,2026-10-06T18:06:37.031241+00:00,https://www.gov.br/inep/pt-br/acesso-a-informacao/dados-abertos/indicadores-educacionais/taxas-de-rendimento-escolar,https://download.inep.gov.br/informacoes_estatisticas/indicadores_educacionais/2025/tx_rend_municipios_2025.zip
4109401,PR,Municipal,Total,Ensino médio,flowApproval,,%,2025,flow-2025,1_CAT_MED,notDisclosed,Conforme universo do indicador INEP,INEP,2026-10-06T18:06:37.031241+00:00,https://www.gov.br/inep/pt-br/acesso-a-informacao/dados-abertos/indicadores-educacionais/taxas-de-rendimento-escolar,https://download.inep.gov.br/informacoes_estatisticas/indicadores_educacionais/2025/tx_rend_municipios_2025.zip
4109401,PR,Municipal,Total,Ensino fundamental,flowRepetition,1.8,%,2025,flow-2025,2_CAT_FUN,available,Conforme universo do indicador INEP,INEP,2026-10-06T18:06:37.031241+00:00,https://www.gov.br/inep/pt-br/acesso-a-informacao/dados-abertos/indicadores-educacionais/taxas-de-rendimento-escolar,https://download.inep.gov.br/informacoes_estatisticas/indicadores_educacionais/2025/tx_rend_municipios_2025.zip
4109401,PR,Municipal,Total,Anos iniciais,flowRepetition,1.8,%,2025,flow-2025,2_CAT_FUN_AI,available,Conforme universo do indicador INEP,INEP,2026-10-06T18:06:37.031241+00:00,https://www.gov.br/inep/pt-br/acesso-a-informacao/dados-abertos/indicadores-educacionais/taxas-de-rendimento-escolar,https://download.inep.gov.br/informacoes_estatisticas/indicadores_educacionais/2025/tx_rend_municipios_2025.zip
4109401,PR,Municipal,Total,Anos finais,flowRepetition,5.9,%,2025,flow-2025,2_CAT_FUN_AF,available,Conforme universo do indicador INEP,INEP,2026-10-06T18:06:37.031241+00:00,https://www.gov.br/inep/pt-br/acesso-a-informacao/dados-abertos/indicadores-educacionais/taxas-de-rendimento-escolar,https://download.inep.gov.br/informacoes_estatisticas/indicadores_educacionais/2025/tx_rend_municipios_2025.zip
4109401,PR,Municipal,Total,Ensino médio,flowRepetition,,%,2025,flow-2025,2_CAT_MED,notDisclosed,Conforme universo do indicador INEP,INEP,2026-10-06T18:06:37.031241+00:00,https://www.gov.br/inep/pt-br/acesso-a-informacao/dados-abertos/indicadores-educacionais/taxas-de-rendimento-escolar,https://download.inep.gov.br/informacoes_estatisticas/indicadores_educacionais/2025/tx_rend_municipios_2025.zip
4109401,PR,Municipal,Total,Ensino fundamental,flowDropout,0.0,%,2025,flow-2025,3_CAT_FUN,available,Conforme universo do indicador INEP,INEP,2026-10-06T18:06:37.031241+00:00,https://www.gov.br/inep/pt-br/acesso-a-informacao/dados-abertos/indicadores-educacionais/taxas-de-rendimento-escolar,https://download.inep.gov.br/informacoes_estatisticas/indicadores_educacionais/2025/tx_rend_municipios_2025.zip
4109401,PR,Municipal,Total,Anos iniciais,flowDropout,0.0,%,2025,flow-2025,3_CAT_FUN_AI,available,Conforme universo do indicador INEP,INEP,2026-10-06T18:06:37.031241+00:00,https://www.gov.br/inep/pt-br/acesso-a-informacao/dados-abertos/indicadores-educacionais/taxas-de-rendimento-escolar,https://download.inep.gov.br/informacoes_estatisticas/indicadores_educacionais/2025/tx_rend_municipios_2025.zip
4109401,PR,Municipal,Total,Anos finais,flowDropout,0.0,%,2025,flow-2025,3_CAT_FUN_AF,available,Conforme universo do indicador INEP,INEP,2026-10-06T18:06:37.031241+00:00,https://www.gov.br/inep/pt-br/acesso-a-informacao/dados-abertos/indicadores-educacionais/taxas-de-rendimento-escolar,https://download.inep.gov.br/informacoes_estatisticas/indicadores_educacionais/2025/tx_rend_municipios_2025.zip
4109401,PR,Municipal,Total,Ensino médio,flowDropout,,%,2025,flow-2025,3_CAT_MED,notDisclosed,Conforme universo do indicador INEP,INEP,2026-10-06T18:06:37.031241+00:00,https://www.gov.br/inep/pt-br/acesso-a-informacao/dados-abertos/indicadores-educacionais/taxas-de-rendimento-escolar,https://download.inep.gov.br/informacoes_estatisticas/indicadores_educacionais/2025/tx_rend_municipios_2025.zip
4109401,PR,Municipal,Urbana,Ensino fundamental,flowApproval,98.2,%,2025,flow-2025,1_CAT_FUN,available,Conforme universo do indicador INEP,INEP,2026-10-06T18:06:37.031241+00:00,https://www.gov.br/inep/pt-br/acesso-a-informacao/dados-abertos/indicadores-educacionais/taxas-de-rendimento-escolar,https://download.inep.gov.br/informacoes_estatisticas/indicadores_educacionais/2025/tx_rend_municipios_2025.zip
4109401,PR,Municipal,Urbana,Anos iniciais,flowApproval,98.2,%,2025,flow-2025,1_CAT_FUN_AI,available,Conforme universo do indicador INEP,INEP,2026-10-06T18:06:37.031241+00:00,https://www.gov.br/inep/pt-br/acesso-a-informacao/dados-abertos/indicadores-educacionais/taxas-de-rendimento-escolar,https://download.inep.gov.br/informacoes_estatisticas/indicadores_educacionais/2025/tx_rend_municipios_2025.zip
4109401,PR,Municipal,Urbana,Anos finais,flowApproval,,%,2025,flow-2025,1_CAT_FUN_AF,notDisclosed,Conforme universo do indicador INEP,INEP,2026-10-06T18:06:37.031241+00:00,https://www.gov.br/inep/pt-br/acesso-a-informacao/dados-abertos/indicadores-educacionais/taxas-de-rendimento-escolar,https://download.inep.gov.br/informacoes_estatisticas/indicadores_educacionais/2025/tx_rend_municipios_2025.zip
4109401,PR,Municipal,Urbana,Ensino médio,flowApproval,,%,2025,flow-2025,1_CAT_MED,notDisclosed,Conforme universo do indicador INEP,INEP,2026-10-06T18:06:37.031241+00:00,https://www.gov.br/inep/pt-br/acesso-a-informacao/dados-abertos/indicadores-educacionais/taxas-de-rendimento-escolar,https://download.inep.gov.br/informacoes_estatisticas/indicadores_educacionais/2025/tx_rend_municipios_2025.zip
4109401,PR,Municipal,Urbana,Ensino fundamental,flowRepetition,1.8,%,2025,flow-2025,2_CAT_FUN,available,Conforme universo do indicador INEP,INEP,2026-10-06T18:06:37.031241+00:00,https://www.gov.br/inep/pt-br/acesso-a-informacao/dados-abertos/indicadores-educacionais/taxas-de-rendimento-escolar,https://download.inep.gov.br/informacoes_estatisticas/indicadores_educacionais/2025/tx_rend_municipios_2025.zip
4109401,PR,Municipal,Urbana,Anos iniciais,flowRepetition,1.8,%,2025,flow-2025,2_CAT_FUN_AI,available,Conforme universo do indicador INEP,INEP,2026-10-06T18:06:37.031241+00:00,https://www.gov.br/inep/pt-br/acesso-a-informacao/dados-abertos/indicadores-educacionais/taxas-de-rendimento-escolar,https://download.inep.gov.br/informacoes_estatisticas/indicadores_educacionais/2025/tx_rend_municipios_2025.zip
4109401,PR,Municipal,Urbana,Anos finais,flowRepetition,,%,2025,flow-2025,2_CAT_FUN_AF,notDisclosed,Conforme universo do indicador INEP,INEP,2026-10-06T18:06:37.031241+00:00,https://www.gov.br/inep/pt-br/acesso-a-informacao/dados-abertos/indicadores-educacionais/taxas-de-rendimento-escolar,https://download.inep.gov.br/informacoes_estatisticas/indicadores_educacionais/2025/tx_rend_municipios_2025.zip
4109401,PR,Municipal,Urbana,Ensino médio,flowRepetition,,%,2025,flow-2025,2_CAT_MED,notDisclosed,Conforme universo do indicador INEP,INEP,2026-10-06T18:06:37.031241+00:00,https://www.gov.br/inep/pt-br/acesso-a-informacao/dados-abertos/indicadores-educacionais/taxas-de-rendimento-escolar,https://download.inep.gov.br/informacoes_estatisticas/indicadores_educacionais/2025/tx_rend_municipios_2025.zip
4109401,PR,Municipal,Urbana,Ensino fundamental,flowDropout,0.0,%,2025,flow-2025,3_CAT_FUN,available,Conforme universo do indicador INEP,INEP,2026-10-06T18:06:37.031241+00:00,https://www.gov.br/inep/pt-br/acesso-a-informacao/dados-abertos/indicadores-educacionais/taxas-de-rendimento-escolar,https://download.inep.gov.br/informacoes_estatisticas/indicadores_educacionais/2025/tx_rend_municipios_2025.zip
4109401,PR,Municipal,Urbana,Anos iniciais,flowDropout,0.0,%,2025,flow-2025,3_CAT_FUN_AI,available,Conforme universo do indicador INEP,INEP,2026-10-06T18:06:37.031241+00:00,https://www.gov.br/inep/pt-br/acesso-a-informacao/dados-abertos/indicadores-educacionais/taxas-de-rendimento-escolar,https://download.inep.gov.br/informacoes_estatisticas/indicadores_educacionais/2025/tx_rend_municipios_2025.zip
4109401,PR,Municipal,Urbana,Anos finais,flowDropout,,%,2025,flow-2025,3_CAT_FUN_AF,notDisclosed,Conforme universo do indicador INEP,INEP,2026-10-06T18:06:37.031241+00:00,https://www.gov.br/inep/pt-br/acesso-a-informacao/dados-abertos/indicadores-educacionais/taxas-de-rendimento-escolar,https://download.inep.gov.br/informacoes_estatisticas/indicadores_educacionais/2025/tx_rend_municipios_2025.zip
4109401,PR,Municipal,Urbana,Ensino médio,flowDropout,,%,2025,flow-2025,3_CAT_MED,notDisclosed,Conforme universo do indicador INEP,INEP,2026-10-06T18:06:37.031241+00:00,https://www.gov.br/inep/pt-br/acesso-a-informacao/dados-abertos/indicadores-educacionais/taxas-de-rendimento-escolar,https://download.inep.gov.br/informacoes_estatisticas/indicadores_educacionais/2025/tx_rend_municipios_2025.zip
4109401,PR,Municipal,Rural,Ensino fundamental,flowApproval,98.5,%,2025,flow-2025,1_CAT_FUN,available,Conforme universo do indicador INEP,INEP,2026-10-06T18:06:37.031241+00:00,https://www.gov.br/inep/pt-br/acesso-a-informacao/dados-abertos/indicadores-educacionais/taxas-de-rendimento-escolar,https://download.inep.gov.br/informacoes_estatisticas/indicadores_educacionais/2025/tx_rend_municipios_2025.zip
4109401,PR,Municipal,Rural,Anos iniciais,flowApproval,99.4,%,2025,flow-2025,1_CAT_FUN_AI,available,Conforme universo do indicador INEP,INEP,2026-10-06T18:06:37.031241+00:00,https://www.gov.br/inep/pt-br/acesso-a-informacao/dados-abertos/indicadores-educacionais/taxas-de-rendimento-escolar,https://download.inep.gov.br/informacoes_estatisticas/indicadores_educacionais/2025/tx_rend_municipios_2025.zip
4109401,PR,Municipal,Rural,Anos finais,flowApproval,94.1,%,2025,flow-2025,1_CAT_FUN_AF,available,Conforme universo do indicador INEP,INEP,2026-10-06T18:06:37.031241+00:00,https://www.gov.br/inep/pt-br/acesso-a-informacao/dados-abertos/indicadores-educacionais/taxas-de-rendimento-escolar,https://download.inep.gov.br/informacoes_estatisticas/indicadores_educacionais/2025/tx_rend_municipios_2025.zip
4109401,PR,Municipal,Rural,Ensino médio,flowApproval,,%,2025,flow-2025,1_CAT_MED,notDisclosed,Conforme universo do indicador INEP,INEP,2026-10-06T18:06:37.031241+00:00,https://www.gov.br/inep/pt-br/acesso-a-informacao/dados-abertos/indicadores-educacionais/taxas-de-rendimento-escolar,https://download.inep.gov.br/informacoes_estatisticas/indicadores_educacionais/2025/tx_rend_municipios_2025.zip
4109401,PR,Municipal,Rural,Ensino fundamental,flowRepetition,1.5,%,2025,flow-2025,2_CAT_FUN,available,Conforme universo do indicador INEP,INEP,2026-10-06T18:06:37.031241+00:00,https://www.gov.br/inep/pt-br/acesso-a-informacao/dados-abertos/indicadores-educacionais/taxas-de-rendimento-escolar,https://download.inep.gov.br/informacoes_estatisticas/indicadores_educacionais/2025/tx_rend_municipios_2025.zip
4109401,PR,Municipal,Rural,Anos iniciais,flowRepetition,0.6,%,2025,flow-2025,2_CAT_FUN_AI,available,Conforme universo do indicador INEP,INEP,2026-10-06T18:06:37.031241+00:00,https://www.gov.br/inep/pt-br/acesso-a-informacao/dados-abertos/indicadores-educacionais/taxas-de-rendimento-escolar,https://download.inep.gov.br/informacoes_estatisticas/indicadores_educacionais/2025/tx_rend_municipios_2025.zip
4109401,PR,Municipal,Rural,Anos finais,flowRepetition,5.9,%,2025,flow-2025,2_CAT_FUN_AF,available,Conforme universo do indicador INEP,INEP,2026-10-06T18:06:37.031241+00:00,https://www.gov.br/inep/pt-br/acesso-a-informacao/dados-abertos/indicadores-educacionais/taxas-de-rendimento-escolar,https://download.inep.gov.br/informacoes_estatisticas/indicadores_educacionais/2025/tx_rend_municipios_2025.zip
4109401,PR,Municipal,Rural,Ensino médio,flowRepetition,,%,2025,flow-2025,2_CAT_MED,notDisclosed,Conforme universo do indicador INEP,INEP,2026-10-06T18:06:37.031241+00:00,https://www.gov.br/inep/pt-br/acesso-a-informacao/dados-abertos/indicadores-educacionais/taxas-de-rendimento-escolar,https://download.inep.gov.br/informacoes_estatisticas/indicadores_educacionais/2025/tx_rend_municipios_2025.zip
4109401,PR,Municipal,Rural,Ensino fundamental,flowDropout,0.0,%,2025,flow-2025,3_CAT_FUN,available,Conforme universo do indicador INEP,INEP,2026-10-06T18:06:37.031241+00:00,https://www.gov.br/inep/pt-br/acesso-a-informacao/dados-abertos/indicadores-educacionais/taxas-de-rendimento-escolar,https://download.inep.gov.br/informacoes_estatisticas/indicadores_educacionais/2025/tx_rend_municipios_2025.zip
4109401,PR,Municipal,Rural,Anos iniciais,flowDropout,0.0,%,2025,flow-2025,3_CAT_FUN_AI,available,Conforme universo do indicador INEP,INEP,2026-10-06T18:06:37.031241+00:00,https://www.gov.br/inep/pt-br/acesso-a-informacao/dados-abertos/indicadores-educacionais/taxas-de-rendimento-escolar,https://download.inep.gov.br/informacoes_estatisticas/indicadores_educacionais/2025/tx_rend_municipios_2025.zip
4109401,PR,Municipal,Rural,Anos finais,flowDropout,0.0,%,2025,flow-2025,3_CAT_FUN_AF,available,Conforme universo do indicador INEP,INEP,2026-10-06T18:06:37.031241+00:00,https://www.gov.br/inep/pt-br/acesso-a-informacao/dados-abertos/indicadores-educacionais/taxas-de-rendimento-escolar,https://download.inep.gov.br/informacoes_estatisticas/indicadores_educacionais/2025/tx_rend_municipios_2025.zip
4109401,PR,Municipal,Rural,Ensino médio,flowDropout,,%,2025,flow-2025,3_CAT_MED,notDisclosed,Conforme universo do indicador INEP,INEP,2026-10-06T18:06:37.031241+00:00,https://www.gov.br/inep/pt-br/acesso-a-informacao/dados-abertos/indicadores-educacionais/taxas-de-rendimento-escolar,https://download.inep.gov.br/informacoes_estatisticas/indicadores_educacionais/2025/tx_rend_municipios_2025.zip
4109401,PR,Privada,Total,Ensino fundamental,flowApproval,99.4,%,2025,flow-2025,1_CAT_FUN,available,Conforme universo do indicador INEP,INEP,2026-10-06T18:06:37.031241+00:00,https://www.gov.br/inep/pt-br/acesso-a-informacao/dados-abertos/indicadores-educacionais/taxas-de-rendimento-escolar,https://download.inep.gov.br/informacoes_estatisticas/indicadores_educacionais/2025/tx_rend_municipios_2025.zip
4109401,PR,Privada,Total,Anos iniciais,flowApproval,99.4,%,2025,flow-2025,1_CAT_FUN_AI,available,Conforme universo do indicador INEP,INEP,2026-10-06T18:06:37.031241+00:00,https://www.gov.br/inep/pt-br/acesso-a-informacao/dados-abertos/indicadores-educacionais/taxas-de-rendimento-escolar,https://download.inep.gov.br/informacoes_estatisticas/indicadores_educacionais/2025/tx_rend_municipios_2025.zip
4109401,PR,Privada,Total,Anos finais,flowApproval,99.3,%,2025,flow-2025,1_CAT_FUN_AF,available,Conforme universo do indicador INEP,INEP,2026-10-06T18:06:37.031241+00:00,https://www.gov.br/inep/pt-br/acesso-a-informacao/dados-abertos/indicadores-educacionais/taxas-de-rendimento-escolar,https://download.inep.gov.br/informacoes_estatisticas/indicadores_educacionais/2025/tx_rend_municipios_2025.zip
4109401,PR,Privada,Total,Ensino médio,flowApproval,98.2,%,2025,flow-2025,1_CAT_MED,available,Conforme universo do indicador INEP,INEP,2026-10-06T18:06:37.031241+00:00,https://www.gov.br/inep/pt-br/acesso-a-informacao/dados-abertos/indicadores-educacionais/taxas-de-rendimento-escolar,https://download.inep.gov.br/informacoes_estatisticas/indicadores_educacionais/2025/tx_rend_municipios_2025.zip
4109401,PR,Privada,Total,Ensino fundamental,flowRepetition,0.6,%,2025,flow-2025,2_CAT_FUN,available,Conforme universo do indicador INEP,INEP,2026-10-06T18:06:37.031241+00:00,https://www.gov.br/inep/pt-br/acesso-a-informacao/dados-abertos/indicadores-educacionais/taxas-de-rendimento-escolar,https://download.inep.gov.br/informacoes_estatisticas/indicadores_educacionais/2025/tx_rend_municipios_2025.zip
4109401,PR,Privada,Total,Anos iniciais,flowRepetition,0.6,%,2025,flow-2025,2_CAT_FUN_AI,available,Conforme universo do indicador INEP,INEP,2026-10-06T18:06:37.031241+00:00,https://www.gov.br/inep/pt-br/acesso-a-informacao/dados-abertos/indicadores-educacionais/taxas-de-rendimento-escolar,https://download.inep.gov.br/informacoes_estatisticas/indicadores_educacionais/2025/tx_rend_municipios_2025.zip
4109401,PR,Privada,Total,Anos finais,flowRepetition,0.7,%,2025,flow-2025,2_CAT_FUN_AF,available,Conforme universo do indicador INEP,INEP,2026-10-06T18:06:37.031241+00:00,https://www.gov.br/inep/pt-br/acesso-a-informacao/dados-abertos/indicadores-educacionais/taxas-de-rendimento-escolar,https://download.inep.gov.br/informacoes_estatisticas/indicadores_educacionais/2025/tx_rend_municipios_2025.zip
4109401,PR,Privada,Total,Ensino médio,flowRepetition,1.8,%,2025,flow-2025,2_CAT_MED,available,Conforme universo do indicador INEP,INEP,2026-10-06T18:06:37.031241+00:00,https://www.gov.br/inep/pt-br/acesso-a-informacao/dados-abertos/indicadores-educacionais/taxas-de-rendimento-escolar,https://download.inep.gov.br/informacoes_estatisticas/indicadores_educacionais/2025/tx_rend_municipios_2025.zip
4109401,PR,Privada,Total,Ensino fundamental,flowDropout,0.0,%,2025,flow-2025,3_CAT_FUN,available,Conforme universo do indicador INEP,INEP,2026-10-06T18:06:37.031241+00:00,https://www.gov.br/inep/pt-br/acesso-a-informacao/dados-abertos/indicadores-educacionais/taxas-de-rendimento-escolar,https://download.inep.gov.br/informacoes_estatisticas/indicadores_educacionais/2025/tx_rend_municipios_2025.zip
4109401,PR,Privada,Total,Anos iniciais,flowDropout,0.0,%,2025,flow-2025,3_CAT_FUN_AI,available,Conforme universo do indicador INEP,INEP,2026-10-06T18:06:37.031241+00:00,https://www.gov.br/inep/pt-br/acesso-a-informacao/dados-abertos/indicadores-educacionais/taxas-de-rendimento-escolar,https://download.inep.gov.br/informacoes_estatisticas/indicadores_educacionais/2025/tx_rend_municipios_2025.zip
4109401,PR,Privada,Total,Anos finais,flowDropout,0.0,%,2025,flow-2025,3_CAT_FUN_AF,available,Conforme universo do indicador INEP,INEP,2026-10-06T18:06:37.031241+00:00,https://www.gov.br/inep/pt-br/acesso-a-informacao/dados-abertos/indicadores-educacionais/taxas-de-rendimento-escolar,https://download.inep.gov.br/informacoes_estatisticas/indicadores_educacionais/2025/tx_rend_municipios_2025.zip
4109401,PR,Privada,Total,Ensino médio,flowDropout,0.0,%,2025,flow-2025,3_CAT_MED,available,Conforme universo do indicador INEP,INEP,2026-10-06T18:06:37.031241+00:00,https://www.gov.br/inep/pt-br/acesso-a-informacao/dados-abertos/indicadores-educacionais/taxas-de-rendimento-escolar,https://download.inep.gov.br/informacoes_estatisticas/indicadores_educacionais/2025/tx_rend_municipios_2025.zip
4109401,PR,Privada,Urbana,Ensino fundamental,flowApproval,99.4,%,2025,flow-2025,1_CAT_FUN,available,Conforme universo do indicador INEP,INEP,2026-10-06T18:06:37.031241+00:00,https://www.gov.br/inep/pt-br/acesso-a-informacao/dados-abertos/indicadores-educacionais/taxas-de-rendimento-escolar,https://download.inep.gov.br/informacoes_estatisticas/indicadores_educacionais/2025/tx_rend_municipios_2025.zip
4109401,PR,Privada,Urbana,Anos iniciais,flowApproval,99.4,%,2025,flow-2025,1_CAT_FUN_AI,available,Conforme universo do indicador INEP,INEP,2026-10-06T18:06:37.031241+00:00,https://www.gov.br/inep/pt-br/acesso-a-informacao/dados-abertos/indicadores-educacionais/taxas-de-rendimento-escolar,https://download.inep.gov.br/informacoes_estatisticas/indicadores_educacionais/2025/tx_rend_municipios_2025.zip
4109401,PR,Privada,Urbana,Anos finais,flowApproval,99.3,%,2025,flow-2025,1_CAT_FUN_AF,available,Conforme universo do indicador INEP,INEP,2026-10-06T18:06:37.031241+00:00,https://www.gov.br/inep/pt-br/acesso-a-informacao/dados-abertos/indicadores-educacionais/taxas-de-rendimento-escolar,https://download.inep.gov.br/informacoes_estatisticas/indicadores_educacionais/2025/tx_rend_municipios_2025.zip
4109401,PR,Privada,Urbana,Ensino médio,flowApproval,98.2,%,2025,flow-2025,1_CAT_MED,available,Conforme universo do indicador INEP,INEP,2026-10-06T18:06:37.031241+00:00,https://www.gov.br/inep/pt-br/acesso-a-informacao/dados-abertos/indicadores-educacionais/taxas-de-rendimento-escolar,https://download.inep.gov.br/informacoes_estatisticas/indicadores_educacionais/2025/tx_rend_municipios_2025.zip
4109401,PR,Privada,Urbana,Ensino fundamental,flowRepetition,0.6,%,2025,flow-2025,2_CAT_FUN,available,Conforme universo do indicador INEP,INEP,2026-10-06T18:06:37.031241+00:00,https://www.gov.br/inep/pt-br/acesso-a-informacao/dados-abertos/indicadores-educacionais/taxas-de-rendimento-escolar,https://download.inep.gov.br/informacoes_estatisticas/indicadores_educacionais/2025/tx_rend_municipios_2025.zip
4109401,PR,Privada,Urbana,Anos iniciais,flowRepetition,0.6,%,2025,flow-2025,2_CAT_FUN_AI,available,Conforme universo do indicador INEP,INEP,2026-10-06T18:06:37.031241+00:00,https://www.gov.br/inep/pt-br/acesso-a-informacao/dados-abertos/indicadores-educacionais/taxas-de-rendimento-escolar,https://download.inep.gov.br/informacoes_estatisticas/indicadores_educacionais/2025/tx_rend_municipios_2025.zip
4109401,PR,Privada,Urbana,Anos finais,flowRepetition,0.7,%,2025,flow-2025,2_CAT_FUN_AF,available,Conforme universo do indicador INEP,INEP,2026-10-06T18:06:37.031241+00:00,https://www.gov.br/inep/pt-br/acesso-a-informacao/dados-abertos/indicadores-educacionais/taxas-de-rendimento-escolar,https://download.inep.gov.br/informacoes_estatisticas/indicadores_educacionais/2025/tx_rend_municipios_2025.zip
4109401,PR,Privada,Urbana,Ensino médio,flowRepetition,1.8,%,2025,flow-2025,2_CAT_MED,available,Conforme universo do indicador INEP,INEP,2026-10-06T18:06:37.031241+00:00,https://www.gov.br/inep/pt-br/acesso-a-informacao/dados-abertos/indicadores-educacionais/taxas-de-rendimento-escolar,https://download.inep.gov.br/informacoes_estatisticas/indicadores_educacionais/2025/tx_rend_municipios_2025.zip
4109401,PR,Privada,Urbana,Ensino fundamental,flowDropout,0.0,%,2025,flow-2025,3_CAT_FUN,available,Conforme universo do indicador INEP,INEP,2026-10-06T18:06:37.031241+00:00,https://www.gov.br/inep/pt-br/acesso-a-informacao/dados-abertos/indicadores-educacionais/taxas-de-rendimento-escolar,https://download.inep.gov.br/informacoes_estatisticas/indicadores_educacionais/2025/tx_rend_municipios_2025.zip
4109401,PR,Privada,Urbana,Anos iniciais,flowDropout,0.0,%,2025,flow-2025,3_CAT_FUN_AI,available,Conforme universo do indicador INEP,INEP,2026-10-06T18:06:37.031241+00:00,https://www.gov.br/inep/pt-br/acesso-a-informacao/dados-abertos/indicadores-educacionais/taxas-de-rendimento-escolar,https://download.inep.gov.br/informacoes_estatisticas/indicadores_educacionais/2025/tx_rend_municipios_2025.zip
4109401,PR,Privada,Urbana,Anos finais,flowDropout,0.0,%,2025,flow-2025,3_CAT_FUN_AF,available,Conforme universo do indicador INEP,INEP,2026-10-06T18:06:37.031241+00:00,https://www.gov.br/inep/pt-br/acesso-a-informacao/dados-abertos/indicadores-educacionais/taxas-de-rendimento-escolar,https://download.inep.gov.br/informacoes_estatisticas/indicadores_educacionais/2025/tx_rend_municipios_2025.zip
4109401,PR,Privada,Urbana,Ensino médio,flowDropout,0.0,%,2025,flow-2025,3_CAT_MED,available,Conforme universo do indicador INEP,INEP,2026-10-06T18:06:37.031241+00:00,https://www.gov.br/inep/pt-br/acesso-a-informacao/dados-abertos/indicadores-educacionais/taxas-de-rendimento-escolar,https://download.inep.gov.br/informacoes_estatisticas/indicadores_educacionais/2025/tx_rend_municipios_2025.zip
4109401,PR,Pública,Total,Ensino fundamental,flowApproval,98.6,%,2025,flow-2025,1_CAT_FUN,available,Conforme universo do indicador INEP,INEP,2026-10-06T18:06:37.031241+00:00,https://www.gov.br/inep/pt-br/acesso-a-informacao/dados-abertos/indicadores-educacionais/taxas-de-rendimento-escolar,https://download.inep.gov.br/informacoes_estatisticas/indicadores_educacionais/2025/tx_rend_municipios_2025.zip
4109401,PR,Pública,Total,Anos iniciais,flowApproval,98.2,%,2025,flow-2025,1_CAT_FUN_AI,available,Conforme universo do indicador INEP,INEP,2026-10-06T18:06:37.031241+00:00,https://www.gov.br/inep/pt-br/acesso-a-informacao/dados-abertos/indicadores-educacionais/taxas-de-rendimento-escolar,https://download.inep.gov.br/informacoes_estatisticas/indicadores_educacionais/2025/tx_rend_municipios_2025.zip
4109401,PR,Pública,Total,Anos finais,flowApproval,99.1,%,2025,flow-2025,1_CAT_FUN_AF,available,Conforme universo do indicador INEP,INEP,2026-10-06T18:06:37.031241+00:00,https://www.gov.br/inep/pt-br/acesso-a-informacao/dados-abertos/indicadores-educacionais/taxas-de-rendimento-escolar,https://download.inep.gov.br/informacoes_estatisticas/indicadores_educacionais/2025/tx_rend_municipios_2025.zip
4109401,PR,Pública,Total,Ensino médio,flowApproval,98.9,%,2025,flow-2025,1_CAT_MED,available,Conforme universo do indicador INEP,INEP,2026-10-06T18:06:37.031241+00:00,https://www.gov.br/inep/pt-br/acesso-a-informacao/dados-abertos/indicadores-educacionais/taxas-de-rendimento-escolar,https://download.inep.gov.br/informacoes_estatisticas/indicadores_educacionais/2025/tx_rend_municipios_2025.zip
4109401,PR,Pública,Total,Ensino fundamental,flowRepetition,1.4,%,2025,flow-2025,2_CAT_FUN,available,Conforme universo do indicador INEP,INEP,2026-10-06T18:06:37.031241+00:00,https://www.gov.br/inep/pt-br/acesso-a-informacao/dados-abertos/indicadores-educacionais/taxas-de-rendimento-escolar,https://download.inep.gov.br/informacoes_estatisticas/indicadores_educacionais/2025/tx_rend_municipios_2025.zip
4109401,PR,Pública,Total,Anos iniciais,flowRepetition,1.8,%,2025,flow-2025,2_CAT_FUN_AI,available,Conforme universo do indicador INEP,INEP,2026-10-06T18:06:37.031241+00:00,https://www.gov.br/inep/pt-br/acesso-a-informacao/dados-abertos/indicadores-educacionais/taxas-de-rendimento-escolar,https://download.inep.gov.br/informacoes_estatisticas/indicadores_educacionais/2025/tx_rend_municipios_2025.zip
4109401,PR,Pública,Total,Anos finais,flowRepetition,0.9,%,2025,flow-2025,2_CAT_FUN_AF,available,Conforme universo do indicador INEP,INEP,2026-10-06T18:06:37.031241+00:00,https://www.gov.br/inep/pt-br/acesso-a-informacao/dados-abertos/indicadores-educacionais/taxas-de-rendimento-escolar,https://download.inep.gov.br/informacoes_estatisticas/indicadores_educacionais/2025/tx_rend_municipios_2025.zip
4109401,PR,Pública,Total,Ensino médio,flowRepetition,1.1,%,2025,flow-2025,2_CAT_MED,available,Conforme universo do indicador INEP,INEP,2026-10-06T18:06:37.031241+00:00,https://www.gov.br/inep/pt-br/acesso-a-informacao/dados-abertos/indicadores-educacionais/taxas-de-rendimento-escolar,https://download.inep.gov.br/informacoes_estatisticas/indicadores_educacionais/2025/tx_rend_municipios_2025.zip
4109401,PR,Pública,Total,Ensino fundamental,flowDropout,0.0,%,2025,flow-2025,3_CAT_FUN,available,Conforme universo do indicador INEP,INEP,2026-10-06T18:06:37.031241+00:00,https://www.gov.br/inep/pt-br/acesso-a-informacao/dados-abertos/indicadores-educacionais/taxas-de-rendimento-escolar,https://download.inep.gov.br/informacoes_estatisticas/indicadores_educacionais/2025/tx_rend_municipios_2025.zip
4109401,PR,Pública,Total,Anos iniciais,flowDropout,0.0,%,2025,flow-2025,3_CAT_FUN_AI,available,Conforme universo do indicador INEP,INEP,2026-10-06T18:06:37.031241+00:00,https://www.gov.br/inep/pt-br/acesso-a-informacao/dados-abertos/indicadores-educacionais/taxas-de-rendimento-escolar,https://download.inep.gov.br/informacoes_estatisticas/indicadores_educacionais/2025/tx_rend_municipios_2025.zip
4109401,PR,Pública,Total,Anos finais,flowDropout,0.0,%,2025,flow-2025,3_CAT_FUN_AF,available,Conforme universo do indicador INEP,INEP,2026-10-06T18:06:37.031241+00:00,https://www.gov.br/inep/pt-br/acesso-a-informacao/dados-abertos/indicadores-educacionais/taxas-de-rendimento-escolar,https://download.inep.gov.br/informacoes_estatisticas/indicadores_educacionais/2025/tx_rend_municipios_2025.zip
4109401,PR,Pública,Total,Ensino médio,flowDropout,0.0,%,2025,flow-2025,3_CAT_MED,available,Conforme universo do indicador INEP,INEP,2026-10-06T18:06:37.031241+00:00,https://www.gov.br/inep/pt-br/acesso-a-informacao/dados-abertos/indicadores-educacionais/taxas-de-rendimento-escolar,https://download.inep.gov.br/informacoes_estatisticas/indicadores_educacionais/2025/tx_rend_municipios_2025.zip
4109401,PR,Pública,Urbana,Ensino fundamental,flowApproval,98.6,%,2025,flow-2025,1_CAT_FUN,available,Conforme universo do indicador INEP,INEP,2026-10-06T18:06:37.031241+00:00,https://www.gov.br/inep/pt-br/acesso-a-informacao/dados-abertos/indicadores-educacionais/taxas-de-rendimento-escolar,https://download.inep.gov.br/informacoes_estatisticas/indicadores_educacionais/2025/tx_rend_municipios_2025.zip
4109401,PR,Pública,Urbana,Anos iniciais,flowApproval,98.2,%,2025,flow-2025,1_CAT_FUN_AI,available,Conforme universo do indicador INEP,INEP,2026-10-06T18:06:37.031241+00:00,https://www.gov.br/inep/pt-br/acesso-a-informacao/dados-abertos/indicadores-educacionais/taxas-de-rendimento-escolar,https://download.inep.gov.br/informacoes_estatisticas/indicadores_educacionais/2025/tx_rend_municipios_2025.zip
4109401,PR,Pública,Urbana,Anos finais,flowApproval,99.1,%,2025,flow-2025,1_CAT_FUN_AF,available,Conforme universo do indicador INEP,INEP,2026-10-06T18:06:37.031241+00:00,https://www.gov.br/inep/pt-br/acesso-a-informacao/dados-abertos/indicadores-educacionais/taxas-de-rendimento-escolar,https://download.inep.gov.br/informacoes_estatisticas/indicadores_educacionais/2025/tx_rend_municipios_2025.zip
4109401,PR,Pública,Urbana,Ensino médio,flowApproval,98.8,%,2025,flow-2025,1_CAT_MED,available,Conforme universo do indicador INEP,INEP,2026-10-06T18:06:37.031241+00:00,https://www.gov.br/inep/pt-br/acesso-a-informacao/dados-abertos/indicadores-educacionais/taxas-de-rendimento-escolar,https://download.inep.gov.br/informacoes_estatisticas/indicadores_educacionais/2025/tx_rend_municipios_2025.zip
4109401,PR,Pública,Urbana,Ensino fundamental,flowRepetition,1.4,%,2025,flow-2025,2_CAT_FUN,available,Conforme universo do indicador INEP,INEP,2026-10-06T18:06:37.031241+00:00,https://www.gov.br/inep/pt-br/acesso-a-informacao/dados-abertos/indicadores-educacionais/taxas-de-rendimento-escolar,https://download.inep.gov.br/informacoes_estatisticas/indicadores_educacionais/2025/tx_rend_municipios_2025.zip
4109401,PR,Pública,Urbana,Anos iniciais,flowRepetition,1.8,%,2025,flow-2025,2_CAT_FUN_AI,available,Conforme universo do indicador INEP,INEP,2026-10-06T18:06:37.031241+00:00,https://www.gov.br/inep/pt-br/acesso-a-informacao/dados-abertos/indicadores-educacionais/taxas-de-rendimento-escolar,https://download.inep.gov.br/informacoes_estatisticas/indicadores_educacionais/2025/tx_rend_municipios_2025.zip
4109401,PR,Pública,Urbana,Anos finais,flowRepetition,0.9,%,2025,flow-2025,2_CAT_FUN_AF,available,Conforme universo do indicador INEP,INEP,2026-10-06T18:06:37.031241+00:00,https://www.gov.br/inep/pt-br/acesso-a-informacao/dados-abertos/indicadores-educacionais/taxas-de-rendimento-escolar,https://download.inep.gov.br/informacoes_estatisticas/indicadores_educacionais/2025/tx_rend_municipios_2025.zip
4109401,PR,Pública,Urbana,Ensino médio,flowRepetition,1.1,%,2025,flow-2025,2_CAT_MED,available,Conforme universo do indicador INEP,INEP,2026-10-06T18:06:37.031241+00:00,https://www.gov.br/inep/pt-br/acesso-a-informacao/dados-abertos/indicadores-educacionais/taxas-de-rendimento-escolar,https://download.inep.gov.br/informacoes_estatisticas/indicadores_educacionais/2025/tx_rend_municipios_2025.zip
4109401,PR,Pública,Urbana,Ensino fundamental,flowDropout,0.0,%,2025,flow-2025,3_CAT_FUN,available,Conforme universo do indicador INEP,INEP,2026-10-06T18:06:37.031241+00:00,https://www.gov.br/inep/pt-br/acesso-a-informacao/dados-abertos/indicadores-educacionais/taxas-de-rendimento-escolar,https://download.inep.gov.br/informacoes_estatisticas/indicadores_educacionais/2025/tx_rend_municipios_2025.zip
4109401,PR,Pública,Urbana,Anos iniciais,flowDropout,0.0,%,2025,flow-2025,3_CAT_FUN_AI,available,Conforme universo do indicador INEP,INEP,2026-10-06T18:06:37.031241+00:00,https://www.gov.br/inep/pt-br/acesso-a-informacao/dados-abertos/indicadores-educacionais/taxas-de-rendimento-escolar,https://download.inep.gov.br/informacoes_estatisticas/indicadores_educacionais/2025/tx_rend_municipios_2025.zip
4109401,PR,Pública,Urbana,Anos finais,flowDropout,0.0,%,2025,flow-2025,3_CAT_FUN_AF,available,Conforme universo do indicador INEP,INEP,2026-10-06T18:06:37.031241+00:00,https://www.gov.br/inep/pt-br/acesso-a-informacao/dados-abertos/indicadores-educacionais/taxas-de-rendimento-escolar,https://download.inep.gov.br/informacoes_estatisticas/indicadores_educacionais/2025/tx_rend_municipios_2025.zip
4109401,PR,Pública,Urbana,Ensino médio,flowDropout,0.1,%,2025,flow-2025,3_CAT_MED,available,Conforme universo do indicador INEP,INEP,2026-10-06T18:06:37.031241+00:00,https://www.gov.br/inep/pt-br/acesso-a-informacao/dados-abertos/indicadores-educacionais/taxas-de-rendimento-escolar,https://download.inep.gov.br/informacoes_estatisticas/indicadores_educacionais/2025/tx_rend_municipios_2025.zip
4109401,PR,Pública,Rural,Ensino fundamental,flowApproval,99.1,%,2025,flow-2025,1_CAT_FUN,available,Conforme universo do indicador INEP,INEP,2026-10-06T18:06:37.031241+00:00,https://www.gov.br/inep/pt-br/acesso-a-informacao/dados-abertos/indicadores-educacionais/taxas-de-rendimento-escolar,https://download.inep.gov.br/informacoes_estatisticas/indicadores_educacionais/2025/tx_rend_municipios_2025.zip
4109401,PR,Pública,Rural,Anos iniciais,flowApproval,99.4,%,2025,flow-2025,1_CAT_FUN_AI,available,Conforme universo do indicador INEP,INEP,2026-10-06T18:06:37.031241+00:00,https://www.gov.br/inep/pt-br/acesso-a-informacao/dados-abertos/indicadores-educacionais/taxas-de-rendimento-escolar,https://download.inep.gov.br/informacoes_estatisticas/indicadores_educacionais/2025/tx_rend_municipios_2025.zip
4109401,PR,Pública,Rural,Anos finais,flowApproval,98.9,%,2025,flow-2025,1_CAT_FUN_AF,available,Conforme universo do indicador INEP,INEP,2026-10-06T18:06:37.031241+00:00,https://www.gov.br/inep/pt-br/acesso-a-informacao/dados-abertos/indicadores-educacionais/taxas-de-rendimento-escolar,https://download.inep.gov.br/informacoes_estatisticas/indicadores_educacionais/2025/tx_rend_municipios_2025.zip
4109401,PR,Pública,Rural,Ensino médio,flowApproval,100.0,%,2025,flow-2025,1_CAT_MED,available,Conforme universo do indicador INEP,INEP,2026-10-06T18:06:37.031241+00:00,https://www.gov.br/inep/pt-br/acesso-a-informacao/dados-abertos/indicadores-educacionais/taxas-de-rendimento-escolar,https://download.inep.gov.br/informacoes_estatisticas/indicadores_educacionais/2025/tx_rend_municipios_2025.zip
4109401,PR,Pública,Rural,Ensino fundamental,flowRepetition,0.9,%,2025,flow-2025,2_CAT_FUN,available,Conforme universo do indicador INEP,INEP,2026-10-06T18:06:37.031241+00:00,https://www.gov.br/inep/pt-br/acesso-a-informacao/dados-abertos/indicadores-educacionais/taxas-de-rendimento-escolar,https://download.inep.gov.br/informacoes_estatisticas/indicadores_educacionais/2025/tx_rend_municipios_2025.zip
4109401,PR,Pública,Rural,Anos iniciais,flowRepetition,0.6,%,2025,flow-2025,2_CAT_FUN_AI,available,Conforme universo do indicador INEP,INEP,2026-10-06T18:06:37.031241+00:00,https://www.gov.br/inep/pt-br/acesso-a-informacao/dados-abertos/indicadores-educacionais/taxas-de-rendimento-escolar,https://download.inep.gov.br/informacoes_estatisticas/indicadores_educacionais/2025/tx_rend_municipios_2025.zip
4109401,PR,Pública,Rural,Anos finais,flowRepetition,1.1,%,2025,flow-2025,2_CAT_FUN_AF,available,Conforme universo do indicador INEP,INEP,2026-10-06T18:06:37.031241+00:00,https://www.gov.br/inep/pt-br/acesso-a-informacao/dados-abertos/indicadores-educacionais/taxas-de-rendimento-escolar,https://download.inep.gov.br/informacoes_estatisticas/indicadores_educacionais/2025/tx_rend_municipios_2025.zip
4109401,PR,Pública,Rural,Ensino médio,flowRepetition,0.0,%,2025,flow-2025,2_CAT_MED,available,Conforme universo do indicador INEP,INEP,2026-10-06T18:06:37.031241+00:00,https://www.gov.br/inep/pt-br/acesso-a-informacao/dados-abertos/indicadores-educacionais/taxas-de-rendimento-escolar,https://download.inep.gov.br/informacoes_estatisticas/indicadores_educacionais/2025/tx_rend_municipios_2025.zip
4109401,PR,Pública,Rural,Ensino fundamental,flowDropout,0.0,%,2025,flow-2025,3_CAT_FUN,available,Conforme universo do indicador INEP,INEP,2026-10-06T18:06:37.031241+00:00,https://www.gov.br/inep/pt-br/acesso-a-informacao/dados-abertos/indicadores-educacionais/taxas-de-rendimento-escolar,https://download.inep.gov.br/informacoes_estatisticas/indicadores_educacionais/2025/tx_rend_municipios_2025.zip
4109401,PR,Pública,Rural,Anos iniciais,flowDropout,0.0,%,2025,flow-2025,3_CAT_FUN_AI,available,Conforme universo do indicador INEP,INEP,2026-10-06T18:06:37.031241+00:00,https://www.gov.br/inep/pt-br/acesso-a-informacao/dados-abertos/indicadores-educacionais/taxas-de-rendimento-escolar,https://download.inep.gov.br/informacoes_estatisticas/indicadores_educacionais/2025/tx_rend_municipios_2025.zip
4109401,PR,Pública,Rural,Anos finais,flowDropout,0.0,%,2025,flow-2025,3_CAT_FUN_AF,available,Conforme universo do indicador INEP,INEP,2026-10-06T18:06:37.031241+00:00,https://www.gov.br/inep/pt-br/acesso-a-informacao/dados-abertos/indicadores-educacionais/taxas-de-rendimento-escolar,https://download.inep.gov.br/informacoes_estatisticas/indicadores_educacionais/2025/tx_rend_municipios_2025.zip
4109401,PR,Pública,Rural,Ensino médio,flowDropout,0.0,%,2025,flow-2025,3_CAT_MED,available,Conforme universo do indicador INEP,INEP,2026-10-06T18:06:37.031241+00:00,https://www.gov.br/inep/pt-br/acesso-a-informacao/dados-abertos/indicadores-educacionais/taxas-de-rendimento-escolar,https://download.inep.gov.br/informacoes_estatisticas/indicadores_educacionais/2025/tx_rend_municipios_2025.zip
4113254,PR,Total,Total,Ensino fundamental,flowApproval,99.4,%,2025,flow-2025,1_CAT_FUN,available,Conforme universo do indicador INEP,INEP,2026-10-06T18:06:37.031241+00:00,https://www.gov.br/inep/pt-br/acesso-a-informacao/dados-abertos/indicadores-educacionais/taxas-de-rendimento-escolar,https://download.inep.gov.br/informacoes_estatisticas/indicadores_educacionais/2025/tx_rend_municipios_2025.zip
4113254,PR,Total,Total,Anos iniciais,flowApproval,99.1,%,2025,flow-2025,1_CAT_FUN_AI,available,Conforme universo do indicador INEP,INEP,2026-10-06T18:06:37.031241+00:00,https://www.gov.br/inep/pt-br/acesso-a-informacao/dados-abertos/indicadores-educacionais/taxas-de-rendimento-escolar,https://download.inep.gov.br/informacoes_estatisticas/indicadores_educacionais/2025/tx_rend_municipios_2025.zip
4113254,PR,Total,Total,Anos finais,flowApproval,100.0,%,2025,flow-2025,1_CAT_FUN_AF,available,Conforme universo do indicador INEP,INEP,2026-10-06T18:06:37.031241+00:00,https://www.gov.br/inep/pt-br/acesso-a-informacao/dados-abertos/indicadores-educacionais/taxas-de-rendimento-escolar,https://download.inep.gov.br/informacoes_estatisticas/indicadores_educacionais/2025/tx_rend_municipios_2025.zip
4113254,PR,Total,Total,Ensino médio,flowApproval,100.0,%,2025,flow-2025,1_CAT_MED,available,Conforme universo do indicador INEP,INEP,2026-10-06T18:06:37.031241+00:00,https://www.gov.br/inep/pt-br/acesso-a-informacao/dados-abertos/indicadores-educacionais/taxas-de-rendimento-escolar,https://download.inep.gov.br/informacoes_estatisticas/indicadores_educacionais/2025/tx_rend_municipios_2025.zip
4113254,PR,Total,Total,Ensino fundamental,flowRepetition,0.6,%,2025,flow-2025,2_CAT_FUN,available,Conforme universo do indicador INEP,INEP,2026-10-06T18:06:37.031241+00:00,https://www.gov.br/inep/pt-br/acesso-a-informacao/dados-abertos/indicadores-educacionais/taxas-de-rendimento-escolar,https://download.inep.gov.br/informacoes_estatisticas/indicadores_educacionais/2025/tx_rend_municipios_2025.zip
4113254,PR,Total,Total,Anos iniciais,flowRepetition,0.9,%,2025,flow-2025,2_CAT_FUN_AI,available,Conforme universo do indicador INEP,INEP,2026-10-06T18:06:37.031241+00:00,https://www.gov.br/inep/pt-br/acesso-a-informacao/dados-abertos/indicadores-educacionais/taxas-de-rendimento-escolar,https://download.inep.gov.br/informacoes_estatisticas/indicadores_educacionais/2025/tx_rend_municipios_2025.zip
4113254,PR,Total,Total,Anos finais,flowRepetition,0.0,%,2025,flow-2025,2_CAT_FUN_AF,available,Conforme universo do indicador INEP,INEP,2026-10-06T18:06:37.031241+00:00,https://www.gov.br/inep/pt-br/acesso-a-informacao/dados-abertos/indicadores-educacionais/taxas-de-rendimento-escolar,https://download.inep.gov.br/informacoes_estatisticas/indicadores_educacionais/2025/tx_rend_municipios_2025.zip
4113254,PR,Total,Total,Ensino médio,flowRepetition,0.0,%,2025,flow-2025,2_CAT_MED,available,Conforme universo do indicador INEP,INEP,2026-10-06T18:06:37.031241+00:00,https://www.gov.br/inep/pt-br/acesso-a-informacao/dados-abertos/indicadores-educacionais/taxas-de-rendimento-escolar,https://download.inep.gov.br/informacoes_estatisticas/indicadores_educacionais/2025/tx_rend_municipios_2025.zip
4113254,PR,Total,Total,Ensino fundamental,flowDropout,0.0,%,2025,flow-2025,3_CAT_FUN,available,Conforme universo do indicador INEP,INEP,2026-10-06T18:06:37.031241+00:00,https://www.gov.br/inep/pt-br/acesso-a-informacao/dados-abertos/indicadores-educacionais/taxas-de-rendimento-escolar,https://download.inep.gov.br/informacoes_estatisticas/indicadores_educacionais/2025/tx_rend_municipios_2025.zip
4113254,PR,Total,Total,Anos iniciais,flowDropout,0.0,%,2025,flow-2025,3_CAT_FUN_AI,available,Conforme universo do indicador INEP,INEP,2026-10-06T18:06:37.031241+00:00,https://www.gov.br/inep/pt-br/acesso-a-informacao/dados-abertos/indicadores-educacionais/taxas-de-rendimento-escolar,https://download.inep.gov.br/informacoes_estatisticas/indicadores_educacionais/2025/tx_rend_municipios_2025.zip
4113254,PR,Total,Total,Anos finais,flowDropout,0.0,%,2025,flow-2025,3_CAT_FUN_AF,available,Conforme universo do indicador INEP,INEP,2026-10-06T18:06:37.031241+00:00,https://www.gov.br/inep/pt-br/acesso-a-informacao/dados-abertos/indicadores-educacionais/taxas-de-rendimento-escolar,https://download.inep.gov.br/informacoes_estatisticas/indicadores_educacionais/2025/tx_rend_municipios_2025.zip
4113254,PR,Total,Total,Ensino médio,flowDropout,0.0,%,2025,flow-2025,3_CAT_MED,available,Conforme universo do indicador INEP,INEP,2026-10-06T18:06:37.031241+00:00,https://www.gov.br/inep/pt-br/acesso-a-informacao/dados-abertos/indicadores-educacionais/taxas-de-rendimento-escolar,https://download.inep.gov.br/informacoes_estatisticas/indicadores_educacionais/2025/tx_rend_municipios_2025.zip
4113254,PR,Total,Urbana,Ensino fundamental,flowApproval,99.2,%,2025,flow-2025,1_CAT_FUN,available,Conforme universo do indicador INEP,INEP,2026-10-06T18:06:37.031241+00:00,https://www.gov.br/inep/pt-br/acesso-a-informacao/dados-abertos/indicadores-educacionais/taxas-de-rendimento-escolar,https://download.inep.gov.br/informacoes_estatisticas/indicadores_educacionais/2025/tx_rend_municipios_2025.zip
4113254,PR,Total,Urbana,Anos iniciais,flowApproval,98.7,%,2025,flow-2025,1_CAT_FUN_AI,available,Conforme universo do indicador INEP,INEP,2026-10-06T18:06:37.031241+00:00,https://www.gov.br/inep/pt-br/acesso-a-informacao/dados-abertos/indicadores-educacionais/taxas-de-rendimento-escolar,https://download.inep.gov.br/informacoes_estatisticas/indicadores_educacionais/2025/tx_rend_municipios_2025.zip
4113254,PR,Total,Urbana,Anos finais,flowApproval,100.0,%,2025,flow-2025,1_CAT_FUN_AF,available,Conforme universo do indicador INEP,INEP,2026-10-06T18:06:37.031241+00:00,https://www.gov.br/inep/pt-br/acesso-a-informacao/dados-abertos/indicadores-educacionais/taxas-de-rendimento-escolar,https://download.inep.gov.br/informacoes_estatisticas/indicadores_educacionais/2025/tx_rend_municipios_2025.zip
4113254,PR,Total,Urbana,Ensino médio,flowApproval,100.0,%,2025,flow-2025,1_CAT_MED,available,Conforme universo do indicador INEP,INEP,2026-10-06T18:06:37.031241+00:00,https://www.gov.br/inep/pt-br/acesso-a-informacao/dados-abertos/indicadores-educacionais/taxas-de-rendimento-escolar,https://download.inep.gov.br/informacoes_estatisticas/indicadores_educacionais/2025/tx_rend_municipios_2025.zip
4113254,PR,Total,Urbana,Ensino fundamental,flowRepetition,0.8,%,2025,flow-2025,2_CAT_FUN,available,Conforme universo do indicador INEP,INEP,2026-10-06T18:06:37.031241+00:00,https://www.gov.br/inep/pt-br/acesso-a-informacao/dados-abertos/indicadores-educacionais/taxas-de-rendimento-escolar,https://download.inep.gov.br/informacoes_estatisticas/indicadores_educacionais/2025/tx_rend_municipios_2025.zip
4113254,PR,Total,Urbana,Anos iniciais,flowRepetition,1.3,%,2025,flow-2025,2_CAT_FUN_AI,available,Conforme universo do indicador INEP,INEP,2026-10-06T18:06:37.031241+00:00,https://www.gov.br/inep/pt-br/acesso-a-informacao/dados-abertos/indicadores-educacionais/taxas-de-rendimento-escolar,https://download.inep.gov.br/informacoes_estatisticas/indicadores_educacionais/2025/tx_rend_municipios_2025.zip
4113254,PR,Total,Urbana,Anos finais,flowRepetition,0.0,%,2025,flow-2025,2_CAT_FUN_AF,available,Conforme universo do indicador INEP,INEP,2026-10-06T18:06:37.031241+00:00,https://www.gov.br/inep/pt-br/acesso-a-informacao/dados-abertos/indicadores-educacionais/taxas-de-rendimento-escolar,https://download.inep.gov.br/informacoes_estatisticas/indicadores_educacionais/2025/tx_rend_municipios_2025.zip
4113254,PR,Total,Urbana,Ensino médio,flowRepetition,0.0,%,2025,flow-2025,2_CAT_MED,available,Conforme universo do indicador INEP,INEP,2026-10-06T18:06:37.031241+00:00,https://www.gov.br/inep/pt-br/acesso-a-informacao/dados-abertos/indicadores-educacionais/taxas-de-rendimento-escolar,https://download.inep.gov.br/informacoes_estatisticas/indicadores_educacionais/2025/tx_rend_municipios_2025.zip
4113254,PR,Total,Urbana,Ensino fundamental,flowDropout,0.0,%,2025,flow-2025,3_CAT_FUN,available,Conforme universo do indicador INEP,INEP,2026-10-06T18:06:37.031241+00:00,https://www.gov.br/inep/pt-br/acesso-a-informacao/dados-abertos/indicadores-educacionais/taxas-de-rendimento-escolar,https://download.inep.gov.br/informacoes_estatisticas/indicadores_educacionais/2025/tx_rend_municipios_2025.zip
4113254,PR,Total,Urbana,Anos iniciais,flowDropout,0.0,%,2025,flow-2025,3_CAT_FUN_AI,available,Conforme universo do indicador INEP,INEP,2026-10-06T18:06:37.031241+00:00,https://www.gov.br/inep/pt-br/acesso-a-informacao/dados-abertos/indicadores-educacionais/taxas-de-rendimento-escolar,https://download.inep.gov.br/informacoes_estatisticas/indicadores_educacionais/2025/tx_rend_municipios_2025.zip
4113254,PR,Total,Urbana,Anos finais,flowDropout,0.0,%,2025,flow-2025,3_CAT_FUN_AF,available,Conforme universo do indicador INEP,INEP,2026-10-06T18:06:37.031241+00:00,https://www.gov.br/inep/pt-br/acesso-a-informacao/dados-abertos/indicadores-educacionais/taxas-de-rendimento-escolar,https://download.inep.gov.br/informacoes_estatisticas/indicadores_educacionais/2025/tx_rend_municipios_2025.zip
4113254,PR,Total,Urbana,Ensino médio,flowDropout,0.0,%,2025,flow-2025,3_CAT_MED,available,Conforme universo do indicador INEP,INEP,2026-10-06T18:06:37.031241+00:00,https://www.gov.br/inep/pt-br/acesso-a-informacao/dados-abertos/indicadores-educacionais/taxas-de-rendimento-escolar,https://download.inep.gov.br/informacoes_estatisticas/indicadores_educacionais/2025/tx_rend_municipios_2025.zip
4113254,PR,Total,Rural,Ensino fundamental,flowApproval,100.0,%,2025,flow-2025,1_CAT_FUN,available,Conforme universo do indicador INEP,INEP,2026-10-06T18:06:37.031241+00:00,https://www.gov.br/inep/pt-br/acesso-a-informacao/dados-abertos/indicadores-educacionais/taxas-de-rendimento-escolar,https://download.inep.gov.br/informacoes_estatisticas/indicadores_educacionais/2025/tx_rend_municipios_2025.zip
4113254,PR,Total,Rural,Anos iniciais,flowApproval,100.0,%,2025,flow-2025,1_CAT_FUN_AI,available,Conforme universo do indicador INEP,INEP,2026-10-06T18:06:37.031241+00:00,https://www.gov.br/inep/pt-br/acesso-a-informacao/dados-abertos/indicadores-educacionais/taxas-de-rendimento-escolar,https://download.inep.gov.br/informacoes_estatisticas/indicadores_educacionais/2025/tx_rend_municipios_2025.zip
4113254,PR,Total,Rural,Anos finais,flowApproval,100.0,%,2025,flow-2025,1_CAT_FUN_AF,available,Conforme universo do indicador INEP,INEP,2026-10-06T18:06:37.031241+00:00,https://www.gov.br/inep/pt-br/acesso-a-informacao/dados-abertos/indicadores-educacionais/taxas-de-rendimento-escolar,https://download.inep.gov.br/informacoes_estatisticas/indicadores_educacionais/2025/tx_rend_municipios_2025.zip
4113254,PR,Total,Rural,Ensino médio,flowApproval,100.0,%,2025,flow-2025,1_CAT_MED,available,Conforme universo do indicador INEP,INEP,2026-10-06T18:06:37.031241+00:00,https://www.gov.br/inep/pt-br/acesso-a-informacao/dados-abertos/indicadores-educacionais/taxas-de-rendimento-escolar,https://download.inep.gov.br/informacoes_estatisticas/indicadores_educacionais/2025/tx_rend_municipios_2025.zip
4113254,PR,Total,Rural,Ensino fundamental,flowRepetition,0.0,%,2025,flow-2025,2_CAT_FUN,available,Conforme universo do indicador INEP,INEP,2026-10-06T18:06:37.031241+00:00,https://www.gov.br/inep/pt-br/acesso-a-informacao/dados-abertos/indicadores-educacionais/taxas-de-rendimento-escolar,https://download.inep.gov.br/informacoes_estatisticas/indicadores_educacionais/2025/tx_rend_municipios_2025.zip
4113254,PR,Total,Rural,Anos iniciais,flowRepetition,0.0,%,2025,flow-2025,2_CAT_FUN_AI,available,Conforme universo do indicador INEP,INEP,2026-10-06T18:06:37.031241+00:00,https://www.gov.br/inep/pt-br/acesso-a-informacao/dados-abertos/indicadores-educacionais/taxas-de-rendimento-escolar,https://download.inep.gov.br/informacoes_estatisticas/indicadores_educacionais/2025/tx_rend_municipios_2025.zip
4113254,PR,Total,Rural,Anos finais,flowRepetition,0.0,%,2025,flow-2025,2_CAT_FUN_AF,available,Conforme universo do indicador INEP,INEP,2026-10-06T18:06:37.031241+00:00,https://www.gov.br/inep/pt-br/acesso-a-informacao/dados-abertos/indicadores-educacionais/taxas-de-rendimento-escolar,https://download.inep.gov.br/informacoes_estatisticas/indicadores_educacionais/2025/tx_rend_municipios_2025.zip
4113254,PR,Total,Rural,Ensino médio,flowRepetition,0.0,%,2025,flow-2025,2_CAT_MED,available,Conforme universo do indicador INEP,INEP,2026-10-06T18:06:37.031241+00:00,https://www.gov.br/inep/pt-br/acesso-a-informacao/dados-abertos/indicadores-educacionais/taxas-de-rendimento-escolar,https://download.inep.gov.br/informacoes_estatisticas/indicadores_educacionais/2025/tx_rend_municipios_2025.zip
4113254,PR,Total,Rural,Ensino fundamental,flowDropout,0.0,%,2025,flow-2025,3_CAT_FUN,available,Conforme universo do indicador INEP,INEP,2026-10-06T18:06:37.031241+00:00,https://www.gov.br/inep/pt-br/acesso-a-informacao/dados-abertos/indicadores-educacionais/taxas-de-rendimento-escolar,https://download.inep.gov.br/informacoes_estatisticas/indicadores_educacionais/2025/tx_rend_municipios_2025.zip
4113254,PR,Total,Rural,Anos iniciais,flowDropout,0.0,%,2025,flow-2025,3_CAT_FUN_AI,available,Conforme universo do indicador INEP,INEP,2026-10-06T18:06:37.031241+00:00,https://www.gov.br/inep/pt-br/acesso-a-informacao/dados-abertos/indicadores-educacionais/taxas-de-rendimento-escolar,https://download.inep.gov.br/informacoes_estatisticas/indicadores_educacionais/2025/tx_rend_municipios_2025.zip
4113254,PR,Total,Rural,Anos finais,flowDropout,0.0,%,2025,flow-2025,3_CAT_FUN_AF,available,Conforme universo do indicador INEP,INEP,2026-10-06T18:06:37.031241+00:00,https://www.gov.br/inep/pt-br/acesso-a-informacao/dados-abertos/indicadores-educacionais/taxas-de-rendimento-escolar,https://download.inep.gov.br/informacoes_estatisticas/indicadores_educacionais/2025/tx_rend_municipios_2025.zip
4113254,PR,Total,Rural,Ensino médio,flowDropout,0.0,%,2025,flow-2025,3_CAT_MED,available,Conforme universo do indicador INEP,INEP,2026-10-06T18:06:37.031241+00:00,https://www.gov.br/inep/pt-br/acesso-a-informacao/dados-abertos/indicadores-educacionais/taxas-de-rendimento-escolar,https://download.inep.gov.br/informacoes_estatisticas/indicadores_educacionais/2025/tx_rend_municipios_2025.zip
4113254,PR,Estadual,Total,Ensino fundamental,flowApproval,100.0,%,2025,flow-2025,1_CAT_FUN,available,Conforme universo do indicador INEP,INEP,2026-10-06T18:06:37.031241+00:00,https://www.gov.br/inep/pt-br/acesso-a-informacao/dados-abertos/indicadores-educacionais/taxas-de-rendimento-escolar,https://download.inep.gov.br/informacoes_estatisticas/indicadores_educacionais/2025/tx_rend_municipios_2025.zip
4113254,PR,Estadual,Total,Anos iniciais,flowApproval,,%,2025,flow-2025,1_CAT_FUN_AI,notDisclosed,Conforme universo do indicador INEP,INEP,2026-10-06T18:06:37.031241+00:00,https://www.gov.br/inep/pt-br/acesso-a-informacao/dados-abertos/indicadores-educacionais/taxas-de-rendimento-escolar,https://download.inep.gov.br/informacoes_estatisticas/indicadores_educacionais/2025/tx_rend_municipios_2025.zip
4113254,PR,Estadual,Total,Anos finais,flowApproval,100.0,%,2025,flow-2025,1_CAT_FUN_AF,available,Conforme universo do indicador INEP,INEP,2026-10-06T18:06:37.031241+00:00,https://www.gov.br/inep/pt-br/acesso-a-informacao/dados-abertos/indicadores-educacionais/taxas-de-rendimento-escolar,https://download.inep.gov.br/informacoes_estatisticas/indicadores_educacionais/2025/tx_rend_municipios_2025.zip
4113254,PR,Estadual,Total,Ensino médio,flowApproval,100.0,%,2025,flow-2025,1_CAT_MED,available,Conforme universo do indicador INEP,INEP,2026-10-06T18:06:37.031241+00:00,https://www.gov.br/inep/pt-br/acesso-a-informacao/dados-abertos/indicadores-educacionais/taxas-de-rendimento-escolar,https://download.inep.gov.br/informacoes_estatisticas/indicadores_educacionais/2025/tx_rend_municipios_2025.zip
4113254,PR,Estadual,Total,Ensino fundamental,flowRepetition,0.0,%,2025,flow-2025,2_CAT_FUN,available,Conforme universo do indicador INEP,INEP,2026-10-06T18:06:37.031241+00:00,https://www.gov.br/inep/pt-br/acesso-a-informacao/dados-abertos/indicadores-educacionais/taxas-de-rendimento-escolar,https://download.inep.gov.br/informacoes_estatisticas/indicadores_educacionais/2025/tx_rend_municipios_2025.zip
4113254,PR,Estadual,Total,Anos iniciais,flowRepetition,,%,2025,flow-2025,2_CAT_FUN_AI,notDisclosed,Conforme universo do indicador INEP,INEP,2026-10-06T18:06:37.031241+00:00,https://www.gov.br/inep/pt-br/acesso-a-informacao/dados-abertos/indicadores-educacionais/taxas-de-rendimento-escolar,https://download.inep.gov.br/informacoes_estatisticas/indicadores_educacionais/2025/tx_rend_municipios_2025.zip
4113254,PR,Estadual,Total,Anos finais,flowRepetition,0.0,%,2025,flow-2025,2_CAT_FUN_AF,available,Conforme universo do indicador INEP,INEP,2026-10-06T18:06:37.031241+00:00,https://www.gov.br/inep/pt-br/acesso-a-informacao/dados-abertos/indicadores-educacionais/taxas-de-rendimento-escolar,https://download.inep.gov.br/informacoes_estatisticas/indicadores_educacionais/2025/tx_rend_municipios_2025.zip
4113254,PR,Estadual,Total,Ensino médio,flowRepetition,0.0,%,2025,flow-2025,2_CAT_MED,available,Conforme universo do indicador INEP,INEP,2026-10-06T18:06:37.031241+00:00,https://www.gov.br/inep/pt-br/acesso-a-informacao/dados-abertos/indicadores-educacionais/taxas-de-rendimento-escolar,https://download.inep.gov.br/informacoes_estatisticas/indicadores_educacionais/2025/tx_rend_municipios_2025.zip
4113254,PR,Estadual,Total,Ensino fundamental,flowDropout,0.0,%,2025,flow-2025,3_CAT_FUN,available,Conforme universo do indicador INEP,INEP,2026-10-06T18:06:37.031241+00:00,https://www.gov.br/inep/pt-br/acesso-a-informacao/dados-abertos/indicadores-educacionais/taxas-de-rendimento-escolar,https://download.inep.gov.br/informacoes_estatisticas/indicadores_educacionais/2025/tx_rend_municipios_2025.zip
4113254,PR,Estadual,Total,Anos iniciais,flowDropout,,%,2025,flow-2025,3_CAT_FUN_AI,notDisclosed,Conforme universo do indicador INEP,INEP,2026-10-06T18:06:37.031241+00:00,https://www.gov.br/inep/pt-br/acesso-a-informacao/dados-abertos/indicadores-educacionais/taxas-de-rendimento-escolar,https://download.inep.gov.br/informacoes_estatisticas/indicadores_educacionais/2025/tx_rend_municipios_2025.zip
4113254,PR,Estadual,Total,Anos finais,flowDropout,0.0,%,2025,flow-2025,3_CAT_FUN_AF,available,Conforme universo do indicador INEP,INEP,2026-10-06T18:06:37.031241+00:00,https://www.gov.br/inep/pt-br/acesso-a-informacao/dados-abertos/indicadores-educacionais/taxas-de-rendimento-escolar,https://download.inep.gov.br/informacoes_estatisticas/indicadores_educacionais/2025/tx_rend_municipios_2025.zip
4113254,PR,Estadual,Total,Ensino médio,flowDropout,0.0,%,2025,flow-2025,3_CAT_MED,available,Conforme universo do indicador INEP,INEP,2026-10-06T18:06:37.031241+00:00,https://www.gov.br/inep/pt-br/acesso-a-informacao/dados-abertos/indicadores-educacionais/taxas-de-rendimento-escolar,https://download.inep.gov.br/informacoes_estatisticas/indicadores_educacionais/2025/tx_rend_municipios_2025.zip
4113254,PR,Estadual,Urbana,Ensino fundamental,flowApproval,100.0,%,2025,flow-2025,1_CAT_FUN,available,Conforme universo do indicador INEP,INEP,2026-10-06T18:06:37.031241+00:00,https://www.gov.br/inep/pt-br/acesso-a-informacao/dados-abertos/indicadores-educacionais/taxas-de-rendimento-escolar,https://download.inep.gov.br/informacoes_estatisticas/indicadores_educacionais/2025/tx_rend_municipios_2025.zip
4113254,PR,Estadual,Urbana,Anos iniciais,flowApproval,,%,2025,flow-2025,1_CAT_FUN_AI,notDisclosed,Conforme universo do indicador INEP,INEP,2026-10-06T18:06:37.031241+00:00,https://www.gov.br/inep/pt-br/acesso-a-informacao/dados-abertos/indicadores-educacionais/taxas-de-rendimento-escolar,https://download.inep.gov.br/informacoes_estatisticas/indicadores_educacionais/2025/tx_rend_municipios_2025.zip
4113254,PR,Estadual,Urbana,Anos finais,flowApproval,100.0,%,2025,flow-2025,1_CAT_FUN_AF,available,Conforme universo do indicador INEP,INEP,2026-10-06T18:06:37.031241+00:00,https://www.gov.br/inep/pt-br/acesso-a-informacao/dados-abertos/indicadores-educacionais/taxas-de-rendimento-escolar,https://download.inep.gov.br/informacoes_estatisticas/indicadores_educacionais/2025/tx_rend_municipios_2025.zip
4113254,PR,Estadual,Urbana,Ensino médio,flowApproval,100.0,%,2025,flow-2025,1_CAT_MED,available,Conforme universo do indicador INEP,INEP,2026-10-06T18:06:37.031241+00:00,https://www.gov.br/inep/pt-br/acesso-a-informacao/dados-abertos/indicadores-educacionais/taxas-de-rendimento-escolar,https://download.inep.gov.br/informacoes_estatisticas/indicadores_educacionais/2025/tx_rend_municipios_2025.zip
4113254,PR,Estadual,Urbana,Ensino fundamental,flowRepetition,0.0,%,2025,flow-2025,2_CAT_FUN,available,Conforme universo do indicador INEP,INEP,2026-10-06T18:06:37.031241+00:00,https://www.gov.br/inep/pt-br/acesso-a-informacao/dados-abertos/indicadores-educacionais/taxas-de-rendimento-escolar,https://download.inep.gov.br/informacoes_estatisticas/indicadores_educacionais/2025/tx_rend_municipios_2025.zip
4113254,PR,Estadual,Urbana,Anos iniciais,flowRepetition,,%,2025,flow-2025,2_CAT_FUN_AI,notDisclosed,Conforme universo do indicador INEP,INEP,2026-10-06T18:06:37.031241+00:00,https://www.gov.br/inep/pt-br/acesso-a-informacao/dados-abertos/indicadores-educacionais/taxas-de-rendimento-escolar,https://download.inep.gov.br/informacoes_estatisticas/indicadores_educacionais/2025/tx_rend_municipios_2025.zip
4113254,PR,Estadual,Urbana,Anos finais,flowRepetition,0.0,%,2025,flow-2025,2_CAT_FUN_AF,available,Conforme universo do indicador INEP,INEP,2026-10-06T18:06:37.031241+00:00,https://www.gov.br/inep/pt-br/acesso-a-informacao/dados-abertos/indicadores-educacionais/taxas-de-rendimento-escolar,https://download.inep.gov.br/informacoes_estatisticas/indicadores_educacionais/2025/tx_rend_municipios_2025.zip
4113254,PR,Estadual,Urbana,Ensino médio,flowRepetition,0.0,%,2025,flow-2025,2_CAT_MED,available,Conforme universo do indicador INEP,INEP,2026-10-06T18:06:37.031241+00:00,https://www.gov.br/inep/pt-br/acesso-a-informacao/dados-abertos/indicadores-educacionais/taxas-de-rendimento-escolar,https://download.inep.gov.br/informacoes_estatisticas/indicadores_educacionais/2025/tx_rend_municipios_2025.zip
4113254,PR,Estadual,Urbana,Ensino fundamental,flowDropout,0.0,%,2025,flow-2025,3_CAT_FUN,available,Conforme universo do indicador INEP,INEP,2026-10-06T18:06:37.031241+00:00,https://www.gov.br/inep/pt-br/acesso-a-informacao/dados-abertos/indicadores-educacionais/taxas-de-rendimento-escolar,https://download.inep.gov.br/informacoes_estatisticas/indicadores_educacionais/2025/tx_rend_municipios_2025.zip
4113254,PR,Estadual,Urbana,Anos iniciais,flowDropout,,%,2025,flow-2025,3_CAT_FUN_AI,notDisclosed,Conforme universo do indicador INEP,INEP,2026-10-06T18:06:37.031241+00:00,https://www.gov.br/inep/pt-br/acesso-a-informacao/dados-abertos/indicadores-educacionais/taxas-de-rendimento-escolar,https://download.inep.gov.br/informacoes_estatisticas/indicadores_educacionais/2025/tx_rend_municipios_2025.zip
4113254,PR,Estadual,Urbana,Anos finais,flowDropout,0.0,%,2025,flow-2025,3_CAT_FUN_AF,available,Conforme universo do indicador INEP,INEP,2026-10-06T18:06:37.031241+00:00,https://www.gov.br/inep/pt-br/acesso-a-informacao/dados-abertos/indicadores-educacionais/taxas-de-rendimento-escolar,https://download.inep.gov.br/informacoes_estatisticas/indicadores_educacionais/2025/tx_rend_municipios_2025.zip
4113254,PR,Estadual,Urbana,Ensino médio,flowDropout,0.0,%,2025,flow-2025,3_CAT_MED,available,Conforme universo do indicador INEP,INEP,2026-10-06T18:06:37.031241+00:00,https://www.gov.br/inep/pt-br/acesso-a-informacao/dados-abertos/indicadores-educacionais/taxas-de-rendimento-escolar,https://download.inep.gov.br/informacoes_estatisticas/indicadores_educacionais/2025/tx_rend_municipios_2025.zip
4113254,PR,Estadual,Rural,Ensino fundamental,flowApproval,100.0,%,2025,flow-2025,1_CAT_FUN,available,Conforme universo do indicador INEP,INEP,2026-10-06T18:06:37.031241+00:00,https://www.gov.br/inep/pt-br/acesso-a-informacao/dados-abertos/indicadores-educacionais/taxas-de-rendimento-escolar,https://download.inep.gov.br/informacoes_estatisticas/indicadores_educacionais/2025/tx_rend_municipios_2025.zip
4113254,PR,Estadual,Rural,Anos iniciais,flowApproval,,%,2025,flow-2025,1_CAT_FUN_AI,notDisclosed,Conforme universo do indicador INEP,INEP,2026-10-06T18:06:37.031241+00:00,https://www.gov.br/inep/pt-br/acesso-a-informacao/dados-abertos/indicadores-educacionais/taxas-de-rendimento-escolar,https://download.inep.gov.br/informacoes_estatisticas/indicadores_educacionais/2025/tx_rend_municipios_2025.zip
4113254,PR,Estadual,Rural,Anos finais,flowApproval,100.0,%,2025,flow-2025,1_CAT_FUN_AF,available,Conforme universo do indicador INEP,INEP,2026-10-06T18:06:37.031241+00:00,https://www.gov.br/inep/pt-br/acesso-a-informacao/dados-abertos/indicadores-educacionais/taxas-de-rendimento-escolar,https://download.inep.gov.br/informacoes_estatisticas/indicadores_educacionais/2025/tx_rend_municipios_2025.zip
4113254,PR,Estadual,Rural,Ensino médio,flowApproval,100.0,%,2025,flow-2025,1_CAT_MED,available,Conforme universo do indicador INEP,INEP,2026-10-06T18:06:37.031241+00:00,https://www.gov.br/inep/pt-br/acesso-a-informacao/dados-abertos/indicadores-educacionais/taxas-de-rendimento-escolar,https://download.inep.gov.br/informacoes_estatisticas/indicadores_educacionais/2025/tx_rend_municipios_2025.zip
4113254,PR,Estadual,Rural,Ensino fundamental,flowRepetition,0.0,%,2025,flow-2025,2_CAT_FUN,available,Conforme universo do indicador INEP,INEP,2026-10-06T18:06:37.031241+00:00,https://www.gov.br/inep/pt-br/acesso-a-informacao/dados-abertos/indicadores-educacionais/taxas-de-rendimento-escolar,https://download.inep.gov.br/informacoes_estatisticas/indicadores_educacionais/2025/tx_rend_municipios_2025.zip
4113254,PR,Estadual,Rural,Anos iniciais,flowRepetition,,%,2025,flow-2025,2_CAT_FUN_AI,notDisclosed,Conforme universo do indicador INEP,INEP,2026-10-06T18:06:37.031241+00:00,https://www.gov.br/inep/pt-br/acesso-a-informacao/dados-abertos/indicadores-educacionais/taxas-de-rendimento-escolar,https://download.inep.gov.br/informacoes_estatisticas/indicadores_educacionais/2025/tx_rend_municipios_2025.zip
4113254,PR,Estadual,Rural,Anos finais,flowRepetition,0.0,%,2025,flow-2025,2_CAT_FUN_AF,available,Conforme universo do indicador INEP,INEP,2026-10-06T18:06:37.031241+00:00,https://www.gov.br/inep/pt-br/acesso-a-informacao/dados-abertos/indicadores-educacionais/taxas-de-rendimento-escolar,https://download.inep.gov.br/informacoes_estatisticas/indicadores_educacionais/2025/tx_rend_municipios_2025.zip
4113254,PR,Estadual,Rural,Ensino médio,flowRepetition,0.0,%,2025,flow-2025,2_CAT_MED,available,Conforme universo do indicador INEP,INEP,2026-10-06T18:06:37.031241+00:00,https://www.gov.br/inep/pt-br/acesso-a-informacao/dados-abertos/indicadores-educacionais/taxas-de-rendimento-escolar,https://download.inep.gov.br/informacoes_estatisticas/indicadores_educacionais/2025/tx_rend_municipios_2025.zip
4113254,PR,Estadual,Rural,Ensino fundamental,flowDropout,0.0,%,2025,flow-2025,3_CAT_FUN,available,Conforme universo do indicador INEP,INEP,2026-10-06T18:06:37.031241+00:00,https://www.gov.br/inep/pt-br/acesso-a-informacao/dados-abertos/indicadores-educacionais/taxas-de-rendimento-escolar,https://download.inep.gov.br/informacoes_estatisticas/indicadores_educacionais/2025/tx_rend_municipios_2025.zip
4113254,PR,Estadual,Rural,Anos iniciais,flowDropout,,%,2025,flow-2025,3_CAT_FUN_AI,notDisclosed,Conforme universo do indicador INEP,INEP,2026-10-06T18:06:37.031241+00:00,https://www.gov.br/inep/pt-br/acesso-a-informacao/dados-abertos/indicadores-educacionais/taxas-de-rendimento-escolar,https://download.inep.gov.br/informacoes_estatisticas/indicadores_educacionais/2025/tx_rend_municipios_2025.zip
4113254,PR,Estadual,Rural,Anos finais,flowDropout,0.0,%,2025,flow-2025,3_CAT_FUN_AF,available,Conforme universo do indicador INEP,INEP,2026-10-06T18:06:37.031241+00:00,https://www.gov.br/inep/pt-br/acesso-a-informacao/dados-abertos/indicadores-educacionais/taxas-de-rendimento-escolar,https://download.inep.gov.br/informacoes_estatisticas/indicadores_educacionais/2025/tx_rend_municipios_2025.zip
4113254,PR,Estadual,Rural,Ensino médio,flowDropout,0.0,%,2025,flow-2025,3_CAT_MED,available,Conforme universo do indicador INEP,INEP,2026-10-06T18:06:37.031241+00:00,https://www.gov.br/inep/pt-br/acesso-a-informacao/dados-abertos/indicadores-educacionais/taxas-de-rendimento-escolar,https://download.inep.gov.br/informacoes_estatisticas/indicadores_educacionais/2025/tx_rend_municipios_2025.zip
4113254,PR,Municipal,Total,Ensino fundamental,flowApproval,99.1,%,2025,flow-2025,1_CAT_FUN,available,Conforme universo do indicador INEP,INEP,2026-10-06T18:06:37.031241+00:00,https://www.gov.br/inep/pt-br/acesso-a-informacao/dados-abertos/indicadores-educacionais/taxas-de-rendimento-escolar,https://download.inep.gov.br/informacoes_estatisticas/indicadores_educacionais/2025/tx_rend_municipios_2025.zip
4113254,PR,Municipal,Total,Anos iniciais,flowApproval,99.1,%,2025,flow-2025,1_CAT_FUN_AI,available,Conforme universo do indicador INEP,INEP,2026-10-06T18:06:37.031241+00:00,https://www.gov.br/inep/pt-br/acesso-a-informacao/dados-abertos/indicadores-educacionais/taxas-de-rendimento-escolar,https://download.inep.gov.br/informacoes_estatisticas/indicadores_educacionais/2025/tx_rend_municipios_2025.zip
4113254,PR,Municipal,Total,Anos finais,flowApproval,,%,2025,flow-2025,1_CAT_FUN_AF,notDisclosed,Conforme universo do indicador INEP,INEP,2026-10-06T18:06:37.031241+00:00,https://www.gov.br/inep/pt-br/acesso-a-informacao/dados-abertos/indicadores-educacionais/taxas-de-rendimento-escolar,https://download.inep.gov.br/informacoes_estatisticas/indicadores_educacionais/2025/tx_rend_municipios_2025.zip
4113254,PR,Municipal,Total,Ensino médio,flowApproval,,%,2025,flow-2025,1_CAT_MED,notDisclosed,Conforme universo do indicador INEP,INEP,2026-10-06T18:06:37.031241+00:00,https://www.gov.br/inep/pt-br/acesso-a-informacao/dados-abertos/indicadores-educacionais/taxas-de-rendimento-escolar,https://download.inep.gov.br/informacoes_estatisticas/indicadores_educacionais/2025/tx_rend_municipios_2025.zip
4113254,PR,Municipal,Total,Ensino fundamental,flowRepetition,0.9,%,2025,flow-2025,2_CAT_FUN,available,Conforme universo do indicador INEP,INEP,2026-10-06T18:06:37.031241+00:00,https://www.gov.br/inep/pt-br/acesso-a-informacao/dados-abertos/indicadores-educacionais/taxas-de-rendimento-escolar,https://download.inep.gov.br/informacoes_estatisticas/indicadores_educacionais/2025/tx_rend_municipios_2025.zip
4113254,PR,Municipal,Total,Anos iniciais,flowRepetition,0.9,%,2025,flow-2025,2_CAT_FUN_AI,available,Conforme universo do indicador INEP,INEP,2026-10-06T18:06:37.031241+00:00,https://www.gov.br/inep/pt-br/acesso-a-informacao/dados-abertos/indicadores-educacionais/taxas-de-rendimento-escolar,https://download.inep.gov.br/informacoes_estatisticas/indicadores_educacionais/2025/tx_rend_municipios_2025.zip
4113254,PR,Municipal,Total,Anos finais,flowRepetition,,%,2025,flow-2025,2_CAT_FUN_AF,notDisclosed,Conforme universo do indicador INEP,INEP,2026-10-06T18:06:37.031241+00:00,https://www.gov.br/inep/pt-br/acesso-a-informacao/dados-abertos/indicadores-educacionais/taxas-de-rendimento-escolar,https://download.inep.gov.br/informacoes_estatisticas/indicadores_educacionais/2025/tx_rend_municipios_2025.zip
4113254,PR,Municipal,Total,Ensino médio,flowRepetition,,%,2025,flow-2025,2_CAT_MED,notDisclosed,Conforme universo do indicador INEP,INEP,2026-10-06T18:06:37.031241+00:00,https://www.gov.br/inep/pt-br/acesso-a-informacao/dados-abertos/indicadores-educacionais/taxas-de-rendimento-escolar,https://download.inep.gov.br/informacoes_estatisticas/indicadores_educacionais/2025/tx_rend_municipios_2025.zip
4113254,PR,Municipal,Total,Ensino fundamental,flowDropout,0.0,%,2025,flow-2025,3_CAT_FUN,available,Conforme universo do indicador INEP,INEP,2026-10-06T18:06:37.031241+00:00,https://www.gov.br/inep/pt-br/acesso-a-informacao/dados-abertos/indicadores-educacionais/taxas-de-rendimento-escolar,https://download.inep.gov.br/informacoes_estatisticas/indicadores_educacionais/2025/tx_rend_municipios_2025.zip
4113254,PR,Municipal,Total,Anos iniciais,flowDropout,0.0,%,2025,flow-2025,3_CAT_FUN_AI,available,Conforme universo do indicador INEP,INEP,2026-10-06T18:06:37.031241+00:00,https://www.gov.br/inep/pt-br/acesso-a-informacao/dados-abertos/indicadores-educacionais/taxas-de-rendimento-escolar,https://download.inep.gov.br/informacoes_estatisticas/indicadores_educacionais/2025/tx_rend_municipios_2025.zip
4113254,PR,Municipal,Total,Anos finais,flowDropout,,%,2025,flow-2025,3_CAT_FUN_AF,notDisclosed,Conforme universo do indicador INEP,INEP,2026-10-06T18:06:37.031241+00:00,https://www.gov.br/inep/pt-br/acesso-a-informacao/dados-abertos/indicadores-educacionais/taxas-de-rendimento-escolar,https://download.inep.gov.br/informacoes_estatisticas/indicadores_educacionais/2025/tx_rend_municipios_2025.zip
4113254,PR,Municipal,Total,Ensino médio,flowDropout,,%,2025,flow-2025,3_CAT_MED,notDisclosed,Conforme universo do indicador INEP,INEP,2026-10-06T18:06:37.031241+00:00,https://www.gov.br/inep/pt-br/acesso-a-informacao/dados-abertos/indicadores-educacionais/taxas-de-rendimento-escolar,https://download.inep.gov.br/informacoes_estatisticas/indicadores_educacionais/2025/tx_rend_municipios_2025.zip
4113254,PR,Municipal,Urbana,Ensino fundamental,flowApproval,98.7,%,2025,flow-2025,1_CAT_FUN,available,Conforme universo do indicador INEP,INEP,2026-10-06T18:06:37.031241+00:00,https://www.gov.br/inep/pt-br/acesso-a-informacao/dados-abertos/indicadores-educacionais/taxas-de-rendimento-escolar,https://download.inep.gov.br/informacoes_estatisticas/indicadores_educacionais/2025/tx_rend_municipios_2025.zip
4113254,PR,Municipal,Urbana,Anos iniciais,flowApproval,98.7,%,2025,flow-2025,1_CAT_FUN_AI,available,Conforme universo do indicador INEP,INEP,2026-10-06T18:06:37.031241+00:00,https://www.gov.br/inep/pt-br/acesso-a-informacao/dados-abertos/indicadores-educacionais/taxas-de-rendimento-escolar,https://download.inep.gov.br/informacoes_estatisticas/indicadores_educacionais/2025/tx_rend_municipios_2025.zip
4113254,PR,Municipal,Urbana,Anos finais,flowApproval,,%,2025,flow-2025,1_CAT_FUN_AF,notDisclosed,Conforme universo do indicador INEP,INEP,2026-10-06T18:06:37.031241+00:00,https://www.gov.br/inep/pt-br/acesso-a-informacao/dados-abertos/indicadores-educacionais/taxas-de-rendimento-escolar,https://download.inep.gov.br/informacoes_estatisticas/indicadores_educacionais/2025/tx_rend_municipios_2025.zip
4113254,PR,Municipal,Urbana,Ensino médio,flowApproval,,%,2025,flow-2025,1_CAT_MED,notDisclosed,Conforme universo do indicador INEP,INEP,2026-10-06T18:06:37.031241+00:00,https://www.gov.br/inep/pt-br/acesso-a-informacao/dados-abertos/indicadores-educacionais/taxas-de-rendimento-escolar,https://download.inep.gov.br/informacoes_estatisticas/indicadores_educacionais/2025/tx_rend_municipios_2025.zip
4113254,PR,Municipal,Urbana,Ensino fundamental,flowRepetition,1.3,%,2025,flow-2025,2_CAT_FUN,available,Conforme universo do indicador INEP,INEP,2026-10-06T18:06:37.031241+00:00,https://www.gov.br/inep/pt-br/acesso-a-informacao/dados-abertos/indicadores-educacionais/taxas-de-rendimento-escolar,https://download.inep.gov.br/informacoes_estatisticas/indicadores_educacionais/2025/tx_rend_municipios_2025.zip
4113254,PR,Municipal,Urbana,Anos iniciais,flowRepetition,1.3,%,2025,flow-2025,2_CAT_FUN_AI,available,Conforme universo do indicador INEP,INEP,2026-10-06T18:06:37.031241+00:00,https://www.gov.br/inep/pt-br/acesso-a-informacao/dados-abertos/indicadores-educacionais/taxas-de-rendimento-escolar,https://download.inep.gov.br/informacoes_estatisticas/indicadores_educacionais/2025/tx_rend_municipios_2025.zip
4113254,PR,Municipal,Urbana,Anos finais,flowRepetition,,%,2025,flow-2025,2_CAT_FUN_AF,notDisclosed,Conforme universo do indicador INEP,INEP,2026-10-06T18:06:37.031241+00:00,https://www.gov.br/inep/pt-br/acesso-a-informacao/dados-abertos/indicadores-educacionais/taxas-de-rendimento-escolar,https://download.inep.gov.br/informacoes_estatisticas/indicadores_educacionais/2025/tx_rend_municipios_2025.zip
4113254,PR,Municipal,Urbana,Ensino médio,flowRepetition,,%,2025,flow-2025,2_CAT_MED,notDisclosed,Conforme universo do indicador INEP,INEP,2026-10-06T18:06:37.031241+00:00,https://www.gov.br/inep/pt-br/acesso-a-informacao/dados-abertos/indicadores-educacionais/taxas-de-rendimento-escolar,https://download.inep.gov.br/informacoes_estatisticas/indicadores_educacionais/2025/tx_rend_municipios_2025.zip
4113254,PR,Municipal,Urbana,Ensino fundamental,flowDropout,0.0,%,2025,flow-2025,3_CAT_FUN,available,Conforme universo do indicador INEP,INEP,2026-10-06T18:06:37.031241+00:00,https://www.gov.br/inep/pt-br/acesso-a-informacao/dados-abertos/indicadores-educacionais/taxas-de-rendimento-escolar,https://download.inep.gov.br/informacoes_estatisticas/indicadores_educacionais/2025/tx_rend_municipios_2025.zip
4113254,PR,Municipal,Urbana,Anos iniciais,flowDropout,0.0,%,2025,flow-2025,3_CAT_FUN_AI,available,Conforme universo do indicador INEP,INEP,2026-10-06T18:06:37.031241+00:00,https://www.gov.br/inep/pt-br/acesso-a-informacao/dados-abertos/indicadores-educacionais/taxas-de-rendimento-escolar,https://download.inep.gov.br/informacoes_estatisticas/indicadores_educacionais/2025/tx_rend_municipios_2025.zip
4113254,PR,Municipal,Urbana,Anos finais,flowDropout,,%,2025,flow-2025,3_CAT_FUN_AF,notDisclosed,Conforme universo do indicador INEP,INEP,2026-10-06T18:06:37.031241+00:00,https://www.gov.br/inep/pt-br/acesso-a-informacao/dados-abertos/indicadores-educacionais/taxas-de-rendimento-escolar,https://download.inep.gov.br/informacoes_estatisticas/indicadores_educacionais/2025/tx_rend_municipios_2025.zip
4113254,PR,Municipal,Urbana,Ensino médio,flowDropout,,%,2025,flow-2025,3_CAT_MED,notDisclosed,Conforme universo do indicador INEP,INEP,2026-10-06T18:06:37.031241+00:00,https://www.gov.br/inep/pt-br/acesso-a-informacao/dados-abertos/indicadores-educacionais/taxas-de-rendimento-escolar,https://download.inep.gov.br/informacoes_estatisticas/indicadores_educacionais/2025/tx_rend_municipios_2025.zip
4113254,PR,Municipal,Rural,Ensino fundamental,flowApproval,100.0,%,2025,flow-2025,1_CAT_FUN,available,Conforme universo do indicador INEP,INEP,2026-10-06T18:06:37.031241+00:00,https://www.gov.br/inep/pt-br/acesso-a-informacao/dados-abertos/indicadores-educacionais/taxas-de-rendimento-escolar,https://download.inep.gov.br/informacoes_estatisticas/indicadores_educacionais/2025/tx_rend_municipios_2025.zip
4113254,PR,Municipal,Rural,Anos iniciais,flowApproval,100.0,%,2025,flow-2025,1_CAT_FUN_AI,available,Conforme universo do indicador INEP,INEP,2026-10-06T18:06:37.031241+00:00,https://www.gov.br/inep/pt-br/acesso-a-informacao/dados-abertos/indicadores-educacionais/taxas-de-rendimento-escolar,https://download.inep.gov.br/informacoes_estatisticas/indicadores_educacionais/2025/tx_rend_municipios_2025.zip
4113254,PR,Municipal,Rural,Anos finais,flowApproval,,%,2025,flow-2025,1_CAT_FUN_AF,notDisclosed,Conforme universo do indicador INEP,INEP,2026-10-06T18:06:37.031241+00:00,https://www.gov.br/inep/pt-br/acesso-a-informacao/dados-abertos/indicadores-educacionais/taxas-de-rendimento-escolar,https://download.inep.gov.br/informacoes_estatisticas/indicadores_educacionais/2025/tx_rend_municipios_2025.zip
4113254,PR,Municipal,Rural,Ensino médio,flowApproval,,%,2025,flow-2025,1_CAT_MED,notDisclosed,Conforme universo do indicador INEP,INEP,2026-10-06T18:06:37.031241+00:00,https://www.gov.br/inep/pt-br/acesso-a-informacao/dados-abertos/indicadores-educacionais/taxas-de-rendimento-escolar,https://download.inep.gov.br/informacoes_estatisticas/indicadores_educacionais/2025/tx_rend_municipios_2025.zip
4113254,PR,Municipal,Rural,Ensino fundamental,flowRepetition,0.0,%,2025,flow-2025,2_CAT_FUN,available,Conforme universo do indicador INEP,INEP,2026-10-06T18:06:37.031241+00:00,https://www.gov.br/inep/pt-br/acesso-a-informacao/dados-abertos/indicadores-educacionais/taxas-de-rendimento-escolar,https://download.inep.gov.br/informacoes_estatisticas/indicadores_educacionais/2025/tx_rend_municipios_2025.zip
4113254,PR,Municipal,Rural,Anos iniciais,flowRepetition,0.0,%,2025,flow-2025,2_CAT_FUN_AI,available,Conforme universo do indicador INEP,INEP,2026-10-06T18:06:37.031241+00:00,https://www.gov.br/inep/pt-br/acesso-a-informacao/dados-abertos/indicadores-educacionais/taxas-de-rendimento-escolar,https://download.inep.gov.br/informacoes_estatisticas/indicadores_educacionais/2025/tx_rend_municipios_2025.zip
4113254,PR,Municipal,Rural,Anos finais,flowRepetition,,%,2025,flow-2025,2_CAT_FUN_AF,notDisclosed,Conforme universo do indicador INEP,INEP,2026-10-06T18:06:37.031241+00:00,https://www.gov.br/inep/pt-br/acesso-a-informacao/dados-abertos/indicadores-educacionais/taxas-de-rendimento-escolar,https://download.inep.gov.br/informacoes_estatisticas/indicadores_educacionais/2025/tx_rend_municipios_2025.zip
4113254,PR,Municipal,Rural,Ensino médio,flowRepetition,,%,2025,flow-2025,2_CAT_MED,notDisclosed,Conforme universo do indicador INEP,INEP,2026-10-06T18:06:37.031241+00:00,https://www.gov.br/inep/pt-br/acesso-a-informacao/dados-abertos/indicadores-educacionais/taxas-de-rendimento-escolar,https://download.inep.gov.br/informacoes_estatisticas/indicadores_educacionais/2025/tx_rend_municipios_2025.zip
4113254,PR,Municipal,Rural,Ensino fundamental,flowDropout,0.0,%,2025,flow-2025,3_CAT_FUN,available,Conforme universo do indicador INEP,INEP,2026-10-06T18:06:37.031241+00:00,https://www.gov.br/inep/pt-br/acesso-a-informacao/dados-abertos/indicadores-educacionais/taxas-de-rendimento-escolar,https://download.inep.gov.br/informacoes_estatisticas/indicadores_educacionais/2025/tx_rend_municipios_2025.zip
4113254,PR,Municipal,Rural,Anos iniciais,flowDropout,0.0,%,2025,flow-2025,3_CAT_FUN_AI,available,Conforme universo do indicador INEP,INEP,2026-10-06T18:06:37.031241+00:00,https://www.gov.br/inep/pt-br/acesso-a-informacao/dados-abertos/indicadores-educacionais/taxas-de-rendimento-escolar,https://download.inep.gov.br/informacoes_estatisticas/indicadores_educacionais/2025/tx_rend_municipios_2025.zip
4113254,PR,Municipal,Rural,Anos finais,flowDropout,,%,2025,flow-2025,3_CAT_FUN_AF,notDisclosed,Conforme universo do indicador INEP,INEP,2026-10-06T18:06:37.031241+00:00,https://www.gov.br/inep/pt-br/acesso-a-informacao/dados-abertos/indicadores-educacionais/taxas-de-rendimento-escolar,https://download.inep.gov.br/informacoes_estatisticas/indicadores_educacionais/2025/tx_rend_municipios_2025.zip
4113254,PR,Municipal,Rural,Ensino médio,flowDropout,,%,2025,flow-2025,3_CAT_MED,notDisclosed,Conforme universo do indicador INEP,INEP,2026-10-06T18:06:37.031241+00:00,https://www.gov.br/inep/pt-br/acesso-a-informacao/dados-abertos/indicadores-educacionais/taxas-de-rendimento-escolar,https://download.inep.gov.br/informacoes_estatisticas/indicadores_educacionais/2025/tx_rend_municipios_2025.zip
4113254,PR,Privada,Total,Ensino fundamental,flowApproval,100.0,%,2025,flow-2025,1_CAT_FUN,available,Conforme universo do indicador INEP,INEP,2026-10-06T18:06:37.031241+00:00,https://www.gov.br/inep/pt-br/acesso-a-informacao/dados-abertos/indicadores-educacionais/taxas-de-rendimento-escolar,https://download.inep.gov.br/informacoes_estatisticas/indicadores_educacionais/2025/tx_rend_municipios_2025.zip
4113254,PR,Privada,Total,Anos iniciais,flowApproval,100.0,%,2025,flow-2025,1_CAT_FUN_AI,available,Conforme universo do indicador INEP,INEP,2026-10-06T18:06:37.031241+00:00,https://www.gov.br/inep/pt-br/acesso-a-informacao/dados-abertos/indicadores-educacionais/taxas-de-rendimento-escolar,https://download.inep.gov.br/informacoes_estatisticas/indicadores_educacionais/2025/tx_rend_municipios_2025.zip
4113254,PR,Privada,Total,Anos finais,flowApproval,,%,2025,flow-2025,1_CAT_FUN_AF,notDisclosed,Conforme universo do indicador INEP,INEP,2026-10-06T18:06:37.031241+00:00,https://www.gov.br/inep/pt-br/acesso-a-informacao/dados-abertos/indicadores-educacionais/taxas-de-rendimento-escolar,https://download.inep.gov.br/informacoes_estatisticas/indicadores_educacionais/2025/tx_rend_municipios_2025.zip
4113254,PR,Privada,Total,Ensino médio,flowApproval,,%,2025,flow-2025,1_CAT_MED,notDisclosed,Conforme universo do indicador INEP,INEP,2026-10-06T18:06:37.031241+00:00,https://www.gov.br/inep/pt-br/acesso-a-informacao/dados-abertos/indicadores-educacionais/taxas-de-rendimento-escolar,https://download.inep.gov.br/informacoes_estatisticas/indicadores_educacionais/2025/tx_rend_municipios_2025.zip
4113254,PR,Privada,Total,Ensino fundamental,flowRepetition,0.0,%,2025,flow-2025,2_CAT_FUN,available,Conforme universo do indicador INEP,INEP,2026-10-06T18:06:37.031241+00:00,https://www.gov.br/inep/pt-br/acesso-a-informacao/dados-abertos/indicadores-educacionais/taxas-de-rendimento-escolar,https://download.inep.gov.br/informacoes_estatisticas/indicadores_educacionais/2025/tx_rend_municipios_2025.zip
4113254,PR,Privada,Total,Anos iniciais,flowRepetition,0.0,%,2025,flow-2025,2_CAT_FUN_AI,available,Conforme universo do indicador INEP,INEP,2026-10-06T18:06:37.031241+00:00,https://www.gov.br/inep/pt-br/acesso-a-informacao/dados-abertos/indicadores-educacionais/taxas-de-rendimento-escolar,https://download.inep.gov.br/informacoes_estatisticas/indicadores_educacionais/2025/tx_rend_municipios_2025.zip
4113254,PR,Privada,Total,Anos finais,flowRepetition,,%,2025,flow-2025,2_CAT_FUN_AF,notDisclosed,Conforme universo do indicador INEP,INEP,2026-10-06T18:06:37.031241+00:00,https://www.gov.br/inep/pt-br/acesso-a-informacao/dados-abertos/indicadores-educacionais/taxas-de-rendimento-escolar,https://download.inep.gov.br/informacoes_estatisticas/indicadores_educacionais/2025/tx_rend_municipios_2025.zip
4113254,PR,Privada,Total,Ensino médio,flowRepetition,,%,2025,flow-2025,2_CAT_MED,notDisclosed,Conforme universo do indicador INEP,INEP,2026-10-06T18:06:37.031241+00:00,https://www.gov.br/inep/pt-br/acesso-a-informacao/dados-abertos/indicadores-educacionais/taxas-de-rendimento-escolar,https://download.inep.gov.br/informacoes_estatisticas/indicadores_educacionais/2025/tx_rend_municipios_2025.zip
4113254,PR,Privada,Total,Ensino fundamental,flowDropout,0.0,%,2025,flow-2025,3_CAT_FUN,available,Conforme universo do indicador INEP,INEP,2026-10-06T18:06:37.031241+00:00,https://www.gov.br/inep/pt-br/acesso-a-informacao/dados-abertos/indicadores-educacionais/taxas-de-rendimento-escolar,https://download.inep.gov.br/informacoes_estatisticas/indicadores_educacionais/2025/tx_rend_municipios_2025.zip
4113254,PR,Privada,Total,Anos iniciais,flowDropout,0.0,%,2025,flow-2025,3_CAT_FUN_AI,available,Conforme universo do indicador INEP,INEP,2026-10-06T18:06:37.031241+00:00,https://www.gov.br/inep/pt-br/acesso-a-informacao/dados-abertos/indicadores-educacionais/taxas-de-rendimento-escolar,https://download.inep.gov.br/informacoes_estatisticas/indicadores_educacionais/2025/tx_rend_municipios_2025.zip
4113254,PR,Privada,Total,Anos finais,flowDropout,,%,2025,flow-2025,3_CAT_FUN_AF,notDisclosed,Conforme universo do indicador INEP,INEP,2026-10-06T18:06:37.031241+00:00,https://www.gov.br/inep/pt-br/acesso-a-informacao/dados-abertos/indicadores-educacionais/taxas-de-rendimento-escolar,https://download.inep.gov.br/informacoes_estatisticas/indicadores_educacionais/2025/tx_rend_municipios_2025.zip
4113254,PR,Privada,Total,Ensino médio,flowDropout,,%,2025,flow-2025,3_CAT_MED,notDisclosed,Conforme universo do indicador INEP,INEP,2026-10-06T18:06:37.031241+00:00,https://www.gov.br/inep/pt-br/acesso-a-informacao/dados-abertos/indicadores-educacionais/taxas-de-rendimento-escolar,https://download.inep.gov.br/informacoes_estatisticas/indicadores_educacionais/2025/tx_rend_municipios_2025.zip
4113254,PR,Privada,Urbana,Ensino fundamental,flowApproval,100.0,%,2025,flow-2025,1_CAT_FUN,available,Conforme universo do indicador INEP,INEP,2026-10-06T18:06:37.031241+00:00,https://www.gov.br/inep/pt-br/acesso-a-informacao/dados-abertos/indicadores-educacionais/taxas-de-rendimento-escolar,https://download.inep.gov.br/informacoes_estatisticas/indicadores_educacionais/2025/tx_rend_municipios_2025.zip
4113254,PR,Privada,Urbana,Anos iniciais,flowApproval,100.0,%,2025,flow-2025,1_CAT_FUN_AI,available,Conforme universo do indicador INEP,INEP,2026-10-06T18:06:37.031241+00:00,https://www.gov.br/inep/pt-br/acesso-a-informacao/dados-abertos/indicadores-educacionais/taxas-de-rendimento-escolar,https://download.inep.gov.br/informacoes_estatisticas/indicadores_educacionais/2025/tx_rend_municipios_2025.zip
4113254,PR,Privada,Urbana,Anos finais,flowApproval,,%,2025,flow-2025,1_CAT_FUN_AF,notDisclosed,Conforme universo do indicador INEP,INEP,2026-10-06T18:06:37.031241+00:00,https://www.gov.br/inep/pt-br/acesso-a-informacao/dados-abertos/indicadores-educacionais/taxas-de-rendimento-escolar,https://download.inep.gov.br/informacoes_estatisticas/indicadores_educacionais/2025/tx_rend_municipios_2025.zip
4113254,PR,Privada,Urbana,Ensino médio,flowApproval,,%,2025,flow-2025,1_CAT_MED,notDisclosed,Conforme universo do indicador INEP,INEP,2026-10-06T18:06:37.031241+00:00,https://www.gov.br/inep/pt-br/acesso-a-informacao/dados-abertos/indicadores-educacionais/taxas-de-rendimento-escolar,https://download.inep.gov.br/informacoes_estatisticas/indicadores_educacionais/2025/tx_rend_municipios_2025.zip
4113254,PR,Privada,Urbana,Ensino fundamental,flowRepetition,0.0,%,2025,flow-2025,2_CAT_FUN,available,Conforme universo do indicador INEP,INEP,2026-10-06T18:06:37.031241+00:00,https://www.gov.br/inep/pt-br/acesso-a-informacao/dados-abertos/indicadores-educacionais/taxas-de-rendimento-escolar,https://download.inep.gov.br/informacoes_estatisticas/indicadores_educacionais/2025/tx_rend_municipios_2025.zip
4113254,PR,Privada,Urbana,Anos iniciais,flowRepetition,0.0,%,2025,flow-2025,2_CAT_FUN_AI,available,Conforme universo do indicador INEP,INEP,2026-10-06T18:06:37.031241+00:00,https://www.gov.br/inep/pt-br/acesso-a-informacao/dados-abertos/indicadores-educacionais/taxas-de-rendimento-escolar,https://download.inep.gov.br/informacoes_estatisticas/indicadores_educacionais/2025/tx_rend_municipios_2025.zip
4113254,PR,Privada,Urbana,Anos finais,flowRepetition,,%,2025,flow-2025,2_CAT_FUN_AF,notDisclosed,Conforme universo do indicador INEP,INEP,2026-10-06T18:06:37.031241+00:00,https://www.gov.br/inep/pt-br/acesso-a-informacao/dados-abertos/indicadores-educacionais/taxas-de-rendimento-escolar,https://download.inep.gov.br/informacoes_estatisticas/indicadores_educacionais/2025/tx_rend_municipios_2025.zip
4113254,PR,Privada,Urbana,Ensino médio,flowRepetition,,%,2025,flow-2025,2_CAT_MED,notDisclosed,Conforme universo do indicador INEP,INEP,2026-10-06T18:06:37.031241+00:00,https://www.gov.br/inep/pt-br/acesso-a-informacao/dados-abertos/indicadores-educacionais/taxas-de-rendimento-escolar,https://download.inep.gov.br/informacoes_estatisticas/indicadores_educacionais/2025/tx_rend_municipios_2025.zip
4113254,PR,Privada,Urbana,Ensino fundamental,flowDropout,0.0,%,2025,flow-2025,3_CAT_FUN,available,Conforme universo do indicador INEP,INEP,2026-10-06T18:06:37.031241+00:00,https://www.gov.br/inep/pt-br/acesso-a-informacao/dados-abertos/indicadores-educacionais/taxas-de-rendimento-escolar,https://download.inep.gov.br/informacoes_estatisticas/indicadores_educacionais/2025/tx_rend_municipios_2025.zip
4113254,PR,Privada,Urbana,Anos iniciais,flowDropout,0.0,%,2025,flow-2025,3_CAT_FUN_AI,available,Conforme universo do indicador INEP,INEP,2026-10-06T18:06:37.031241+00:00,https://www.gov.br/inep/pt-br/acesso-a-informacao/dados-abertos/indicadores-educacionais/taxas-de-rendimento-escolar,https://download.inep.gov.br/informacoes_estatisticas/indicadores_educacionais/2025/tx_rend_municipios_2025.zip
4113254,PR,Privada,Urbana,Anos finais,flowDropout,,%,2025,flow-2025,3_CAT_FUN_AF,notDisclosed,Conforme universo do indicador INEP,INEP,2026-10-06T18:06:37.031241+00:00,https://www.gov.br/inep/pt-br/acesso-a-informacao/dados-abertos/indicadores-educacionais/taxas-de-rendimento-escolar,https://download.inep.gov.br/informacoes_estatisticas/indicadores_educacionais/2025/tx_rend_municipios_2025.zip
4113254,PR,Privada,Urbana,Ensino médio,flowDropout,,%,2025,flow-2025,3_CAT_MED,notDisclosed,Conforme universo do indicador INEP,INEP,2026-10-06T18:06:37.031241+00:00,https://www.gov.br/inep/pt-br/acesso-a-informacao/dados-abertos/indicadores-educacionais/taxas-de-rendimento-escolar,https://download.inep.gov.br/informacoes_estatisticas/indicadores_educacionais/2025/tx_rend_municipios_2025.zip
4113254,PR,Pública,Total,Ensino fundamental,flowApproval,99.4,%,2025,flow-2025,1_CAT_FUN,available,Conforme universo do indicador INEP,INEP,2026-10-06T18:06:37.031241+00:00,https://www.gov.br/inep/pt-br/acesso-a-informacao/dados-abertos/indicadores-educacionais/taxas-de-rendimento-escolar,https://download.inep.gov.br/informacoes_estatisticas/indicadores_educacionais/2025/tx_rend_municipios_2025.zip
4113254,PR,Pública,Total,Anos iniciais,flowApproval,99.1,%,2025,flow-2025,1_CAT_FUN_AI,available,Conforme universo do indicador INEP,INEP,2026-10-06T18:06:37.031241+00:00,https://www.gov.br/inep/pt-br/acesso-a-informacao/dados-abertos/indicadores-educacionais/taxas-de-rendimento-escolar,https://download.inep.gov.br/informacoes_estatisticas/indicadores_educacionais/2025/tx_rend_municipios_2025.zip
4113254,PR,Pública,Total,Anos finais,flowApproval,100.0,%,2025,flow-2025,1_CAT_FUN_AF,available,Conforme universo do indicador INEP,INEP,2026-10-06T18:06:37.031241+00:00,https://www.gov.br/inep/pt-br/acesso-a-informacao/dados-abertos/indicadores-educacionais/taxas-de-rendimento-escolar,https://download.inep.gov.br/informacoes_estatisticas/indicadores_educacionais/2025/tx_rend_municipios_2025.zip
4113254,PR,Pública,Total,Ensino médio,flowApproval,100.0,%,2025,flow-2025,1_CAT_MED,available,Conforme universo do indicador INEP,INEP,2026-10-06T18:06:37.031241+00:00,https://www.gov.br/inep/pt-br/acesso-a-informacao/dados-abertos/indicadores-educacionais/taxas-de-rendimento-escolar,https://download.inep.gov.br/informacoes_estatisticas/indicadores_educacionais/2025/tx_rend_municipios_2025.zip
4113254,PR,Pública,Total,Ensino fundamental,flowRepetition,0.6,%,2025,flow-2025,2_CAT_FUN,available,Conforme universo do indicador INEP,INEP,2026-10-06T18:06:37.031241+00:00,https://www.gov.br/inep/pt-br/acesso-a-informacao/dados-abertos/indicadores-educacionais/taxas-de-rendimento-escolar,https://download.inep.gov.br/informacoes_estatisticas/indicadores_educacionais/2025/tx_rend_municipios_2025.zip
4113254,PR,Pública,Total,Anos iniciais,flowRepetition,0.9,%,2025,flow-2025,2_CAT_FUN_AI,available,Conforme universo do indicador INEP,INEP,2026-10-06T18:06:37.031241+00:00,https://www.gov.br/inep/pt-br/acesso-a-informacao/dados-abertos/indicadores-educacionais/taxas-de-rendimento-escolar,https://download.inep.gov.br/informacoes_estatisticas/indicadores_educacionais/2025/tx_rend_municipios_2025.zip
4113254,PR,Pública,Total,Anos finais,flowRepetition,0.0,%,2025,flow-2025,2_CAT_FUN_AF,available,Conforme universo do indicador INEP,INEP,2026-10-06T18:06:37.031241+00:00,https://www.gov.br/inep/pt-br/acesso-a-informacao/dados-abertos/indicadores-educacionais/taxas-de-rendimento-escolar,https://download.inep.gov.br/informacoes_estatisticas/indicadores_educacionais/2025/tx_rend_municipios_2025.zip
4113254,PR,Pública,Total,Ensino médio,flowRepetition,0.0,%,2025,flow-2025,2_CAT_MED,available,Conforme universo do indicador INEP,INEP,2026-10-06T18:06:37.031241+00:00,https://www.gov.br/inep/pt-br/acesso-a-informacao/dados-abertos/indicadores-educacionais/taxas-de-rendimento-escolar,https://download.inep.gov.br/informacoes_estatisticas/indicadores_educacionais/2025/tx_rend_municipios_2025.zip
4113254,PR,Pública,Total,Ensino fundamental,flowDropout,0.0,%,2025,flow-2025,3_CAT_FUN,available,Conforme universo do indicador INEP,INEP,2026-10-06T18:06:37.031241+00:00,https://www.gov.br/inep/pt-br/acesso-a-informacao/dados-abertos/indicadores-educacionais/taxas-de-rendimento-escolar,https://download.inep.gov.br/informacoes_estatisticas/indicadores_educacionais/2025/tx_rend_municipios_2025.zip
4113254,PR,Pública,Total,Anos iniciais,flowDropout,0.0,%,2025,flow-2025,3_CAT_FUN_AI,available,Conforme universo do indicador INEP,INEP,2026-10-06T18:06:37.031241+00:00,https://www.gov.br/inep/pt-br/acesso-a-informacao/dados-abertos/indicadores-educacionais/taxas-de-rendimento-escolar,https://download.inep.gov.br/informacoes_estatisticas/indicadores_educacionais/2025/tx_rend_municipios_2025.zip
4113254,PR,Pública,Total,Anos finais,flowDropout,0.0,%,2025,flow-2025,3_CAT_FUN_AF,available,Conforme universo do indicador INEP,INEP,2026-10-06T18:06:37.031241+00:00,https://www.gov.br/inep/pt-br/acesso-a-informacao/dados-abertos/indicadores-educacionais/taxas-de-rendimento-escolar,https://download.inep.gov.br/informacoes_estatisticas/indicadores_educacionais/2025/tx_rend_municipios_2025.zip
4113254,PR,Pública,Total,Ensino médio,flowDropout,0.0,%,2025,flow-2025,3_CAT_MED,available,Conforme universo do indicador INEP,INEP,2026-10-06T18:06:37.031241+00:00,https://www.gov.br/inep/pt-br/acesso-a-informacao/dados-abertos/indicadores-educacionais/taxas-de-rendimento-escolar,https://download.inep.gov.br/informacoes_estatisticas/indicadores_educacionais/2025/tx_rend_municipios_2025.zip
4113254,PR,Pública,Urbana,Ensino fundamental,flowApproval,99.2,%,2025,flow-2025,1_CAT_FUN,available,Conforme universo do indicador INEP,INEP,2026-10-06T18:06:37.031241+00:00,https://www.gov.br/inep/pt-br/acesso-a-informacao/dados-abertos/indicadores-educacionais/taxas-de-rendimento-escolar,https://download.inep.gov.br/informacoes_estatisticas/indicadores_educacionais/2025/tx_rend_municipios_2025.zip
4113254,PR,Pública,Urbana,Anos iniciais,flowApproval,98.7,%,2025,flow-2025,1_CAT_FUN_AI,available,Conforme universo do indicador INEP,INEP,2026-10-06T18:06:37.031241+00:00,https://www.gov.br/inep/pt-br/acesso-a-informacao/dados-abertos/indicadores-educacionais/taxas-de-rendimento-escolar,https://download.inep.gov.br/informacoes_estatisticas/indicadores_educacionais/2025/tx_rend_municipios_2025.zip
4113254,PR,Pública,Urbana,Anos finais,flowApproval,100.0,%,2025,flow-2025,1_CAT_FUN_AF,available,Conforme universo do indicador INEP,INEP,2026-10-06T18:06:37.031241+00:00,https://www.gov.br/inep/pt-br/acesso-a-informacao/dados-abertos/indicadores-educacionais/taxas-de-rendimento-escolar,https://download.inep.gov.br/informacoes_estatisticas/indicadores_educacionais/2025/tx_rend_municipios_2025.zip
4113254,PR,Pública,Urbana,Ensino médio,flowApproval,100.0,%,2025,flow-2025,1_CAT_MED,available,Conforme universo do indicador INEP,INEP,2026-10-06T18:06:37.031241+00:00,https://www.gov.br/inep/pt-br/acesso-a-informacao/dados-abertos/indicadores-educacionais/taxas-de-rendimento-escolar,https://download.inep.gov.br/informacoes_estatisticas/indicadores_educacionais/2025/tx_rend_municipios_2025.zip
4113254,PR,Pública,Urbana,Ensino fundamental,flowRepetition,0.8,%,2025,flow-2025,2_CAT_FUN,available,Conforme universo do indicador INEP,INEP,2026-10-06T18:06:37.031241+00:00,https://www.gov.br/inep/pt-br/acesso-a-informacao/dados-abertos/indicadores-educacionais/taxas-de-rendimento-escolar,https://download.inep.gov.br/informacoes_estatisticas/indicadores_educacionais/2025/tx_rend_municipios_2025.zip
4113254,PR,Pública,Urbana,Anos iniciais,flowRepetition,1.3,%,2025,flow-2025,2_CAT_FUN_AI,available,Conforme universo do indicador INEP,INEP,2026-10-06T18:06:37.031241+00:00,https://www.gov.br/inep/pt-br/acesso-a-informacao/dados-abertos/indicadores-educacionais/taxas-de-rendimento-escolar,https://download.inep.gov.br/informacoes_estatisticas/indicadores_educacionais/2025/tx_rend_municipios_2025.zip
4113254,PR,Pública,Urbana,Anos finais,flowRepetition,0.0,%,2025,flow-2025,2_CAT_FUN_AF,available,Conforme universo do indicador INEP,INEP,2026-10-06T18:06:37.031241+00:00,https://www.gov.br/inep/pt-br/acesso-a-informacao/dados-abertos/indicadores-educacionais/taxas-de-rendimento-escolar,https://download.inep.gov.br/informacoes_estatisticas/indicadores_educacionais/2025/tx_rend_municipios_2025.zip
4113254,PR,Pública,Urbana,Ensino médio,flowRepetition,0.0,%,2025,flow-2025,2_CAT_MED,available,Conforme universo do indicador INEP,INEP,2026-10-06T18:06:37.031241+00:00,https://www.gov.br/inep/pt-br/acesso-a-informacao/dados-abertos/indicadores-educacionais/taxas-de-rendimento-escolar,https://download.inep.gov.br/informacoes_estatisticas/indicadores_educacionais/2025/tx_rend_municipios_2025.zip
4113254,PR,Pública,Urbana,Ensino fundamental,flowDropout,0.0,%,2025,flow-2025,3_CAT_FUN,available,Conforme universo do indicador INEP,INEP,2026-10-06T18:06:37.031241+00:00,https://www.gov.br/inep/pt-br/acesso-a-informacao/dados-abertos/indicadores-educacionais/taxas-de-rendimento-escolar,https://download.inep.gov.br/informacoes_estatisticas/indicadores_educacionais/2025/tx_rend_municipios_2025.zip
4113254,PR,Pública,Urbana,Anos iniciais,flowDropout,0.0,%,2025,flow-2025,3_CAT_FUN_AI,available,Conforme universo do indicador INEP,INEP,2026-10-06T18:06:37.031241+00:00,https://www.gov.br/inep/pt-br/acesso-a-informacao/dados-abertos/indicadores-educacionais/taxas-de-rendimento-escolar,https://download.inep.gov.br/informacoes_estatisticas/indicadores_educacionais/2025/tx_rend_municipios_2025.zip
4113254,PR,Pública,Urbana,Anos finais,flowDropout,0.0,%,2025,flow-2025,3_CAT_FUN_AF,available,Conforme universo do indicador INEP,INEP,2026-10-06T18:06:37.031241+00:00,https://www.gov.br/inep/pt-br/acesso-a-informacao/dados-abertos/indicadores-educacionais/taxas-de-rendimento-escolar,https://download.inep.gov.br/informacoes_estatisticas/indicadores_educacionais/2025/tx_rend_municipios_2025.zip
4113254,PR,Pública,Urbana,Ensino médio,flowDropout,0.0,%,2025,flow-2025,3_CAT_MED,available,Conforme universo do indicador INEP,INEP,2026-10-06T18:06:37.031241+00:00,https://www.gov.br/inep/pt-br/acesso-a-informacao/dados-abertos/indicadores-educacionais/taxas-de-rendimento-escolar,https://download.inep.gov.br/informacoes_estatisticas/indicadores_educacionais/2025/tx_rend_municipios_2025.zip
4113254,PR,Pública,Rural,Ensino fundamental,flowApproval,100.0,%,2025,flow-2025,1_CAT_FUN,available,Conforme universo do indicador INEP,INEP,2026-10-06T18:06:37.031241+00:00,https://www.gov.br/inep/pt-br/acesso-a-informacao/dados-abertos/indicadores-educacionais/taxas-de-rendimento-escolar,https://download.inep.gov.br/informacoes_estatisticas/indicadores_educacionais/2025/tx_rend_municipios_2025.zip
4113254,PR,Pública,Rural,Anos iniciais,flowApproval,100.0,%,2025,flow-2025,1_CAT_FUN_AI,available,Conforme universo do indicador INEP,INEP,2026-10-06T18:06:37.031241+00:00,https://www.gov.br/inep/pt-br/acesso-a-informacao/dados-abertos/indicadores-educacionais/taxas-de-rendimento-escolar,https://download.inep.gov.br/informacoes_estatisticas/indicadores_educacionais/2025/tx_rend_municipios_2025.zip
4113254,PR,Pública,Rural,Anos finais,flowApproval,100.0,%,2025,flow-2025,1_CAT_FUN_AF,available,Conforme universo do indicador INEP,INEP,2026-10-06T18:06:37.031241+00:00,https://www.gov.br/inep/pt-br/acesso-a-informacao/dados-abertos/indicadores-educacionais/taxas-de-rendimento-escolar,https://download.inep.gov.br/informacoes_estatisticas/indicadores_educacionais/2025/tx_rend_municipios_2025.zip
4113254,PR,Pública,Rural,Ensino médio,flowApproval,100.0,%,2025,flow-2025,1_CAT_MED,available,Conforme universo do indicador INEP,INEP,2026-10-06T18:06:37.031241+00:00,https://www.gov.br/inep/pt-br/acesso-a-informacao/dados-abertos/indicadores-educacionais/taxas-de-rendimento-escolar,https://download.inep.gov.br/informacoes_estatisticas/indicadores_educacionais/2025/tx_rend_municipios_2025.zip
4113254,PR,Pública,Rural,Ensino fundamental,flowRepetition,0.0,%,2025,flow-2025,2_CAT_FUN,available,Conforme universo do indicador INEP,INEP,2026-10-06T18:06:37.031241+00:00,https://www.gov.br/inep/pt-br/acesso-a-informacao/dados-abertos/indicadores-educacionais/taxas-de-rendimento-escolar,https://download.inep.gov.br/informacoes_estatisticas/indicadores_educacionais/2025/tx_rend_municipios_2025.zip
4113254,PR,Pública,Rural,Anos iniciais,flowRepetition,0.0,%,2025,flow-2025,2_CAT_FUN_AI,available,Conforme universo do indicador INEP,INEP,2026-10-06T18:06:37.031241+00:00,https://www.gov.br/inep/pt-br/acesso-a-informacao/dados-abertos/indicadores-educacionais/taxas-de-rendimento-escolar,https://download.inep.gov.br/informacoes_estatisticas/indicadores_educacionais/2025/tx_rend_municipios_2025.zip
4113254,PR,Pública,Rural,Anos finais,flowRepetition,0.0,%,2025,flow-2025,2_CAT_FUN_AF,available,Conforme universo do indicador INEP,INEP,2026-10-06T18:06:37.031241+00:00,https://www.gov.br/inep/pt-br/acesso-a-informacao/dados-abertos/indicadores-educacionais/taxas-de-rendimento-escolar,https://download.inep.gov.br/informacoes_estatisticas/indicadores_educacionais/2025/tx_rend_municipios_2025.zip
4113254,PR,Pública,Rural,Ensino médio,flowRepetition,0.0,%,2025,flow-2025,2_CAT_MED,available,Conforme universo do indicador INEP,INEP,2026-10-06T18:06:37.031241+00:00,https://www.gov.br/inep/pt-br/acesso-a-informacao/dados-abertos/indicadores-educacionais/taxas-de-rendimento-escolar,https://download.inep.gov.br/informacoes_estatisticas/indicadores_educacionais/2025/tx_rend_municipios_2025.zip
4113254,PR,Pública,Rural,Ensino fundamental,flowDropout,0.0,%,2025,flow-2025,3_CAT_FUN,available,Conforme universo do indicador INEP,INEP,2026-10-06T18:06:37.031241+00:00,https://www.gov.br/inep/pt-br/acesso-a-informacao/dados-abertos/indicadores-educacionais/taxas-de-rendimento-escolar,https://download.inep.gov.br/informacoes_estatisticas/indicadores_educacionais/2025/tx_rend_municipios_2025.zip
4113254,PR,Pública,Rural,Anos iniciais,flowDropout,0.0,%,2025,flow-2025,3_CAT_FUN_AI,available,Conforme universo do indicador INEP,INEP,2026-10-06T18:06:37.031241+00:00,https://www.gov.br/inep/pt-br/acesso-a-informacao/dados-abertos/indicadores-educacionais/taxas-de-rendimento-escolar,https://download.inep.gov.br/informacoes_estatisticas/indicadores_educacionais/2025/tx_rend_municipios_2025.zip
4113254,PR,Pública,Rural,Anos finais,flowDropout,0.0,%,2025,flow-2025,3_CAT_FUN_AF,available,Conforme universo do indicador INEP,INEP,2026-10-06T18:06:37.031241+00:00,https://www.gov.br/inep/pt-br/acesso-a-informacao/dados-abertos/indicadores-educacionais/taxas-de-rendimento-escolar,https://download.inep.gov.br/informacoes_estatisticas/indicadores_educacionais/2025/tx_rend_municipios_2025.zip
4113254,PR,Pública,Rural,Ensino médio,flowDropout,0.0,%,2025,flow-2025,3_CAT_MED,available,Conforme universo do indicador INEP,INEP,2026-10-06T18:06:37.031241+00:00,https://www.gov.br/inep/pt-br/acesso-a-informacao/dados-abertos/indicadores-educacionais/taxas-de-rendimento-escolar,https://download.inep.gov.br/informacoes_estatisticas/indicadores_educacionais/2025/tx_rend_municipios_2025.zip
4119608,PR,Total,Total,Ensino fundamental,flowApproval,100.0,%,2025,flow-2025,1_CAT_FUN,available,Conforme universo do indicador INEP,INEP,2026-10-06T18:06:37.031241+00:00,https://www.gov.br/inep/pt-br/acesso-a-informacao/dados-abertos/indicadores-educacionais/taxas-de-rendimento-escolar,https://download.inep.gov.br/informacoes_estatisticas/indicadores_educacionais/2025/tx_rend_municipios_2025.zip
4119608,PR,Total,Total,Anos iniciais,flowApproval,100.0,%,2025,flow-2025,1_CAT_FUN_AI,available,Conforme universo do indicador INEP,INEP,2026-10-06T18:06:37.031241+00:00,https://www.gov.br/inep/pt-br/acesso-a-informacao/dados-abertos/indicadores-educacionais/taxas-de-rendimento-escolar,https://download.inep.gov.br/informacoes_estatisticas/indicadores_educacionais/2025/tx_rend_municipios_2025.zip
4119608,PR,Total,Total,Anos finais,flowApproval,99.9,%,2025,flow-2025,1_CAT_FUN_AF,available,Conforme universo do indicador INEP,INEP,2026-10-06T18:06:37.031241+00:00,https://www.gov.br/inep/pt-br/acesso-a-informacao/dados-abertos/indicadores-educacionais/taxas-de-rendimento-escolar,https://download.inep.gov.br/informacoes_estatisticas/indicadores_educacionais/2025/tx_rend_municipios_2025.zip
4119608,PR,Total,Total,Ensino médio,flowApproval,99.4,%,2025,flow-2025,1_CAT_MED,available,Conforme universo do indicador INEP,INEP,2026-10-06T18:06:37.031241+00:00,https://www.gov.br/inep/pt-br/acesso-a-informacao/dados-abertos/indicadores-educacionais/taxas-de-rendimento-escolar,https://download.inep.gov.br/informacoes_estatisticas/indicadores_educacionais/2025/tx_rend_municipios_2025.zip
4119608,PR,Total,Total,Ensino fundamental,flowRepetition,0.0,%,2025,flow-2025,2_CAT_FUN,available,Conforme universo do indicador INEP,INEP,2026-10-06T18:06:37.031241+00:00,https://www.gov.br/inep/pt-br/acesso-a-informacao/dados-abertos/indicadores-educacionais/taxas-de-rendimento-escolar,https://download.inep.gov.br/informacoes_estatisticas/indicadores_educacionais/2025/tx_rend_municipios_2025.zip
4119608,PR,Total,Total,Anos iniciais,flowRepetition,0.0,%,2025,flow-2025,2_CAT_FUN_AI,available,Conforme universo do indicador INEP,INEP,2026-10-06T18:06:37.031241+00:00,https://www.gov.br/inep/pt-br/acesso-a-informacao/dados-abertos/indicadores-educacionais/taxas-de-rendimento-escolar,https://download.inep.gov.br/informacoes_estatisticas/indicadores_educacionais/2025/tx_rend_municipios_2025.zip
4119608,PR,Total,Total,Anos finais,flowRepetition,0.1,%,2025,flow-2025,2_CAT_FUN_AF,available,Conforme universo do indicador INEP,INEP,2026-10-06T18:06:37.031241+00:00,https://www.gov.br/inep/pt-br/acesso-a-informacao/dados-abertos/indicadores-educacionais/taxas-de-rendimento-escolar,https://download.inep.gov.br/informacoes_estatisticas/indicadores_educacionais/2025/tx_rend_municipios_2025.zip
4119608,PR,Total,Total,Ensino médio,flowRepetition,0.4,%,2025,flow-2025,2_CAT_MED,available,Conforme universo do indicador INEP,INEP,2026-10-06T18:06:37.031241+00:00,https://www.gov.br/inep/pt-br/acesso-a-informacao/dados-abertos/indicadores-educacionais/taxas-de-rendimento-escolar,https://download.inep.gov.br/informacoes_estatisticas/indicadores_educacionais/2025/tx_rend_municipios_2025.zip
4119608,PR,Total,Total,Ensino fundamental,flowDropout,0.0,%,2025,flow-2025,3_CAT_FUN,available,Conforme universo do indicador INEP,INEP,2026-10-06T18:06:37.031241+00:00,https://www.gov.br/inep/pt-br/acesso-a-informacao/dados-abertos/indicadores-educacionais/taxas-de-rendimento-escolar,https://download.inep.gov.br/informacoes_estatisticas/indicadores_educacionais/2025/tx_rend_municipios_2025.zip
4119608,PR,Total,Total,Anos iniciais,flowDropout,0.0,%,2025,flow-2025,3_CAT_FUN_AI,available,Conforme universo do indicador INEP,INEP,2026-10-06T18:06:37.031241+00:00,https://www.gov.br/inep/pt-br/acesso-a-informacao/dados-abertos/indicadores-educacionais/taxas-de-rendimento-escolar,https://download.inep.gov.br/informacoes_estatisticas/indicadores_educacionais/2025/tx_rend_municipios_2025.zip
4119608,PR,Total,Total,Anos finais,flowDropout,0.0,%,2025,flow-2025,3_CAT_FUN_AF,available,Conforme universo do indicador INEP,INEP,2026-10-06T18:06:37.031241+00:00,https://www.gov.br/inep/pt-br/acesso-a-informacao/dados-abertos/indicadores-educacionais/taxas-de-rendimento-escolar,https://download.inep.gov.br/informacoes_estatisticas/indicadores_educacionais/2025/tx_rend_municipios_2025.zip
4119608,PR,Total,Total,Ensino médio,flowDropout,0.2,%,2025,flow-2025,3_CAT_MED,available,Conforme universo do indicador INEP,INEP,2026-10-06T18:06:37.031241+00:00,https://www.gov.br/inep/pt-br/acesso-a-informacao/dados-abertos/indicadores-educacionais/taxas-de-rendimento-escolar,https://download.inep.gov.br/informacoes_estatisticas/indicadores_educacionais/2025/tx_rend_municipios_2025.zip
4119608,PR,Total,Urbana,Ensino fundamental,flowApproval,100.0,%,2025,flow-2025,1_CAT_FUN,available,Conforme universo do indicador INEP,INEP,2026-10-06T18:06:37.031241+00:00,https://www.gov.br/inep/pt-br/acesso-a-informacao/dados-abertos/indicadores-educacionais/taxas-de-rendimento-escolar,https://download.inep.gov.br/informacoes_estatisticas/indicadores_educacionais/2025/tx_rend_municipios_2025.zip
4119608,PR,Total,Urbana,Anos iniciais,flowApproval,100.0,%,2025,flow-2025,1_CAT_FUN_AI,available,Conforme universo do indicador INEP,INEP,2026-10-06T18:06:37.031241+00:00,https://www.gov.br/inep/pt-br/acesso-a-informacao/dados-abertos/indicadores-educacionais/taxas-de-rendimento-escolar,https://download.inep.gov.br/informacoes_estatisticas/indicadores_educacionais/2025/tx_rend_municipios_2025.zip
4119608,PR,Total,Urbana,Anos finais,flowApproval,99.9,%,2025,flow-2025,1_CAT_FUN_AF,available,Conforme universo do indicador INEP,INEP,2026-10-06T18:06:37.031241+00:00,https://www.gov.br/inep/pt-br/acesso-a-informacao/dados-abertos/indicadores-educacionais/taxas-de-rendimento-escolar,https://download.inep.gov.br/informacoes_estatisticas/indicadores_educacionais/2025/tx_rend_municipios_2025.zip
4119608,PR,Total,Urbana,Ensino médio,flowApproval,99.4,%,2025,flow-2025,1_CAT_MED,available,Conforme universo do indicador INEP,INEP,2026-10-06T18:06:37.031241+00:00,https://www.gov.br/inep/pt-br/acesso-a-informacao/dados-abertos/indicadores-educacionais/taxas-de-rendimento-escolar,https://download.inep.gov.br/informacoes_estatisticas/indicadores_educacionais/2025/tx_rend_municipios_2025.zip
4119608,PR,Total,Urbana,Ensino fundamental,flowRepetition,0.0,%,2025,flow-2025,2_CAT_FUN,available,Conforme universo do indicador INEP,INEP,2026-10-06T18:06:37.031241+00:00,https://www.gov.br/inep/pt-br/acesso-a-informacao/dados-abertos/indicadores-educacionais/taxas-de-rendimento-escolar,https://download.inep.gov.br/informacoes_estatisticas/indicadores_educacionais/2025/tx_rend_municipios_2025.zip
4119608,PR,Total,Urbana,Anos iniciais,flowRepetition,0.0,%,2025,flow-2025,2_CAT_FUN_AI,available,Conforme universo do indicador INEP,INEP,2026-10-06T18:06:37.031241+00:00,https://www.gov.br/inep/pt-br/acesso-a-informacao/dados-abertos/indicadores-educacionais/taxas-de-rendimento-escolar,https://download.inep.gov.br/informacoes_estatisticas/indicadores_educacionais/2025/tx_rend_municipios_2025.zip
4119608,PR,Total,Urbana,Anos finais,flowRepetition,0.1,%,2025,flow-2025,2_CAT_FUN_AF,available,Conforme universo do indicador INEP,INEP,2026-10-06T18:06:37.031241+00:00,https://www.gov.br/inep/pt-br/acesso-a-informacao/dados-abertos/indicadores-educacionais/taxas-de-rendimento-escolar,https://download.inep.gov.br/informacoes_estatisticas/indicadores_educacionais/2025/tx_rend_municipios_2025.zip
4119608,PR,Total,Urbana,Ensino médio,flowRepetition,0.5,%,2025,flow-2025,2_CAT_MED,available,Conforme universo do indicador INEP,INEP,2026-10-06T18:06:37.031241+00:00,https://www.gov.br/inep/pt-br/acesso-a-informacao/dados-abertos/indicadores-educacionais/taxas-de-rendimento-escolar,https://download.inep.gov.br/informacoes_estatisticas/indicadores_educacionais/2025/tx_rend_municipios_2025.zip
4119608,PR,Total,Urbana,Ensino fundamental,flowDropout,0.0,%,2025,flow-2025,3_CAT_FUN,available,Conforme universo do indicador INEP,INEP,2026-10-06T18:06:37.031241+00:00,https://www.gov.br/inep/pt-br/acesso-a-informacao/dados-abertos/indicadores-educacionais/taxas-de-rendimento-escolar,https://download.inep.gov.br/informacoes_estatisticas/indicadores_educacionais/2025/tx_rend_municipios_2025.zip
4119608,PR,Total,Urbana,Anos iniciais,flowDropout,0.0,%,2025,flow-2025,3_CAT_FUN_AI,available,Conforme universo do indicador INEP,INEP,2026-10-06T18:06:37.031241+00:00,https://www.gov.br/inep/pt-br/acesso-a-informacao/dados-abertos/indicadores-educacionais/taxas-de-rendimento-escolar,https://download.inep.gov.br/informacoes_estatisticas/indicadores_educacionais/2025/tx_rend_municipios_2025.zip
4119608,PR,Total,Urbana,Anos finais,flowDropout,0.0,%,2025,flow-2025,3_CAT_FUN_AF,available,Conforme universo do indicador INEP,INEP,2026-10-06T18:06:37.031241+00:00,https://www.gov.br/inep/pt-br/acesso-a-informacao/dados-abertos/indicadores-educacionais/taxas-de-rendimento-escolar,https://download.inep.gov.br/informacoes_estatisticas/indicadores_educacionais/2025/tx_rend_municipios_2025.zip
4119608,PR,Total,Urbana,Ensino médio,flowDropout,0.1,%,2025,flow-2025,3_CAT_MED,available,Conforme universo do indicador INEP,INEP,2026-10-06T18:06:37.031241+00:00,https://www.gov.br/inep/pt-br/acesso-a-informacao/dados-abertos/indicadores-educacionais/taxas-de-rendimento-escolar,https://download.inep.gov.br/informacoes_estatisticas/indicadores_educacionais/2025/tx_rend_municipios_2025.zip
4119608,PR,Total,Rural,Ensino fundamental,flowApproval,100.0,%,2025,flow-2025,1_CAT_FUN,available,Conforme universo do indicador INEP,INEP,2026-10-06T18:06:37.031241+00:00,https://www.gov.br/inep/pt-br/acesso-a-informacao/dados-abertos/indicadores-educacionais/taxas-de-rendimento-escolar,https://download.inep.gov.br/informacoes_estatisticas/indicadores_educacionais/2025/tx_rend_municipios_2025.zip
4119608,PR,Total,Rural,Anos iniciais,flowApproval,100.0,%,2025,flow-2025,1_CAT_FUN_AI,available,Conforme universo do indicador INEP,INEP,2026-10-06T18:06:37.031241+00:00,https://www.gov.br/inep/pt-br/acesso-a-informacao/dados-abertos/indicadores-educacionais/taxas-de-rendimento-escolar,https://download.inep.gov.br/informacoes_estatisticas/indicadores_educacionais/2025/tx_rend_municipios_2025.zip
4119608,PR,Total,Rural,Anos finais,flowApproval,100.0,%,2025,flow-2025,1_CAT_FUN_AF,available,Conforme universo do indicador INEP,INEP,2026-10-06T18:06:37.031241+00:00,https://www.gov.br/inep/pt-br/acesso-a-informacao/dados-abertos/indicadores-educacionais/taxas-de-rendimento-escolar,https://download.inep.gov.br/informacoes_estatisticas/indicadores_educacionais/2025/tx_rend_municipios_2025.zip
4119608,PR,Total,Rural,Ensino médio,flowApproval,99.6,%,2025,flow-2025,1_CAT_MED,available,Conforme universo do indicador INEP,INEP,2026-10-06T18:06:37.031241+00:00,https://www.gov.br/inep/pt-br/acesso-a-informacao/dados-abertos/indicadores-educacionais/taxas-de-rendimento-escolar,https://download.inep.gov.br/informacoes_estatisticas/indicadores_educacionais/2025/tx_rend_municipios_2025.zip
4119608,PR,Total,Rural,Ensino fundamental,flowRepetition,0.0,%,2025,flow-2025,2_CAT_FUN,available,Conforme universo do indicador INEP,INEP,2026-10-06T18:06:37.031241+00:00,https://www.gov.br/inep/pt-br/acesso-a-informacao/dados-abertos/indicadores-educacionais/taxas-de-rendimento-escolar,https://download.inep.gov.br/informacoes_estatisticas/indicadores_educacionais/2025/tx_rend_municipios_2025.zip
4119608,PR,Total,Rural,Anos iniciais,flowRepetition,0.0,%,2025,flow-2025,2_CAT_FUN_AI,available,Conforme universo do indicador INEP,INEP,2026-10-06T18:06:37.031241+00:00,https://www.gov.br/inep/pt-br/acesso-a-informacao/dados-abertos/indicadores-educacionais/taxas-de-rendimento-escolar,https://download.inep.gov.br/informacoes_estatisticas/indicadores_educacionais/2025/tx_rend_municipios_2025.zip
4119608,PR,Total,Rural,Anos finais,flowRepetition,0.0,%,2025,flow-2025,2_CAT_FUN_AF,available,Conforme universo do indicador INEP,INEP,2026-10-06T18:06:37.031241+00:00,https://www.gov.br/inep/pt-br/acesso-a-informacao/dados-abertos/indicadores-educacionais/taxas-de-rendimento-escolar,https://download.inep.gov.br/informacoes_estatisticas/indicadores_educacionais/2025/tx_rend_municipios_2025.zip
4119608,PR,Total,Rural,Ensino médio,flowRepetition,0.0,%,2025,flow-2025,2_CAT_MED,available,Conforme universo do indicador INEP,INEP,2026-10-06T18:06:37.031241+00:00,https://www.gov.br/inep/pt-br/acesso-a-informacao/dados-abertos/indicadores-educacionais/taxas-de-rendimento-escolar,https://download.inep.gov.br/informacoes_estatisticas/indicadores_educacionais/2025/tx_rend_municipios_2025.zip
4119608,PR,Total,Rural,Ensino fundamental,flowDropout,0.0,%,2025,flow-2025,3_CAT_FUN,available,Conforme universo do indicador INEP,INEP,2026-10-06T18:06:37.031241+00:00,https://www.gov.br/inep/pt-br/acesso-a-informacao/dados-abertos/indicadores-educacionais/taxas-de-rendimento-escolar,https://download.inep.gov.br/informacoes_estatisticas/indicadores_educacionais/2025/tx_rend_municipios_2025.zip
4119608,PR,Total,Rural,Anos iniciais,flowDropout,0.0,%,2025,flow-2025,3_CAT_FUN_AI,available,Conforme universo do indicador INEP,INEP,2026-10-06T18:06:37.031241+00:00,https://www.gov.br/inep/pt-br/acesso-a-informacao/dados-abertos/indicadores-educacionais/taxas-de-rendimento-escolar,https://download.inep.gov.br/informacoes_estatisticas/indicadores_educacionais/2025/tx_rend_municipios_2025.zip
4119608,PR,Total,Rural,Anos finais,flowDropout,0.0,%,2025,flow-2025,3_CAT_FUN_AF,available,Conforme universo do indicador INEP,INEP,2026-10-06T18:06:37.031241+00:00,https://www.gov.br/inep/pt-br/acesso-a-informacao/dados-abertos/indicadores-educacionais/taxas-de-rendimento-escolar,https://download.inep.gov.br/informacoes_estatisticas/indicadores_educacionais/2025/tx_rend_municipios_2025.zip
4119608,PR,Total,Rural,Ensino médio,flowDropout,0.4,%,2025,flow-2025,3_CAT_MED,available,Conforme universo do indicador INEP,INEP,2026-10-06T18:06:37.031241+00:00,https://www.gov.br/inep/pt-br/acesso-a-informacao/dados-abertos/indicadores-educacionais/taxas-de-rendimento-escolar,https://download.inep.gov.br/informacoes_estatisticas/indicadores_educacionais/2025/tx_rend_municipios_2025.zip
4119608,PR,Federal,Total,Ensino fundamental,flowApproval,,%,2025,flow-2025,1_CAT_FUN,notDisclosed,Conforme universo do indicador INEP,INEP,2026-10-06T18:06:37.031241+00:00,https://www.gov.br/inep/pt-br/acesso-a-informacao/dados-abertos/indicadores-educacionais/taxas-de-rendimento-escolar,https://download.inep.gov.br/informacoes_estatisticas/indicadores_educacionais/2025/tx_rend_municipios_2025.zip
4119608,PR,Federal,Total,Anos iniciais,flowApproval,,%,2025,flow-2025,1_CAT_FUN_AI,notDisclosed,Conforme universo do indicador INEP,INEP,2026-10-06T18:06:37.031241+00:00,https://www.gov.br/inep/pt-br/acesso-a-informacao/dados-abertos/indicadores-educacionais/taxas-de-rendimento-escolar,https://download.inep.gov.br/informacoes_estatisticas/indicadores_educacionais/2025/tx_rend_municipios_2025.zip
4119608,PR,Federal,Total,Anos finais,flowApproval,,%,2025,flow-2025,1_CAT_FUN_AF,notDisclosed,Conforme universo do indicador INEP,INEP,2026-10-06T18:06:37.031241+00:00,https://www.gov.br/inep/pt-br/acesso-a-informacao/dados-abertos/indicadores-educacionais/taxas-de-rendimento-escolar,https://download.inep.gov.br/informacoes_estatisticas/indicadores_educacionais/2025/tx_rend_municipios_2025.zip
4119608,PR,Federal,Total,Ensino médio,flowApproval,97.2,%,2025,flow-2025,1_CAT_MED,available,Conforme universo do indicador INEP,INEP,2026-10-06T18:06:37.031241+00:00,https://www.gov.br/inep/pt-br/acesso-a-informacao/dados-abertos/indicadores-educacionais/taxas-de-rendimento-escolar,https://download.inep.gov.br/informacoes_estatisticas/indicadores_educacionais/2025/tx_rend_municipios_2025.zip
4119608,PR,Federal,Total,Ensino fundamental,flowRepetition,,%,2025,flow-2025,2_CAT_FUN,notDisclosed,Conforme universo do indicador INEP,INEP,2026-10-06T18:06:37.031241+00:00,https://www.gov.br/inep/pt-br/acesso-a-informacao/dados-abertos/indicadores-educacionais/taxas-de-rendimento-escolar,https://download.inep.gov.br/informacoes_estatisticas/indicadores_educacionais/2025/tx_rend_municipios_2025.zip
4119608,PR,Federal,Total,Anos iniciais,flowRepetition,,%,2025,flow-2025,2_CAT_FUN_AI,notDisclosed,Conforme universo do indicador INEP,INEP,2026-10-06T18:06:37.031241+00:00,https://www.gov.br/inep/pt-br/acesso-a-informacao/dados-abertos/indicadores-educacionais/taxas-de-rendimento-escolar,https://download.inep.gov.br/informacoes_estatisticas/indicadores_educacionais/2025/tx_rend_municipios_2025.zip
4119608,PR,Federal,Total,Anos finais,flowRepetition,,%,2025,flow-2025,2_CAT_FUN_AF,notDisclosed,Conforme universo do indicador INEP,INEP,2026-10-06T18:06:37.031241+00:00,https://www.gov.br/inep/pt-br/acesso-a-informacao/dados-abertos/indicadores-educacionais/taxas-de-rendimento-escolar,https://download.inep.gov.br/informacoes_estatisticas/indicadores_educacionais/2025/tx_rend_municipios_2025.zip
4119608,PR,Federal,Total,Ensino médio,flowRepetition,2.1,%,2025,flow-2025,2_CAT_MED,available,Conforme universo do indicador INEP,INEP,2026-10-06T18:06:37.031241+00:00,https://www.gov.br/inep/pt-br/acesso-a-informacao/dados-abertos/indicadores-educacionais/taxas-de-rendimento-escolar,https://download.inep.gov.br/informacoes_estatisticas/indicadores_educacionais/2025/tx_rend_municipios_2025.zip
4119608,PR,Federal,Total,Ensino fundamental,flowDropout,,%,2025,flow-2025,3_CAT_FUN,notDisclosed,Conforme universo do indicador INEP,INEP,2026-10-06T18:06:37.031241+00:00,https://www.gov.br/inep/pt-br/acesso-a-informacao/dados-abertos/indicadores-educacionais/taxas-de-rendimento-escolar,https://download.inep.gov.br/informacoes_estatisticas/indicadores_educacionais/2025/tx_rend_municipios_2025.zip
4119608,PR,Federal,Total,Anos iniciais,flowDropout,,%,2025,flow-2025,3_CAT_FUN_AI,notDisclosed,Conforme universo do indicador INEP,INEP,2026-10-06T18:06:37.031241+00:00,https://www.gov.br/inep/pt-br/acesso-a-informacao/dados-abertos/indicadores-educacionais/taxas-de-rendimento-escolar,https://download.inep.gov.br/informacoes_estatisticas/indicadores_educacionais/2025/tx_rend_municipios_2025.zip
4119608,PR,Federal,Total,Anos finais,flowDropout,,%,2025,flow-2025,3_CAT_FUN_AF,notDisclosed,Conforme universo do indicador INEP,INEP,2026-10-06T18:06:37.031241+00:00,https://www.gov.br/inep/pt-br/acesso-a-informacao/dados-abertos/indicadores-educacionais/taxas-de-rendimento-escolar,https://download.inep.gov.br/informacoes_estatisticas/indicadores_educacionais/2025/tx_rend_municipios_2025.zip
4119608,PR,Federal,Total,Ensino médio,flowDropout,0.7,%,2025,flow-2025,3_CAT_MED,available,Conforme universo do indicador INEP,INEP,2026-10-06T18:06:37.031241+00:00,https://www.gov.br/inep/pt-br/acesso-a-informacao/dados-abertos/indicadores-educacionais/taxas-de-rendimento-escolar,https://download.inep.gov.br/informacoes_estatisticas/indicadores_educacionais/2025/tx_rend_municipios_2025.zip
4119608,PR,Federal,Urbana,Ensino fundamental,flowApproval,,%,2025,flow-2025,1_CAT_FUN,notDisclosed,Conforme universo do indicador INEP,INEP,2026-10-06T18:06:37.031241+00:00,https://www.gov.br/inep/pt-br/acesso-a-informacao/dados-abertos/indicadores-educacionais/taxas-de-rendimento-escolar,https://download.inep.gov.br/informacoes_estatisticas/indicadores_educacionais/2025/tx_rend_municipios_2025.zip
4119608,PR,Federal,Urbana,Anos iniciais,flowApproval,,%,2025,flow-2025,1_CAT_FUN_AI,notDisclosed,Conforme universo do indicador INEP,INEP,2026-10-06T18:06:37.031241+00:00,https://www.gov.br/inep/pt-br/acesso-a-informacao/dados-abertos/indicadores-educacionais/taxas-de-rendimento-escolar,https://download.inep.gov.br/informacoes_estatisticas/indicadores_educacionais/2025/tx_rend_municipios_2025.zip
4119608,PR,Federal,Urbana,Anos finais,flowApproval,,%,2025,flow-2025,1_CAT_FUN_AF,notDisclosed,Conforme universo do indicador INEP,INEP,2026-10-06T18:06:37.031241+00:00,https://www.gov.br/inep/pt-br/acesso-a-informacao/dados-abertos/indicadores-educacionais/taxas-de-rendimento-escolar,https://download.inep.gov.br/informacoes_estatisticas/indicadores_educacionais/2025/tx_rend_municipios_2025.zip
4119608,PR,Federal,Urbana,Ensino médio,flowApproval,97.2,%,2025,flow-2025,1_CAT_MED,available,Conforme universo do indicador INEP,INEP,2026-10-06T18:06:37.031241+00:00,https://www.gov.br/inep/pt-br/acesso-a-informacao/dados-abertos/indicadores-educacionais/taxas-de-rendimento-escolar,https://download.inep.gov.br/informacoes_estatisticas/indicadores_educacionais/2025/tx_rend_municipios_2025.zip
4119608,PR,Federal,Urbana,Ensino fundamental,flowRepetition,,%,2025,flow-2025,2_CAT_FUN,notDisclosed,Conforme universo do indicador INEP,INEP,2026-10-06T18:06:37.031241+00:00,https://www.gov.br/inep/pt-br/acesso-a-informacao/dados-abertos/indicadores-educacionais/taxas-de-rendimento-escolar,https://download.inep.gov.br/informacoes_estatisticas/indicadores_educacionais/2025/tx_rend_municipios_2025.zip
4119608,PR,Federal,Urbana,Anos iniciais,flowRepetition,,%,2025,flow-2025,2_CAT_FUN_AI,notDisclosed,Conforme universo do indicador INEP,INEP,2026-10-06T18:06:37.031241+00:00,https://www.gov.br/inep/pt-br/acesso-a-informacao/dados-abertos/indicadores-educacionais/taxas-de-rendimento-escolar,https://download.inep.gov.br/informacoes_estatisticas/indicadores_educacionais/2025/tx_rend_municipios_2025.zip
4119608,PR,Federal,Urbana,Anos finais,flowRepetition,,%,2025,flow-2025,2_CAT_FUN_AF,notDisclosed,Conforme universo do indicador INEP,INEP,2026-10-06T18:06:37.031241+00:00,https://www.gov.br/inep/pt-br/acesso-a-informacao/dados-abertos/indicadores-educacionais/taxas-de-rendimento-escolar,https://download.inep.gov.br/informacoes_estatisticas/indicadores_educacionais/2025/tx_rend_municipios_2025.zip
4119608,PR,Federal,Urbana,Ensino médio,flowRepetition,2.1,%,2025,flow-2025,2_CAT_MED,available,Conforme universo do indicador INEP,INEP,2026-10-06T18:06:37.031241+00:00,https://www.gov.br/inep/pt-br/acesso-a-informacao/dados-abertos/indicadores-educacionais/taxas-de-rendimento-escolar,https://download.inep.gov.br/informacoes_estatisticas/indicadores_educacionais/2025/tx_rend_municipios_2025.zip
4119608,PR,Federal,Urbana,Ensino fundamental,flowDropout,,%,2025,flow-2025,3_CAT_FUN,notDisclosed,Conforme universo do indicador INEP,INEP,2026-10-06T18:06:37.031241+00:00,https://www.gov.br/inep/pt-br/acesso-a-informacao/dados-abertos/indicadores-educacionais/taxas-de-rendimento-escolar,https://download.inep.gov.br/informacoes_estatisticas/indicadores_educacionais/2025/tx_rend_municipios_2025.zip
4119608,PR,Federal,Urbana,Anos iniciais,flowDropout,,%,2025,flow-2025,3_CAT_FUN_AI,notDisclosed,Conforme universo do indicador INEP,INEP,2026-10-06T18:06:37.031241+00:00,https://www.gov.br/inep/pt-br/acesso-a-informacao/dados-abertos/indicadores-educacionais/taxas-de-rendimento-escolar,https://download.inep.gov.br/informacoes_estatisticas/indicadores_educacionais/2025/tx_rend_municipios_2025.zip
4119608,PR,Federal,Urbana,Anos finais,flowDropout,,%,2025,flow-2025,3_CAT_FUN_AF,notDisclosed,Conforme universo do indicador INEP,INEP,2026-10-06T18:06:37.031241+00:00,https://www.gov.br/inep/pt-br/acesso-a-informacao/dados-abertos/indicadores-educacionais/taxas-de-rendimento-escolar,https://download.inep.gov.br/informacoes_estatisticas/indicadores_educacionais/2025/tx_rend_municipios_2025.zip
4119608,PR,Federal,Urbana,Ensino médio,flowDropout,0.7,%,2025,flow-2025,3_CAT_MED,available,Conforme universo do indicador INEP,INEP,2026-10-06T18:06:37.031241+00:00,https://www.gov.br/inep/pt-br/acesso-a-informacao/dados-abertos/indicadores-educacionais/taxas-de-rendimento-escolar,https://download.inep.gov.br/informacoes_estatisticas/indicadores_educacionais/2025/tx_rend_municipios_2025.zip
4119608,PR,Estadual,Total,Ensino fundamental,flowApproval,100.0,%,2025,flow-2025,1_CAT_FUN,available,Conforme universo do indicador INEP,INEP,2026-10-06T18:06:37.031241+00:00,https://www.gov.br/inep/pt-br/acesso-a-informacao/dados-abertos/indicadores-educacionais/taxas-de-rendimento-escolar,https://download.inep.gov.br/informacoes_estatisticas/indicadores_educacionais/2025/tx_rend_municipios_2025.zip
4119608,PR,Estadual,Total,Anos iniciais,flowApproval,100.0,%,2025,flow-2025,1_CAT_FUN_AI,available,Conforme universo do indicador INEP,INEP,2026-10-06T18:06:37.031241+00:00,https://www.gov.br/inep/pt-br/acesso-a-informacao/dados-abertos/indicadores-educacionais/taxas-de-rendimento-escolar,https://download.inep.gov.br/informacoes_estatisticas/indicadores_educacionais/2025/tx_rend_municipios_2025.zip
4119608,PR,Estadual,Total,Anos finais,flowApproval,100.0,%,2025,flow-2025,1_CAT_FUN_AF,available,Conforme universo do indicador INEP,INEP,2026-10-06T18:06:37.031241+00:00,https://www.gov.br/inep/pt-br/acesso-a-informacao/dados-abertos/indicadores-educacionais/taxas-de-rendimento-escolar,https://download.inep.gov.br/informacoes_estatisticas/indicadores_educacionais/2025/tx_rend_municipios_2025.zip
4119608,PR,Estadual,Total,Ensino médio,flowApproval,99.7,%,2025,flow-2025,1_CAT_MED,available,Conforme universo do indicador INEP,INEP,2026-10-06T18:06:37.031241+00:00,https://www.gov.br/inep/pt-br/acesso-a-informacao/dados-abertos/indicadores-educacionais/taxas-de-rendimento-escolar,https://download.inep.gov.br/informacoes_estatisticas/indicadores_educacionais/2025/tx_rend_municipios_2025.zip
4119608,PR,Estadual,Total,Ensino fundamental,flowRepetition,0.0,%,2025,flow-2025,2_CAT_FUN,available,Conforme universo do indicador INEP,INEP,2026-10-06T18:06:37.031241+00:00,https://www.gov.br/inep/pt-br/acesso-a-informacao/dados-abertos/indicadores-educacionais/taxas-de-rendimento-escolar,https://download.inep.gov.br/informacoes_estatisticas/indicadores_educacionais/2025/tx_rend_municipios_2025.zip
4119608,PR,Estadual,Total,Anos iniciais,flowRepetition,0.0,%,2025,flow-2025,2_CAT_FUN_AI,available,Conforme universo do indicador INEP,INEP,2026-10-06T18:06:37.031241+00:00,https://www.gov.br/inep/pt-br/acesso-a-informacao/dados-abertos/indicadores-educacionais/taxas-de-rendimento-escolar,https://download.inep.gov.br/informacoes_estatisticas/indicadores_educacionais/2025/tx_rend_municipios_2025.zip
4119608,PR,Estadual,Total,Anos finais,flowRepetition,0.0,%,2025,flow-2025,2_CAT_FUN_AF,available,Conforme universo do indicador INEP,INEP,2026-10-06T18:06:37.031241+00:00,https://www.gov.br/inep/pt-br/acesso-a-informacao/dados-abertos/indicadores-educacionais/taxas-de-rendimento-escolar,https://download.inep.gov.br/informacoes_estatisticas/indicadores_educacionais/2025/tx_rend_municipios_2025.zip
4119608,PR,Estadual,Total,Ensino médio,flowRepetition,0.2,%,2025,flow-2025,2_CAT_MED,available,Conforme universo do indicador INEP,INEP,2026-10-06T18:06:37.031241+00:00,https://www.gov.br/inep/pt-br/acesso-a-informacao/dados-abertos/indicadores-educacionais/taxas-de-rendimento-escolar,https://download.inep.gov.br/informacoes_estatisticas/indicadores_educacionais/2025/tx_rend_municipios_2025.zip
4119608,PR,Estadual,Total,Ensino fundamental,flowDropout,0.0,%,2025,flow-2025,3_CAT_FUN,available,Conforme universo do indicador INEP,INEP,2026-10-06T18:06:37.031241+00:00,https://www.gov.br/inep/pt-br/acesso-a-informacao/dados-abertos/indicadores-educacionais/taxas-de-rendimento-escolar,https://download.inep.gov.br/informacoes_estatisticas/indicadores_educacionais/2025/tx_rend_municipios_2025.zip
4119608,PR,Estadual,Total,Anos iniciais,flowDropout,0.0,%,2025,flow-2025,3_CAT_FUN_AI,available,Conforme universo do indicador INEP,INEP,2026-10-06T18:06:37.031241+00:00,https://www.gov.br/inep/pt-br/acesso-a-informacao/dados-abertos/indicadores-educacionais/taxas-de-rendimento-escolar,https://download.inep.gov.br/informacoes_estatisticas/indicadores_educacionais/2025/tx_rend_municipios_2025.zip
4119608,PR,Estadual,Total,Anos finais,flowDropout,0.0,%,2025,flow-2025,3_CAT_FUN_AF,available,Conforme universo do indicador INEP,INEP,2026-10-06T18:06:37.031241+00:00,https://www.gov.br/inep/pt-br/acesso-a-informacao/dados-abertos/indicadores-educacionais/taxas-de-rendimento-escolar,https://download.inep.gov.br/informacoes_estatisticas/indicadores_educacionais/2025/tx_rend_municipios_2025.zip
4119608,PR,Estadual,Total,Ensino médio,flowDropout,0.1,%,2025,flow-2025,3_CAT_MED,available,Conforme universo do indicador INEP,INEP,2026-10-06T18:06:37.031241+00:00,https://www.gov.br/inep/pt-br/acesso-a-informacao/dados-abertos/indicadores-educacionais/taxas-de-rendimento-escolar,https://download.inep.gov.br/informacoes_estatisticas/indicadores_educacionais/2025/tx_rend_municipios_2025.zip
4119608,PR,Estadual,Urbana,Ensino fundamental,flowApproval,100.0,%,2025,flow-2025,1_CAT_FUN,available,Conforme universo do indicador INEP,INEP,2026-10-06T18:06:37.031241+00:00,https://www.gov.br/inep/pt-br/acesso-a-informacao/dados-abertos/indicadores-educacionais/taxas-de-rendimento-escolar,https://download.inep.gov.br/informacoes_estatisticas/indicadores_educacionais/2025/tx_rend_municipios_2025.zip
4119608,PR,Estadual,Urbana,Anos iniciais,flowApproval,,%,2025,flow-2025,1_CAT_FUN_AI,notDisclosed,Conforme universo do indicador INEP,INEP,2026-10-06T18:06:37.031241+00:00,https://www.gov.br/inep/pt-br/acesso-a-informacao/dados-abertos/indicadores-educacionais/taxas-de-rendimento-escolar,https://download.inep.gov.br/informacoes_estatisticas/indicadores_educacionais/2025/tx_rend_municipios_2025.zip
4119608,PR,Estadual,Urbana,Anos finais,flowApproval,100.0,%,2025,flow-2025,1_CAT_FUN_AF,available,Conforme universo do indicador INEP,INEP,2026-10-06T18:06:37.031241+00:00,https://www.gov.br/inep/pt-br/acesso-a-informacao/dados-abertos/indicadores-educacionais/taxas-de-rendimento-escolar,https://download.inep.gov.br/informacoes_estatisticas/indicadores_educacionais/2025/tx_rend_municipios_2025.zip
4119608,PR,Estadual,Urbana,Ensino médio,flowApproval,99.7,%,2025,flow-2025,1_CAT_MED,available,Conforme universo do indicador INEP,INEP,2026-10-06T18:06:37.031241+00:00,https://www.gov.br/inep/pt-br/acesso-a-informacao/dados-abertos/indicadores-educacionais/taxas-de-rendimento-escolar,https://download.inep.gov.br/informacoes_estatisticas/indicadores_educacionais/2025/tx_rend_municipios_2025.zip
4119608,PR,Estadual,Urbana,Ensino fundamental,flowRepetition,0.0,%,2025,flow-2025,2_CAT_FUN,available,Conforme universo do indicador INEP,INEP,2026-10-06T18:06:37.031241+00:00,https://www.gov.br/inep/pt-br/acesso-a-informacao/dados-abertos/indicadores-educacionais/taxas-de-rendimento-escolar,https://download.inep.gov.br/informacoes_estatisticas/indicadores_educacionais/2025/tx_rend_municipios_2025.zip
4119608,PR,Estadual,Urbana,Anos iniciais,flowRepetition,,%,2025,flow-2025,2_CAT_FUN_AI,notDisclosed,Conforme universo do indicador INEP,INEP,2026-10-06T18:06:37.031241+00:00,https://www.gov.br/inep/pt-br/acesso-a-informacao/dados-abertos/indicadores-educacionais/taxas-de-rendimento-escolar,https://download.inep.gov.br/informacoes_estatisticas/indicadores_educacionais/2025/tx_rend_municipios_2025.zip
4119608,PR,Estadual,Urbana,Anos finais,flowRepetition,0.0,%,2025,flow-2025,2_CAT_FUN_AF,available,Conforme universo do indicador INEP,INEP,2026-10-06T18:06:37.031241+00:00,https://www.gov.br/inep/pt-br/acesso-a-informacao/dados-abertos/indicadores-educacionais/taxas-de-rendimento-escolar,https://download.inep.gov.br/informacoes_estatisticas/indicadores_educacionais/2025/tx_rend_municipios_2025.zip
4119608,PR,Estadual,Urbana,Ensino médio,flowRepetition,0.3,%,2025,flow-2025,2_CAT_MED,available,Conforme universo do indicador INEP,INEP,2026-10-06T18:06:37.031241+00:00,https://www.gov.br/inep/pt-br/acesso-a-informacao/dados-abertos/indicadores-educacionais/taxas-de-rendimento-escolar,https://download.inep.gov.br/informacoes_estatisticas/indicadores_educacionais/2025/tx_rend_municipios_2025.zip
4119608,PR,Estadual,Urbana,Ensino fundamental,flowDropout,0.0,%,2025,flow-2025,3_CAT_FUN,available,Conforme universo do indicador INEP,INEP,2026-10-06T18:06:37.031241+00:00,https://www.gov.br/inep/pt-br/acesso-a-informacao/dados-abertos/indicadores-educacionais/taxas-de-rendimento-escolar,https://download.inep.gov.br/informacoes_estatisticas/indicadores_educacionais/2025/tx_rend_municipios_2025.zip
4119608,PR,Estadual,Urbana,Anos iniciais,flowDropout,,%,2025,flow-2025,3_CAT_FUN_AI,notDisclosed,Conforme universo do indicador INEP,INEP,2026-10-06T18:06:37.031241+00:00,https://www.gov.br/inep/pt-br/acesso-a-informacao/dados-abertos/indicadores-educacionais/taxas-de-rendimento-escolar,https://download.inep.gov.br/informacoes_estatisticas/indicadores_educacionais/2025/tx_rend_municipios_2025.zip
4119608,PR,Estadual,Urbana,Anos finais,flowDropout,0.0,%,2025,flow-2025,3_CAT_FUN_AF,available,Conforme universo do indicador INEP,INEP,2026-10-06T18:06:37.031241+00:00,https://www.gov.br/inep/pt-br/acesso-a-informacao/dados-abertos/indicadores-educacionais/taxas-de-rendimento-escolar,https://download.inep.gov.br/informacoes_estatisticas/indicadores_educacionais/2025/tx_rend_municipios_2025.zip
4119608,PR,Estadual,Urbana,Ensino médio,flowDropout,0.0,%,2025,flow-2025,3_CAT_MED,available,Conforme universo do indicador INEP,INEP,2026-10-06T18:06:37.031241+00:00,https://www.gov.br/inep/pt-br/acesso-a-informacao/dados-abertos/indicadores-educacionais/taxas-de-rendimento-escolar,https://download.inep.gov.br/informacoes_estatisticas/indicadores_educacionais/2025/tx_rend_municipios_2025.zip
4119608,PR,Estadual,Rural,Ensino fundamental,flowApproval,100.0,%,2025,flow-2025,1_CAT_FUN,available,Conforme universo do indicador INEP,INEP,2026-10-06T18:06:37.031241+00:00,https://www.gov.br/inep/pt-br/acesso-a-informacao/dados-abertos/indicadores-educacionais/taxas-de-rendimento-escolar,https://download.inep.gov.br/informacoes_estatisticas/indicadores_educacionais/2025/tx_rend_municipios_2025.zip
4119608,PR,Estadual,Rural,Anos iniciais,flowApproval,100.0,%,2025,flow-2025,1_CAT_FUN_AI,available,Conforme universo do indicador INEP,INEP,2026-10-06T18:06:37.031241+00:00,https://www.gov.br/inep/pt-br/acesso-a-informacao/dados-abertos/indicadores-educacionais/taxas-de-rendimento-escolar,https://download.inep.gov.br/informacoes_estatisticas/indicadores_educacionais/2025/tx_rend_municipios_2025.zip
4119608,PR,Estadual,Rural,Anos finais,flowApproval,100.0,%,2025,flow-2025,1_CAT_FUN_AF,available,Conforme universo do indicador INEP,INEP,2026-10-06T18:06:37.031241+00:00,https://www.gov.br/inep/pt-br/acesso-a-informacao/dados-abertos/indicadores-educacionais/taxas-de-rendimento-escolar,https://download.inep.gov.br/informacoes_estatisticas/indicadores_educacionais/2025/tx_rend_municipios_2025.zip
4119608,PR,Estadual,Rural,Ensino médio,flowApproval,99.6,%,2025,flow-2025,1_CAT_MED,available,Conforme universo do indicador INEP,INEP,2026-10-06T18:06:37.031241+00:00,https://www.gov.br/inep/pt-br/acesso-a-informacao/dados-abertos/indicadores-educacionais/taxas-de-rendimento-escolar,https://download.inep.gov.br/informacoes_estatisticas/indicadores_educacionais/2025/tx_rend_municipios_2025.zip
4119608,PR,Estadual,Rural,Ensino fundamental,flowRepetition,0.0,%,2025,flow-2025,2_CAT_FUN,available,Conforme universo do indicador INEP,INEP,2026-10-06T18:06:37.031241+00:00,https://www.gov.br/inep/pt-br/acesso-a-informacao/dados-abertos/indicadores-educacionais/taxas-de-rendimento-escolar,https://download.inep.gov.br/informacoes_estatisticas/indicadores_educacionais/2025/tx_rend_municipios_2025.zip
4119608,PR,Estadual,Rural,Anos iniciais,flowRepetition,0.0,%,2025,flow-2025,2_CAT_FUN_AI,available,Conforme universo do indicador INEP,INEP,2026-10-06T18:06:37.031241+00:00,https://www.gov.br/inep/pt-br/acesso-a-informacao/dados-abertos/indicadores-educacionais/taxas-de-rendimento-escolar,https://download.inep.gov.br/informacoes_estatisticas/indicadores_educacionais/2025/tx_rend_municipios_2025.zip
4119608,PR,Estadual,Rural,Anos finais,flowRepetition,0.0,%,2025,flow-2025,2_CAT_FUN_AF,available,Conforme universo do indicador INEP,INEP,2026-10-06T18:06:37.031241+00:00,https://www.gov.br/inep/pt-br/acesso-a-informacao/dados-abertos/indicadores-educacionais/taxas-de-rendimento-escolar,https://download.inep.gov.br/informacoes_estatisticas/indicadores_educacionais/2025/tx_rend_municipios_2025.zip
4119608,PR,Estadual,Rural,Ensino médio,flowRepetition,0.0,%,2025,flow-2025,2_CAT_MED,available,Conforme universo do indicador INEP,INEP,2026-10-06T18:06:37.031241+00:00,https://www.gov.br/inep/pt-br/acesso-a-informacao/dados-abertos/indicadores-educacionais/taxas-de-rendimento-escolar,https://download.inep.gov.br/informacoes_estatisticas/indicadores_educacionais/2025/tx_rend_municipios_2025.zip
4119608,PR,Estadual,Rural,Ensino fundamental,flowDropout,0.0,%,2025,flow-2025,3_CAT_FUN,available,Conforme universo do indicador INEP,INEP,2026-10-06T18:06:37.031241+00:00,https://www.gov.br/inep/pt-br/acesso-a-informacao/dados-abertos/indicadores-educacionais/taxas-de-rendimento-escolar,https://download.inep.gov.br/informacoes_estatisticas/indicadores_educacionais/2025/tx_rend_municipios_2025.zip
4119608,PR,Estadual,Rural,Anos iniciais,flowDropout,0.0,%,2025,flow-2025,3_CAT_FUN_AI,available,Conforme universo do indicador INEP,INEP,2026-10-06T18:06:37.031241+00:00,https://www.gov.br/inep/pt-br/acesso-a-informacao/dados-abertos/indicadores-educacionais/taxas-de-rendimento-escolar,https://download.inep.gov.br/informacoes_estatisticas/indicadores_educacionais/2025/tx_rend_municipios_2025.zip
4119608,PR,Estadual,Rural,Anos finais,flowDropout,0.0,%,2025,flow-2025,3_CAT_FUN_AF,available,Conforme universo do indicador INEP,INEP,2026-10-06T18:06:37.031241+00:00,https://www.gov.br/inep/pt-br/acesso-a-informacao/dados-abertos/indicadores-educacionais/taxas-de-rendimento-escolar,https://download.inep.gov.br/informacoes_estatisticas/indicadores_educacionais/2025/tx_rend_municipios_2025.zip
4119608,PR,Estadual,Rural,Ensino médio,flowDropout,0.4,%,2025,flow-2025,3_CAT_MED,available,Conforme universo do indicador INEP,INEP,2026-10-06T18:06:37.031241+00:00,https://www.gov.br/inep/pt-br/acesso-a-informacao/dados-abertos/indicadores-educacionais/taxas-de-rendimento-escolar,https://download.inep.gov.br/informacoes_estatisticas/indicadores_educacionais/2025/tx_rend_municipios_2025.zip
4119608,PR,Municipal,Total,Ensino fundamental,flowApproval,100.0,%,2025,flow-2025,1_CAT_FUN,available,Conforme universo do indicador INEP,INEP,2026-10-06T18:06:37.031241+00:00,https://www.gov.br/inep/pt-br/acesso-a-informacao/dados-abertos/indicadores-educacionais/taxas-de-rendimento-escolar,https://download.inep.gov.br/informacoes_estatisticas/indicadores_educacionais/2025/tx_rend_municipios_2025.zip
4119608,PR,Municipal,Total,Anos iniciais,flowApproval,100.0,%,2025,flow-2025,1_CAT_FUN_AI,available,Conforme universo do indicador INEP,INEP,2026-10-06T18:06:37.031241+00:00,https://www.gov.br/inep/pt-br/acesso-a-informacao/dados-abertos/indicadores-educacionais/taxas-de-rendimento-escolar,https://download.inep.gov.br/informacoes_estatisticas/indicadores_educacionais/2025/tx_rend_municipios_2025.zip
4119608,PR,Municipal,Total,Anos finais,flowApproval,,%,2025,flow-2025,1_CAT_FUN_AF,notDisclosed,Conforme universo do indicador INEP,INEP,2026-10-06T18:06:37.031241+00:00,https://www.gov.br/inep/pt-br/acesso-a-informacao/dados-abertos/indicadores-educacionais/taxas-de-rendimento-escolar,https://download.inep.gov.br/informacoes_estatisticas/indicadores_educacionais/2025/tx_rend_municipios_2025.zip
4119608,PR,Municipal,Total,Ensino médio,flowApproval,,%,2025,flow-2025,1_CAT_MED,notDisclosed,Conforme universo do indicador INEP,INEP,2026-10-06T18:06:37.031241+00:00,https://www.gov.br/inep/pt-br/acesso-a-informacao/dados-abertos/indicadores-educacionais/taxas-de-rendimento-escolar,https://download.inep.gov.br/informacoes_estatisticas/indicadores_educacionais/2025/tx_rend_municipios_2025.zip
4119608,PR,Municipal,Total,Ensino fundamental,flowRepetition,0.0,%,2025,flow-2025,2_CAT_FUN,available,Conforme universo do indicador INEP,INEP,2026-10-06T18:06:37.031241+00:00,https://www.gov.br/inep/pt-br/acesso-a-informacao/dados-abertos/indicadores-educacionais/taxas-de-rendimento-escolar,https://download.inep.gov.br/informacoes_estatisticas/indicadores_educacionais/2025/tx_rend_municipios_2025.zip
4119608,PR,Municipal,Total,Anos iniciais,flowRepetition,0.0,%,2025,flow-2025,2_CAT_FUN_AI,available,Conforme universo do indicador INEP,INEP,2026-10-06T18:06:37.031241+00:00,https://www.gov.br/inep/pt-br/acesso-a-informacao/dados-abertos/indicadores-educacionais/taxas-de-rendimento-escolar,https://download.inep.gov.br/informacoes_estatisticas/indicadores_educacionais/2025/tx_rend_municipios_2025.zip
4119608,PR,Municipal,Total,Anos finais,flowRepetition,,%,2025,flow-2025,2_CAT_FUN_AF,notDisclosed,Conforme universo do indicador INEP,INEP,2026-10-06T18:06:37.031241+00:00,https://www.gov.br/inep/pt-br/acesso-a-informacao/dados-abertos/indicadores-educacionais/taxas-de-rendimento-escolar,https://download.inep.gov.br/informacoes_estatisticas/indicadores_educacionais/2025/tx_rend_municipios_2025.zip
4119608,PR,Municipal,Total,Ensino médio,flowRepetition,,%,2025,flow-2025,2_CAT_MED,notDisclosed,Conforme universo do indicador INEP,INEP,2026-10-06T18:06:37.031241+00:00,https://www.gov.br/inep/pt-br/acesso-a-informacao/dados-abertos/indicadores-educacionais/taxas-de-rendimento-escolar,https://download.inep.gov.br/informacoes_estatisticas/indicadores_educacionais/2025/tx_rend_municipios_2025.zip
4119608,PR,Municipal,Total,Ensino fundamental,flowDropout,0.0,%,2025,flow-2025,3_CAT_FUN,available,Conforme universo do indicador INEP,INEP,2026-10-06T18:06:37.031241+00:00,https://www.gov.br/inep/pt-br/acesso-a-informacao/dados-abertos/indicadores-educacionais/taxas-de-rendimento-escolar,https://download.inep.gov.br/informacoes_estatisticas/indicadores_educacionais/2025/tx_rend_municipios_2025.zip
4119608,PR,Municipal,Total,Anos iniciais,flowDropout,0.0,%,2025,flow-2025,3_CAT_FUN_AI,available,Conforme universo do indicador INEP,INEP,2026-10-06T18:06:37.031241+00:00,https://www.gov.br/inep/pt-br/acesso-a-informacao/dados-abertos/indicadores-educacionais/taxas-de-rendimento-escolar,https://download.inep.gov.br/informacoes_estatisticas/indicadores_educacionais/2025/tx_rend_municipios_2025.zip
4119608,PR,Municipal,Total,Anos finais,flowDropout,,%,2025,flow-2025,3_CAT_FUN_AF,notDisclosed,Conforme universo do indicador INEP,INEP,2026-10-06T18:06:37.031241+00:00,https://www.gov.br/inep/pt-br/acesso-a-informacao/dados-abertos/indicadores-educacionais/taxas-de-rendimento-escolar,https://download.inep.gov.br/informacoes_estatisticas/indicadores_educacionais/2025/tx_rend_municipios_2025.zip
4119608,PR,Municipal,Total,Ensino médio,flowDropout,,%,2025,flow-2025,3_CAT_MED,notDisclosed,Conforme universo do indicador INEP,INEP,2026-10-06T18:06:37.031241+00:00,https://www.gov.br/inep/pt-br/acesso-a-informacao/dados-abertos/indicadores-educacionais/taxas-de-rendimento-escolar,https://download.inep.gov.br/informacoes_estatisticas/indicadores_educacionais/2025/tx_rend_municipios_2025.zip
4119608,PR,Municipal,Urbana,Ensino fundamental,flowApproval,100.0,%,2025,flow-2025,1_CAT_FUN,available,Conforme universo do indicador INEP,INEP,2026-10-06T18:06:37.031241+00:00,https://www.gov.br/inep/pt-br/acesso-a-informacao/dados-abertos/indicadores-educacionais/taxas-de-rendimento-escolar,https://download.inep.gov.br/informacoes_estatisticas/indicadores_educacionais/2025/tx_rend_municipios_2025.zip
4119608,PR,Municipal,Urbana,Anos iniciais,flowApproval,100.0,%,2025,flow-2025,1_CAT_FUN_AI,available,Conforme universo do indicador INEP,INEP,2026-10-06T18:06:37.031241+00:00,https://www.gov.br/inep/pt-br/acesso-a-informacao/dados-abertos/indicadores-educacionais/taxas-de-rendimento-escolar,https://download.inep.gov.br/informacoes_estatisticas/indicadores_educacionais/2025/tx_rend_municipios_2025.zip
4119608,PR,Municipal,Urbana,Anos finais,flowApproval,,%,2025,flow-2025,1_CAT_FUN_AF,notDisclosed,Conforme universo do indicador INEP,INEP,2026-10-06T18:06:37.031241+00:00,https://www.gov.br/inep/pt-br/acesso-a-informacao/dados-abertos/indicadores-educacionais/taxas-de-rendimento-escolar,https://download.inep.gov.br/informacoes_estatisticas/indicadores_educacionais/2025/tx_rend_municipios_2025.zip
4119608,PR,Municipal,Urbana,Ensino médio,flowApproval,,%,2025,flow-2025,1_CAT_MED,notDisclosed,Conforme universo do indicador INEP,INEP,2026-10-06T18:06:37.031241+00:00,https://www.gov.br/inep/pt-br/acesso-a-informacao/dados-abertos/indicadores-educacionais/taxas-de-rendimento-escolar,https://download.inep.gov.br/informacoes_estatisticas/indicadores_educacionais/2025/tx_rend_municipios_2025.zip
4119608,PR,Municipal,Urbana,Ensino fundamental,flowRepetition,0.0,%,2025,flow-2025,2_CAT_FUN,available,Conforme universo do indicador INEP,INEP,2026-10-06T18:06:37.031241+00:00,https://www.gov.br/inep/pt-br/acesso-a-informacao/dados-abertos/indicadores-educacionais/taxas-de-rendimento-escolar,https://download.inep.gov.br/informacoes_estatisticas/indicadores_educacionais/2025/tx_rend_municipios_2025.zip
4119608,PR,Municipal,Urbana,Anos iniciais,flowRepetition,0.0,%,2025,flow-2025,2_CAT_FUN_AI,available,Conforme universo do indicador INEP,INEP,2026-10-06T18:06:37.031241+00:00,https://www.gov.br/inep/pt-br/acesso-a-informacao/dados-abertos/indicadores-educacionais/taxas-de-rendimento-escolar,https://download.inep.gov.br/informacoes_estatisticas/indicadores_educacionais/2025/tx_rend_municipios_2025.zip
4119608,PR,Municipal,Urbana,Anos finais,flowRepetition,,%,2025,flow-2025,2_CAT_FUN_AF,notDisclosed,Conforme universo do indicador INEP,INEP,2026-10-06T18:06:37.031241+00:00,https://www.gov.br/inep/pt-br/acesso-a-informacao/dados-abertos/indicadores-educacionais/taxas-de-rendimento-escolar,https://download.inep.gov.br/informacoes_estatisticas/indicadores_educacionais/2025/tx_rend_municipios_2025.zip
4119608,PR,Municipal,Urbana,Ensino médio,flowRepetition,,%,2025,flow-2025,2_CAT_MED,notDisclosed,Conforme universo do indicador INEP,INEP,2026-10-06T18:06:37.031241+00:00,https://www.gov.br/inep/pt-br/acesso-a-informacao/dados-abertos/indicadores-educacionais/taxas-de-rendimento-escolar,https://download.inep.gov.br/informacoes_estatisticas/indicadores_educacionais/2025/tx_rend_municipios_2025.zip
4119608,PR,Municipal,Urbana,Ensino fundamental,flowDropout,0.0,%,2025,flow-2025,3_CAT_FUN,available,Conforme universo do indicador INEP,INEP,2026-10-06T18:06:37.031241+00:00,https://www.gov.br/inep/pt-br/acesso-a-informacao/dados-abertos/indicadores-educacionais/taxas-de-rendimento-escolar,https://download.inep.gov.br/informacoes_estatisticas/indicadores_educacionais/2025/tx_rend_municipios_2025.zip
4119608,PR,Municipal,Urbana,Anos iniciais,flowDropout,0.0,%,2025,flow-2025,3_CAT_FUN_AI,available,Conforme universo do indicador INEP,INEP,2026-10-06T18:06:37.031241+00:00,https://www.gov.br/inep/pt-br/acesso-a-informacao/dados-abertos/indicadores-educacionais/taxas-de-rendimento-escolar,https://download.inep.gov.br/informacoes_estatisticas/indicadores_educacionais/2025/tx_rend_municipios_2025.zip
4119608,PR,Municipal,Urbana,Anos finais,flowDropout,,%,2025,flow-2025,3_CAT_FUN_AF,notDisclosed,Conforme universo do indicador INEP,INEP,2026-10-06T18:06:37.031241+00:00,https://www.gov.br/inep/pt-br/acesso-a-informacao/dados-abertos/indicadores-educacionais/taxas-de-rendimento-escolar,https://download.inep.gov.br/informacoes_estatisticas/indicadores_educacionais/2025/tx_rend_municipios_2025.zip
4119608,PR,Municipal,Urbana,Ensino médio,flowDropout,,%,2025,flow-2025,3_CAT_MED,notDisclosed,Conforme universo do indicador INEP,INEP,2026-10-06T18:06:37.031241+00:00,https://www.gov.br/inep/pt-br/acesso-a-informacao/dados-abertos/indicadores-educacionais/taxas-de-rendimento-escolar,https://download.inep.gov.br/informacoes_estatisticas/indicadores_educacionais/2025/tx_rend_municipios_2025.zip
4119608,PR,Municipal,Rural,Ensino fundamental,flowApproval,100.0,%,2025,flow-2025,1_CAT_FUN,available,Conforme universo do indicador INEP,INEP,2026-10-06T18:06:37.031241+00:00,https://www.gov.br/inep/pt-br/acesso-a-informacao/dados-abertos/indicadores-educacionais/taxas-de-rendimento-escolar,https://download.inep.gov.br/informacoes_estatisticas/indicadores_educacionais/2025/tx_rend_municipios_2025.zip
4119608,PR,Municipal,Rural,Anos iniciais,flowApproval,100.0,%,2025,flow-2025,1_CAT_FUN_AI,available,Conforme universo do indicador INEP,INEP,2026-10-06T18:06:37.031241+00:00,https://www.gov.br/inep/pt-br/acesso-a-informacao/dados-abertos/indicadores-educacionais/taxas-de-rendimento-escolar,https://download.inep.gov.br/informacoes_estatisticas/indicadores_educacionais/2025/tx_rend_municipios_2025.zip
4119608,PR,Municipal,Rural,Anos finais,flowApproval,,%,2025,flow-2025,1_CAT_FUN_AF,notDisclosed,Conforme universo do indicador INEP,INEP,2026-10-06T18:06:37.031241+00:00,https://www.gov.br/inep/pt-br/acesso-a-informacao/dados-abertos/indicadores-educacionais/taxas-de-rendimento-escolar,https://download.inep.gov.br/informacoes_estatisticas/indicadores_educacionais/2025/tx_rend_municipios_2025.zip
4119608,PR,Municipal,Rural,Ensino médio,flowApproval,,%,2025,flow-2025,1_CAT_MED,notDisclosed,Conforme universo do indicador INEP,INEP,2026-10-06T18:06:37.031241+00:00,https://www.gov.br/inep/pt-br/acesso-a-informacao/dados-abertos/indicadores-educacionais/taxas-de-rendimento-escolar,https://download.inep.gov.br/informacoes_estatisticas/indicadores_educacionais/2025/tx_rend_municipios_2025.zip
4119608,PR,Municipal,Rural,Ensino fundamental,flowRepetition,0.0,%,2025,flow-2025,2_CAT_FUN,available,Conforme universo do indicador INEP,INEP,2026-10-06T18:06:37.031241+00:00,https://www.gov.br/inep/pt-br/acesso-a-informacao/dados-abertos/indicadores-educacionais/taxas-de-rendimento-escolar,https://download.inep.gov.br/informacoes_estatisticas/indicadores_educacionais/2025/tx_rend_municipios_2025.zip
4119608,PR,Municipal,Rural,Anos iniciais,flowRepetition,0.0,%,2025,flow-2025,2_CAT_FUN_AI,available,Conforme universo do indicador INEP,INEP,2026-10-06T18:06:37.031241+00:00,https://www.gov.br/inep/pt-br/acesso-a-informacao/dados-abertos/indicadores-educacionais/taxas-de-rendimento-escolar,https://download.inep.gov.br/informacoes_estatisticas/indicadores_educacionais/2025/tx_rend_municipios_2025.zip
4119608,PR,Municipal,Rural,Anos finais,flowRepetition,,%,2025,flow-2025,2_CAT_FUN_AF,notDisclosed,Conforme universo do indicador INEP,INEP,2026-10-06T18:06:37.031241+00:00,https://www.gov.br/inep/pt-br/acesso-a-informacao/dados-abertos/indicadores-educacionais/taxas-de-rendimento-escolar,https://download.inep.gov.br/informacoes_estatisticas/indicadores_educacionais/2025/tx_rend_municipios_2025.zip
4119608,PR,Municipal,Rural,Ensino médio,flowRepetition,,%,2025,flow-2025,2_CAT_MED,notDisclosed,Conforme universo do indicador INEP,INEP,2026-10-06T18:06:37.031241+00:00,https://www.gov.br/inep/pt-br/acesso-a-informacao/dados-abertos/indicadores-educacionais/taxas-de-rendimento-escolar,https://download.inep.gov.br/informacoes_estatisticas/indicadores_educacionais/2025/tx_rend_municipios_2025.zip
4119608,PR,Municipal,Rural,Ensino fundamental,flowDropout,0.0,%,2025,flow-2025,3_CAT_FUN,available,Conforme universo do indicador INEP,INEP,2026-10-06T18:06:37.031241+00:00,https://www.gov.br/inep/pt-br/acesso-a-informacao/dados-abertos/indicadores-educacionais/taxas-de-rendimento-escolar,https://download.inep.gov.br/informacoes_estatisticas/indicadores_educacionais/2025/tx_rend_municipios_2025.zip
4119608,PR,Municipal,Rural,Anos iniciais,flowDropout,0.0,%,2025,flow-2025,3_CAT_FUN_AI,available,Conforme universo do indicador INEP,INEP,2026-10-06T18:06:37.031241+00:00,https://www.gov.br/inep/pt-br/acesso-a-informacao/dados-abertos/indicadores-educacionais/taxas-de-rendimento-escolar,https://download.inep.gov.br/informacoes_estatisticas/indicadores_educacionais/2025/tx_rend_municipios_2025.zip
4119608,PR,Municipal,Rural,Anos finais,flowDropout,,%,2025,flow-2025,3_CAT_FUN_AF,notDisclosed,Conforme universo do indicador INEP,INEP,2026-10-06T18:06:37.031241+00:00,https://www.gov.br/inep/pt-br/acesso-a-informacao/dados-abertos/indicadores-educacionais/taxas-de-rendimento-escolar,https://download.inep.gov.br/informacoes_estatisticas/indicadores_educacionais/2025/tx_rend_municipios_2025.zip
4119608,PR,Municipal,Rural,Ensino médio,flowDropout,,%,2025,flow-2025,3_CAT_MED,notDisclosed,Conforme universo do indicador INEP,INEP,2026-10-06T18:06:37.031241+00:00,https://www.gov.br/inep/pt-br/acesso-a-informacao/dados-abertos/indicadores-educacionais/taxas-de-rendimento-escolar,https://download.inep.gov.br/informacoes_estatisticas/indicadores_educacionais/2025/tx_rend_municipios_2025.zip
4119608,PR,Privada,Total,Ensino fundamental,flowApproval,99.8,%,2025,flow-2025,1_CAT_FUN,available,Conforme universo do indicador INEP,INEP,2026-10-06T18:06:37.031241+00:00,https://www.gov.br/inep/pt-br/acesso-a-informacao/dados-abertos/indicadores-educacionais/taxas-de-rendimento-escolar,https://download.inep.gov.br/informacoes_estatisticas/indicadores_educacionais/2025/tx_rend_municipios_2025.zip
4119608,PR,Privada,Total,Anos iniciais,flowApproval,100.0,%,2025,flow-2025,1_CAT_FUN_AI,available,Conforme universo do indicador INEP,INEP,2026-10-06T18:06:37.031241+00:00,https://www.gov.br/inep/pt-br/acesso-a-informacao/dados-abertos/indicadores-educacionais/taxas-de-rendimento-escolar,https://download.inep.gov.br/informacoes_estatisticas/indicadores_educacionais/2025/tx_rend_municipios_2025.zip
4119608,PR,Privada,Total,Anos finais,flowApproval,99.5,%,2025,flow-2025,1_CAT_FUN_AF,available,Conforme universo do indicador INEP,INEP,2026-10-06T18:06:37.031241+00:00,https://www.gov.br/inep/pt-br/acesso-a-informacao/dados-abertos/indicadores-educacionais/taxas-de-rendimento-escolar,https://download.inep.gov.br/informacoes_estatisticas/indicadores_educacionais/2025/tx_rend_municipios_2025.zip
4119608,PR,Privada,Total,Ensino médio,flowApproval,100.0,%,2025,flow-2025,1_CAT_MED,available,Conforme universo do indicador INEP,INEP,2026-10-06T18:06:37.031241+00:00,https://www.gov.br/inep/pt-br/acesso-a-informacao/dados-abertos/indicadores-educacionais/taxas-de-rendimento-escolar,https://download.inep.gov.br/informacoes_estatisticas/indicadores_educacionais/2025/tx_rend_municipios_2025.zip
4119608,PR,Privada,Total,Ensino fundamental,flowRepetition,0.2,%,2025,flow-2025,2_CAT_FUN,available,Conforme universo do indicador INEP,INEP,2026-10-06T18:06:37.031241+00:00,https://www.gov.br/inep/pt-br/acesso-a-informacao/dados-abertos/indicadores-educacionais/taxas-de-rendimento-escolar,https://download.inep.gov.br/informacoes_estatisticas/indicadores_educacionais/2025/tx_rend_municipios_2025.zip
4119608,PR,Privada,Total,Anos iniciais,flowRepetition,0.0,%,2025,flow-2025,2_CAT_FUN_AI,available,Conforme universo do indicador INEP,INEP,2026-10-06T18:06:37.031241+00:00,https://www.gov.br/inep/pt-br/acesso-a-informacao/dados-abertos/indicadores-educacionais/taxas-de-rendimento-escolar,https://download.inep.gov.br/informacoes_estatisticas/indicadores_educacionais/2025/tx_rend_municipios_2025.zip
4119608,PR,Privada,Total,Anos finais,flowRepetition,0.5,%,2025,flow-2025,2_CAT_FUN_AF,available,Conforme universo do indicador INEP,INEP,2026-10-06T18:06:37.031241+00:00,https://www.gov.br/inep/pt-br/acesso-a-informacao/dados-abertos/indicadores-educacionais/taxas-de-rendimento-escolar,https://download.inep.gov.br/informacoes_estatisticas/indicadores_educacionais/2025/tx_rend_municipios_2025.zip
4119608,PR,Privada,Total,Ensino médio,flowRepetition,0.0,%,2025,flow-2025,2_CAT_MED,available,Conforme universo do indicador INEP,INEP,2026-10-06T18:06:37.031241+00:00,https://www.gov.br/inep/pt-br/acesso-a-informacao/dados-abertos/indicadores-educacionais/taxas-de-rendimento-escolar,https://download.inep.gov.br/informacoes_estatisticas/indicadores_educacionais/2025/tx_rend_municipios_2025.zip
4119608,PR,Privada,Total,Ensino fundamental,flowDropout,0.0,%,2025,flow-2025,3_CAT_FUN,available,Conforme universo do indicador INEP,INEP,2026-10-06T18:06:37.031241+00:00,https://www.gov.br/inep/pt-br/acesso-a-informacao/dados-abertos/indicadores-educacionais/taxas-de-rendimento-escolar,https://download.inep.gov.br/informacoes_estatisticas/indicadores_educacionais/2025/tx_rend_municipios_2025.zip
4119608,PR,Privada,Total,Anos iniciais,flowDropout,0.0,%,2025,flow-2025,3_CAT_FUN_AI,available,Conforme universo do indicador INEP,INEP,2026-10-06T18:06:37.031241+00:00,https://www.gov.br/inep/pt-br/acesso-a-informacao/dados-abertos/indicadores-educacionais/taxas-de-rendimento-escolar,https://download.inep.gov.br/informacoes_estatisticas/indicadores_educacionais/2025/tx_rend_municipios_2025.zip
4119608,PR,Privada,Total,Anos finais,flowDropout,0.0,%,2025,flow-2025,3_CAT_FUN_AF,available,Conforme universo do indicador INEP,INEP,2026-10-06T18:06:37.031241+00:00,https://www.gov.br/inep/pt-br/acesso-a-informacao/dados-abertos/indicadores-educacionais/taxas-de-rendimento-escolar,https://download.inep.gov.br/informacoes_estatisticas/indicadores_educacionais/2025/tx_rend_municipios_2025.zip
4119608,PR,Privada,Total,Ensino médio,flowDropout,0.0,%,2025,flow-2025,3_CAT_MED,available,Conforme universo do indicador INEP,INEP,2026-10-06T18:06:37.031241+00:00,https://www.gov.br/inep/pt-br/acesso-a-informacao/dados-abertos/indicadores-educacionais/taxas-de-rendimento-escolar,https://download.inep.gov.br/informacoes_estatisticas/indicadores_educacionais/2025/tx_rend_municipios_2025.zip
4119608,PR,Privada,Urbana,Ensino fundamental,flowApproval,99.8,%,2025,flow-2025,1_CAT_FUN,available,Conforme universo do indicador INEP,INEP,2026-10-06T18:06:37.031241+00:00,https://www.gov.br/inep/pt-br/acesso-a-informacao/dados-abertos/indicadores-educacionais/taxas-de-rendimento-escolar,https://download.inep.gov.br/informacoes_estatisticas/indicadores_educacionais/2025/tx_rend_municipios_2025.zip
4119608,PR,Privada,Urbana,Anos iniciais,flowApproval,100.0,%,2025,flow-2025,1_CAT_FUN_AI,available,Conforme universo do indicador INEP,INEP,2026-10-06T18:06:37.031241+00:00,https://www.gov.br/inep/pt-br/acesso-a-informacao/dados-abertos/indicadores-educacionais/taxas-de-rendimento-escolar,https://download.inep.gov.br/informacoes_estatisticas/indicadores_educacionais/2025/tx_rend_municipios_2025.zip
4119608,PR,Privada,Urbana,Anos finais,flowApproval,99.5,%,2025,flow-2025,1_CAT_FUN_AF,available,Conforme universo do indicador INEP,INEP,2026-10-06T18:06:37.031241+00:00,https://www.gov.br/inep/pt-br/acesso-a-informacao/dados-abertos/indicadores-educacionais/taxas-de-rendimento-escolar,https://download.inep.gov.br/informacoes_estatisticas/indicadores_educacionais/2025/tx_rend_municipios_2025.zip
4119608,PR,Privada,Urbana,Ensino médio,flowApproval,100.0,%,2025,flow-2025,1_CAT_MED,available,Conforme universo do indicador INEP,INEP,2026-10-06T18:06:37.031241+00:00,https://www.gov.br/inep/pt-br/acesso-a-informacao/dados-abertos/indicadores-educacionais/taxas-de-rendimento-escolar,https://download.inep.gov.br/informacoes_estatisticas/indicadores_educacionais/2025/tx_rend_municipios_2025.zip
4119608,PR,Privada,Urbana,Ensino fundamental,flowRepetition,0.2,%,2025,flow-2025,2_CAT_FUN,available,Conforme universo do indicador INEP,INEP,2026-10-06T18:06:37.031241+00:00,https://www.gov.br/inep/pt-br/acesso-a-informacao/dados-abertos/indicadores-educacionais/taxas-de-rendimento-escolar,https://download.inep.gov.br/informacoes_estatisticas/indicadores_educacionais/2025/tx_rend_municipios_2025.zip
4119608,PR,Privada,Urbana,Anos iniciais,flowRepetition,0.0,%,2025,flow-2025,2_CAT_FUN_AI,available,Conforme universo do indicador INEP,INEP,2026-10-06T18:06:37.031241+00:00,https://www.gov.br/inep/pt-br/acesso-a-informacao/dados-abertos/indicadores-educacionais/taxas-de-rendimento-escolar,https://download.inep.gov.br/informacoes_estatisticas/indicadores_educacionais/2025/tx_rend_municipios_2025.zip
4119608,PR,Privada,Urbana,Anos finais,flowRepetition,0.5,%,2025,flow-2025,2_CAT_FUN_AF,available,Conforme universo do indicador INEP,INEP,2026-10-06T18:06:37.031241+00:00,https://www.gov.br/inep/pt-br/acesso-a-informacao/dados-abertos/indicadores-educacionais/taxas-de-rendimento-escolar,https://download.inep.gov.br/informacoes_estatisticas/indicadores_educacionais/2025/tx_rend_municipios_2025.zip
4119608,PR,Privada,Urbana,Ensino médio,flowRepetition,0.0,%,2025,flow-2025,2_CAT_MED,available,Conforme universo do indicador INEP,INEP,2026-10-06T18:06:37.031241+00:00,https://www.gov.br/inep/pt-br/acesso-a-informacao/dados-abertos/indicadores-educacionais/taxas-de-rendimento-escolar,https://download.inep.gov.br/informacoes_estatisticas/indicadores_educacionais/2025/tx_rend_municipios_2025.zip
4119608,PR,Privada,Urbana,Ensino fundamental,flowDropout,0.0,%,2025,flow-2025,3_CAT_FUN,available,Conforme universo do indicador INEP,INEP,2026-10-06T18:06:37.031241+00:00,https://www.gov.br/inep/pt-br/acesso-a-informacao/dados-abertos/indicadores-educacionais/taxas-de-rendimento-escolar,https://download.inep.gov.br/informacoes_estatisticas/indicadores_educacionais/2025/tx_rend_municipios_2025.zip
4119608,PR,Privada,Urbana,Anos iniciais,flowDropout,0.0,%,2025,flow-2025,3_CAT_FUN_AI,available,Conforme universo do indicador INEP,INEP,2026-10-06T18:06:37.031241+00:00,https://www.gov.br/inep/pt-br/acesso-a-informacao/dados-abertos/indicadores-educacionais/taxas-de-rendimento-escolar,https://download.inep.gov.br/informacoes_estatisticas/indicadores_educacionais/2025/tx_rend_municipios_2025.zip
4119608,PR,Privada,Urbana,Anos finais,flowDropout,0.0,%,2025,flow-2025,3_CAT_FUN_AF,available,Conforme universo do indicador INEP,INEP,2026-10-06T18:06:37.031241+00:00,https://www.gov.br/inep/pt-br/acesso-a-informacao/dados-abertos/indicadores-educacionais/taxas-de-rendimento-escolar,https://download.inep.gov.br/informacoes_estatisticas/indicadores_educacionais/2025/tx_rend_municipios_2025.zip
4119608,PR,Privada,Urbana,Ensino médio,flowDropout,0.0,%,2025,flow-2025,3_CAT_MED,available,Conforme universo do indicador INEP,INEP,2026-10-06T18:06:37.031241+00:00,https://www.gov.br/inep/pt-br/acesso-a-informacao/dados-abertos/indicadores-educacionais/taxas-de-rendimento-escolar,https://download.inep.gov.br/informacoes_estatisticas/indicadores_educacionais/2025/tx_rend_municipios_2025.zip
4119608,PR,Pública,Total,Ensino fundamental,flowApproval,100.0,%,2025,flow-2025,1_CAT_FUN,available,Conforme universo do indicador INEP,INEP,2026-10-06T18:06:37.031241+00:00,https://www.gov.br/inep/pt-br/acesso-a-informacao/dados-abertos/indicadores-educacionais/taxas-de-rendimento-escolar,https://download.inep.gov.br/informacoes_estatisticas/indicadores_educacionais/2025/tx_rend_municipios_2025.zip
4119608,PR,Pública,Total,Anos iniciais,flowApproval,100.0,%,2025,flow-2025,1_CAT_FUN_AI,available,Conforme universo do indicador INEP,INEP,2026-10-06T18:06:37.031241+00:00,https://www.gov.br/inep/pt-br/acesso-a-informacao/dados-abertos/indicadores-educacionais/taxas-de-rendimento-escolar,https://download.inep.gov.br/informacoes_estatisticas/indicadores_educacionais/2025/tx_rend_municipios_2025.zip
4119608,PR,Pública,Total,Anos finais,flowApproval,100.0,%,2025,flow-2025,1_CAT_FUN_AF,available,Conforme universo do indicador INEP,INEP,2026-10-06T18:06:37.031241+00:00,https://www.gov.br/inep/pt-br/acesso-a-informacao/dados-abertos/indicadores-educacionais/taxas-de-rendimento-escolar,https://download.inep.gov.br/informacoes_estatisticas/indicadores_educacionais/2025/tx_rend_municipios_2025.zip
4119608,PR,Pública,Total,Ensino médio,flowApproval,99.4,%,2025,flow-2025,1_CAT_MED,available,Conforme universo do indicador INEP,INEP,2026-10-06T18:06:37.031241+00:00,https://www.gov.br/inep/pt-br/acesso-a-informacao/dados-abertos/indicadores-educacionais/taxas-de-rendimento-escolar,https://download.inep.gov.br/informacoes_estatisticas/indicadores_educacionais/2025/tx_rend_municipios_2025.zip
4119608,PR,Pública,Total,Ensino fundamental,flowRepetition,0.0,%,2025,flow-2025,2_CAT_FUN,available,Conforme universo do indicador INEP,INEP,2026-10-06T18:06:37.031241+00:00,https://www.gov.br/inep/pt-br/acesso-a-informacao/dados-abertos/indicadores-educacionais/taxas-de-rendimento-escolar,https://download.inep.gov.br/informacoes_estatisticas/indicadores_educacionais/2025/tx_rend_municipios_2025.zip
4119608,PR,Pública,Total,Anos iniciais,flowRepetition,0.0,%,2025,flow-2025,2_CAT_FUN_AI,available,Conforme universo do indicador INEP,INEP,2026-10-06T18:06:37.031241+00:00,https://www.gov.br/inep/pt-br/acesso-a-informacao/dados-abertos/indicadores-educacionais/taxas-de-rendimento-escolar,https://download.inep.gov.br/informacoes_estatisticas/indicadores_educacionais/2025/tx_rend_municipios_2025.zip
4119608,PR,Pública,Total,Anos finais,flowRepetition,0.0,%,2025,flow-2025,2_CAT_FUN_AF,available,Conforme universo do indicador INEP,INEP,2026-10-06T18:06:37.031241+00:00,https://www.gov.br/inep/pt-br/acesso-a-informacao/dados-abertos/indicadores-educacionais/taxas-de-rendimento-escolar,https://download.inep.gov.br/informacoes_estatisticas/indicadores_educacionais/2025/tx_rend_municipios_2025.zip
4119608,PR,Pública,Total,Ensino médio,flowRepetition,0.4,%,2025,flow-2025,2_CAT_MED,available,Conforme universo do indicador INEP,INEP,2026-10-06T18:06:37.031241+00:00,https://www.gov.br/inep/pt-br/acesso-a-informacao/dados-abertos/indicadores-educacionais/taxas-de-rendimento-escolar,https://download.inep.gov.br/informacoes_estatisticas/indicadores_educacionais/2025/tx_rend_municipios_2025.zip
4119608,PR,Pública,Total,Ensino fundamental,flowDropout,0.0,%,2025,flow-2025,3_CAT_FUN,available,Conforme universo do indicador INEP,INEP,2026-10-06T18:06:37.031241+00:00,https://www.gov.br/inep/pt-br/acesso-a-informacao/dados-abertos/indicadores-educacionais/taxas-de-rendimento-escolar,https://download.inep.gov.br/informacoes_estatisticas/indicadores_educacionais/2025/tx_rend_municipios_2025.zip
4119608,PR,Pública,Total,Anos iniciais,flowDropout,0.0,%,2025,flow-2025,3_CAT_FUN_AI,available,Conforme universo do indicador INEP,INEP,2026-10-06T18:06:37.031241+00:00,https://www.gov.br/inep/pt-br/acesso-a-informacao/dados-abertos/indicadores-educacionais/taxas-de-rendimento-escolar,https://download.inep.gov.br/informacoes_estatisticas/indicadores_educacionais/2025/tx_rend_municipios_2025.zip
4119608,PR,Pública,Total,Anos finais,flowDropout,0.0,%,2025,flow-2025,3_CAT_FUN_AF,available,Conforme universo do indicador INEP,INEP,2026-10-06T18:06:37.031241+00:00,https://www.gov.br/inep/pt-br/acesso-a-informacao/dados-abertos/indicadores-educacionais/taxas-de-rendimento-escolar,https://download.inep.gov.br/informacoes_estatisticas/indicadores_educacionais/2025/tx_rend_municipios_2025.zip
4119608,PR,Pública,Total,Ensino médio,flowDropout,0.2,%,2025,flow-2025,3_CAT_MED,available,Conforme universo do indicador INEP,INEP,2026-10-06T18:06:37.031241+00:00,https://www.gov.br/inep/pt-br/acesso-a-informacao/dados-abertos/indicadores-educacionais/taxas-de-rendimento-escolar,https://download.inep.gov.br/informacoes_estatisticas/indicadores_educacionais/2025/tx_rend_municipios_2025.zip
4119608,PR,Pública,Urbana,Ensino fundamental,flowApproval,100.0,%,2025,flow-2025,1_CAT_FUN,available,Conforme universo do indicador INEP,INEP,2026-10-06T18:06:37.031241+00:00,https://www.gov.br/inep/pt-br/acesso-a-informacao/dados-abertos/indicadores-educacionais/taxas-de-rendimento-escolar,https://download.inep.gov.br/informacoes_estatisticas/indicadores_educacionais/2025/tx_rend_municipios_2025.zip
4119608,PR,Pública,Urbana,Anos iniciais,flowApproval,100.0,%,2025,flow-2025,1_CAT_FUN_AI,available,Conforme universo do indicador INEP,INEP,2026-10-06T18:06:37.031241+00:00,https://www.gov.br/inep/pt-br/acesso-a-informacao/dados-abertos/indicadores-educacionais/taxas-de-rendimento-escolar,https://download.inep.gov.br/informacoes_estatisticas/indicadores_educacionais/2025/tx_rend_municipios_2025.zip
4119608,PR,Pública,Urbana,Anos finais,flowApproval,100.0,%,2025,flow-2025,1_CAT_FUN_AF,available,Conforme universo do indicador INEP,INEP,2026-10-06T18:06:37.031241+00:00,https://www.gov.br/inep/pt-br/acesso-a-informacao/dados-abertos/indicadores-educacionais/taxas-de-rendimento-escolar,https://download.inep.gov.br/informacoes_estatisticas/indicadores_educacionais/2025/tx_rend_municipios_2025.zip
4119608,PR,Pública,Urbana,Ensino médio,flowApproval,99.3,%,2025,flow-2025,1_CAT_MED,available,Conforme universo do indicador INEP,INEP,2026-10-06T18:06:37.031241+00:00,https://www.gov.br/inep/pt-br/acesso-a-informacao/dados-abertos/indicadores-educacionais/taxas-de-rendimento-escolar,https://download.inep.gov.br/informacoes_estatisticas/indicadores_educacionais/2025/tx_rend_municipios_2025.zip
4119608,PR,Pública,Urbana,Ensino fundamental,flowRepetition,0.0,%,2025,flow-2025,2_CAT_FUN,available,Conforme universo do indicador INEP,INEP,2026-10-06T18:06:37.031241+00:00,https://www.gov.br/inep/pt-br/acesso-a-informacao/dados-abertos/indicadores-educacionais/taxas-de-rendimento-escolar,https://download.inep.gov.br/informacoes_estatisticas/indicadores_educacionais/2025/tx_rend_municipios_2025.zip
4119608,PR,Pública,Urbana,Anos iniciais,flowRepetition,0.0,%,2025,flow-2025,2_CAT_FUN_AI,available,Conforme universo do indicador INEP,INEP,2026-10-06T18:06:37.031241+00:00,https://www.gov.br/inep/pt-br/acesso-a-informacao/dados-abertos/indicadores-educacionais/taxas-de-rendimento-escolar,https://download.inep.gov.br/informacoes_estatisticas/indicadores_educacionais/2025/tx_rend_municipios_2025.zip
4119608,PR,Pública,Urbana,Anos finais,flowRepetition,0.0,%,2025,flow-2025,2_CAT_FUN_AF,available,Conforme universo do indicador INEP,INEP,2026-10-06T18:06:37.031241+00:00,https://www.gov.br/inep/pt-br/acesso-a-informacao/dados-abertos/indicadores-educacionais/taxas-de-rendimento-escolar,https://download.inep.gov.br/informacoes_estatisticas/indicadores_educacionais/2025/tx_rend_municipios_2025.zip
4119608,PR,Pública,Urbana,Ensino médio,flowRepetition,0.6,%,2025,flow-2025,2_CAT_MED,available,Conforme universo do indicador INEP,INEP,2026-10-06T18:06:37.031241+00:00,https://www.gov.br/inep/pt-br/acesso-a-informacao/dados-abertos/indicadores-educacionais/taxas-de-rendimento-escolar,https://download.inep.gov.br/informacoes_estatisticas/indicadores_educacionais/2025/tx_rend_municipios_2025.zip
4119608,PR,Pública,Urbana,Ensino fundamental,flowDropout,0.0,%,2025,flow-2025,3_CAT_FUN,available,Conforme universo do indicador INEP,INEP,2026-10-06T18:06:37.031241+00:00,https://www.gov.br/inep/pt-br/acesso-a-informacao/dados-abertos/indicadores-educacionais/taxas-de-rendimento-escolar,https://download.inep.gov.br/informacoes_estatisticas/indicadores_educacionais/2025/tx_rend_municipios_2025.zip
4119608,PR,Pública,Urbana,Anos iniciais,flowDropout,0.0,%,2025,flow-2025,3_CAT_FUN_AI,available,Conforme universo do indicador INEP,INEP,2026-10-06T18:06:37.031241+00:00,https://www.gov.br/inep/pt-br/acesso-a-informacao/dados-abertos/indicadores-educacionais/taxas-de-rendimento-escolar,https://download.inep.gov.br/informacoes_estatisticas/indicadores_educacionais/2025/tx_rend_municipios_2025.zip
4119608,PR,Pública,Urbana,Anos finais,flowDropout,0.0,%,2025,flow-2025,3_CAT_FUN_AF,available,Conforme universo do indicador INEP,INEP,2026-10-06T18:06:37.031241+00:00,https://www.gov.br/inep/pt-br/acesso-a-informacao/dados-abertos/indicadores-educacionais/taxas-de-rendimento-escolar,https://download.inep.gov.br/informacoes_estatisticas/indicadores_educacionais/2025/tx_rend_municipios_2025.zip
4119608,PR,Pública,Urbana,Ensino médio,flowDropout,0.1,%,2025,flow-2025,3_CAT_MED,available,Conforme universo do indicador INEP,INEP,2026-10-06T18:06:37.031241+00:00,https://www.gov.br/inep/pt-br/acesso-a-informacao/dados-abertos/indicadores-educacionais/taxas-de-rendimento-escolar,https://download.inep.gov.br/informacoes_estatisticas/indicadores_educacionais/2025/tx_rend_municipios_2025.zip
4119608,PR,Pública,Rural,Ensino fundamental,flowApproval,100.0,%,2025,flow-2025,1_CAT_FUN,available,Conforme universo do indicador INEP,INEP,2026-10-06T18:06:37.031241+00:00,https://www.gov.br/inep/pt-br/acesso-a-informacao/dados-abertos/indicadores-educacionais/taxas-de-rendimento-escolar,https://download.inep.gov.br/informacoes_estatisticas/indicadores_educacionais/2025/tx_rend_municipios_2025.zip
4119608,PR,Pública,Rural,Anos iniciais,flowApproval,100.0,%,2025,flow-2025,1_CAT_FUN_AI,available,Conforme universo do indicador INEP,INEP,2026-10-06T18:06:37.031241+00:00,https://www.gov.br/inep/pt-br/acesso-a-informacao/dados-abertos/indicadores-educacionais/taxas-de-rendimento-escolar,https://download.inep.gov.br/informacoes_estatisticas/indicadores_educacionais/2025/tx_rend_municipios_2025.zip
4119608,PR,Pública,Rural,Anos finais,flowApproval,100.0,%,2025,flow-2025,1_CAT_FUN_AF,available,Conforme universo do indicador INEP,INEP,2026-10-06T18:06:37.031241+00:00,https://www.gov.br/inep/pt-br/acesso-a-informacao/dados-abertos/indicadores-educacionais/taxas-de-rendimento-escolar,https://download.inep.gov.br/informacoes_estatisticas/indicadores_educacionais/2025/tx_rend_municipios_2025.zip
4119608,PR,Pública,Rural,Ensino médio,flowApproval,99.6,%,2025,flow-2025,1_CAT_MED,available,Conforme universo do indicador INEP,INEP,2026-10-06T18:06:37.031241+00:00,https://www.gov.br/inep/pt-br/acesso-a-informacao/dados-abertos/indicadores-educacionais/taxas-de-rendimento-escolar,https://download.inep.gov.br/informacoes_estatisticas/indicadores_educacionais/2025/tx_rend_municipios_2025.zip
4119608,PR,Pública,Rural,Ensino fundamental,flowRepetition,0.0,%,2025,flow-2025,2_CAT_FUN,available,Conforme universo do indicador INEP,INEP,2026-10-06T18:06:37.031241+00:00,https://www.gov.br/inep/pt-br/acesso-a-informacao/dados-abertos/indicadores-educacionais/taxas-de-rendimento-escolar,https://download.inep.gov.br/informacoes_estatisticas/indicadores_educacionais/2025/tx_rend_municipios_2025.zip
4119608,PR,Pública,Rural,Anos iniciais,flowRepetition,0.0,%,2025,flow-2025,2_CAT_FUN_AI,available,Conforme universo do indicador INEP,INEP,2026-10-06T18:06:37.031241+00:00,https://www.gov.br/inep/pt-br/acesso-a-informacao/dados-abertos/indicadores-educacionais/taxas-de-rendimento-escolar,https://download.inep.gov.br/informacoes_estatisticas/indicadores_educacionais/2025/tx_rend_municipios_2025.zip
4119608,PR,Pública,Rural,Anos finais,flowRepetition,0.0,%,2025,flow-2025,2_CAT_FUN_AF,available,Conforme universo do indicador INEP,INEP,2026-10-06T18:06:37.031241+00:00,https://www.gov.br/inep/pt-br/acesso-a-informacao/dados-abertos/indicadores-educacionais/taxas-de-rendimento-escolar,https://download.inep.gov.br/informacoes_estatisticas/indicadores_educacionais/2025/tx_rend_municipios_2025.zip
4119608,PR,Pública,Rural,Ensino médio,flowRepetition,0.0,%,2025,flow-2025,2_CAT_MED,available,Conforme universo do indicador INEP,INEP,2026-10-06T18:06:37.031241+00:00,https://www.gov.br/inep/pt-br/acesso-a-informacao/dados-abertos/indicadores-educacionais/taxas-de-rendimento-escolar,https://download.inep.gov.br/informacoes_estatisticas/indicadores_educacionais/2025/tx_rend_municipios_2025.zip
4119608,PR,Pública,Rural,Ensino fundamental,flowDropout,0.0,%,2025,flow-2025,3_CAT_FUN,available,Conforme universo do indicador INEP,INEP,2026-10-06T18:06:37.031241+00:00,https://www.gov.br/inep/pt-br/acesso-a-informacao/dados-abertos/indicadores-educacionais/taxas-de-rendimento-escolar,https://download.inep.gov.br/informacoes_estatisticas/indicadores_educacionais/2025/tx_rend_municipios_2025.zip
4119608,PR,Pública,Rural,Anos iniciais,flowDropout,0.0,%,2025,flow-2025,3_CAT_FUN_AI,available,Conforme universo do indicador INEP,INEP,2026-10-06T18:06:37.031241+00:00,https://www.gov.br/inep/pt-br/acesso-a-informacao/dados-abertos/indicadores-educacionais/taxas-de-rendimento-escolar,https://download.inep.gov.br/informacoes_estatisticas/indicadores_educacionais/2025/tx_rend_municipios_2025.zip
4119608,PR,Pública,Rural,Anos finais,flowDropout,0.0,%,2025,flow-2025,3_CAT_FUN_AF,available,Conforme universo do indicador INEP,INEP,2026-10-06T18:06:37.031241+00:00,https://www.gov.br/inep/pt-br/acesso-a-informacao/dados-abertos/indicadores-educacionais/taxas-de-rendimento-escolar,https://download.inep.gov.br/informacoes_estatisticas/indicadores_educacionais/2025/tx_rend_municipios_2025.zip
4119608,PR,Pública,Rural,Ensino médio,flowDropout,0.4,%,2025,flow-2025,3_CAT_MED,available,Conforme universo do indicador INEP,INEP,2026-10-06T18:06:37.031241+00:00,https://www.gov.br/inep/pt-br/acesso-a-informacao/dados-abertos/indicadores-educacionais/taxas-de-rendimento-escolar,https://download.inep.gov.br/informacoes_estatisticas/indicadores_educacionais/2025/tx_rend_municipios_2025.zip
4127965,PR,Total,Total,Ensino fundamental,flowApproval,99.3,%,2025,flow-2025,1_CAT_FUN,available,Conforme universo do indicador INEP,INEP,2026-10-06T18:06:37.031241+00:00,https://www.gov.br/inep/pt-br/acesso-a-informacao/dados-abertos/indicadores-educacionais/taxas-de-rendimento-escolar,https://download.inep.gov.br/informacoes_estatisticas/indicadores_educacionais/2025/tx_rend_municipios_2025.zip
4127965,PR,Total,Total,Anos iniciais,flowApproval,99.1,%,2025,flow-2025,1_CAT_FUN_AI,available,Conforme universo do indicador INEP,INEP,2026-10-06T18:06:37.031241+00:00,https://www.gov.br/inep/pt-br/acesso-a-informacao/dados-abertos/indicadores-educacionais/taxas-de-rendimento-escolar,https://download.inep.gov.br/informacoes_estatisticas/indicadores_educacionais/2025/tx_rend_municipios_2025.zip
4127965,PR,Total,Total,Anos finais,flowApproval,99.7,%,2025,flow-2025,1_CAT_FUN_AF,available,Conforme universo do indicador INEP,INEP,2026-10-06T18:06:37.031241+00:00,https://www.gov.br/inep/pt-br/acesso-a-informacao/dados-abertos/indicadores-educacionais/taxas-de-rendimento-escolar,https://download.inep.gov.br/informacoes_estatisticas/indicadores_educacionais/2025/tx_rend_municipios_2025.zip
4127965,PR,Total,Total,Ensino médio,flowApproval,100.0,%,2025,flow-2025,1_CAT_MED,available,Conforme universo do indicador INEP,INEP,2026-10-06T18:06:37.031241+00:00,https://www.gov.br/inep/pt-br/acesso-a-informacao/dados-abertos/indicadores-educacionais/taxas-de-rendimento-escolar,https://download.inep.gov.br/informacoes_estatisticas/indicadores_educacionais/2025/tx_rend_municipios_2025.zip
4127965,PR,Total,Total,Ensino fundamental,flowRepetition,0.7,%,2025,flow-2025,2_CAT_FUN,available,Conforme universo do indicador INEP,INEP,2026-10-06T18:06:37.031241+00:00,https://www.gov.br/inep/pt-br/acesso-a-informacao/dados-abertos/indicadores-educacionais/taxas-de-rendimento-escolar,https://download.inep.gov.br/informacoes_estatisticas/indicadores_educacionais/2025/tx_rend_municipios_2025.zip
4127965,PR,Total,Total,Anos iniciais,flowRepetition,0.9,%,2025,flow-2025,2_CAT_FUN_AI,available,Conforme universo do indicador INEP,INEP,2026-10-06T18:06:37.031241+00:00,https://www.gov.br/inep/pt-br/acesso-a-informacao/dados-abertos/indicadores-educacionais/taxas-de-rendimento-escolar,https://download.inep.gov.br/informacoes_estatisticas/indicadores_educacionais/2025/tx_rend_municipios_2025.zip
4127965,PR,Total,Total,Anos finais,flowRepetition,0.3,%,2025,flow-2025,2_CAT_FUN_AF,available,Conforme universo do indicador INEP,INEP,2026-10-06T18:06:37.031241+00:00,https://www.gov.br/inep/pt-br/acesso-a-informacao/dados-abertos/indicadores-educacionais/taxas-de-rendimento-escolar,https://download.inep.gov.br/informacoes_estatisticas/indicadores_educacionais/2025/tx_rend_municipios_2025.zip
4127965,PR,Total,Total,Ensino médio,flowRepetition,0.0,%,2025,flow-2025,2_CAT_MED,available,Conforme universo do indicador INEP,INEP,2026-10-06T18:06:37.031241+00:00,https://www.gov.br/inep/pt-br/acesso-a-informacao/dados-abertos/indicadores-educacionais/taxas-de-rendimento-escolar,https://download.inep.gov.br/informacoes_estatisticas/indicadores_educacionais/2025/tx_rend_municipios_2025.zip
4127965,PR,Total,Total,Ensino fundamental,flowDropout,0.0,%,2025,flow-2025,3_CAT_FUN,available,Conforme universo do indicador INEP,INEP,2026-10-06T18:06:37.031241+00:00,https://www.gov.br/inep/pt-br/acesso-a-informacao/dados-abertos/indicadores-educacionais/taxas-de-rendimento-escolar,https://download.inep.gov.br/informacoes_estatisticas/indicadores_educacionais/2025/tx_rend_municipios_2025.zip
4127965,PR,Total,Total,Anos iniciais,flowDropout,0.0,%,2025,flow-2025,3_CAT_FUN_AI,available,Conforme universo do indicador INEP,INEP,2026-10-06T18:06:37.031241+00:00,https://www.gov.br/inep/pt-br/acesso-a-informacao/dados-abertos/indicadores-educacionais/taxas-de-rendimento-escolar,https://download.inep.gov.br/informacoes_estatisticas/indicadores_educacionais/2025/tx_rend_municipios_2025.zip
4127965,PR,Total,Total,Anos finais,flowDropout,0.0,%,2025,flow-2025,3_CAT_FUN_AF,available,Conforme universo do indicador INEP,INEP,2026-10-06T18:06:37.031241+00:00,https://www.gov.br/inep/pt-br/acesso-a-informacao/dados-abertos/indicadores-educacionais/taxas-de-rendimento-escolar,https://download.inep.gov.br/informacoes_estatisticas/indicadores_educacionais/2025/tx_rend_municipios_2025.zip
4127965,PR,Total,Total,Ensino médio,flowDropout,0.0,%,2025,flow-2025,3_CAT_MED,available,Conforme universo do indicador INEP,INEP,2026-10-06T18:06:37.031241+00:00,https://www.gov.br/inep/pt-br/acesso-a-informacao/dados-abertos/indicadores-educacionais/taxas-de-rendimento-escolar,https://download.inep.gov.br/informacoes_estatisticas/indicadores_educacionais/2025/tx_rend_municipios_2025.zip
4127965,PR,Total,Urbana,Ensino fundamental,flowApproval,99.7,%,2025,flow-2025,1_CAT_FUN,available,Conforme universo do indicador INEP,INEP,2026-10-06T18:06:37.031241+00:00,https://www.gov.br/inep/pt-br/acesso-a-informacao/dados-abertos/indicadores-educacionais/taxas-de-rendimento-escolar,https://download.inep.gov.br/informacoes_estatisticas/indicadores_educacionais/2025/tx_rend_municipios_2025.zip
4127965,PR,Total,Urbana,Anos iniciais,flowApproval,99.5,%,2025,flow-2025,1_CAT_FUN_AI,available,Conforme universo do indicador INEP,INEP,2026-10-06T18:06:37.031241+00:00,https://www.gov.br/inep/pt-br/acesso-a-informacao/dados-abertos/indicadores-educacionais/taxas-de-rendimento-escolar,https://download.inep.gov.br/informacoes_estatisticas/indicadores_educacionais/2025/tx_rend_municipios_2025.zip
4127965,PR,Total,Urbana,Anos finais,flowApproval,100.0,%,2025,flow-2025,1_CAT_FUN_AF,available,Conforme universo do indicador INEP,INEP,2026-10-06T18:06:37.031241+00:00,https://www.gov.br/inep/pt-br/acesso-a-informacao/dados-abertos/indicadores-educacionais/taxas-de-rendimento-escolar,https://download.inep.gov.br/informacoes_estatisticas/indicadores_educacionais/2025/tx_rend_municipios_2025.zip
4127965,PR,Total,Urbana,Ensino médio,flowApproval,100.0,%,2025,flow-2025,1_CAT_MED,available,Conforme universo do indicador INEP,INEP,2026-10-06T18:06:37.031241+00:00,https://www.gov.br/inep/pt-br/acesso-a-informacao/dados-abertos/indicadores-educacionais/taxas-de-rendimento-escolar,https://download.inep.gov.br/informacoes_estatisticas/indicadores_educacionais/2025/tx_rend_municipios_2025.zip
4127965,PR,Total,Urbana,Ensino fundamental,flowRepetition,0.3,%,2025,flow-2025,2_CAT_FUN,available,Conforme universo do indicador INEP,INEP,2026-10-06T18:06:37.031241+00:00,https://www.gov.br/inep/pt-br/acesso-a-informacao/dados-abertos/indicadores-educacionais/taxas-de-rendimento-escolar,https://download.inep.gov.br/informacoes_estatisticas/indicadores_educacionais/2025/tx_rend_municipios_2025.zip
4127965,PR,Total,Urbana,Anos iniciais,flowRepetition,0.5,%,2025,flow-2025,2_CAT_FUN_AI,available,Conforme universo do indicador INEP,INEP,2026-10-06T18:06:37.031241+00:00,https://www.gov.br/inep/pt-br/acesso-a-informacao/dados-abertos/indicadores-educacionais/taxas-de-rendimento-escolar,https://download.inep.gov.br/informacoes_estatisticas/indicadores_educacionais/2025/tx_rend_municipios_2025.zip
4127965,PR,Total,Urbana,Anos finais,flowRepetition,0.0,%,2025,flow-2025,2_CAT_FUN_AF,available,Conforme universo do indicador INEP,INEP,2026-10-06T18:06:37.031241+00:00,https://www.gov.br/inep/pt-br/acesso-a-informacao/dados-abertos/indicadores-educacionais/taxas-de-rendimento-escolar,https://download.inep.gov.br/informacoes_estatisticas/indicadores_educacionais/2025/tx_rend_municipios_2025.zip
4127965,PR,Total,Urbana,Ensino médio,flowRepetition,0.0,%,2025,flow-2025,2_CAT_MED,available,Conforme universo do indicador INEP,INEP,2026-10-06T18:06:37.031241+00:00,https://www.gov.br/inep/pt-br/acesso-a-informacao/dados-abertos/indicadores-educacionais/taxas-de-rendimento-escolar,https://download.inep.gov.br/informacoes_estatisticas/indicadores_educacionais/2025/tx_rend_municipios_2025.zip
4127965,PR,Total,Urbana,Ensino fundamental,flowDropout,0.0,%,2025,flow-2025,3_CAT_FUN,available,Conforme universo do indicador INEP,INEP,2026-10-06T18:06:37.031241+00:00,https://www.gov.br/inep/pt-br/acesso-a-informacao/dados-abertos/indicadores-educacionais/taxas-de-rendimento-escolar,https://download.inep.gov.br/informacoes_estatisticas/indicadores_educacionais/2025/tx_rend_municipios_2025.zip
4127965,PR,Total,Urbana,Anos iniciais,flowDropout,0.0,%,2025,flow-2025,3_CAT_FUN_AI,available,Conforme universo do indicador INEP,INEP,2026-10-06T18:06:37.031241+00:00,https://www.gov.br/inep/pt-br/acesso-a-informacao/dados-abertos/indicadores-educacionais/taxas-de-rendimento-escolar,https://download.inep.gov.br/informacoes_estatisticas/indicadores_educacionais/2025/tx_rend_municipios_2025.zip
4127965,PR,Total,Urbana,Anos finais,flowDropout,0.0,%,2025,flow-2025,3_CAT_FUN_AF,available,Conforme universo do indicador INEP,INEP,2026-10-06T18:06:37.031241+00:00,https://www.gov.br/inep/pt-br/acesso-a-informacao/dados-abertos/indicadores-educacionais/taxas-de-rendimento-escolar,https://download.inep.gov.br/informacoes_estatisticas/indicadores_educacionais/2025/tx_rend_municipios_2025.zip
4127965,PR,Total,Urbana,Ensino médio,flowDropout,0.0,%,2025,flow-2025,3_CAT_MED,available,Conforme universo do indicador INEP,INEP,2026-10-06T18:06:37.031241+00:00,https://www.gov.br/inep/pt-br/acesso-a-informacao/dados-abertos/indicadores-educacionais/taxas-de-rendimento-escolar,https://download.inep.gov.br/informacoes_estatisticas/indicadores_educacionais/2025/tx_rend_municipios_2025.zip
4127965,PR,Total,Rural,Ensino fundamental,flowApproval,98.6,%,2025,flow-2025,1_CAT_FUN,available,Conforme universo do indicador INEP,INEP,2026-10-06T18:06:37.031241+00:00,https://www.gov.br/inep/pt-br/acesso-a-informacao/dados-abertos/indicadores-educacionais/taxas-de-rendimento-escolar,https://download.inep.gov.br/informacoes_estatisticas/indicadores_educacionais/2025/tx_rend_municipios_2025.zip
4127965,PR,Total,Rural,Anos iniciais,flowApproval,98.2,%,2025,flow-2025,1_CAT_FUN_AI,available,Conforme universo do indicador INEP,INEP,2026-10-06T18:06:37.031241+00:00,https://www.gov.br/inep/pt-br/acesso-a-informacao/dados-abertos/indicadores-educacionais/taxas-de-rendimento-escolar,https://download.inep.gov.br/informacoes_estatisticas/indicadores_educacionais/2025/tx_rend_municipios_2025.zip
4127965,PR,Total,Rural,Anos finais,flowApproval,99.3,%,2025,flow-2025,1_CAT_FUN_AF,available,Conforme universo do indicador INEP,INEP,2026-10-06T18:06:37.031241+00:00,https://www.gov.br/inep/pt-br/acesso-a-informacao/dados-abertos/indicadores-educacionais/taxas-de-rendimento-escolar,https://download.inep.gov.br/informacoes_estatisticas/indicadores_educacionais/2025/tx_rend_municipios_2025.zip
4127965,PR,Total,Rural,Ensino médio,flowApproval,100.0,%,2025,flow-2025,1_CAT_MED,available,Conforme universo do indicador INEP,INEP,2026-10-06T18:06:37.031241+00:00,https://www.gov.br/inep/pt-br/acesso-a-informacao/dados-abertos/indicadores-educacionais/taxas-de-rendimento-escolar,https://download.inep.gov.br/informacoes_estatisticas/indicadores_educacionais/2025/tx_rend_municipios_2025.zip
4127965,PR,Total,Rural,Ensino fundamental,flowRepetition,1.4,%,2025,flow-2025,2_CAT_FUN,available,Conforme universo do indicador INEP,INEP,2026-10-06T18:06:37.031241+00:00,https://www.gov.br/inep/pt-br/acesso-a-informacao/dados-abertos/indicadores-educacionais/taxas-de-rendimento-escolar,https://download.inep.gov.br/informacoes_estatisticas/indicadores_educacionais/2025/tx_rend_municipios_2025.zip
4127965,PR,Total,Rural,Anos iniciais,flowRepetition,1.8,%,2025,flow-2025,2_CAT_FUN_AI,available,Conforme universo do indicador INEP,INEP,2026-10-06T18:06:37.031241+00:00,https://www.gov.br/inep/pt-br/acesso-a-informacao/dados-abertos/indicadores-educacionais/taxas-de-rendimento-escolar,https://download.inep.gov.br/informacoes_estatisticas/indicadores_educacionais/2025/tx_rend_municipios_2025.zip
4127965,PR,Total,Rural,Anos finais,flowRepetition,0.7,%,2025,flow-2025,2_CAT_FUN_AF,available,Conforme universo do indicador INEP,INEP,2026-10-06T18:06:37.031241+00:00,https://www.gov.br/inep/pt-br/acesso-a-informacao/dados-abertos/indicadores-educacionais/taxas-de-rendimento-escolar,https://download.inep.gov.br/informacoes_estatisticas/indicadores_educacionais/2025/tx_rend_municipios_2025.zip
4127965,PR,Total,Rural,Ensino médio,flowRepetition,0.0,%,2025,flow-2025,2_CAT_MED,available,Conforme universo do indicador INEP,INEP,2026-10-06T18:06:37.031241+00:00,https://www.gov.br/inep/pt-br/acesso-a-informacao/dados-abertos/indicadores-educacionais/taxas-de-rendimento-escolar,https://download.inep.gov.br/informacoes_estatisticas/indicadores_educacionais/2025/tx_rend_municipios_2025.zip
4127965,PR,Total,Rural,Ensino fundamental,flowDropout,0.0,%,2025,flow-2025,3_CAT_FUN,available,Conforme universo do indicador INEP,INEP,2026-10-06T18:06:37.031241+00:00,https://www.gov.br/inep/pt-br/acesso-a-informacao/dados-abertos/indicadores-educacionais/taxas-de-rendimento-escolar,https://download.inep.gov.br/informacoes_estatisticas/indicadores_educacionais/2025/tx_rend_municipios_2025.zip
4127965,PR,Total,Rural,Anos iniciais,flowDropout,0.0,%,2025,flow-2025,3_CAT_FUN_AI,available,Conforme universo do indicador INEP,INEP,2026-10-06T18:06:37.031241+00:00,https://www.gov.br/inep/pt-br/acesso-a-informacao/dados-abertos/indicadores-educacionais/taxas-de-rendimento-escolar,https://download.inep.gov.br/informacoes_estatisticas/indicadores_educacionais/2025/tx_rend_municipios_2025.zip
4127965,PR,Total,Rural,Anos finais,flowDropout,0.0,%,2025,flow-2025,3_CAT_FUN_AF,available,Conforme universo do indicador INEP,INEP,2026-10-06T18:06:37.031241+00:00,https://www.gov.br/inep/pt-br/acesso-a-informacao/dados-abertos/indicadores-educacionais/taxas-de-rendimento-escolar,https://download.inep.gov.br/informacoes_estatisticas/indicadores_educacionais/2025/tx_rend_municipios_2025.zip
4127965,PR,Total,Rural,Ensino médio,flowDropout,0.0,%,2025,flow-2025,3_CAT_MED,available,Conforme universo do indicador INEP,INEP,2026-10-06T18:06:37.031241+00:00,https://www.gov.br/inep/pt-br/acesso-a-informacao/dados-abertos/indicadores-educacionais/taxas-de-rendimento-escolar,https://download.inep.gov.br/informacoes_estatisticas/indicadores_educacionais/2025/tx_rend_municipios_2025.zip
4127965,PR,Estadual,Total,Ensino fundamental,flowApproval,99.8,%,2025,flow-2025,1_CAT_FUN,available,Conforme universo do indicador INEP,INEP,2026-10-06T18:06:37.031241+00:00,https://www.gov.br/inep/pt-br/acesso-a-informacao/dados-abertos/indicadores-educacionais/taxas-de-rendimento-escolar,https://download.inep.gov.br/informacoes_estatisticas/indicadores_educacionais/2025/tx_rend_municipios_2025.zip
4127965,PR,Estadual,Total,Anos iniciais,flowApproval,100.0,%,2025,flow-2025,1_CAT_FUN_AI,available,Conforme universo do indicador INEP,INEP,2026-10-06T18:06:37.031241+00:00,https://www.gov.br/inep/pt-br/acesso-a-informacao/dados-abertos/indicadores-educacionais/taxas-de-rendimento-escolar,https://download.inep.gov.br/informacoes_estatisticas/indicadores_educacionais/2025/tx_rend_municipios_2025.zip
4127965,PR,Estadual,Total,Anos finais,flowApproval,99.7,%,2025,flow-2025,1_CAT_FUN_AF,available,Conforme universo do indicador INEP,INEP,2026-10-06T18:06:37.031241+00:00,https://www.gov.br/inep/pt-br/acesso-a-informacao/dados-abertos/indicadores-educacionais/taxas-de-rendimento-escolar,https://download.inep.gov.br/informacoes_estatisticas/indicadores_educacionais/2025/tx_rend_municipios_2025.zip
4127965,PR,Estadual,Total,Ensino médio,flowApproval,100.0,%,2025,flow-2025,1_CAT_MED,available,Conforme universo do indicador INEP,INEP,2026-10-06T18:06:37.031241+00:00,https://www.gov.br/inep/pt-br/acesso-a-informacao/dados-abertos/indicadores-educacionais/taxas-de-rendimento-escolar,https://download.inep.gov.br/informacoes_estatisticas/indicadores_educacionais/2025/tx_rend_municipios_2025.zip
4127965,PR,Estadual,Total,Ensino fundamental,flowRepetition,0.2,%,2025,flow-2025,2_CAT_FUN,available,Conforme universo do indicador INEP,INEP,2026-10-06T18:06:37.031241+00:00,https://www.gov.br/inep/pt-br/acesso-a-informacao/dados-abertos/indicadores-educacionais/taxas-de-rendimento-escolar,https://download.inep.gov.br/informacoes_estatisticas/indicadores_educacionais/2025/tx_rend_municipios_2025.zip
4127965,PR,Estadual,Total,Anos iniciais,flowRepetition,0.0,%,2025,flow-2025,2_CAT_FUN_AI,available,Conforme universo do indicador INEP,INEP,2026-10-06T18:06:37.031241+00:00,https://www.gov.br/inep/pt-br/acesso-a-informacao/dados-abertos/indicadores-educacionais/taxas-de-rendimento-escolar,https://download.inep.gov.br/informacoes_estatisticas/indicadores_educacionais/2025/tx_rend_municipios_2025.zip
4127965,PR,Estadual,Total,Anos finais,flowRepetition,0.3,%,2025,flow-2025,2_CAT_FUN_AF,available,Conforme universo do indicador INEP,INEP,2026-10-06T18:06:37.031241+00:00,https://www.gov.br/inep/pt-br/acesso-a-informacao/dados-abertos/indicadores-educacionais/taxas-de-rendimento-escolar,https://download.inep.gov.br/informacoes_estatisticas/indicadores_educacionais/2025/tx_rend_municipios_2025.zip
4127965,PR,Estadual,Total,Ensino médio,flowRepetition,0.0,%,2025,flow-2025,2_CAT_MED,available,Conforme universo do indicador INEP,INEP,2026-10-06T18:06:37.031241+00:00,https://www.gov.br/inep/pt-br/acesso-a-informacao/dados-abertos/indicadores-educacionais/taxas-de-rendimento-escolar,https://download.inep.gov.br/informacoes_estatisticas/indicadores_educacionais/2025/tx_rend_municipios_2025.zip
4127965,PR,Estadual,Total,Ensino fundamental,flowDropout,0.0,%,2025,flow-2025,3_CAT_FUN,available,Conforme universo do indicador INEP,INEP,2026-10-06T18:06:37.031241+00:00,https://www.gov.br/inep/pt-br/acesso-a-informacao/dados-abertos/indicadores-educacionais/taxas-de-rendimento-escolar,https://download.inep.gov.br/informacoes_estatisticas/indicadores_educacionais/2025/tx_rend_municipios_2025.zip
4127965,PR,Estadual,Total,Anos iniciais,flowDropout,0.0,%,2025,flow-2025,3_CAT_FUN_AI,available,Conforme universo do indicador INEP,INEP,2026-10-06T18:06:37.031241+00:00,https://www.gov.br/inep/pt-br/acesso-a-informacao/dados-abertos/indicadores-educacionais/taxas-de-rendimento-escolar,https://download.inep.gov.br/informacoes_estatisticas/indicadores_educacionais/2025/tx_rend_municipios_2025.zip
4127965,PR,Estadual,Total,Anos finais,flowDropout,0.0,%,2025,flow-2025,3_CAT_FUN_AF,available,Conforme universo do indicador INEP,INEP,2026-10-06T18:06:37.031241+00:00,https://www.gov.br/inep/pt-br/acesso-a-informacao/dados-abertos/indicadores-educacionais/taxas-de-rendimento-escolar,https://download.inep.gov.br/informacoes_estatisticas/indicadores_educacionais/2025/tx_rend_municipios_2025.zip
4127965,PR,Estadual,Total,Ensino médio,flowDropout,0.0,%,2025,flow-2025,3_CAT_MED,available,Conforme universo do indicador INEP,INEP,2026-10-06T18:06:37.031241+00:00,https://www.gov.br/inep/pt-br/acesso-a-informacao/dados-abertos/indicadores-educacionais/taxas-de-rendimento-escolar,https://download.inep.gov.br/informacoes_estatisticas/indicadores_educacionais/2025/tx_rend_municipios_2025.zip
4127965,PR,Estadual,Urbana,Ensino fundamental,flowApproval,100.0,%,2025,flow-2025,1_CAT_FUN,available,Conforme universo do indicador INEP,INEP,2026-10-06T18:06:37.031241+00:00,https://www.gov.br/inep/pt-br/acesso-a-informacao/dados-abertos/indicadores-educacionais/taxas-de-rendimento-escolar,https://download.inep.gov.br/informacoes_estatisticas/indicadores_educacionais/2025/tx_rend_municipios_2025.zip
4127965,PR,Estadual,Urbana,Anos iniciais,flowApproval,,%,2025,flow-2025,1_CAT_FUN_AI,notDisclosed,Conforme universo do indicador INEP,INEP,2026-10-06T18:06:37.031241+00:00,https://www.gov.br/inep/pt-br/acesso-a-informacao/dados-abertos/indicadores-educacionais/taxas-de-rendimento-escolar,https://download.inep.gov.br/informacoes_estatisticas/indicadores_educacionais/2025/tx_rend_municipios_2025.zip
4127965,PR,Estadual,Urbana,Anos finais,flowApproval,100.0,%,2025,flow-2025,1_CAT_FUN_AF,available,Conforme universo do indicador INEP,INEP,2026-10-06T18:06:37.031241+00:00,https://www.gov.br/inep/pt-br/acesso-a-informacao/dados-abertos/indicadores-educacionais/taxas-de-rendimento-escolar,https://download.inep.gov.br/informacoes_estatisticas/indicadores_educacionais/2025/tx_rend_municipios_2025.zip
4127965,PR,Estadual,Urbana,Ensino médio,flowApproval,100.0,%,2025,flow-2025,1_CAT_MED,available,Conforme universo do indicador INEP,INEP,2026-10-06T18:06:37.031241+00:00,https://www.gov.br/inep/pt-br/acesso-a-informacao/dados-abertos/indicadores-educacionais/taxas-de-rendimento-escolar,https://download.inep.gov.br/informacoes_estatisticas/indicadores_educacionais/2025/tx_rend_municipios_2025.zip
4127965,PR,Estadual,Urbana,Ensino fundamental,flowRepetition,0.0,%,2025,flow-2025,2_CAT_FUN,available,Conforme universo do indicador INEP,INEP,2026-10-06T18:06:37.031241+00:00,https://www.gov.br/inep/pt-br/acesso-a-informacao/dados-abertos/indicadores-educacionais/taxas-de-rendimento-escolar,https://download.inep.gov.br/informacoes_estatisticas/indicadores_educacionais/2025/tx_rend_municipios_2025.zip
4127965,PR,Estadual,Urbana,Anos iniciais,flowRepetition,,%,2025,flow-2025,2_CAT_FUN_AI,notDisclosed,Conforme universo do indicador INEP,INEP,2026-10-06T18:06:37.031241+00:00,https://www.gov.br/inep/pt-br/acesso-a-informacao/dados-abertos/indicadores-educacionais/taxas-de-rendimento-escolar,https://download.inep.gov.br/informacoes_estatisticas/indicadores_educacionais/2025/tx_rend_municipios_2025.zip
4127965,PR,Estadual,Urbana,Anos finais,flowRepetition,0.0,%,2025,flow-2025,2_CAT_FUN_AF,available,Conforme universo do indicador INEP,INEP,2026-10-06T18:06:37.031241+00:00,https://www.gov.br/inep/pt-br/acesso-a-informacao/dados-abertos/indicadores-educacionais/taxas-de-rendimento-escolar,https://download.inep.gov.br/informacoes_estatisticas/indicadores_educacionais/2025/tx_rend_municipios_2025.zip
4127965,PR,Estadual,Urbana,Ensino médio,flowRepetition,0.0,%,2025,flow-2025,2_CAT_MED,available,Conforme universo do indicador INEP,INEP,2026-10-06T18:06:37.031241+00:00,https://www.gov.br/inep/pt-br/acesso-a-informacao/dados-abertos/indicadores-educacionais/taxas-de-rendimento-escolar,https://download.inep.gov.br/informacoes_estatisticas/indicadores_educacionais/2025/tx_rend_municipios_2025.zip
4127965,PR,Estadual,Urbana,Ensino fundamental,flowDropout,0.0,%,2025,flow-2025,3_CAT_FUN,available,Conforme universo do indicador INEP,INEP,2026-10-06T18:06:37.031241+00:00,https://www.gov.br/inep/pt-br/acesso-a-informacao/dados-abertos/indicadores-educacionais/taxas-de-rendimento-escolar,https://download.inep.gov.br/informacoes_estatisticas/indicadores_educacionais/2025/tx_rend_municipios_2025.zip
4127965,PR,Estadual,Urbana,Anos iniciais,flowDropout,,%,2025,flow-2025,3_CAT_FUN_AI,notDisclosed,Conforme universo do indicador INEP,INEP,2026-10-06T18:06:37.031241+00:00,https://www.gov.br/inep/pt-br/acesso-a-informacao/dados-abertos/indicadores-educacionais/taxas-de-rendimento-escolar,https://download.inep.gov.br/informacoes_estatisticas/indicadores_educacionais/2025/tx_rend_municipios_2025.zip
4127965,PR,Estadual,Urbana,Anos finais,flowDropout,0.0,%,2025,flow-2025,3_CAT_FUN_AF,available,Conforme universo do indicador INEP,INEP,2026-10-06T18:06:37.031241+00:00,https://www.gov.br/inep/pt-br/acesso-a-informacao/dados-abertos/indicadores-educacionais/taxas-de-rendimento-escolar,https://download.inep.gov.br/informacoes_estatisticas/indicadores_educacionais/2025/tx_rend_municipios_2025.zip
4127965,PR,Estadual,Urbana,Ensino médio,flowDropout,0.0,%,2025,flow-2025,3_CAT_MED,available,Conforme universo do indicador INEP,INEP,2026-10-06T18:06:37.031241+00:00,https://www.gov.br/inep/pt-br/acesso-a-informacao/dados-abertos/indicadores-educacionais/taxas-de-rendimento-escolar,https://download.inep.gov.br/informacoes_estatisticas/indicadores_educacionais/2025/tx_rend_municipios_2025.zip
4127965,PR,Estadual,Rural,Ensino fundamental,flowApproval,99.4,%,2025,flow-2025,1_CAT_FUN,available,Conforme universo do indicador INEP,INEP,2026-10-06T18:06:37.031241+00:00,https://www.gov.br/inep/pt-br/acesso-a-informacao/dados-abertos/indicadores-educacionais/taxas-de-rendimento-escolar,https://download.inep.gov.br/informacoes_estatisticas/indicadores_educacionais/2025/tx_rend_municipios_2025.zip
4127965,PR,Estadual,Rural,Anos iniciais,flowApproval,100.0,%,2025,flow-2025,1_CAT_FUN_AI,available,Conforme universo do indicador INEP,INEP,2026-10-06T18:06:37.031241+00:00,https://www.gov.br/inep/pt-br/acesso-a-informacao/dados-abertos/indicadores-educacionais/taxas-de-rendimento-escolar,https://download.inep.gov.br/informacoes_estatisticas/indicadores_educacionais/2025/tx_rend_municipios_2025.zip
4127965,PR,Estadual,Rural,Anos finais,flowApproval,99.3,%,2025,flow-2025,1_CAT_FUN_AF,available,Conforme universo do indicador INEP,INEP,2026-10-06T18:06:37.031241+00:00,https://www.gov.br/inep/pt-br/acesso-a-informacao/dados-abertos/indicadores-educacionais/taxas-de-rendimento-escolar,https://download.inep.gov.br/informacoes_estatisticas/indicadores_educacionais/2025/tx_rend_municipios_2025.zip
4127965,PR,Estadual,Rural,Ensino médio,flowApproval,100.0,%,2025,flow-2025,1_CAT_MED,available,Conforme universo do indicador INEP,INEP,2026-10-06T18:06:37.031241+00:00,https://www.gov.br/inep/pt-br/acesso-a-informacao/dados-abertos/indicadores-educacionais/taxas-de-rendimento-escolar,https://download.inep.gov.br/informacoes_estatisticas/indicadores_educacionais/2025/tx_rend_municipios_2025.zip
4127965,PR,Estadual,Rural,Ensino fundamental,flowRepetition,0.6,%,2025,flow-2025,2_CAT_FUN,available,Conforme universo do indicador INEP,INEP,2026-10-06T18:06:37.031241+00:00,https://www.gov.br/inep/pt-br/acesso-a-informacao/dados-abertos/indicadores-educacionais/taxas-de-rendimento-escolar,https://download.inep.gov.br/informacoes_estatisticas/indicadores_educacionais/2025/tx_rend_municipios_2025.zip
4127965,PR,Estadual,Rural,Anos iniciais,flowRepetition,0.0,%,2025,flow-2025,2_CAT_FUN_AI,available,Conforme universo do indicador INEP,INEP,2026-10-06T18:06:37.031241+00:00,https://www.gov.br/inep/pt-br/acesso-a-informacao/dados-abertos/indicadores-educacionais/taxas-de-rendimento-escolar,https://download.inep.gov.br/informacoes_estatisticas/indicadores_educacionais/2025/tx_rend_municipios_2025.zip
4127965,PR,Estadual,Rural,Anos finais,flowRepetition,0.7,%,2025,flow-2025,2_CAT_FUN_AF,available,Conforme universo do indicador INEP,INEP,2026-10-06T18:06:37.031241+00:00,https://www.gov.br/inep/pt-br/acesso-a-informacao/dados-abertos/indicadores-educacionais/taxas-de-rendimento-escolar,https://download.inep.gov.br/informacoes_estatisticas/indicadores_educacionais/2025/tx_rend_municipios_2025.zip
4127965,PR,Estadual,Rural,Ensino médio,flowRepetition,0.0,%,2025,flow-2025,2_CAT_MED,available,Conforme universo do indicador INEP,INEP,2026-10-06T18:06:37.031241+00:00,https://www.gov.br/inep/pt-br/acesso-a-informacao/dados-abertos/indicadores-educacionais/taxas-de-rendimento-escolar,https://download.inep.gov.br/informacoes_estatisticas/indicadores_educacionais/2025/tx_rend_municipios_2025.zip
4127965,PR,Estadual,Rural,Ensino fundamental,flowDropout,0.0,%,2025,flow-2025,3_CAT_FUN,available,Conforme universo do indicador INEP,INEP,2026-10-06T18:06:37.031241+00:00,https://www.gov.br/inep/pt-br/acesso-a-informacao/dados-abertos/indicadores-educacionais/taxas-de-rendimento-escolar,https://download.inep.gov.br/informacoes_estatisticas/indicadores_educacionais/2025/tx_rend_municipios_2025.zip
4127965,PR,Estadual,Rural,Anos iniciais,flowDropout,0.0,%,2025,flow-2025,3_CAT_FUN_AI,available,Conforme universo do indicador INEP,INEP,2026-10-06T18:06:37.031241+00:00,https://www.gov.br/inep/pt-br/acesso-a-informacao/dados-abertos/indicadores-educacionais/taxas-de-rendimento-escolar,https://download.inep.gov.br/informacoes_estatisticas/indicadores_educacionais/2025/tx_rend_municipios_2025.zip
4127965,PR,Estadual,Rural,Anos finais,flowDropout,0.0,%,2025,flow-2025,3_CAT_FUN_AF,available,Conforme universo do indicador INEP,INEP,2026-10-06T18:06:37.031241+00:00,https://www.gov.br/inep/pt-br/acesso-a-informacao/dados-abertos/indicadores-educacionais/taxas-de-rendimento-escolar,https://download.inep.gov.br/informacoes_estatisticas/indicadores_educacionais/2025/tx_rend_municipios_2025.zip
4127965,PR,Estadual,Rural,Ensino médio,flowDropout,0.0,%,2025,flow-2025,3_CAT_MED,available,Conforme universo do indicador INEP,INEP,2026-10-06T18:06:37.031241+00:00,https://www.gov.br/inep/pt-br/acesso-a-informacao/dados-abertos/indicadores-educacionais/taxas-de-rendimento-escolar,https://download.inep.gov.br/informacoes_estatisticas/indicadores_educacionais/2025/tx_rend_municipios_2025.zip
4127965,PR,Municipal,Total,Ensino fundamental,flowApproval,99.0,%,2025,flow-2025,1_CAT_FUN,available,Conforme universo do indicador INEP,INEP,2026-10-06T18:06:37.031241+00:00,https://www.gov.br/inep/pt-br/acesso-a-informacao/dados-abertos/indicadores-educacionais/taxas-de-rendimento-escolar,https://download.inep.gov.br/informacoes_estatisticas/indicadores_educacionais/2025/tx_rend_municipios_2025.zip
4127965,PR,Municipal,Total,Anos iniciais,flowApproval,99.0,%,2025,flow-2025,1_CAT_FUN_AI,available,Conforme universo do indicador INEP,INEP,2026-10-06T18:06:37.031241+00:00,https://www.gov.br/inep/pt-br/acesso-a-informacao/dados-abertos/indicadores-educacionais/taxas-de-rendimento-escolar,https://download.inep.gov.br/informacoes_estatisticas/indicadores_educacionais/2025/tx_rend_municipios_2025.zip
4127965,PR,Municipal,Total,Anos finais,flowApproval,,%,2025,flow-2025,1_CAT_FUN_AF,notDisclosed,Conforme universo do indicador INEP,INEP,2026-10-06T18:06:37.031241+00:00,https://www.gov.br/inep/pt-br/acesso-a-informacao/dados-abertos/indicadores-educacionais/taxas-de-rendimento-escolar,https://download.inep.gov.br/informacoes_estatisticas/indicadores_educacionais/2025/tx_rend_municipios_2025.zip
4127965,PR,Municipal,Total,Ensino médio,flowApproval,,%,2025,flow-2025,1_CAT_MED,notDisclosed,Conforme universo do indicador INEP,INEP,2026-10-06T18:06:37.031241+00:00,https://www.gov.br/inep/pt-br/acesso-a-informacao/dados-abertos/indicadores-educacionais/taxas-de-rendimento-escolar,https://download.inep.gov.br/informacoes_estatisticas/indicadores_educacionais/2025/tx_rend_municipios_2025.zip
4127965,PR,Municipal,Total,Ensino fundamental,flowRepetition,1.0,%,2025,flow-2025,2_CAT_FUN,available,Conforme universo do indicador INEP,INEP,2026-10-06T18:06:37.031241+00:00,https://www.gov.br/inep/pt-br/acesso-a-informacao/dados-abertos/indicadores-educacionais/taxas-de-rendimento-escolar,https://download.inep.gov.br/informacoes_estatisticas/indicadores_educacionais/2025/tx_rend_municipios_2025.zip
4127965,PR,Municipal,Total,Anos iniciais,flowRepetition,1.0,%,2025,flow-2025,2_CAT_FUN_AI,available,Conforme universo do indicador INEP,INEP,2026-10-06T18:06:37.031241+00:00,https://www.gov.br/inep/pt-br/acesso-a-informacao/dados-abertos/indicadores-educacionais/taxas-de-rendimento-escolar,https://download.inep.gov.br/informacoes_estatisticas/indicadores_educacionais/2025/tx_rend_municipios_2025.zip
4127965,PR,Municipal,Total,Anos finais,flowRepetition,,%,2025,flow-2025,2_CAT_FUN_AF,notDisclosed,Conforme universo do indicador INEP,INEP,2026-10-06T18:06:37.031241+00:00,https://www.gov.br/inep/pt-br/acesso-a-informacao/dados-abertos/indicadores-educacionais/taxas-de-rendimento-escolar,https://download.inep.gov.br/informacoes_estatisticas/indicadores_educacionais/2025/tx_rend_municipios_2025.zip
4127965,PR,Municipal,Total,Ensino médio,flowRepetition,,%,2025,flow-2025,2_CAT_MED,notDisclosed,Conforme universo do indicador INEP,INEP,2026-10-06T18:06:37.031241+00:00,https://www.gov.br/inep/pt-br/acesso-a-informacao/dados-abertos/indicadores-educacionais/taxas-de-rendimento-escolar,https://download.inep.gov.br/informacoes_estatisticas/indicadores_educacionais/2025/tx_rend_municipios_2025.zip
4127965,PR,Municipal,Total,Ensino fundamental,flowDropout,0.0,%,2025,flow-2025,3_CAT_FUN,available,Conforme universo do indicador INEP,INEP,2026-10-06T18:06:37.031241+00:00,https://www.gov.br/inep/pt-br/acesso-a-informacao/dados-abertos/indicadores-educacionais/taxas-de-rendimento-escolar,https://download.inep.gov.br/informacoes_estatisticas/indicadores_educacionais/2025/tx_rend_municipios_2025.zip
4127965,PR,Municipal,Total,Anos iniciais,flowDropout,0.0,%,2025,flow-2025,3_CAT_FUN_AI,available,Conforme universo do indicador INEP,INEP,2026-10-06T18:06:37.031241+00:00,https://www.gov.br/inep/pt-br/acesso-a-informacao/dados-abertos/indicadores-educacionais/taxas-de-rendimento-escolar,https://download.inep.gov.br/informacoes_estatisticas/indicadores_educacionais/2025/tx_rend_municipios_2025.zip
4127965,PR,Municipal,Total,Anos finais,flowDropout,,%,2025,flow-2025,3_CAT_FUN_AF,notDisclosed,Conforme universo do indicador INEP,INEP,2026-10-06T18:06:37.031241+00:00,https://www.gov.br/inep/pt-br/acesso-a-informacao/dados-abertos/indicadores-educacionais/taxas-de-rendimento-escolar,https://download.inep.gov.br/informacoes_estatisticas/indicadores_educacionais/2025/tx_rend_municipios_2025.zip
4127965,PR,Municipal,Total,Ensino médio,flowDropout,,%,2025,flow-2025,3_CAT_MED,notDisclosed,Conforme universo do indicador INEP,INEP,2026-10-06T18:06:37.031241+00:00,https://www.gov.br/inep/pt-br/acesso-a-informacao/dados-abertos/indicadores-educacionais/taxas-de-rendimento-escolar,https://download.inep.gov.br/informacoes_estatisticas/indicadores_educacionais/2025/tx_rend_municipios_2025.zip
4127965,PR,Municipal,Urbana,Ensino fundamental,flowApproval,99.5,%,2025,flow-2025,1_CAT_FUN,available,Conforme universo do indicador INEP,INEP,2026-10-06T18:06:37.031241+00:00,https://www.gov.br/inep/pt-br/acesso-a-informacao/dados-abertos/indicadores-educacionais/taxas-de-rendimento-escolar,https://download.inep.gov.br/informacoes_estatisticas/indicadores_educacionais/2025/tx_rend_municipios_2025.zip
4127965,PR,Municipal,Urbana,Anos iniciais,flowApproval,99.5,%,2025,flow-2025,1_CAT_FUN_AI,available,Conforme universo do indicador INEP,INEP,2026-10-06T18:06:37.031241+00:00,https://www.gov.br/inep/pt-br/acesso-a-informacao/dados-abertos/indicadores-educacionais/taxas-de-rendimento-escolar,https://download.inep.gov.br/informacoes_estatisticas/indicadores_educacionais/2025/tx_rend_municipios_2025.zip
4127965,PR,Municipal,Urbana,Anos finais,flowApproval,,%,2025,flow-2025,1_CAT_FUN_AF,notDisclosed,Conforme universo do indicador INEP,INEP,2026-10-06T18:06:37.031241+00:00,https://www.gov.br/inep/pt-br/acesso-a-informacao/dados-abertos/indicadores-educacionais/taxas-de-rendimento-escolar,https://download.inep.gov.br/informacoes_estatisticas/indicadores_educacionais/2025/tx_rend_municipios_2025.zip
4127965,PR,Municipal,Urbana,Ensino médio,flowApproval,,%,2025,flow-2025,1_CAT_MED,notDisclosed,Conforme universo do indicador INEP,INEP,2026-10-06T18:06:37.031241+00:00,https://www.gov.br/inep/pt-br/acesso-a-informacao/dados-abertos/indicadores-educacionais/taxas-de-rendimento-escolar,https://download.inep.gov.br/informacoes_estatisticas/indicadores_educacionais/2025/tx_rend_municipios_2025.zip
4127965,PR,Municipal,Urbana,Ensino fundamental,flowRepetition,0.5,%,2025,flow-2025,2_CAT_FUN,available,Conforme universo do indicador INEP,INEP,2026-10-06T18:06:37.031241+00:00,https://www.gov.br/inep/pt-br/acesso-a-informacao/dados-abertos/indicadores-educacionais/taxas-de-rendimento-escolar,https://download.inep.gov.br/informacoes_estatisticas/indicadores_educacionais/2025/tx_rend_municipios_2025.zip
4127965,PR,Municipal,Urbana,Anos iniciais,flowRepetition,0.5,%,2025,flow-2025,2_CAT_FUN_AI,available,Conforme universo do indicador INEP,INEP,2026-10-06T18:06:37.031241+00:00,https://www.gov.br/inep/pt-br/acesso-a-informacao/dados-abertos/indicadores-educacionais/taxas-de-rendimento-escolar,https://download.inep.gov.br/informacoes_estatisticas/indicadores_educacionais/2025/tx_rend_municipios_2025.zip
4127965,PR,Municipal,Urbana,Anos finais,flowRepetition,,%,2025,flow-2025,2_CAT_FUN_AF,notDisclosed,Conforme universo do indicador INEP,INEP,2026-10-06T18:06:37.031241+00:00,https://www.gov.br/inep/pt-br/acesso-a-informacao/dados-abertos/indicadores-educacionais/taxas-de-rendimento-escolar,https://download.inep.gov.br/informacoes_estatisticas/indicadores_educacionais/2025/tx_rend_municipios_2025.zip
4127965,PR,Municipal,Urbana,Ensino médio,flowRepetition,,%,2025,flow-2025,2_CAT_MED,notDisclosed,Conforme universo do indicador INEP,INEP,2026-10-06T18:06:37.031241+00:00,https://www.gov.br/inep/pt-br/acesso-a-informacao/dados-abertos/indicadores-educacionais/taxas-de-rendimento-escolar,https://download.inep.gov.br/informacoes_estatisticas/indicadores_educacionais/2025/tx_rend_municipios_2025.zip
4127965,PR,Municipal,Urbana,Ensino fundamental,flowDropout,0.0,%,2025,flow-2025,3_CAT_FUN,available,Conforme universo do indicador INEP,INEP,2026-10-06T18:06:37.031241+00:00,https://www.gov.br/inep/pt-br/acesso-a-informacao/dados-abertos/indicadores-educacionais/taxas-de-rendimento-escolar,https://download.inep.gov.br/informacoes_estatisticas/indicadores_educacionais/2025/tx_rend_municipios_2025.zip
4127965,PR,Municipal,Urbana,Anos iniciais,flowDropout,0.0,%,2025,flow-2025,3_CAT_FUN_AI,available,Conforme universo do indicador INEP,INEP,2026-10-06T18:06:37.031241+00:00,https://www.gov.br/inep/pt-br/acesso-a-informacao/dados-abertos/indicadores-educacionais/taxas-de-rendimento-escolar,https://download.inep.gov.br/informacoes_estatisticas/indicadores_educacionais/2025/tx_rend_municipios_2025.zip
4127965,PR,Municipal,Urbana,Anos finais,flowDropout,,%,2025,flow-2025,3_CAT_FUN_AF,notDisclosed,Conforme universo do indicador INEP,INEP,2026-10-06T18:06:37.031241+00:00,https://www.gov.br/inep/pt-br/acesso-a-informacao/dados-abertos/indicadores-educacionais/taxas-de-rendimento-escolar,https://download.inep.gov.br/informacoes_estatisticas/indicadores_educacionais/2025/tx_rend_municipios_2025.zip
4127965,PR,Municipal,Urbana,Ensino médio,flowDropout,,%,2025,flow-2025,3_CAT_MED,notDisclosed,Conforme universo do indicador INEP,INEP,2026-10-06T18:06:37.031241+00:00,https://www.gov.br/inep/pt-br/acesso-a-informacao/dados-abertos/indicadores-educacionais/taxas-de-rendimento-escolar,https://download.inep.gov.br/informacoes_estatisticas/indicadores_educacionais/2025/tx_rend_municipios_2025.zip
4127965,PR,Municipal,Rural,Ensino fundamental,flowApproval,97.9,%,2025,flow-2025,1_CAT_FUN,available,Conforme universo do indicador INEP,INEP,2026-10-06T18:06:37.031241+00:00,https://www.gov.br/inep/pt-br/acesso-a-informacao/dados-abertos/indicadores-educacionais/taxas-de-rendimento-escolar,https://download.inep.gov.br/informacoes_estatisticas/indicadores_educacionais/2025/tx_rend_municipios_2025.zip
4127965,PR,Municipal,Rural,Anos iniciais,flowApproval,97.9,%,2025,flow-2025,1_CAT_FUN_AI,available,Conforme universo do indicador INEP,INEP,2026-10-06T18:06:37.031241+00:00,https://www.gov.br/inep/pt-br/acesso-a-informacao/dados-abertos/indicadores-educacionais/taxas-de-rendimento-escolar,https://download.inep.gov.br/informacoes_estatisticas/indicadores_educacionais/2025/tx_rend_municipios_2025.zip
4127965,PR,Municipal,Rural,Anos finais,flowApproval,,%,2025,flow-2025,1_CAT_FUN_AF,notDisclosed,Conforme universo do indicador INEP,INEP,2026-10-06T18:06:37.031241+00:00,https://www.gov.br/inep/pt-br/acesso-a-informacao/dados-abertos/indicadores-educacionais/taxas-de-rendimento-escolar,https://download.inep.gov.br/informacoes_estatisticas/indicadores_educacionais/2025/tx_rend_municipios_2025.zip
4127965,PR,Municipal,Rural,Ensino médio,flowApproval,,%,2025,flow-2025,1_CAT_MED,notDisclosed,Conforme universo do indicador INEP,INEP,2026-10-06T18:06:37.031241+00:00,https://www.gov.br/inep/pt-br/acesso-a-informacao/dados-abertos/indicadores-educacionais/taxas-de-rendimento-escolar,https://download.inep.gov.br/informacoes_estatisticas/indicadores_educacionais/2025/tx_rend_municipios_2025.zip
4127965,PR,Municipal,Rural,Ensino fundamental,flowRepetition,2.1,%,2025,flow-2025,2_CAT_FUN,available,Conforme universo do indicador INEP,INEP,2026-10-06T18:06:37.031241+00:00,https://www.gov.br/inep/pt-br/acesso-a-informacao/dados-abertos/indicadores-educacionais/taxas-de-rendimento-escolar,https://download.inep.gov.br/informacoes_estatisticas/indicadores_educacionais/2025/tx_rend_municipios_2025.zip
4127965,PR,Municipal,Rural,Anos iniciais,flowRepetition,2.1,%,2025,flow-2025,2_CAT_FUN_AI,available,Conforme universo do indicador INEP,INEP,2026-10-06T18:06:37.031241+00:00,https://www.gov.br/inep/pt-br/acesso-a-informacao/dados-abertos/indicadores-educacionais/taxas-de-rendimento-escolar,https://download.inep.gov.br/informacoes_estatisticas/indicadores_educacionais/2025/tx_rend_municipios_2025.zip
4127965,PR,Municipal,Rural,Anos finais,flowRepetition,,%,2025,flow-2025,2_CAT_FUN_AF,notDisclosed,Conforme universo do indicador INEP,INEP,2026-10-06T18:06:37.031241+00:00,https://www.gov.br/inep/pt-br/acesso-a-informacao/dados-abertos/indicadores-educacionais/taxas-de-rendimento-escolar,https://download.inep.gov.br/informacoes_estatisticas/indicadores_educacionais/2025/tx_rend_municipios_2025.zip
4127965,PR,Municipal,Rural,Ensino médio,flowRepetition,,%,2025,flow-2025,2_CAT_MED,notDisclosed,Conforme universo do indicador INEP,INEP,2026-10-06T18:06:37.031241+00:00,https://www.gov.br/inep/pt-br/acesso-a-informacao/dados-abertos/indicadores-educacionais/taxas-de-rendimento-escolar,https://download.inep.gov.br/informacoes_estatisticas/indicadores_educacionais/2025/tx_rend_municipios_2025.zip
4127965,PR,Municipal,Rural,Ensino fundamental,flowDropout,0.0,%,2025,flow-2025,3_CAT_FUN,available,Conforme universo do indicador INEP,INEP,2026-10-06T18:06:37.031241+00:00,https://www.gov.br/inep/pt-br/acesso-a-informacao/dados-abertos/indicadores-educacionais/taxas-de-rendimento-escolar,https://download.inep.gov.br/informacoes_estatisticas/indicadores_educacionais/2025/tx_rend_municipios_2025.zip
4127965,PR,Municipal,Rural,Anos iniciais,flowDropout,0.0,%,2025,flow-2025,3_CAT_FUN_AI,available,Conforme universo do indicador INEP,INEP,2026-10-06T18:06:37.031241+00:00,https://www.gov.br/inep/pt-br/acesso-a-informacao/dados-abertos/indicadores-educacionais/taxas-de-rendimento-escolar,https://download.inep.gov.br/informacoes_estatisticas/indicadores_educacionais/2025/tx_rend_municipios_2025.zip
4127965,PR,Municipal,Rural,Anos finais,flowDropout,,%,2025,flow-2025,3_CAT_FUN_AF,notDisclosed,Conforme universo do indicador INEP,INEP,2026-10-06T18:06:37.031241+00:00,https://www.gov.br/inep/pt-br/acesso-a-informacao/dados-abertos/indicadores-educacionais/taxas-de-rendimento-escolar,https://download.inep.gov.br/informacoes_estatisticas/indicadores_educacionais/2025/tx_rend_municipios_2025.zip
4127965,PR,Municipal,Rural,Ensino médio,flowDropout,,%,2025,flow-2025,3_CAT_MED,notDisclosed,Conforme universo do indicador INEP,INEP,2026-10-06T18:06:37.031241+00:00,https://www.gov.br/inep/pt-br/acesso-a-informacao/dados-abertos/indicadores-educacionais/taxas-de-rendimento-escolar,https://download.inep.gov.br/informacoes_estatisticas/indicadores_educacionais/2025/tx_rend_municipios_2025.zip
4127965,PR,Pública,Total,Ensino fundamental,flowApproval,99.3,%,2025,flow-2025,1_CAT_FUN,available,Conforme universo do indicador INEP,INEP,2026-10-06T18:06:37.031241+00:00,https://www.gov.br/inep/pt-br/acesso-a-informacao/dados-abertos/indicadores-educacionais/taxas-de-rendimento-escolar,https://download.inep.gov.br/informacoes_estatisticas/indicadores_educacionais/2025/tx_rend_municipios_2025.zip
4127965,PR,Pública,Total,Anos iniciais,flowApproval,99.1,%,2025,flow-2025,1_CAT_FUN_AI,available,Conforme universo do indicador INEP,INEP,2026-10-06T18:06:37.031241+00:00,https://www.gov.br/inep/pt-br/acesso-a-informacao/dados-abertos/indicadores-educacionais/taxas-de-rendimento-escolar,https://download.inep.gov.br/informacoes_estatisticas/indicadores_educacionais/2025/tx_rend_municipios_2025.zip
4127965,PR,Pública,Total,Anos finais,flowApproval,99.7,%,2025,flow-2025,1_CAT_FUN_AF,available,Conforme universo do indicador INEP,INEP,2026-10-06T18:06:37.031241+00:00,https://www.gov.br/inep/pt-br/acesso-a-informacao/dados-abertos/indicadores-educacionais/taxas-de-rendimento-escolar,https://download.inep.gov.br/informacoes_estatisticas/indicadores_educacionais/2025/tx_rend_municipios_2025.zip
4127965,PR,Pública,Total,Ensino médio,flowApproval,100.0,%,2025,flow-2025,1_CAT_MED,available,Conforme universo do indicador INEP,INEP,2026-10-06T18:06:37.031241+00:00,https://www.gov.br/inep/pt-br/acesso-a-informacao/dados-abertos/indicadores-educacionais/taxas-de-rendimento-escolar,https://download.inep.gov.br/informacoes_estatisticas/indicadores_educacionais/2025/tx_rend_municipios_2025.zip
4127965,PR,Pública,Total,Ensino fundamental,flowRepetition,0.7,%,2025,flow-2025,2_CAT_FUN,available,Conforme universo do indicador INEP,INEP,2026-10-06T18:06:37.031241+00:00,https://www.gov.br/inep/pt-br/acesso-a-informacao/dados-abertos/indicadores-educacionais/taxas-de-rendimento-escolar,https://download.inep.gov.br/informacoes_estatisticas/indicadores_educacionais/2025/tx_rend_municipios_2025.zip
4127965,PR,Pública,Total,Anos iniciais,flowRepetition,0.9,%,2025,flow-2025,2_CAT_FUN_AI,available,Conforme universo do indicador INEP,INEP,2026-10-06T18:06:37.031241+00:00,https://www.gov.br/inep/pt-br/acesso-a-informacao/dados-abertos/indicadores-educacionais/taxas-de-rendimento-escolar,https://download.inep.gov.br/informacoes_estatisticas/indicadores_educacionais/2025/tx_rend_municipios_2025.zip
4127965,PR,Pública,Total,Anos finais,flowRepetition,0.3,%,2025,flow-2025,2_CAT_FUN_AF,available,Conforme universo do indicador INEP,INEP,2026-10-06T18:06:37.031241+00:00,https://www.gov.br/inep/pt-br/acesso-a-informacao/dados-abertos/indicadores-educacionais/taxas-de-rendimento-escolar,https://download.inep.gov.br/informacoes_estatisticas/indicadores_educacionais/2025/tx_rend_municipios_2025.zip
4127965,PR,Pública,Total,Ensino médio,flowRepetition,0.0,%,2025,flow-2025,2_CAT_MED,available,Conforme universo do indicador INEP,INEP,2026-10-06T18:06:37.031241+00:00,https://www.gov.br/inep/pt-br/acesso-a-informacao/dados-abertos/indicadores-educacionais/taxas-de-rendimento-escolar,https://download.inep.gov.br/informacoes_estatisticas/indicadores_educacionais/2025/tx_rend_municipios_2025.zip
4127965,PR,Pública,Total,Ensino fundamental,flowDropout,0.0,%,2025,flow-2025,3_CAT_FUN,available,Conforme universo do indicador INEP,INEP,2026-10-06T18:06:37.031241+00:00,https://www.gov.br/inep/pt-br/acesso-a-informacao/dados-abertos/indicadores-educacionais/taxas-de-rendimento-escolar,https://download.inep.gov.br/informacoes_estatisticas/indicadores_educacionais/2025/tx_rend_municipios_2025.zip
4127965,PR,Pública,Total,Anos iniciais,flowDropout,0.0,%,2025,flow-2025,3_CAT_FUN_AI,available,Conforme universo do indicador INEP,INEP,2026-10-06T18:06:37.031241+00:00,https://www.gov.br/inep/pt-br/acesso-a-informacao/dados-abertos/indicadores-educacionais/taxas-de-rendimento-escolar,https://download.inep.gov.br/informacoes_estatisticas/indicadores_educacionais/2025/tx_rend_municipios_2025.zip
4127965,PR,Pública,Total,Anos finais,flowDropout,0.0,%,2025,flow-2025,3_CAT_FUN_AF,available,Conforme universo do indicador INEP,INEP,2026-10-06T18:06:37.031241+00:00,https://www.gov.br/inep/pt-br/acesso-a-informacao/dados-abertos/indicadores-educacionais/taxas-de-rendimento-escolar,https://download.inep.gov.br/informacoes_estatisticas/indicadores_educacionais/2025/tx_rend_municipios_2025.zip
4127965,PR,Pública,Total,Ensino médio,flowDropout,0.0,%,2025,flow-2025,3_CAT_MED,available,Conforme universo do indicador INEP,INEP,2026-10-06T18:06:37.031241+00:00,https://www.gov.br/inep/pt-br/acesso-a-informacao/dados-abertos/indicadores-educacionais/taxas-de-rendimento-escolar,https://download.inep.gov.br/informacoes_estatisticas/indicadores_educacionais/2025/tx_rend_municipios_2025.zip
4127965,PR,Pública,Urbana,Ensino fundamental,flowApproval,99.7,%,2025,flow-2025,1_CAT_FUN,available,Conforme universo do indicador INEP,INEP,2026-10-06T18:06:37.031241+00:00,https://www.gov.br/inep/pt-br/acesso-a-informacao/dados-abertos/indicadores-educacionais/taxas-de-rendimento-escolar,https://download.inep.gov.br/informacoes_estatisticas/indicadores_educacionais/2025/tx_rend_municipios_2025.zip
4127965,PR,Pública,Urbana,Anos iniciais,flowApproval,99.5,%,2025,flow-2025,1_CAT_FUN_AI,available,Conforme universo do indicador INEP,INEP,2026-10-06T18:06:37.031241+00:00,https://www.gov.br/inep/pt-br/acesso-a-informacao/dados-abertos/indicadores-educacionais/taxas-de-rendimento-escolar,https://download.inep.gov.br/informacoes_estatisticas/indicadores_educacionais/2025/tx_rend_municipios_2025.zip
4127965,PR,Pública,Urbana,Anos finais,flowApproval,100.0,%,2025,flow-2025,1_CAT_FUN_AF,available,Conforme universo do indicador INEP,INEP,2026-10-06T18:06:37.031241+00:00,https://www.gov.br/inep/pt-br/acesso-a-informacao/dados-abertos/indicadores-educacionais/taxas-de-rendimento-escolar,https://download.inep.gov.br/informacoes_estatisticas/indicadores_educacionais/2025/tx_rend_municipios_2025.zip
4127965,PR,Pública,Urbana,Ensino médio,flowApproval,100.0,%,2025,flow-2025,1_CAT_MED,available,Conforme universo do indicador INEP,INEP,2026-10-06T18:06:37.031241+00:00,https://www.gov.br/inep/pt-br/acesso-a-informacao/dados-abertos/indicadores-educacionais/taxas-de-rendimento-escolar,https://download.inep.gov.br/informacoes_estatisticas/indicadores_educacionais/2025/tx_rend_municipios_2025.zip
4127965,PR,Pública,Urbana,Ensino fundamental,flowRepetition,0.3,%,2025,flow-2025,2_CAT_FUN,available,Conforme universo do indicador INEP,INEP,2026-10-06T18:06:37.031241+00:00,https://www.gov.br/inep/pt-br/acesso-a-informacao/dados-abertos/indicadores-educacionais/taxas-de-rendimento-escolar,https://download.inep.gov.br/informacoes_estatisticas/indicadores_educacionais/2025/tx_rend_municipios_2025.zip
4127965,PR,Pública,Urbana,Anos iniciais,flowRepetition,0.5,%,2025,flow-2025,2_CAT_FUN_AI,available,Conforme universo do indicador INEP,INEP,2026-10-06T18:06:37.031241+00:00,https://www.gov.br/inep/pt-br/acesso-a-informacao/dados-abertos/indicadores-educacionais/taxas-de-rendimento-escolar,https://download.inep.gov.br/informacoes_estatisticas/indicadores_educacionais/2025/tx_rend_municipios_2025.zip
4127965,PR,Pública,Urbana,Anos finais,flowRepetition,0.0,%,2025,flow-2025,2_CAT_FUN_AF,available,Conforme universo do indicador INEP,INEP,2026-10-06T18:06:37.031241+00:00,https://www.gov.br/inep/pt-br/acesso-a-informacao/dados-abertos/indicadores-educacionais/taxas-de-rendimento-escolar,https://download.inep.gov.br/informacoes_estatisticas/indicadores_educacionais/2025/tx_rend_municipios_2025.zip
4127965,PR,Pública,Urbana,Ensino médio,flowRepetition,0.0,%,2025,flow-2025,2_CAT_MED,available,Conforme universo do indicador INEP,INEP,2026-10-06T18:06:37.031241+00:00,https://www.gov.br/inep/pt-br/acesso-a-informacao/dados-abertos/indicadores-educacionais/taxas-de-rendimento-escolar,https://download.inep.gov.br/informacoes_estatisticas/indicadores_educacionais/2025/tx_rend_municipios_2025.zip
4127965,PR,Pública,Urbana,Ensino fundamental,flowDropout,0.0,%,2025,flow-2025,3_CAT_FUN,available,Conforme universo do indicador INEP,INEP,2026-10-06T18:06:37.031241+00:00,https://www.gov.br/inep/pt-br/acesso-a-informacao/dados-abertos/indicadores-educacionais/taxas-de-rendimento-escolar,https://download.inep.gov.br/informacoes_estatisticas/indicadores_educacionais/2025/tx_rend_municipios_2025.zip
4127965,PR,Pública,Urbana,Anos iniciais,flowDropout,0.0,%,2025,flow-2025,3_CAT_FUN_AI,available,Conforme universo do indicador INEP,INEP,2026-10-06T18:06:37.031241+00:00,https://www.gov.br/inep/pt-br/acesso-a-informacao/dados-abertos/indicadores-educacionais/taxas-de-rendimento-escolar,https://download.inep.gov.br/informacoes_estatisticas/indicadores_educacionais/2025/tx_rend_municipios_2025.zip
4127965,PR,Pública,Urbana,Anos finais,flowDropout,0.0,%,2025,flow-2025,3_CAT_FUN_AF,available,Conforme universo do indicador INEP,INEP,2026-10-06T18:06:37.031241+00:00,https://www.gov.br/inep/pt-br/acesso-a-informacao/dados-abertos/indicadores-educacionais/taxas-de-rendimento-escolar,https://download.inep.gov.br/informacoes_estatisticas/indicadores_educacionais/2025/tx_rend_municipios_2025.zip
4127965,PR,Pública,Urbana,Ensino médio,flowDropout,0.0,%,2025,flow-2025,3_CAT_MED,available,Conforme universo do indicador INEP,INEP,2026-10-06T18:06:37.031241+00:00,https://www.gov.br/inep/pt-br/acesso-a-informacao/dados-abertos/indicadores-educacionais/taxas-de-rendimento-escolar,https://download.inep.gov.br/informacoes_estatisticas/indicadores_educacionais/2025/tx_rend_municipios_2025.zip
4127965,PR,Pública,Rural,Ensino fundamental,flowApproval,98.6,%,2025,flow-2025,1_CAT_FUN,available,Conforme universo do indicador INEP,INEP,2026-10-06T18:06:37.031241+00:00,https://www.gov.br/inep/pt-br/acesso-a-informacao/dados-abertos/indicadores-educacionais/taxas-de-rendimento-escolar,https://download.inep.gov.br/informacoes_estatisticas/indicadores_educacionais/2025/tx_rend_municipios_2025.zip
4127965,PR,Pública,Rural,Anos iniciais,flowApproval,98.2,%,2025,flow-2025,1_CAT_FUN_AI,available,Conforme universo do indicador INEP,INEP,2026-10-06T18:06:37.031241+00:00,https://www.gov.br/inep/pt-br/acesso-a-informacao/dados-abertos/indicadores-educacionais/taxas-de-rendimento-escolar,https://download.inep.gov.br/informacoes_estatisticas/indicadores_educacionais/2025/tx_rend_municipios_2025.zip
4127965,PR,Pública,Rural,Anos finais,flowApproval,99.3,%,2025,flow-2025,1_CAT_FUN_AF,available,Conforme universo do indicador INEP,INEP,2026-10-06T18:06:37.031241+00:00,https://www.gov.br/inep/pt-br/acesso-a-informacao/dados-abertos/indicadores-educacionais/taxas-de-rendimento-escolar,https://download.inep.gov.br/informacoes_estatisticas/indicadores_educacionais/2025/tx_rend_municipios_2025.zip
4127965,PR,Pública,Rural,Ensino médio,flowApproval,100.0,%,2025,flow-2025,1_CAT_MED,available,Conforme universo do indicador INEP,INEP,2026-10-06T18:06:37.031241+00:00,https://www.gov.br/inep/pt-br/acesso-a-informacao/dados-abertos/indicadores-educacionais/taxas-de-rendimento-escolar,https://download.inep.gov.br/informacoes_estatisticas/indicadores_educacionais/2025/tx_rend_municipios_2025.zip
4127965,PR,Pública,Rural,Ensino fundamental,flowRepetition,1.4,%,2025,flow-2025,2_CAT_FUN,available,Conforme universo do indicador INEP,INEP,2026-10-06T18:06:37.031241+00:00,https://www.gov.br/inep/pt-br/acesso-a-informacao/dados-abertos/indicadores-educacionais/taxas-de-rendimento-escolar,https://download.inep.gov.br/informacoes_estatisticas/indicadores_educacionais/2025/tx_rend_municipios_2025.zip
4127965,PR,Pública,Rural,Anos iniciais,flowRepetition,1.8,%,2025,flow-2025,2_CAT_FUN_AI,available,Conforme universo do indicador INEP,INEP,2026-10-06T18:06:37.031241+00:00,https://www.gov.br/inep/pt-br/acesso-a-informacao/dados-abertos/indicadores-educacionais/taxas-de-rendimento-escolar,https://download.inep.gov.br/informacoes_estatisticas/indicadores_educacionais/2025/tx_rend_municipios_2025.zip
4127965,PR,Pública,Rural,Anos finais,flowRepetition,0.7,%,2025,flow-2025,2_CAT_FUN_AF,available,Conforme universo do indicador INEP,INEP,2026-10-06T18:06:37.031241+00:00,https://www.gov.br/inep/pt-br/acesso-a-informacao/dados-abertos/indicadores-educacionais/taxas-de-rendimento-escolar,https://download.inep.gov.br/informacoes_estatisticas/indicadores_educacionais/2025/tx_rend_municipios_2025.zip
4127965,PR,Pública,Rural,Ensino médio,flowRepetition,0.0,%,2025,flow-2025,2_CAT_MED,available,Conforme universo do indicador INEP,INEP,2026-10-06T18:06:37.031241+00:00,https://www.gov.br/inep/pt-br/acesso-a-informacao/dados-abertos/indicadores-educacionais/taxas-de-rendimento-escolar,https://download.inep.gov.br/informacoes_estatisticas/indicadores_educacionais/2025/tx_rend_municipios_2025.zip
4127965,PR,Pública,Rural,Ensino fundamental,flowDropout,0.0,%,2025,flow-2025,3_CAT_FUN,available,Conforme universo do indicador INEP,INEP,2026-10-06T18:06:37.031241+00:00,https://www.gov.br/inep/pt-br/acesso-a-informacao/dados-abertos/indicadores-educacionais/taxas-de-rendimento-escolar,https://download.inep.gov.br/informacoes_estatisticas/indicadores_educacionais/2025/tx_rend_municipios_2025.zip
4127965,PR,Pública,Rural,Anos iniciais,flowDropout,0.0,%,2025,flow-2025,3_CAT_FUN_AI,available,Conforme universo do indicador INEP,INEP,2026-10-06T18:06:37.031241+00:00,https://www.gov.br/inep/pt-br/acesso-a-informacao/dados-abertos/indicadores-educacionais/taxas-de-rendimento-escolar,https://download.inep.gov.br/informacoes_estatisticas/indicadores_educacionais/2025/tx_rend_municipios_2025.zip
4127965,PR,Pública,Rural,Anos finais,flowDropout,0.0,%,2025,flow-2025,3_CAT_FUN_AF,available,Conforme universo do indicador INEP,INEP,2026-10-06T18:06:37.031241+00:00,https://www.gov.br/inep/pt-br/acesso-a-informacao/dados-abertos/indicadores-educacionais/taxas-de-rendimento-escolar,https://download.inep.gov.br/informacoes_estatisticas/indicadores_educacionais/2025/tx_rend_municipios_2025.zip
4127965,PR,Pública,Rural,Ensino médio,flowDropout,0.0,%,2025,flow-2025,3_CAT_MED,available,Conforme universo do indicador INEP,INEP,2026-10-06T18:06:37.031241+00:00,https://www.gov.br/inep/pt-br/acesso-a-informacao/dados-abertos/indicadores-educacionais/taxas-de-rendimento-escolar,https://download.inep.gov.br/informacoes_estatisticas/indicadores_educacionais/2025/tx_rend_municipios_2025.zip
