code,state,network,location,stage,metric,value,unit,reference,sourceId,field,status,modality,agency,collectedAt,officialUrl,sourceUrl
41,PR,Total,Total,Anos iniciais,ideb,4.6,IDEB,2005,ideb-2025-regioes_ufs,VL_OBSERVADO_2005,available,Regular,INEP,2026-10-06T18:06:37.031241+00:00,https://www.gov.br/inep/pt-br/areas-de-atuacao/pesquisas-estatisticas-e-indicadores/ideb/resultados,https://download.inep.gov.br/ideb/resultados/divulgacao_regioes_ufs_ideb_2025.zip
41,PR,Total,Total,Anos iniciais,ideb,5.0,IDEB,2007,ideb-2025-regioes_ufs,VL_OBSERVADO_2007,available,Regular,INEP,2026-10-06T18:06:37.031241+00:00,https://www.gov.br/inep/pt-br/areas-de-atuacao/pesquisas-estatisticas-e-indicadores/ideb/resultados,https://download.inep.gov.br/ideb/resultados/divulgacao_regioes_ufs_ideb_2025.zip
41,PR,Total,Total,Anos iniciais,ideb,5.4,IDEB,2009,ideb-2025-regioes_ufs,VL_OBSERVADO_2009,available,Regular,INEP,2026-10-06T18:06:37.031241+00:00,https://www.gov.br/inep/pt-br/areas-de-atuacao/pesquisas-estatisticas-e-indicadores/ideb/resultados,https://download.inep.gov.br/ideb/resultados/divulgacao_regioes_ufs_ideb_2025.zip
41,PR,Total,Total,Anos iniciais,ideb,5.6,IDEB,2011,ideb-2025-regioes_ufs,VL_OBSERVADO_2011,available,Regular,INEP,2026-10-06T18:06:37.031241+00:00,https://www.gov.br/inep/pt-br/areas-de-atuacao/pesquisas-estatisticas-e-indicadores/ideb/resultados,https://download.inep.gov.br/ideb/resultados/divulgacao_regioes_ufs_ideb_2025.zip
41,PR,Total,Total,Anos iniciais,ideb,5.9,IDEB,2013,ideb-2025-regioes_ufs,VL_OBSERVADO_2013,available,Regular,INEP,2026-10-06T18:06:37.031241+00:00,https://www.gov.br/inep/pt-br/areas-de-atuacao/pesquisas-estatisticas-e-indicadores/ideb/resultados,https://download.inep.gov.br/ideb/resultados/divulgacao_regioes_ufs_ideb_2025.zip
41,PR,Total,Total,Anos iniciais,ideb,6.2,IDEB,2015,ideb-2025-regioes_ufs,VL_OBSERVADO_2015,available,Regular,INEP,2026-10-06T18:06:37.031241+00:00,https://www.gov.br/inep/pt-br/areas-de-atuacao/pesquisas-estatisticas-e-indicadores/ideb/resultados,https://download.inep.gov.br/ideb/resultados/divulgacao_regioes_ufs_ideb_2025.zip
41,PR,Total,Total,Anos iniciais,ideb,6.5,IDEB,2017,ideb-2025-regioes_ufs,VL_OBSERVADO_2017,available,Regular,INEP,2026-10-06T18:06:37.031241+00:00,https://www.gov.br/inep/pt-br/areas-de-atuacao/pesquisas-estatisticas-e-indicadores/ideb/resultados,https://download.inep.gov.br/ideb/resultados/divulgacao_regioes_ufs_ideb_2025.zip
41,PR,Total,Total,Anos iniciais,ideb,6.5,IDEB,2019,ideb-2025-regioes_ufs,VL_OBSERVADO_2019,available,Regular,INEP,2026-10-06T18:06:37.031241+00:00,https://www.gov.br/inep/pt-br/areas-de-atuacao/pesquisas-estatisticas-e-indicadores/ideb/resultados,https://download.inep.gov.br/ideb/resultados/divulgacao_regioes_ufs_ideb_2025.zip
41,PR,Total,Total,Anos iniciais,ideb,6.2,IDEB,2021,ideb-2025-regioes_ufs,VL_OBSERVADO_2021,available,Regular,INEP,2026-10-06T18:06:37.031241+00:00,https://www.gov.br/inep/pt-br/areas-de-atuacao/pesquisas-estatisticas-e-indicadores/ideb/resultados,https://download.inep.gov.br/ideb/resultados/divulgacao_regioes_ufs_ideb_2025.zip
41,PR,Total,Total,Anos iniciais,ideb,6.7,IDEB,2023,ideb-2025-regioes_ufs,VL_OBSERVADO_2023,available,Regular,INEP,2026-10-06T18:06:37.031241+00:00,https://www.gov.br/inep/pt-br/areas-de-atuacao/pesquisas-estatisticas-e-indicadores/ideb/resultados,https://download.inep.gov.br/ideb/resultados/divulgacao_regioes_ufs_ideb_2025.zip
41,PR,Total,Total,Anos iniciais,ideb,7.0,IDEB,2025,ideb-2025-regioes_ufs,VL_OBSERVADO_2025,available,Regular,INEP,2026-10-06T18:06:37.031241+00:00,https://www.gov.br/inep/pt-br/areas-de-atuacao/pesquisas-estatisticas-e-indicadores/ideb/resultados,https://download.inep.gov.br/ideb/resultados/divulgacao_regioes_ufs_ideb_2025.zip
41,PR,Pública,Total,Anos iniciais,ideb,4.4,IDEB,2005,ideb-2025-regioes_ufs,VL_OBSERVADO_2005,available,Regular,INEP,2026-10-06T18:06:37.031241+00:00,https://www.gov.br/inep/pt-br/areas-de-atuacao/pesquisas-estatisticas-e-indicadores/ideb/resultados,https://download.inep.gov.br/ideb/resultados/divulgacao_regioes_ufs_ideb_2025.zip
41,PR,Pública,Total,Anos iniciais,ideb,4.8,IDEB,2007,ideb-2025-regioes_ufs,VL_OBSERVADO_2007,available,Regular,INEP,2026-10-06T18:06:37.031241+00:00,https://www.gov.br/inep/pt-br/areas-de-atuacao/pesquisas-estatisticas-e-indicadores/ideb/resultados,https://download.inep.gov.br/ideb/resultados/divulgacao_regioes_ufs_ideb_2025.zip
41,PR,Pública,Total,Anos iniciais,ideb,5.3,IDEB,2009,ideb-2025-regioes_ufs,VL_OBSERVADO_2009,available,Regular,INEP,2026-10-06T18:06:37.031241+00:00,https://www.gov.br/inep/pt-br/areas-de-atuacao/pesquisas-estatisticas-e-indicadores/ideb/resultados,https://download.inep.gov.br/ideb/resultados/divulgacao_regioes_ufs_ideb_2025.zip
41,PR,Pública,Total,Anos iniciais,ideb,5.4,IDEB,2011,ideb-2025-regioes_ufs,VL_OBSERVADO_2011,available,Regular,INEP,2026-10-06T18:06:37.031241+00:00,https://www.gov.br/inep/pt-br/areas-de-atuacao/pesquisas-estatisticas-e-indicadores/ideb/resultados,https://download.inep.gov.br/ideb/resultados/divulgacao_regioes_ufs_ideb_2025.zip
41,PR,Pública,Total,Anos iniciais,ideb,5.8,IDEB,2013,ideb-2025-regioes_ufs,VL_OBSERVADO_2013,available,Regular,INEP,2026-10-06T18:06:37.031241+00:00,https://www.gov.br/inep/pt-br/areas-de-atuacao/pesquisas-estatisticas-e-indicadores/ideb/resultados,https://download.inep.gov.br/ideb/resultados/divulgacao_regioes_ufs_ideb_2025.zip
41,PR,Pública,Total,Anos iniciais,ideb,6.1,IDEB,2015,ideb-2025-regioes_ufs,VL_OBSERVADO_2015,available,Regular,INEP,2026-10-06T18:06:37.031241+00:00,https://www.gov.br/inep/pt-br/areas-de-atuacao/pesquisas-estatisticas-e-indicadores/ideb/resultados,https://download.inep.gov.br/ideb/resultados/divulgacao_regioes_ufs_ideb_2025.zip
41,PR,Pública,Total,Anos iniciais,ideb,6.3,IDEB,2017,ideb-2025-regioes_ufs,VL_OBSERVADO_2017,available,Regular,INEP,2026-10-06T18:06:37.031241+00:00,https://www.gov.br/inep/pt-br/areas-de-atuacao/pesquisas-estatisticas-e-indicadores/ideb/resultados,https://download.inep.gov.br/ideb/resultados/divulgacao_regioes_ufs_ideb_2025.zip
41,PR,Pública,Total,Anos iniciais,ideb,6.4,IDEB,2019,ideb-2025-regioes_ufs,VL_OBSERVADO_2019,available,Regular,INEP,2026-10-06T18:06:37.031241+00:00,https://www.gov.br/inep/pt-br/areas-de-atuacao/pesquisas-estatisticas-e-indicadores/ideb/resultados,https://download.inep.gov.br/ideb/resultados/divulgacao_regioes_ufs_ideb_2025.zip
41,PR,Pública,Total,Anos iniciais,ideb,6.1,IDEB,2021,ideb-2025-regioes_ufs,VL_OBSERVADO_2021,available,Regular,INEP,2026-10-06T18:06:37.031241+00:00,https://www.gov.br/inep/pt-br/areas-de-atuacao/pesquisas-estatisticas-e-indicadores/ideb/resultados,https://download.inep.gov.br/ideb/resultados/divulgacao_regioes_ufs_ideb_2025.zip
41,PR,Pública,Total,Anos iniciais,ideb,6.5,IDEB,2023,ideb-2025-regioes_ufs,VL_OBSERVADO_2023,available,Regular,INEP,2026-10-06T18:06:37.031241+00:00,https://www.gov.br/inep/pt-br/areas-de-atuacao/pesquisas-estatisticas-e-indicadores/ideb/resultados,https://download.inep.gov.br/ideb/resultados/divulgacao_regioes_ufs_ideb_2025.zip
41,PR,Pública,Total,Anos iniciais,ideb,6.9,IDEB,2025,ideb-2025-regioes_ufs,VL_OBSERVADO_2025,available,Regular,INEP,2026-10-06T18:06:37.031241+00:00,https://www.gov.br/inep/pt-br/areas-de-atuacao/pesquisas-estatisticas-e-indicadores/ideb/resultados,https://download.inep.gov.br/ideb/resultados/divulgacao_regioes_ufs_ideb_2025.zip
41,PR,Privada,Total,Anos iniciais,ideb,6.5,IDEB,2005,ideb-2025-regioes_ufs,VL_OBSERVADO_2005,available,Regular,INEP,2026-10-06T18:06:37.031241+00:00,https://www.gov.br/inep/pt-br/areas-de-atuacao/pesquisas-estatisticas-e-indicadores/ideb/resultados,https://download.inep.gov.br/ideb/resultados/divulgacao_regioes_ufs_ideb_2025.zip
41,PR,Privada,Total,Anos iniciais,ideb,6.5,IDEB,2007,ideb-2025-regioes_ufs,VL_OBSERVADO_2007,available,Regular,INEP,2026-10-06T18:06:37.031241+00:00,https://www.gov.br/inep/pt-br/areas-de-atuacao/pesquisas-estatisticas-e-indicadores/ideb/resultados,https://download.inep.gov.br/ideb/resultados/divulgacao_regioes_ufs_ideb_2025.zip
41,PR,Privada,Total,Anos iniciais,ideb,6.8,IDEB,2009,ideb-2025-regioes_ufs,VL_OBSERVADO_2009,available,Regular,INEP,2026-10-06T18:06:37.031241+00:00,https://www.gov.br/inep/pt-br/areas-de-atuacao/pesquisas-estatisticas-e-indicadores/ideb/resultados,https://download.inep.gov.br/ideb/resultados/divulgacao_regioes_ufs_ideb_2025.zip
41,PR,Privada,Total,Anos iniciais,ideb,7.0,IDEB,2011,ideb-2025-regioes_ufs,VL_OBSERVADO_2011,available,Regular,INEP,2026-10-06T18:06:37.031241+00:00,https://www.gov.br/inep/pt-br/areas-de-atuacao/pesquisas-estatisticas-e-indicadores/ideb/resultados,https://download.inep.gov.br/ideb/resultados/divulgacao_regioes_ufs_ideb_2025.zip
41,PR,Privada,Total,Anos iniciais,ideb,7.2,IDEB,2013,ideb-2025-regioes_ufs,VL_OBSERVADO_2013,available,Regular,INEP,2026-10-06T18:06:37.031241+00:00,https://www.gov.br/inep/pt-br/areas-de-atuacao/pesquisas-estatisticas-e-indicadores/ideb/resultados,https://download.inep.gov.br/ideb/resultados/divulgacao_regioes_ufs_ideb_2025.zip
41,PR,Privada,Total,Anos iniciais,ideb,7.2,IDEB,2015,ideb-2025-regioes_ufs,VL_OBSERVADO_2015,available,Regular,INEP,2026-10-06T18:06:37.031241+00:00,https://www.gov.br/inep/pt-br/areas-de-atuacao/pesquisas-estatisticas-e-indicadores/ideb/resultados,https://download.inep.gov.br/ideb/resultados/divulgacao_regioes_ufs_ideb_2025.zip
41,PR,Privada,Total,Anos iniciais,ideb,7.4,IDEB,2017,ideb-2025-regioes_ufs,VL_OBSERVADO_2017,available,Regular,INEP,2026-10-06T18:06:37.031241+00:00,https://www.gov.br/inep/pt-br/areas-de-atuacao/pesquisas-estatisticas-e-indicadores/ideb/resultados,https://download.inep.gov.br/ideb/resultados/divulgacao_regioes_ufs_ideb_2025.zip
41,PR,Privada,Total,Anos iniciais,ideb,7.2,IDEB,2019,ideb-2025-regioes_ufs,VL_OBSERVADO_2019,available,Regular,INEP,2026-10-06T18:06:37.031241+00:00,https://www.gov.br/inep/pt-br/areas-de-atuacao/pesquisas-estatisticas-e-indicadores/ideb/resultados,https://download.inep.gov.br/ideb/resultados/divulgacao_regioes_ufs_ideb_2025.zip
41,PR,Privada,Total,Anos iniciais,ideb,7.2,IDEB,2021,ideb-2025-regioes_ufs,VL_OBSERVADO_2021,available,Regular,INEP,2026-10-06T18:06:37.031241+00:00,https://www.gov.br/inep/pt-br/areas-de-atuacao/pesquisas-estatisticas-e-indicadores/ideb/resultados,https://download.inep.gov.br/ideb/resultados/divulgacao_regioes_ufs_ideb_2025.zip
41,PR,Privada,Total,Anos iniciais,ideb,7.6,IDEB,2023,ideb-2025-regioes_ufs,VL_OBSERVADO_2023,available,Regular,INEP,2026-10-06T18:06:37.031241+00:00,https://www.gov.br/inep/pt-br/areas-de-atuacao/pesquisas-estatisticas-e-indicadores/ideb/resultados,https://download.inep.gov.br/ideb/resultados/divulgacao_regioes_ufs_ideb_2025.zip
41,PR,Privada,Total,Anos iniciais,ideb,7.4,IDEB,2025,ideb-2025-regioes_ufs,VL_OBSERVADO_2025,available,Regular,INEP,2026-10-06T18:06:37.031241+00:00,https://www.gov.br/inep/pt-br/areas-de-atuacao/pesquisas-estatisticas-e-indicadores/ideb/resultados,https://download.inep.gov.br/ideb/resultados/divulgacao_regioes_ufs_ideb_2025.zip
41,PR,Estadual,Total,Anos iniciais,ideb,5.0,IDEB,2005,ideb-2025-regioes_ufs,VL_OBSERVADO_2005,available,Regular,INEP,2026-10-06T18:06:37.031241+00:00,https://www.gov.br/inep/pt-br/areas-de-atuacao/pesquisas-estatisticas-e-indicadores/ideb/resultados,https://download.inep.gov.br/ideb/resultados/divulgacao_regioes_ufs_ideb_2025.zip
41,PR,Estadual,Total,Anos iniciais,ideb,5.2,IDEB,2007,ideb-2025-regioes_ufs,VL_OBSERVADO_2007,available,Regular,INEP,2026-10-06T18:06:37.031241+00:00,https://www.gov.br/inep/pt-br/areas-de-atuacao/pesquisas-estatisticas-e-indicadores/ideb/resultados,https://download.inep.gov.br/ideb/resultados/divulgacao_regioes_ufs_ideb_2025.zip
41,PR,Estadual,Total,Anos iniciais,ideb,5.2,IDEB,2009,ideb-2025-regioes_ufs,VL_OBSERVADO_2009,available,Regular,INEP,2026-10-06T18:06:37.031241+00:00,https://www.gov.br/inep/pt-br/areas-de-atuacao/pesquisas-estatisticas-e-indicadores/ideb/resultados,https://download.inep.gov.br/ideb/resultados/divulgacao_regioes_ufs_ideb_2025.zip
41,PR,Estadual,Total,Anos iniciais,ideb,5.2,IDEB,2011,ideb-2025-regioes_ufs,VL_OBSERVADO_2011,available,Regular,INEP,2026-10-06T18:06:37.031241+00:00,https://www.gov.br/inep/pt-br/areas-de-atuacao/pesquisas-estatisticas-e-indicadores/ideb/resultados,https://download.inep.gov.br/ideb/resultados/divulgacao_regioes_ufs_ideb_2025.zip
41,PR,Estadual,Total,Anos iniciais,ideb,6.2,IDEB,2013,ideb-2025-regioes_ufs,VL_OBSERVADO_2013,available,Regular,INEP,2026-10-06T18:06:37.031241+00:00,https://www.gov.br/inep/pt-br/areas-de-atuacao/pesquisas-estatisticas-e-indicadores/ideb/resultados,https://download.inep.gov.br/ideb/resultados/divulgacao_regioes_ufs_ideb_2025.zip
41,PR,Estadual,Total,Anos iniciais,ideb,6.2,IDEB,2015,ideb-2025-regioes_ufs,VL_OBSERVADO_2015,available,Regular,INEP,2026-10-06T18:06:37.031241+00:00,https://www.gov.br/inep/pt-br/areas-de-atuacao/pesquisas-estatisticas-e-indicadores/ideb/resultados,https://download.inep.gov.br/ideb/resultados/divulgacao_regioes_ufs_ideb_2025.zip
41,PR,Estadual,Total,Anos iniciais,ideb,6.3,IDEB,2017,ideb-2025-regioes_ufs,VL_OBSERVADO_2017,available,Regular,INEP,2026-10-06T18:06:37.031241+00:00,https://www.gov.br/inep/pt-br/areas-de-atuacao/pesquisas-estatisticas-e-indicadores/ideb/resultados,https://download.inep.gov.br/ideb/resultados/divulgacao_regioes_ufs_ideb_2025.zip
41,PR,Estadual,Total,Anos iniciais,ideb,6.8,IDEB,2019,ideb-2025-regioes_ufs,VL_OBSERVADO_2019,available,Regular,INEP,2026-10-06T18:06:37.031241+00:00,https://www.gov.br/inep/pt-br/areas-de-atuacao/pesquisas-estatisticas-e-indicadores/ideb/resultados,https://download.inep.gov.br/ideb/resultados/divulgacao_regioes_ufs_ideb_2025.zip
41,PR,Estadual,Total,Anos iniciais,ideb,7.1,IDEB,2021,ideb-2025-regioes_ufs,VL_OBSERVADO_2021,available,Regular,INEP,2026-10-06T18:06:37.031241+00:00,https://www.gov.br/inep/pt-br/areas-de-atuacao/pesquisas-estatisticas-e-indicadores/ideb/resultados,https://download.inep.gov.br/ideb/resultados/divulgacao_regioes_ufs_ideb_2025.zip
41,PR,Estadual,Total,Anos iniciais,ideb,7.1,IDEB,2023,ideb-2025-regioes_ufs,VL_OBSERVADO_2023,available,Regular,INEP,2026-10-06T18:06:37.031241+00:00,https://www.gov.br/inep/pt-br/areas-de-atuacao/pesquisas-estatisticas-e-indicadores/ideb/resultados,https://download.inep.gov.br/ideb/resultados/divulgacao_regioes_ufs_ideb_2025.zip
41,PR,Estadual,Total,Anos iniciais,ideb,7.3,IDEB,2025,ideb-2025-regioes_ufs,VL_OBSERVADO_2025,available,Regular,INEP,2026-10-06T18:06:37.031241+00:00,https://www.gov.br/inep/pt-br/areas-de-atuacao/pesquisas-estatisticas-e-indicadores/ideb/resultados,https://download.inep.gov.br/ideb/resultados/divulgacao_regioes_ufs_ideb_2025.zip
41,PR,Total,Total,Anos finais,ideb,3.6,IDEB,2005,ideb-2025-regioes_ufs,VL_OBSERVADO_2005,available,Regular,INEP,2026-10-06T18:06:37.031241+00:00,https://www.gov.br/inep/pt-br/areas-de-atuacao/pesquisas-estatisticas-e-indicadores/ideb/resultados,https://download.inep.gov.br/ideb/resultados/divulgacao_regioes_ufs_ideb_2025.zip
41,PR,Total,Total,Anos finais,ideb,4.2,IDEB,2007,ideb-2025-regioes_ufs,VL_OBSERVADO_2007,available,Regular,INEP,2026-10-06T18:06:37.031241+00:00,https://www.gov.br/inep/pt-br/areas-de-atuacao/pesquisas-estatisticas-e-indicadores/ideb/resultados,https://download.inep.gov.br/ideb/resultados/divulgacao_regioes_ufs_ideb_2025.zip
41,PR,Total,Total,Anos finais,ideb,4.3,IDEB,2009,ideb-2025-regioes_ufs,VL_OBSERVADO_2009,available,Regular,INEP,2026-10-06T18:06:37.031241+00:00,https://www.gov.br/inep/pt-br/areas-de-atuacao/pesquisas-estatisticas-e-indicadores/ideb/resultados,https://download.inep.gov.br/ideb/resultados/divulgacao_regioes_ufs_ideb_2025.zip
41,PR,Total,Total,Anos finais,ideb,4.3,IDEB,2011,ideb-2025-regioes_ufs,VL_OBSERVADO_2011,available,Regular,INEP,2026-10-06T18:06:37.031241+00:00,https://www.gov.br/inep/pt-br/areas-de-atuacao/pesquisas-estatisticas-e-indicadores/ideb/resultados,https://download.inep.gov.br/ideb/resultados/divulgacao_regioes_ufs_ideb_2025.zip
41,PR,Total,Total,Anos finais,ideb,4.3,IDEB,2013,ideb-2025-regioes_ufs,VL_OBSERVADO_2013,available,Regular,INEP,2026-10-06T18:06:37.031241+00:00,https://www.gov.br/inep/pt-br/areas-de-atuacao/pesquisas-estatisticas-e-indicadores/ideb/resultados,https://download.inep.gov.br/ideb/resultados/divulgacao_regioes_ufs_ideb_2025.zip
41,PR,Total,Total,Anos finais,ideb,4.6,IDEB,2015,ideb-2025-regioes_ufs,VL_OBSERVADO_2015,available,Regular,INEP,2026-10-06T18:06:37.031241+00:00,https://www.gov.br/inep/pt-br/areas-de-atuacao/pesquisas-estatisticas-e-indicadores/ideb/resultados,https://download.inep.gov.br/ideb/resultados/divulgacao_regioes_ufs_ideb_2025.zip
41,PR,Total,Total,Anos finais,ideb,4.9,IDEB,2017,ideb-2025-regioes_ufs,VL_OBSERVADO_2017,available,Regular,INEP,2026-10-06T18:06:37.031241+00:00,https://www.gov.br/inep/pt-br/areas-de-atuacao/pesquisas-estatisticas-e-indicadores/ideb/resultados,https://download.inep.gov.br/ideb/resultados/divulgacao_regioes_ufs_ideb_2025.zip
41,PR,Total,Total,Anos finais,ideb,5.3,IDEB,2019,ideb-2025-regioes_ufs,VL_OBSERVADO_2019,available,Regular,INEP,2026-10-06T18:06:37.031241+00:00,https://www.gov.br/inep/pt-br/areas-de-atuacao/pesquisas-estatisticas-e-indicadores/ideb/resultados,https://download.inep.gov.br/ideb/resultados/divulgacao_regioes_ufs_ideb_2025.zip
41,PR,Total,Total,Anos finais,ideb,5.4,IDEB,2021,ideb-2025-regioes_ufs,VL_OBSERVADO_2021,available,Regular,INEP,2026-10-06T18:06:37.031241+00:00,https://www.gov.br/inep/pt-br/areas-de-atuacao/pesquisas-estatisticas-e-indicadores/ideb/resultados,https://download.inep.gov.br/ideb/resultados/divulgacao_regioes_ufs_ideb_2025.zip
41,PR,Total,Total,Anos finais,ideb,5.5,IDEB,2023,ideb-2025-regioes_ufs,VL_OBSERVADO_2023,available,Regular,INEP,2026-10-06T18:06:37.031241+00:00,https://www.gov.br/inep/pt-br/areas-de-atuacao/pesquisas-estatisticas-e-indicadores/ideb/resultados,https://download.inep.gov.br/ideb/resultados/divulgacao_regioes_ufs_ideb_2025.zip
41,PR,Total,Total,Anos finais,ideb,5.9,IDEB,2025,ideb-2025-regioes_ufs,VL_OBSERVADO_2025,available,Regular,INEP,2026-10-06T18:06:37.031241+00:00,https://www.gov.br/inep/pt-br/areas-de-atuacao/pesquisas-estatisticas-e-indicadores/ideb/resultados,https://download.inep.gov.br/ideb/resultados/divulgacao_regioes_ufs_ideb_2025.zip
41,PR,Pública,Total,Anos finais,ideb,3.3,IDEB,2005,ideb-2025-regioes_ufs,VL_OBSERVADO_2005,available,Regular,INEP,2026-10-06T18:06:37.031241+00:00,https://www.gov.br/inep/pt-br/areas-de-atuacao/pesquisas-estatisticas-e-indicadores/ideb/resultados,https://download.inep.gov.br/ideb/resultados/divulgacao_regioes_ufs_ideb_2025.zip
41,PR,Pública,Total,Anos finais,ideb,4.0,IDEB,2007,ideb-2025-regioes_ufs,VL_OBSERVADO_2007,available,Regular,INEP,2026-10-06T18:06:37.031241+00:00,https://www.gov.br/inep/pt-br/areas-de-atuacao/pesquisas-estatisticas-e-indicadores/ideb/resultados,https://download.inep.gov.br/ideb/resultados/divulgacao_regioes_ufs_ideb_2025.zip
41,PR,Pública,Total,Anos finais,ideb,4.1,IDEB,2009,ideb-2025-regioes_ufs,VL_OBSERVADO_2009,available,Regular,INEP,2026-10-06T18:06:37.031241+00:00,https://www.gov.br/inep/pt-br/areas-de-atuacao/pesquisas-estatisticas-e-indicadores/ideb/resultados,https://download.inep.gov.br/ideb/resultados/divulgacao_regioes_ufs_ideb_2025.zip
41,PR,Pública,Total,Anos finais,ideb,4.1,IDEB,2011,ideb-2025-regioes_ufs,VL_OBSERVADO_2011,available,Regular,INEP,2026-10-06T18:06:37.031241+00:00,https://www.gov.br/inep/pt-br/areas-de-atuacao/pesquisas-estatisticas-e-indicadores/ideb/resultados,https://download.inep.gov.br/ideb/resultados/divulgacao_regioes_ufs_ideb_2025.zip
41,PR,Pública,Total,Anos finais,ideb,4.1,IDEB,2013,ideb-2025-regioes_ufs,VL_OBSERVADO_2013,available,Regular,INEP,2026-10-06T18:06:37.031241+00:00,https://www.gov.br/inep/pt-br/areas-de-atuacao/pesquisas-estatisticas-e-indicadores/ideb/resultados,https://download.inep.gov.br/ideb/resultados/divulgacao_regioes_ufs_ideb_2025.zip
41,PR,Pública,Total,Anos finais,ideb,4.3,IDEB,2015,ideb-2025-regioes_ufs,VL_OBSERVADO_2015,available,Regular,INEP,2026-10-06T18:06:37.031241+00:00,https://www.gov.br/inep/pt-br/areas-de-atuacao/pesquisas-estatisticas-e-indicadores/ideb/resultados,https://download.inep.gov.br/ideb/resultados/divulgacao_regioes_ufs_ideb_2025.zip
41,PR,Pública,Total,Anos finais,ideb,4.7,IDEB,2017,ideb-2025-regioes_ufs,VL_OBSERVADO_2017,available,Regular,INEP,2026-10-06T18:06:37.031241+00:00,https://www.gov.br/inep/pt-br/areas-de-atuacao/pesquisas-estatisticas-e-indicadores/ideb/resultados,https://download.inep.gov.br/ideb/resultados/divulgacao_regioes_ufs_ideb_2025.zip
41,PR,Pública,Total,Anos finais,ideb,5.1,IDEB,2019,ideb-2025-regioes_ufs,VL_OBSERVADO_2019,available,Regular,INEP,2026-10-06T18:06:37.031241+00:00,https://www.gov.br/inep/pt-br/areas-de-atuacao/pesquisas-estatisticas-e-indicadores/ideb/resultados,https://download.inep.gov.br/ideb/resultados/divulgacao_regioes_ufs_ideb_2025.zip
41,PR,Pública,Total,Anos finais,ideb,5.2,IDEB,2021,ideb-2025-regioes_ufs,VL_OBSERVADO_2021,available,Regular,INEP,2026-10-06T18:06:37.031241+00:00,https://www.gov.br/inep/pt-br/areas-de-atuacao/pesquisas-estatisticas-e-indicadores/ideb/resultados,https://download.inep.gov.br/ideb/resultados/divulgacao_regioes_ufs_ideb_2025.zip
41,PR,Pública,Total,Anos finais,ideb,5.4,IDEB,2023,ideb-2025-regioes_ufs,VL_OBSERVADO_2023,available,Regular,INEP,2026-10-06T18:06:37.031241+00:00,https://www.gov.br/inep/pt-br/areas-de-atuacao/pesquisas-estatisticas-e-indicadores/ideb/resultados,https://download.inep.gov.br/ideb/resultados/divulgacao_regioes_ufs_ideb_2025.zip
41,PR,Pública,Total,Anos finais,ideb,5.8,IDEB,2025,ideb-2025-regioes_ufs,VL_OBSERVADO_2025,available,Regular,INEP,2026-10-06T18:06:37.031241+00:00,https://www.gov.br/inep/pt-br/areas-de-atuacao/pesquisas-estatisticas-e-indicadores/ideb/resultados,https://download.inep.gov.br/ideb/resultados/divulgacao_regioes_ufs_ideb_2025.zip
41,PR,Privada,Total,Anos finais,ideb,6.2,IDEB,2005,ideb-2025-regioes_ufs,VL_OBSERVADO_2005,available,Regular,INEP,2026-10-06T18:06:37.031241+00:00,https://www.gov.br/inep/pt-br/areas-de-atuacao/pesquisas-estatisticas-e-indicadores/ideb/resultados,https://download.inep.gov.br/ideb/resultados/divulgacao_regioes_ufs_ideb_2025.zip
41,PR,Privada,Total,Anos finais,ideb,6.5,IDEB,2007,ideb-2025-regioes_ufs,VL_OBSERVADO_2007,available,Regular,INEP,2026-10-06T18:06:37.031241+00:00,https://www.gov.br/inep/pt-br/areas-de-atuacao/pesquisas-estatisticas-e-indicadores/ideb/resultados,https://download.inep.gov.br/ideb/resultados/divulgacao_regioes_ufs_ideb_2025.zip
41,PR,Privada,Total,Anos finais,ideb,6.5,IDEB,2009,ideb-2025-regioes_ufs,VL_OBSERVADO_2009,available,Regular,INEP,2026-10-06T18:06:37.031241+00:00,https://www.gov.br/inep/pt-br/areas-de-atuacao/pesquisas-estatisticas-e-indicadores/ideb/resultados,https://download.inep.gov.br/ideb/resultados/divulgacao_regioes_ufs_ideb_2025.zip
41,PR,Privada,Total,Anos finais,ideb,6.3,IDEB,2011,ideb-2025-regioes_ufs,VL_OBSERVADO_2011,available,Regular,INEP,2026-10-06T18:06:37.031241+00:00,https://www.gov.br/inep/pt-br/areas-de-atuacao/pesquisas-estatisticas-e-indicadores/ideb/resultados,https://download.inep.gov.br/ideb/resultados/divulgacao_regioes_ufs_ideb_2025.zip
41,PR,Privada,Total,Anos finais,ideb,6.4,IDEB,2013,ideb-2025-regioes_ufs,VL_OBSERVADO_2013,available,Regular,INEP,2026-10-06T18:06:37.031241+00:00,https://www.gov.br/inep/pt-br/areas-de-atuacao/pesquisas-estatisticas-e-indicadores/ideb/resultados,https://download.inep.gov.br/ideb/resultados/divulgacao_regioes_ufs_ideb_2025.zip
41,PR,Privada,Total,Anos finais,ideb,6.5,IDEB,2015,ideb-2025-regioes_ufs,VL_OBSERVADO_2015,available,Regular,INEP,2026-10-06T18:06:37.031241+00:00,https://www.gov.br/inep/pt-br/areas-de-atuacao/pesquisas-estatisticas-e-indicadores/ideb/resultados,https://download.inep.gov.br/ideb/resultados/divulgacao_regioes_ufs_ideb_2025.zip
41,PR,Privada,Total,Anos finais,ideb,6.7,IDEB,2017,ideb-2025-regioes_ufs,VL_OBSERVADO_2017,available,Regular,INEP,2026-10-06T18:06:37.031241+00:00,https://www.gov.br/inep/pt-br/areas-de-atuacao/pesquisas-estatisticas-e-indicadores/ideb/resultados,https://download.inep.gov.br/ideb/resultados/divulgacao_regioes_ufs_ideb_2025.zip
41,PR,Privada,Total,Anos finais,ideb,6.7,IDEB,2019,ideb-2025-regioes_ufs,VL_OBSERVADO_2019,available,Regular,INEP,2026-10-06T18:06:37.031241+00:00,https://www.gov.br/inep/pt-br/areas-de-atuacao/pesquisas-estatisticas-e-indicadores/ideb/resultados,https://download.inep.gov.br/ideb/resultados/divulgacao_regioes_ufs_ideb_2025.zip
41,PR,Privada,Total,Anos finais,ideb,6.6,IDEB,2021,ideb-2025-regioes_ufs,VL_OBSERVADO_2021,available,Regular,INEP,2026-10-06T18:06:37.031241+00:00,https://www.gov.br/inep/pt-br/areas-de-atuacao/pesquisas-estatisticas-e-indicadores/ideb/resultados,https://download.inep.gov.br/ideb/resultados/divulgacao_regioes_ufs_ideb_2025.zip
41,PR,Privada,Total,Anos finais,ideb,6.4,IDEB,2023,ideb-2025-regioes_ufs,VL_OBSERVADO_2023,available,Regular,INEP,2026-10-06T18:06:37.031241+00:00,https://www.gov.br/inep/pt-br/areas-de-atuacao/pesquisas-estatisticas-e-indicadores/ideb/resultados,https://download.inep.gov.br/ideb/resultados/divulgacao_regioes_ufs_ideb_2025.zip
41,PR,Privada,Total,Anos finais,ideb,6.6,IDEB,2025,ideb-2025-regioes_ufs,VL_OBSERVADO_2025,available,Regular,INEP,2026-10-06T18:06:37.031241+00:00,https://www.gov.br/inep/pt-br/areas-de-atuacao/pesquisas-estatisticas-e-indicadores/ideb/resultados,https://download.inep.gov.br/ideb/resultados/divulgacao_regioes_ufs_ideb_2025.zip
41,PR,Estadual,Total,Anos finais,ideb,3.3,IDEB,2005,ideb-2025-regioes_ufs,VL_OBSERVADO_2005,available,Regular,INEP,2026-10-06T18:06:37.031241+00:00,https://www.gov.br/inep/pt-br/areas-de-atuacao/pesquisas-estatisticas-e-indicadores/ideb/resultados,https://download.inep.gov.br/ideb/resultados/divulgacao_regioes_ufs_ideb_2025.zip
41,PR,Estadual,Total,Anos finais,ideb,4.0,IDEB,2007,ideb-2025-regioes_ufs,VL_OBSERVADO_2007,available,Regular,INEP,2026-10-06T18:06:37.031241+00:00,https://www.gov.br/inep/pt-br/areas-de-atuacao/pesquisas-estatisticas-e-indicadores/ideb/resultados,https://download.inep.gov.br/ideb/resultados/divulgacao_regioes_ufs_ideb_2025.zip
41,PR,Estadual,Total,Anos finais,ideb,4.1,IDEB,2009,ideb-2025-regioes_ufs,VL_OBSERVADO_2009,available,Regular,INEP,2026-10-06T18:06:37.031241+00:00,https://www.gov.br/inep/pt-br/areas-de-atuacao/pesquisas-estatisticas-e-indicadores/ideb/resultados,https://download.inep.gov.br/ideb/resultados/divulgacao_regioes_ufs_ideb_2025.zip
41,PR,Estadual,Total,Anos finais,ideb,4.0,IDEB,2011,ideb-2025-regioes_ufs,VL_OBSERVADO_2011,available,Regular,INEP,2026-10-06T18:06:37.031241+00:00,https://www.gov.br/inep/pt-br/areas-de-atuacao/pesquisas-estatisticas-e-indicadores/ideb/resultados,https://download.inep.gov.br/ideb/resultados/divulgacao_regioes_ufs_ideb_2025.zip
41,PR,Estadual,Total,Anos finais,ideb,4.1,IDEB,2013,ideb-2025-regioes_ufs,VL_OBSERVADO_2013,available,Regular,INEP,2026-10-06T18:06:37.031241+00:00,https://www.gov.br/inep/pt-br/areas-de-atuacao/pesquisas-estatisticas-e-indicadores/ideb/resultados,https://download.inep.gov.br/ideb/resultados/divulgacao_regioes_ufs_ideb_2025.zip
41,PR,Estadual,Total,Anos finais,ideb,4.3,IDEB,2015,ideb-2025-regioes_ufs,VL_OBSERVADO_2015,available,Regular,INEP,2026-10-06T18:06:37.031241+00:00,https://www.gov.br/inep/pt-br/areas-de-atuacao/pesquisas-estatisticas-e-indicadores/ideb/resultados,https://download.inep.gov.br/ideb/resultados/divulgacao_regioes_ufs_ideb_2025.zip
41,PR,Estadual,Total,Anos finais,ideb,4.6,IDEB,2017,ideb-2025-regioes_ufs,VL_OBSERVADO_2017,available,Regular,INEP,2026-10-06T18:06:37.031241+00:00,https://www.gov.br/inep/pt-br/areas-de-atuacao/pesquisas-estatisticas-e-indicadores/ideb/resultados,https://download.inep.gov.br/ideb/resultados/divulgacao_regioes_ufs_ideb_2025.zip
41,PR,Estadual,Total,Anos finais,ideb,5.1,IDEB,2019,ideb-2025-regioes_ufs,VL_OBSERVADO_2019,available,Regular,INEP,2026-10-06T18:06:37.031241+00:00,https://www.gov.br/inep/pt-br/areas-de-atuacao/pesquisas-estatisticas-e-indicadores/ideb/resultados,https://download.inep.gov.br/ideb/resultados/divulgacao_regioes_ufs_ideb_2025.zip
41,PR,Estadual,Total,Anos finais,ideb,5.2,IDEB,2021,ideb-2025-regioes_ufs,VL_OBSERVADO_2021,available,Regular,INEP,2026-10-06T18:06:37.031241+00:00,https://www.gov.br/inep/pt-br/areas-de-atuacao/pesquisas-estatisticas-e-indicadores/ideb/resultados,https://download.inep.gov.br/ideb/resultados/divulgacao_regioes_ufs_ideb_2025.zip
41,PR,Estadual,Total,Anos finais,ideb,5.4,IDEB,2023,ideb-2025-regioes_ufs,VL_OBSERVADO_2023,available,Regular,INEP,2026-10-06T18:06:37.031241+00:00,https://www.gov.br/inep/pt-br/areas-de-atuacao/pesquisas-estatisticas-e-indicadores/ideb/resultados,https://download.inep.gov.br/ideb/resultados/divulgacao_regioes_ufs_ideb_2025.zip
41,PR,Estadual,Total,Anos finais,ideb,5.8,IDEB,2025,ideb-2025-regioes_ufs,VL_OBSERVADO_2025,available,Regular,INEP,2026-10-06T18:06:37.031241+00:00,https://www.gov.br/inep/pt-br/areas-de-atuacao/pesquisas-estatisticas-e-indicadores/ideb/resultados,https://download.inep.gov.br/ideb/resultados/divulgacao_regioes_ufs_ideb_2025.zip
41,PR,Total,Total,Ensino médio,ideb,3.6,IDEB,2005,ideb-2025-regioes_ufs,VL_OBSERVADO_2005,available,Regular,INEP,2026-10-06T18:06:37.031241+00:00,https://www.gov.br/inep/pt-br/areas-de-atuacao/pesquisas-estatisticas-e-indicadores/ideb/resultados,https://download.inep.gov.br/ideb/resultados/divulgacao_regioes_ufs_ideb_2025.zip
41,PR,Total,Total,Ensino médio,ideb,4.0,IDEB,2007,ideb-2025-regioes_ufs,VL_OBSERVADO_2007,available,Regular,INEP,2026-10-06T18:06:37.031241+00:00,https://www.gov.br/inep/pt-br/areas-de-atuacao/pesquisas-estatisticas-e-indicadores/ideb/resultados,https://download.inep.gov.br/ideb/resultados/divulgacao_regioes_ufs_ideb_2025.zip
41,PR,Total,Total,Ensino médio,ideb,4.2,IDEB,2009,ideb-2025-regioes_ufs,VL_OBSERVADO_2009,available,Regular,INEP,2026-10-06T18:06:37.031241+00:00,https://www.gov.br/inep/pt-br/areas-de-atuacao/pesquisas-estatisticas-e-indicadores/ideb/resultados,https://download.inep.gov.br/ideb/resultados/divulgacao_regioes_ufs_ideb_2025.zip
41,PR,Total,Total,Ensino médio,ideb,4.0,IDEB,2011,ideb-2025-regioes_ufs,VL_OBSERVADO_2011,available,Regular,INEP,2026-10-06T18:06:37.031241+00:00,https://www.gov.br/inep/pt-br/areas-de-atuacao/pesquisas-estatisticas-e-indicadores/ideb/resultados,https://download.inep.gov.br/ideb/resultados/divulgacao_regioes_ufs_ideb_2025.zip
41,PR,Total,Total,Ensino médio,ideb,3.8,IDEB,2013,ideb-2025-regioes_ufs,VL_OBSERVADO_2013,available,Regular,INEP,2026-10-06T18:06:37.031241+00:00,https://www.gov.br/inep/pt-br/areas-de-atuacao/pesquisas-estatisticas-e-indicadores/ideb/resultados,https://download.inep.gov.br/ideb/resultados/divulgacao_regioes_ufs_ideb_2025.zip
41,PR,Total,Total,Ensino médio,ideb,3.9,IDEB,2015,ideb-2025-regioes_ufs,VL_OBSERVADO_2015,available,Regular,INEP,2026-10-06T18:06:37.031241+00:00,https://www.gov.br/inep/pt-br/areas-de-atuacao/pesquisas-estatisticas-e-indicadores/ideb/resultados,https://download.inep.gov.br/ideb/resultados/divulgacao_regioes_ufs_ideb_2025.zip
41,PR,Total,Total,Ensino médio,ideb,4.0,IDEB,2017,ideb-2025-regioes_ufs,VL_OBSERVADO_2017,available,Regular,INEP,2026-10-06T18:06:37.031241+00:00,https://www.gov.br/inep/pt-br/areas-de-atuacao/pesquisas-estatisticas-e-indicadores/ideb/resultados,https://download.inep.gov.br/ideb/resultados/divulgacao_regioes_ufs_ideb_2025.zip
41,PR,Total,Total,Ensino médio,ideb,4.7,IDEB,2019,ideb-2025-regioes_ufs,VL_OBSERVADO_2019,available,Regular,INEP,2026-10-06T18:06:37.031241+00:00,https://www.gov.br/inep/pt-br/areas-de-atuacao/pesquisas-estatisticas-e-indicadores/ideb/resultados,https://download.inep.gov.br/ideb/resultados/divulgacao_regioes_ufs_ideb_2025.zip
41,PR,Total,Total,Ensino médio,ideb,4.8,IDEB,2021,ideb-2025-regioes_ufs,VL_OBSERVADO_2021,available,Regular,INEP,2026-10-06T18:06:37.031241+00:00,https://www.gov.br/inep/pt-br/areas-de-atuacao/pesquisas-estatisticas-e-indicadores/ideb/resultados,https://download.inep.gov.br/ideb/resultados/divulgacao_regioes_ufs_ideb_2025.zip
41,PR,Total,Total,Ensino médio,ideb,4.9,IDEB,2023,ideb-2025-regioes_ufs,VL_OBSERVADO_2023,available,Regular,INEP,2026-10-06T18:06:37.031241+00:00,https://www.gov.br/inep/pt-br/areas-de-atuacao/pesquisas-estatisticas-e-indicadores/ideb/resultados,https://download.inep.gov.br/ideb/resultados/divulgacao_regioes_ufs_ideb_2025.zip
41,PR,Total,Total,Ensino médio,ideb,5.1,IDEB,2025,ideb-2025-regioes_ufs,VL_OBSERVADO_2025,available,Regular,INEP,2026-10-06T18:06:37.031241+00:00,https://www.gov.br/inep/pt-br/areas-de-atuacao/pesquisas-estatisticas-e-indicadores/ideb/resultados,https://download.inep.gov.br/ideb/resultados/divulgacao_regioes_ufs_ideb_2025.zip
41,PR,Privada,Total,Ensino médio,ideb,5.8,IDEB,2005,ideb-2025-regioes_ufs,VL_OBSERVADO_2005,available,Regular,INEP,2026-10-06T18:06:37.031241+00:00,https://www.gov.br/inep/pt-br/areas-de-atuacao/pesquisas-estatisticas-e-indicadores/ideb/resultados,https://download.inep.gov.br/ideb/resultados/divulgacao_regioes_ufs_ideb_2025.zip
41,PR,Privada,Total,Ensino médio,ideb,6.1,IDEB,2007,ideb-2025-regioes_ufs,VL_OBSERVADO_2007,available,Regular,INEP,2026-10-06T18:06:37.031241+00:00,https://www.gov.br/inep/pt-br/areas-de-atuacao/pesquisas-estatisticas-e-indicadores/ideb/resultados,https://download.inep.gov.br/ideb/resultados/divulgacao_regioes_ufs_ideb_2025.zip
41,PR,Privada,Total,Ensino médio,ideb,6.1,IDEB,2009,ideb-2025-regioes_ufs,VL_OBSERVADO_2009,available,Regular,INEP,2026-10-06T18:06:37.031241+00:00,https://www.gov.br/inep/pt-br/areas-de-atuacao/pesquisas-estatisticas-e-indicadores/ideb/resultados,https://download.inep.gov.br/ideb/resultados/divulgacao_regioes_ufs_ideb_2025.zip
41,PR,Privada,Total,Ensino médio,ideb,6.1,IDEB,2011,ideb-2025-regioes_ufs,VL_OBSERVADO_2011,available,Regular,INEP,2026-10-06T18:06:37.031241+00:00,https://www.gov.br/inep/pt-br/areas-de-atuacao/pesquisas-estatisticas-e-indicadores/ideb/resultados,https://download.inep.gov.br/ideb/resultados/divulgacao_regioes_ufs_ideb_2025.zip
41,PR,Privada,Total,Ensino médio,ideb,5.7,IDEB,2013,ideb-2025-regioes_ufs,VL_OBSERVADO_2013,available,Regular,INEP,2026-10-06T18:06:37.031241+00:00,https://www.gov.br/inep/pt-br/areas-de-atuacao/pesquisas-estatisticas-e-indicadores/ideb/resultados,https://download.inep.gov.br/ideb/resultados/divulgacao_regioes_ufs_ideb_2025.zip
41,PR,Privada,Total,Ensino médio,ideb,5.5,IDEB,2015,ideb-2025-regioes_ufs,VL_OBSERVADO_2015,available,Regular,INEP,2026-10-06T18:06:37.031241+00:00,https://www.gov.br/inep/pt-br/areas-de-atuacao/pesquisas-estatisticas-e-indicadores/ideb/resultados,https://download.inep.gov.br/ideb/resultados/divulgacao_regioes_ufs_ideb_2025.zip
41,PR,Privada,Total,Ensino médio,ideb,5.9,IDEB,2017,ideb-2025-regioes_ufs,VL_OBSERVADO_2017,available,Regular,INEP,2026-10-06T18:06:37.031241+00:00,https://www.gov.br/inep/pt-br/areas-de-atuacao/pesquisas-estatisticas-e-indicadores/ideb/resultados,https://download.inep.gov.br/ideb/resultados/divulgacao_regioes_ufs_ideb_2025.zip
41,PR,Privada,Total,Ensino médio,ideb,6.4,IDEB,2019,ideb-2025-regioes_ufs,VL_OBSERVADO_2019,available,Regular,INEP,2026-10-06T18:06:37.031241+00:00,https://www.gov.br/inep/pt-br/areas-de-atuacao/pesquisas-estatisticas-e-indicadores/ideb/resultados,https://download.inep.gov.br/ideb/resultados/divulgacao_regioes_ufs_ideb_2025.zip
41,PR,Privada,Total,Ensino médio,ideb,6.0,IDEB,2021,ideb-2025-regioes_ufs,VL_OBSERVADO_2021,available,Regular,INEP,2026-10-06T18:06:37.031241+00:00,https://www.gov.br/inep/pt-br/areas-de-atuacao/pesquisas-estatisticas-e-indicadores/ideb/resultados,https://download.inep.gov.br/ideb/resultados/divulgacao_regioes_ufs_ideb_2025.zip
41,PR,Privada,Total,Ensino médio,ideb,5.9,IDEB,2023,ideb-2025-regioes_ufs,VL_OBSERVADO_2023,available,Regular,INEP,2026-10-06T18:06:37.031241+00:00,https://www.gov.br/inep/pt-br/areas-de-atuacao/pesquisas-estatisticas-e-indicadores/ideb/resultados,https://download.inep.gov.br/ideb/resultados/divulgacao_regioes_ufs_ideb_2025.zip
41,PR,Privada,Total,Ensino médio,ideb,5.9,IDEB,2025,ideb-2025-regioes_ufs,VL_OBSERVADO_2025,available,Regular,INEP,2026-10-06T18:06:37.031241+00:00,https://www.gov.br/inep/pt-br/areas-de-atuacao/pesquisas-estatisticas-e-indicadores/ideb/resultados,https://download.inep.gov.br/ideb/resultados/divulgacao_regioes_ufs_ideb_2025.zip
41,PR,Estadual,Total,Ensino médio,ideb,3.3,IDEB,2005,ideb-2025-regioes_ufs,VL_OBSERVADO_2005,available,Regular,INEP,2026-10-06T18:06:37.031241+00:00,https://www.gov.br/inep/pt-br/areas-de-atuacao/pesquisas-estatisticas-e-indicadores/ideb/resultados,https://download.inep.gov.br/ideb/resultados/divulgacao_regioes_ufs_ideb_2025.zip
41,PR,Estadual,Total,Ensino médio,ideb,3.7,IDEB,2007,ideb-2025-regioes_ufs,VL_OBSERVADO_2007,available,Regular,INEP,2026-10-06T18:06:37.031241+00:00,https://www.gov.br/inep/pt-br/areas-de-atuacao/pesquisas-estatisticas-e-indicadores/ideb/resultados,https://download.inep.gov.br/ideb/resultados/divulgacao_regioes_ufs_ideb_2025.zip
41,PR,Estadual,Total,Ensino médio,ideb,3.9,IDEB,2009,ideb-2025-regioes_ufs,VL_OBSERVADO_2009,available,Regular,INEP,2026-10-06T18:06:37.031241+00:00,https://www.gov.br/inep/pt-br/areas-de-atuacao/pesquisas-estatisticas-e-indicadores/ideb/resultados,https://download.inep.gov.br/ideb/resultados/divulgacao_regioes_ufs_ideb_2025.zip
41,PR,Estadual,Total,Ensino médio,ideb,3.7,IDEB,2011,ideb-2025-regioes_ufs,VL_OBSERVADO_2011,available,Regular,INEP,2026-10-06T18:06:37.031241+00:00,https://www.gov.br/inep/pt-br/areas-de-atuacao/pesquisas-estatisticas-e-indicadores/ideb/resultados,https://download.inep.gov.br/ideb/resultados/divulgacao_regioes_ufs_ideb_2025.zip
41,PR,Estadual,Total,Ensino médio,ideb,3.4,IDEB,2013,ideb-2025-regioes_ufs,VL_OBSERVADO_2013,available,Regular,INEP,2026-10-06T18:06:37.031241+00:00,https://www.gov.br/inep/pt-br/areas-de-atuacao/pesquisas-estatisticas-e-indicadores/ideb/resultados,https://download.inep.gov.br/ideb/resultados/divulgacao_regioes_ufs_ideb_2025.zip
41,PR,Estadual,Total,Ensino médio,ideb,3.6,IDEB,2015,ideb-2025-regioes_ufs,VL_OBSERVADO_2015,available,Regular,INEP,2026-10-06T18:06:37.031241+00:00,https://www.gov.br/inep/pt-br/areas-de-atuacao/pesquisas-estatisticas-e-indicadores/ideb/resultados,https://download.inep.gov.br/ideb/resultados/divulgacao_regioes_ufs_ideb_2025.zip
41,PR,Estadual,Total,Ensino médio,ideb,3.7,IDEB,2017,ideb-2025-regioes_ufs,VL_OBSERVADO_2017,available,Regular,INEP,2026-10-06T18:06:37.031241+00:00,https://www.gov.br/inep/pt-br/areas-de-atuacao/pesquisas-estatisticas-e-indicadores/ideb/resultados,https://download.inep.gov.br/ideb/resultados/divulgacao_regioes_ufs_ideb_2025.zip
41,PR,Estadual,Total,Ensino médio,ideb,4.4,IDEB,2019,ideb-2025-regioes_ufs,VL_OBSERVADO_2019,available,Regular,INEP,2026-10-06T18:06:37.031241+00:00,https://www.gov.br/inep/pt-br/areas-de-atuacao/pesquisas-estatisticas-e-indicadores/ideb/resultados,https://download.inep.gov.br/ideb/resultados/divulgacao_regioes_ufs_ideb_2025.zip
41,PR,Estadual,Total,Ensino médio,ideb,4.6,IDEB,2021,ideb-2025-regioes_ufs,VL_OBSERVADO_2021,available,Regular,INEP,2026-10-06T18:06:37.031241+00:00,https://www.gov.br/inep/pt-br/areas-de-atuacao/pesquisas-estatisticas-e-indicadores/ideb/resultados,https://download.inep.gov.br/ideb/resultados/divulgacao_regioes_ufs_ideb_2025.zip
41,PR,Estadual,Total,Ensino médio,ideb,4.7,IDEB,2023,ideb-2025-regioes_ufs,VL_OBSERVADO_2023,available,Regular,INEP,2026-10-06T18:06:37.031241+00:00,https://www.gov.br/inep/pt-br/areas-de-atuacao/pesquisas-estatisticas-e-indicadores/ideb/resultados,https://download.inep.gov.br/ideb/resultados/divulgacao_regioes_ufs_ideb_2025.zip
41,PR,Estadual,Total,Ensino médio,ideb,5.1,IDEB,2025,ideb-2025-regioes_ufs,VL_OBSERVADO_2025,available,Regular,INEP,2026-10-06T18:06:37.031241+00:00,https://www.gov.br/inep/pt-br/areas-de-atuacao/pesquisas-estatisticas-e-indicadores/ideb/resultados,https://download.inep.gov.br/ideb/resultados/divulgacao_regioes_ufs_ideb_2025.zip
4109401,PR,Municipal,Total,Anos iniciais,ideb,4.3,IDEB,2005,ideb-2025-anos_iniciais,VL_OBSERVADO_2005,available,Regular,INEP,2026-10-06T18:06:37.031241+00:00,https://www.gov.br/inep/pt-br/areas-de-atuacao/pesquisas-estatisticas-e-indicadores/ideb/resultados,https://download.inep.gov.br/ideb/resultados/divulgacao_anos_iniciais_municipios_2025.zip
4109401,PR,Municipal,Total,Anos iniciais,ideb,4.1,IDEB,2007,ideb-2025-anos_iniciais,VL_OBSERVADO_2007,available,Regular,INEP,2026-10-06T18:06:37.031241+00:00,https://www.gov.br/inep/pt-br/areas-de-atuacao/pesquisas-estatisticas-e-indicadores/ideb/resultados,https://download.inep.gov.br/ideb/resultados/divulgacao_anos_iniciais_municipios_2025.zip
4109401,PR,Municipal,Total,Anos iniciais,ideb,5.1,IDEB,2009,ideb-2025-anos_iniciais,VL_OBSERVADO_2009,available,Regular,INEP,2026-10-06T18:06:37.031241+00:00,https://www.gov.br/inep/pt-br/areas-de-atuacao/pesquisas-estatisticas-e-indicadores/ideb/resultados,https://download.inep.gov.br/ideb/resultados/divulgacao_anos_iniciais_municipios_2025.zip
4109401,PR,Municipal,Total,Anos iniciais,ideb,5.2,IDEB,2011,ideb-2025-anos_iniciais,VL_OBSERVADO_2011,available,Regular,INEP,2026-10-06T18:06:37.031241+00:00,https://www.gov.br/inep/pt-br/areas-de-atuacao/pesquisas-estatisticas-e-indicadores/ideb/resultados,https://download.inep.gov.br/ideb/resultados/divulgacao_anos_iniciais_municipios_2025.zip
4109401,PR,Municipal,Total,Anos iniciais,ideb,5.8,IDEB,2013,ideb-2025-anos_iniciais,VL_OBSERVADO_2013,available,Regular,INEP,2026-10-06T18:06:37.031241+00:00,https://www.gov.br/inep/pt-br/areas-de-atuacao/pesquisas-estatisticas-e-indicadores/ideb/resultados,https://download.inep.gov.br/ideb/resultados/divulgacao_anos_iniciais_municipios_2025.zip
4109401,PR,Municipal,Total,Anos iniciais,ideb,6.0,IDEB,2015,ideb-2025-anos_iniciais,VL_OBSERVADO_2015,available,Regular,INEP,2026-10-06T18:06:37.031241+00:00,https://www.gov.br/inep/pt-br/areas-de-atuacao/pesquisas-estatisticas-e-indicadores/ideb/resultados,https://download.inep.gov.br/ideb/resultados/divulgacao_anos_iniciais_municipios_2025.zip
4109401,PR,Municipal,Total,Anos iniciais,ideb,6.4,IDEB,2017,ideb-2025-anos_iniciais,VL_OBSERVADO_2017,available,Regular,INEP,2026-10-06T18:06:37.031241+00:00,https://www.gov.br/inep/pt-br/areas-de-atuacao/pesquisas-estatisticas-e-indicadores/ideb/resultados,https://download.inep.gov.br/ideb/resultados/divulgacao_anos_iniciais_municipios_2025.zip
4109401,PR,Municipal,Total,Anos iniciais,ideb,6.3,IDEB,2019,ideb-2025-anos_iniciais,VL_OBSERVADO_2019,available,Regular,INEP,2026-10-06T18:06:37.031241+00:00,https://www.gov.br/inep/pt-br/areas-de-atuacao/pesquisas-estatisticas-e-indicadores/ideb/resultados,https://download.inep.gov.br/ideb/resultados/divulgacao_anos_iniciais_municipios_2025.zip
4109401,PR,Municipal,Total,Anos iniciais,ideb,5.7,IDEB,2021,ideb-2025-anos_iniciais,VL_OBSERVADO_2021,available,Regular,INEP,2026-10-06T18:06:37.031241+00:00,https://www.gov.br/inep/pt-br/areas-de-atuacao/pesquisas-estatisticas-e-indicadores/ideb/resultados,https://download.inep.gov.br/ideb/resultados/divulgacao_anos_iniciais_municipios_2025.zip
4109401,PR,Municipal,Total,Anos iniciais,ideb,6.3,IDEB,2023,ideb-2025-anos_iniciais,VL_OBSERVADO_2023,available,Regular,INEP,2026-10-06T18:06:37.031241+00:00,https://www.gov.br/inep/pt-br/areas-de-atuacao/pesquisas-estatisticas-e-indicadores/ideb/resultados,https://download.inep.gov.br/ideb/resultados/divulgacao_anos_iniciais_municipios_2025.zip
4109401,PR,Municipal,Total,Anos iniciais,ideb,6.7,IDEB,2025,ideb-2025-anos_iniciais,VL_OBSERVADO_2025,available,Regular,INEP,2026-10-06T18:06:37.031241+00:00,https://www.gov.br/inep/pt-br/areas-de-atuacao/pesquisas-estatisticas-e-indicadores/ideb/resultados,https://download.inep.gov.br/ideb/resultados/divulgacao_anos_iniciais_municipios_2025.zip
4109401,PR,Pública,Total,Anos iniciais,ideb,4.3,IDEB,2005,ideb-2025-anos_iniciais,VL_OBSERVADO_2005,available,Regular,INEP,2026-10-06T18:06:37.031241+00:00,https://www.gov.br/inep/pt-br/areas-de-atuacao/pesquisas-estatisticas-e-indicadores/ideb/resultados,https://download.inep.gov.br/ideb/resultados/divulgacao_anos_iniciais_municipios_2025.zip
4109401,PR,Pública,Total,Anos iniciais,ideb,4.1,IDEB,2007,ideb-2025-anos_iniciais,VL_OBSERVADO_2007,available,Regular,INEP,2026-10-06T18:06:37.031241+00:00,https://www.gov.br/inep/pt-br/areas-de-atuacao/pesquisas-estatisticas-e-indicadores/ideb/resultados,https://download.inep.gov.br/ideb/resultados/divulgacao_anos_iniciais_municipios_2025.zip
4109401,PR,Pública,Total,Anos iniciais,ideb,5.1,IDEB,2009,ideb-2025-anos_iniciais,VL_OBSERVADO_2009,available,Regular,INEP,2026-10-06T18:06:37.031241+00:00,https://www.gov.br/inep/pt-br/areas-de-atuacao/pesquisas-estatisticas-e-indicadores/ideb/resultados,https://download.inep.gov.br/ideb/resultados/divulgacao_anos_iniciais_municipios_2025.zip
4109401,PR,Pública,Total,Anos iniciais,ideb,5.2,IDEB,2011,ideb-2025-anos_iniciais,VL_OBSERVADO_2011,available,Regular,INEP,2026-10-06T18:06:37.031241+00:00,https://www.gov.br/inep/pt-br/areas-de-atuacao/pesquisas-estatisticas-e-indicadores/ideb/resultados,https://download.inep.gov.br/ideb/resultados/divulgacao_anos_iniciais_municipios_2025.zip
4109401,PR,Pública,Total,Anos iniciais,ideb,5.8,IDEB,2013,ideb-2025-anos_iniciais,VL_OBSERVADO_2013,available,Regular,INEP,2026-10-06T18:06:37.031241+00:00,https://www.gov.br/inep/pt-br/areas-de-atuacao/pesquisas-estatisticas-e-indicadores/ideb/resultados,https://download.inep.gov.br/ideb/resultados/divulgacao_anos_iniciais_municipios_2025.zip
4109401,PR,Pública,Total,Anos iniciais,ideb,6.0,IDEB,2015,ideb-2025-anos_iniciais,VL_OBSERVADO_2015,available,Regular,INEP,2026-10-06T18:06:37.031241+00:00,https://www.gov.br/inep/pt-br/areas-de-atuacao/pesquisas-estatisticas-e-indicadores/ideb/resultados,https://download.inep.gov.br/ideb/resultados/divulgacao_anos_iniciais_municipios_2025.zip
4109401,PR,Pública,Total,Anos iniciais,ideb,6.4,IDEB,2017,ideb-2025-anos_iniciais,VL_OBSERVADO_2017,available,Regular,INEP,2026-10-06T18:06:37.031241+00:00,https://www.gov.br/inep/pt-br/areas-de-atuacao/pesquisas-estatisticas-e-indicadores/ideb/resultados,https://download.inep.gov.br/ideb/resultados/divulgacao_anos_iniciais_municipios_2025.zip
4109401,PR,Pública,Total,Anos iniciais,ideb,6.3,IDEB,2019,ideb-2025-anos_iniciais,VL_OBSERVADO_2019,available,Regular,INEP,2026-10-06T18:06:37.031241+00:00,https://www.gov.br/inep/pt-br/areas-de-atuacao/pesquisas-estatisticas-e-indicadores/ideb/resultados,https://download.inep.gov.br/ideb/resultados/divulgacao_anos_iniciais_municipios_2025.zip
4109401,PR,Pública,Total,Anos iniciais,ideb,5.7,IDEB,2021,ideb-2025-anos_iniciais,VL_OBSERVADO_2021,available,Regular,INEP,2026-10-06T18:06:37.031241+00:00,https://www.gov.br/inep/pt-br/areas-de-atuacao/pesquisas-estatisticas-e-indicadores/ideb/resultados,https://download.inep.gov.br/ideb/resultados/divulgacao_anos_iniciais_municipios_2025.zip
4109401,PR,Pública,Total,Anos iniciais,ideb,6.3,IDEB,2023,ideb-2025-anos_iniciais,VL_OBSERVADO_2023,available,Regular,INEP,2026-10-06T18:06:37.031241+00:00,https://www.gov.br/inep/pt-br/areas-de-atuacao/pesquisas-estatisticas-e-indicadores/ideb/resultados,https://download.inep.gov.br/ideb/resultados/divulgacao_anos_iniciais_municipios_2025.zip
4109401,PR,Pública,Total,Anos iniciais,ideb,6.7,IDEB,2025,ideb-2025-anos_iniciais,VL_OBSERVADO_2025,available,Regular,INEP,2026-10-06T18:06:37.031241+00:00,https://www.gov.br/inep/pt-br/areas-de-atuacao/pesquisas-estatisticas-e-indicadores/ideb/resultados,https://download.inep.gov.br/ideb/resultados/divulgacao_anos_iniciais_municipios_2025.zip
4113254,PR,Municipal,Total,Anos iniciais,ideb,3.0,IDEB,2005,ideb-2025-anos_iniciais,VL_OBSERVADO_2005,available,Regular,INEP,2026-10-06T18:06:37.031241+00:00,https://www.gov.br/inep/pt-br/areas-de-atuacao/pesquisas-estatisticas-e-indicadores/ideb/resultados,https://download.inep.gov.br/ideb/resultados/divulgacao_anos_iniciais_municipios_2025.zip
4113254,PR,Municipal,Total,Anos iniciais,ideb,3.7,IDEB,2007,ideb-2025-anos_iniciais,VL_OBSERVADO_2007,available,Regular,INEP,2026-10-06T18:06:37.031241+00:00,https://www.gov.br/inep/pt-br/areas-de-atuacao/pesquisas-estatisticas-e-indicadores/ideb/resultados,https://download.inep.gov.br/ideb/resultados/divulgacao_anos_iniciais_municipios_2025.zip
4113254,PR,Municipal,Total,Anos iniciais,ideb,3.7,IDEB,2009,ideb-2025-anos_iniciais,VL_OBSERVADO_2009,available,Regular,INEP,2026-10-06T18:06:37.031241+00:00,https://www.gov.br/inep/pt-br/areas-de-atuacao/pesquisas-estatisticas-e-indicadores/ideb/resultados,https://download.inep.gov.br/ideb/resultados/divulgacao_anos_iniciais_municipios_2025.zip
4113254,PR,Municipal,Total,Anos iniciais,ideb,4.1,IDEB,2011,ideb-2025-anos_iniciais,VL_OBSERVADO_2011,available,Regular,INEP,2026-10-06T18:06:37.031241+00:00,https://www.gov.br/inep/pt-br/areas-de-atuacao/pesquisas-estatisticas-e-indicadores/ideb/resultados,https://download.inep.gov.br/ideb/resultados/divulgacao_anos_iniciais_municipios_2025.zip
4113254,PR,Municipal,Total,Anos iniciais,ideb,4.8,IDEB,2013,ideb-2025-anos_iniciais,VL_OBSERVADO_2013,available,Regular,INEP,2026-10-06T18:06:37.031241+00:00,https://www.gov.br/inep/pt-br/areas-de-atuacao/pesquisas-estatisticas-e-indicadores/ideb/resultados,https://download.inep.gov.br/ideb/resultados/divulgacao_anos_iniciais_municipios_2025.zip
4113254,PR,Municipal,Total,Anos iniciais,ideb,4.7,IDEB,2015,ideb-2025-anos_iniciais,VL_OBSERVADO_2015,available,Regular,INEP,2026-10-06T18:06:37.031241+00:00,https://www.gov.br/inep/pt-br/areas-de-atuacao/pesquisas-estatisticas-e-indicadores/ideb/resultados,https://download.inep.gov.br/ideb/resultados/divulgacao_anos_iniciais_municipios_2025.zip
4113254,PR,Municipal,Total,Anos iniciais,ideb,5.1,IDEB,2017,ideb-2025-anos_iniciais,VL_OBSERVADO_2017,available,Regular,INEP,2026-10-06T18:06:37.031241+00:00,https://www.gov.br/inep/pt-br/areas-de-atuacao/pesquisas-estatisticas-e-indicadores/ideb/resultados,https://download.inep.gov.br/ideb/resultados/divulgacao_anos_iniciais_municipios_2025.zip
4113254,PR,Municipal,Total,Anos iniciais,ideb,5.0,IDEB,2019,ideb-2025-anos_iniciais,VL_OBSERVADO_2019,available,Regular,INEP,2026-10-06T18:06:37.031241+00:00,https://www.gov.br/inep/pt-br/areas-de-atuacao/pesquisas-estatisticas-e-indicadores/ideb/resultados,https://download.inep.gov.br/ideb/resultados/divulgacao_anos_iniciais_municipios_2025.zip
4113254,PR,Municipal,Total,Anos iniciais,ideb,5.2,IDEB,2021,ideb-2025-anos_iniciais,VL_OBSERVADO_2021,available,Regular,INEP,2026-10-06T18:06:37.031241+00:00,https://www.gov.br/inep/pt-br/areas-de-atuacao/pesquisas-estatisticas-e-indicadores/ideb/resultados,https://download.inep.gov.br/ideb/resultados/divulgacao_anos_iniciais_municipios_2025.zip
4113254,PR,Municipal,Total,Anos iniciais,ideb,5.4,IDEB,2023,ideb-2025-anos_iniciais,VL_OBSERVADO_2023,available,Regular,INEP,2026-10-06T18:06:37.031241+00:00,https://www.gov.br/inep/pt-br/areas-de-atuacao/pesquisas-estatisticas-e-indicadores/ideb/resultados,https://download.inep.gov.br/ideb/resultados/divulgacao_anos_iniciais_municipios_2025.zip
4113254,PR,Municipal,Total,Anos iniciais,ideb,5.6,IDEB,2025,ideb-2025-anos_iniciais,VL_OBSERVADO_2025,available,Regular,INEP,2026-10-06T18:06:37.031241+00:00,https://www.gov.br/inep/pt-br/areas-de-atuacao/pesquisas-estatisticas-e-indicadores/ideb/resultados,https://download.inep.gov.br/ideb/resultados/divulgacao_anos_iniciais_municipios_2025.zip
4113254,PR,Pública,Total,Anos iniciais,ideb,3.0,IDEB,2005,ideb-2025-anos_iniciais,VL_OBSERVADO_2005,available,Regular,INEP,2026-10-06T18:06:37.031241+00:00,https://www.gov.br/inep/pt-br/areas-de-atuacao/pesquisas-estatisticas-e-indicadores/ideb/resultados,https://download.inep.gov.br/ideb/resultados/divulgacao_anos_iniciais_municipios_2025.zip
4113254,PR,Pública,Total,Anos iniciais,ideb,3.7,IDEB,2007,ideb-2025-anos_iniciais,VL_OBSERVADO_2007,available,Regular,INEP,2026-10-06T18:06:37.031241+00:00,https://www.gov.br/inep/pt-br/areas-de-atuacao/pesquisas-estatisticas-e-indicadores/ideb/resultados,https://download.inep.gov.br/ideb/resultados/divulgacao_anos_iniciais_municipios_2025.zip
4113254,PR,Pública,Total,Anos iniciais,ideb,3.7,IDEB,2009,ideb-2025-anos_iniciais,VL_OBSERVADO_2009,available,Regular,INEP,2026-10-06T18:06:37.031241+00:00,https://www.gov.br/inep/pt-br/areas-de-atuacao/pesquisas-estatisticas-e-indicadores/ideb/resultados,https://download.inep.gov.br/ideb/resultados/divulgacao_anos_iniciais_municipios_2025.zip
4113254,PR,Pública,Total,Anos iniciais,ideb,4.1,IDEB,2011,ideb-2025-anos_iniciais,VL_OBSERVADO_2011,available,Regular,INEP,2026-10-06T18:06:37.031241+00:00,https://www.gov.br/inep/pt-br/areas-de-atuacao/pesquisas-estatisticas-e-indicadores/ideb/resultados,https://download.inep.gov.br/ideb/resultados/divulgacao_anos_iniciais_municipios_2025.zip
4113254,PR,Pública,Total,Anos iniciais,ideb,4.8,IDEB,2013,ideb-2025-anos_iniciais,VL_OBSERVADO_2013,available,Regular,INEP,2026-10-06T18:06:37.031241+00:00,https://www.gov.br/inep/pt-br/areas-de-atuacao/pesquisas-estatisticas-e-indicadores/ideb/resultados,https://download.inep.gov.br/ideb/resultados/divulgacao_anos_iniciais_municipios_2025.zip
4113254,PR,Pública,Total,Anos iniciais,ideb,4.7,IDEB,2015,ideb-2025-anos_iniciais,VL_OBSERVADO_2015,available,Regular,INEP,2026-10-06T18:06:37.031241+00:00,https://www.gov.br/inep/pt-br/areas-de-atuacao/pesquisas-estatisticas-e-indicadores/ideb/resultados,https://download.inep.gov.br/ideb/resultados/divulgacao_anos_iniciais_municipios_2025.zip
4113254,PR,Pública,Total,Anos iniciais,ideb,5.1,IDEB,2017,ideb-2025-anos_iniciais,VL_OBSERVADO_2017,available,Regular,INEP,2026-10-06T18:06:37.031241+00:00,https://www.gov.br/inep/pt-br/areas-de-atuacao/pesquisas-estatisticas-e-indicadores/ideb/resultados,https://download.inep.gov.br/ideb/resultados/divulgacao_anos_iniciais_municipios_2025.zip
4113254,PR,Pública,Total,Anos iniciais,ideb,5.0,IDEB,2019,ideb-2025-anos_iniciais,VL_OBSERVADO_2019,available,Regular,INEP,2026-10-06T18:06:37.031241+00:00,https://www.gov.br/inep/pt-br/areas-de-atuacao/pesquisas-estatisticas-e-indicadores/ideb/resultados,https://download.inep.gov.br/ideb/resultados/divulgacao_anos_iniciais_municipios_2025.zip
4113254,PR,Pública,Total,Anos iniciais,ideb,5.2,IDEB,2021,ideb-2025-anos_iniciais,VL_OBSERVADO_2021,available,Regular,INEP,2026-10-06T18:06:37.031241+00:00,https://www.gov.br/inep/pt-br/areas-de-atuacao/pesquisas-estatisticas-e-indicadores/ideb/resultados,https://download.inep.gov.br/ideb/resultados/divulgacao_anos_iniciais_municipios_2025.zip
4113254,PR,Pública,Total,Anos iniciais,ideb,5.4,IDEB,2023,ideb-2025-anos_iniciais,VL_OBSERVADO_2023,available,Regular,INEP,2026-10-06T18:06:37.031241+00:00,https://www.gov.br/inep/pt-br/areas-de-atuacao/pesquisas-estatisticas-e-indicadores/ideb/resultados,https://download.inep.gov.br/ideb/resultados/divulgacao_anos_iniciais_municipios_2025.zip
4113254,PR,Pública,Total,Anos iniciais,ideb,5.6,IDEB,2025,ideb-2025-anos_iniciais,VL_OBSERVADO_2025,available,Regular,INEP,2026-10-06T18:06:37.031241+00:00,https://www.gov.br/inep/pt-br/areas-de-atuacao/pesquisas-estatisticas-e-indicadores/ideb/resultados,https://download.inep.gov.br/ideb/resultados/divulgacao_anos_iniciais_municipios_2025.zip
4119608,PR,Estadual,Total,Anos iniciais,ideb,,IDEB,2005,ideb-2025-anos_iniciais,VL_OBSERVADO_2005,notDisclosed,Regular,INEP,2026-10-06T18:06:37.031241+00:00,https://www.gov.br/inep/pt-br/areas-de-atuacao/pesquisas-estatisticas-e-indicadores/ideb/resultados,https://download.inep.gov.br/ideb/resultados/divulgacao_anos_iniciais_municipios_2025.zip
4119608,PR,Estadual,Total,Anos iniciais,ideb,,IDEB,2007,ideb-2025-anos_iniciais,VL_OBSERVADO_2007,notDisclosed,Regular,INEP,2026-10-06T18:06:37.031241+00:00,https://www.gov.br/inep/pt-br/areas-de-atuacao/pesquisas-estatisticas-e-indicadores/ideb/resultados,https://download.inep.gov.br/ideb/resultados/divulgacao_anos_iniciais_municipios_2025.zip
4119608,PR,Estadual,Total,Anos iniciais,ideb,,IDEB,2009,ideb-2025-anos_iniciais,VL_OBSERVADO_2009,notDisclosed,Regular,INEP,2026-10-06T18:06:37.031241+00:00,https://www.gov.br/inep/pt-br/areas-de-atuacao/pesquisas-estatisticas-e-indicadores/ideb/resultados,https://download.inep.gov.br/ideb/resultados/divulgacao_anos_iniciais_municipios_2025.zip
4119608,PR,Estadual,Total,Anos iniciais,ideb,,IDEB,2011,ideb-2025-anos_iniciais,VL_OBSERVADO_2011,notDisclosed,Regular,INEP,2026-10-06T18:06:37.031241+00:00,https://www.gov.br/inep/pt-br/areas-de-atuacao/pesquisas-estatisticas-e-indicadores/ideb/resultados,https://download.inep.gov.br/ideb/resultados/divulgacao_anos_iniciais_municipios_2025.zip
4119608,PR,Estadual,Total,Anos iniciais,ideb,,IDEB,2013,ideb-2025-anos_iniciais,VL_OBSERVADO_2013,notDisclosed,Regular,INEP,2026-10-06T18:06:37.031241+00:00,https://www.gov.br/inep/pt-br/areas-de-atuacao/pesquisas-estatisticas-e-indicadores/ideb/resultados,https://download.inep.gov.br/ideb/resultados/divulgacao_anos_iniciais_municipios_2025.zip
4119608,PR,Estadual,Total,Anos iniciais,ideb,,IDEB,2015,ideb-2025-anos_iniciais,VL_OBSERVADO_2015,notDisclosed,Regular,INEP,2026-10-06T18:06:37.031241+00:00,https://www.gov.br/inep/pt-br/areas-de-atuacao/pesquisas-estatisticas-e-indicadores/ideb/resultados,https://download.inep.gov.br/ideb/resultados/divulgacao_anos_iniciais_municipios_2025.zip
4119608,PR,Estadual,Total,Anos iniciais,ideb,,IDEB,2017,ideb-2025-anos_iniciais,VL_OBSERVADO_2017,notDisclosed,Regular,INEP,2026-10-06T18:06:37.031241+00:00,https://www.gov.br/inep/pt-br/areas-de-atuacao/pesquisas-estatisticas-e-indicadores/ideb/resultados,https://download.inep.gov.br/ideb/resultados/divulgacao_anos_iniciais_municipios_2025.zip
4119608,PR,Estadual,Total,Anos iniciais,ideb,,IDEB,2019,ideb-2025-anos_iniciais,VL_OBSERVADO_2019,notDisclosed,Regular,INEP,2026-10-06T18:06:37.031241+00:00,https://www.gov.br/inep/pt-br/areas-de-atuacao/pesquisas-estatisticas-e-indicadores/ideb/resultados,https://download.inep.gov.br/ideb/resultados/divulgacao_anos_iniciais_municipios_2025.zip
4119608,PR,Estadual,Total,Anos iniciais,ideb,,IDEB,2021,ideb-2025-anos_iniciais,VL_OBSERVADO_2021,notDisclosed,Regular,INEP,2026-10-06T18:06:37.031241+00:00,https://www.gov.br/inep/pt-br/areas-de-atuacao/pesquisas-estatisticas-e-indicadores/ideb/resultados,https://download.inep.gov.br/ideb/resultados/divulgacao_anos_iniciais_municipios_2025.zip
4119608,PR,Estadual,Total,Anos iniciais,ideb,,IDEB,2023,ideb-2025-anos_iniciais,VL_OBSERVADO_2023,notDisclosed,Regular,INEP,2026-10-06T18:06:37.031241+00:00,https://www.gov.br/inep/pt-br/areas-de-atuacao/pesquisas-estatisticas-e-indicadores/ideb/resultados,https://download.inep.gov.br/ideb/resultados/divulgacao_anos_iniciais_municipios_2025.zip
4119608,PR,Estadual,Total,Anos iniciais,ideb,,IDEB,2025,ideb-2025-anos_iniciais,VL_OBSERVADO_2025,notDisclosed,Regular,INEP,2026-10-06T18:06:37.031241+00:00,https://www.gov.br/inep/pt-br/areas-de-atuacao/pesquisas-estatisticas-e-indicadores/ideb/resultados,https://download.inep.gov.br/ideb/resultados/divulgacao_anos_iniciais_municipios_2025.zip
4119608,PR,Municipal,Total,Anos iniciais,ideb,4.0,IDEB,2005,ideb-2025-anos_iniciais,VL_OBSERVADO_2005,available,Regular,INEP,2026-10-06T18:06:37.031241+00:00,https://www.gov.br/inep/pt-br/areas-de-atuacao/pesquisas-estatisticas-e-indicadores/ideb/resultados,https://download.inep.gov.br/ideb/resultados/divulgacao_anos_iniciais_municipios_2025.zip
4119608,PR,Municipal,Total,Anos iniciais,ideb,4.6,IDEB,2007,ideb-2025-anos_iniciais,VL_OBSERVADO_2007,available,Regular,INEP,2026-10-06T18:06:37.031241+00:00,https://www.gov.br/inep/pt-br/areas-de-atuacao/pesquisas-estatisticas-e-indicadores/ideb/resultados,https://download.inep.gov.br/ideb/resultados/divulgacao_anos_iniciais_municipios_2025.zip
4119608,PR,Municipal,Total,Anos iniciais,ideb,5.0,IDEB,2009,ideb-2025-anos_iniciais,VL_OBSERVADO_2009,available,Regular,INEP,2026-10-06T18:06:37.031241+00:00,https://www.gov.br/inep/pt-br/areas-de-atuacao/pesquisas-estatisticas-e-indicadores/ideb/resultados,https://download.inep.gov.br/ideb/resultados/divulgacao_anos_iniciais_municipios_2025.zip
4119608,PR,Municipal,Total,Anos iniciais,ideb,5.3,IDEB,2011,ideb-2025-anos_iniciais,VL_OBSERVADO_2011,available,Regular,INEP,2026-10-06T18:06:37.031241+00:00,https://www.gov.br/inep/pt-br/areas-de-atuacao/pesquisas-estatisticas-e-indicadores/ideb/resultados,https://download.inep.gov.br/ideb/resultados/divulgacao_anos_iniciais_municipios_2025.zip
4119608,PR,Municipal,Total,Anos iniciais,ideb,5.5,IDEB,2013,ideb-2025-anos_iniciais,VL_OBSERVADO_2013,available,Regular,INEP,2026-10-06T18:06:37.031241+00:00,https://www.gov.br/inep/pt-br/areas-de-atuacao/pesquisas-estatisticas-e-indicadores/ideb/resultados,https://download.inep.gov.br/ideb/resultados/divulgacao_anos_iniciais_municipios_2025.zip
4119608,PR,Municipal,Total,Anos iniciais,ideb,5.9,IDEB,2015,ideb-2025-anos_iniciais,VL_OBSERVADO_2015,available,Regular,INEP,2026-10-06T18:06:37.031241+00:00,https://www.gov.br/inep/pt-br/areas-de-atuacao/pesquisas-estatisticas-e-indicadores/ideb/resultados,https://download.inep.gov.br/ideb/resultados/divulgacao_anos_iniciais_municipios_2025.zip
4119608,PR,Municipal,Total,Anos iniciais,ideb,5.9,IDEB,2017,ideb-2025-anos_iniciais,VL_OBSERVADO_2017,available,Regular,INEP,2026-10-06T18:06:37.031241+00:00,https://www.gov.br/inep/pt-br/areas-de-atuacao/pesquisas-estatisticas-e-indicadores/ideb/resultados,https://download.inep.gov.br/ideb/resultados/divulgacao_anos_iniciais_municipios_2025.zip
4119608,PR,Municipal,Total,Anos iniciais,ideb,6.0,IDEB,2019,ideb-2025-anos_iniciais,VL_OBSERVADO_2019,available,Regular,INEP,2026-10-06T18:06:37.031241+00:00,https://www.gov.br/inep/pt-br/areas-de-atuacao/pesquisas-estatisticas-e-indicadores/ideb/resultados,https://download.inep.gov.br/ideb/resultados/divulgacao_anos_iniciais_municipios_2025.zip
4119608,PR,Municipal,Total,Anos iniciais,ideb,6.1,IDEB,2021,ideb-2025-anos_iniciais,VL_OBSERVADO_2021,available,Regular,INEP,2026-10-06T18:06:37.031241+00:00,https://www.gov.br/inep/pt-br/areas-de-atuacao/pesquisas-estatisticas-e-indicadores/ideb/resultados,https://download.inep.gov.br/ideb/resultados/divulgacao_anos_iniciais_municipios_2025.zip
4119608,PR,Municipal,Total,Anos iniciais,ideb,6.3,IDEB,2023,ideb-2025-anos_iniciais,VL_OBSERVADO_2023,available,Regular,INEP,2026-10-06T18:06:37.031241+00:00,https://www.gov.br/inep/pt-br/areas-de-atuacao/pesquisas-estatisticas-e-indicadores/ideb/resultados,https://download.inep.gov.br/ideb/resultados/divulgacao_anos_iniciais_municipios_2025.zip
4119608,PR,Municipal,Total,Anos iniciais,ideb,6.9,IDEB,2025,ideb-2025-anos_iniciais,VL_OBSERVADO_2025,available,Regular,INEP,2026-10-06T18:06:37.031241+00:00,https://www.gov.br/inep/pt-br/areas-de-atuacao/pesquisas-estatisticas-e-indicadores/ideb/resultados,https://download.inep.gov.br/ideb/resultados/divulgacao_anos_iniciais_municipios_2025.zip
4119608,PR,Pública,Total,Anos iniciais,ideb,4.0,IDEB,2005,ideb-2025-anos_iniciais,VL_OBSERVADO_2005,available,Regular,INEP,2026-10-06T18:06:37.031241+00:00,https://www.gov.br/inep/pt-br/areas-de-atuacao/pesquisas-estatisticas-e-indicadores/ideb/resultados,https://download.inep.gov.br/ideb/resultados/divulgacao_anos_iniciais_municipios_2025.zip
4119608,PR,Pública,Total,Anos iniciais,ideb,4.6,IDEB,2007,ideb-2025-anos_iniciais,VL_OBSERVADO_2007,available,Regular,INEP,2026-10-06T18:06:37.031241+00:00,https://www.gov.br/inep/pt-br/areas-de-atuacao/pesquisas-estatisticas-e-indicadores/ideb/resultados,https://download.inep.gov.br/ideb/resultados/divulgacao_anos_iniciais_municipios_2025.zip
4119608,PR,Pública,Total,Anos iniciais,ideb,5.0,IDEB,2009,ideb-2025-anos_iniciais,VL_OBSERVADO_2009,available,Regular,INEP,2026-10-06T18:06:37.031241+00:00,https://www.gov.br/inep/pt-br/areas-de-atuacao/pesquisas-estatisticas-e-indicadores/ideb/resultados,https://download.inep.gov.br/ideb/resultados/divulgacao_anos_iniciais_municipios_2025.zip
4119608,PR,Pública,Total,Anos iniciais,ideb,5.3,IDEB,2011,ideb-2025-anos_iniciais,VL_OBSERVADO_2011,available,Regular,INEP,2026-10-06T18:06:37.031241+00:00,https://www.gov.br/inep/pt-br/areas-de-atuacao/pesquisas-estatisticas-e-indicadores/ideb/resultados,https://download.inep.gov.br/ideb/resultados/divulgacao_anos_iniciais_municipios_2025.zip
4119608,PR,Pública,Total,Anos iniciais,ideb,5.5,IDEB,2013,ideb-2025-anos_iniciais,VL_OBSERVADO_2013,available,Regular,INEP,2026-10-06T18:06:37.031241+00:00,https://www.gov.br/inep/pt-br/areas-de-atuacao/pesquisas-estatisticas-e-indicadores/ideb/resultados,https://download.inep.gov.br/ideb/resultados/divulgacao_anos_iniciais_municipios_2025.zip
4119608,PR,Pública,Total,Anos iniciais,ideb,5.9,IDEB,2015,ideb-2025-anos_iniciais,VL_OBSERVADO_2015,available,Regular,INEP,2026-10-06T18:06:37.031241+00:00,https://www.gov.br/inep/pt-br/areas-de-atuacao/pesquisas-estatisticas-e-indicadores/ideb/resultados,https://download.inep.gov.br/ideb/resultados/divulgacao_anos_iniciais_municipios_2025.zip
4119608,PR,Pública,Total,Anos iniciais,ideb,5.9,IDEB,2017,ideb-2025-anos_iniciais,VL_OBSERVADO_2017,available,Regular,INEP,2026-10-06T18:06:37.031241+00:00,https://www.gov.br/inep/pt-br/areas-de-atuacao/pesquisas-estatisticas-e-indicadores/ideb/resultados,https://download.inep.gov.br/ideb/resultados/divulgacao_anos_iniciais_municipios_2025.zip
4119608,PR,Pública,Total,Anos iniciais,ideb,6.0,IDEB,2019,ideb-2025-anos_iniciais,VL_OBSERVADO_2019,available,Regular,INEP,2026-10-06T18:06:37.031241+00:00,https://www.gov.br/inep/pt-br/areas-de-atuacao/pesquisas-estatisticas-e-indicadores/ideb/resultados,https://download.inep.gov.br/ideb/resultados/divulgacao_anos_iniciais_municipios_2025.zip
4119608,PR,Pública,Total,Anos iniciais,ideb,6.1,IDEB,2021,ideb-2025-anos_iniciais,VL_OBSERVADO_2021,available,Regular,INEP,2026-10-06T18:06:37.031241+00:00,https://www.gov.br/inep/pt-br/areas-de-atuacao/pesquisas-estatisticas-e-indicadores/ideb/resultados,https://download.inep.gov.br/ideb/resultados/divulgacao_anos_iniciais_municipios_2025.zip
4119608,PR,Pública,Total,Anos iniciais,ideb,6.3,IDEB,2023,ideb-2025-anos_iniciais,VL_OBSERVADO_2023,available,Regular,INEP,2026-10-06T18:06:37.031241+00:00,https://www.gov.br/inep/pt-br/areas-de-atuacao/pesquisas-estatisticas-e-indicadores/ideb/resultados,https://download.inep.gov.br/ideb/resultados/divulgacao_anos_iniciais_municipios_2025.zip
4119608,PR,Pública,Total,Anos iniciais,ideb,6.9,IDEB,2025,ideb-2025-anos_iniciais,VL_OBSERVADO_2025,available,Regular,INEP,2026-10-06T18:06:37.031241+00:00,https://www.gov.br/inep/pt-br/areas-de-atuacao/pesquisas-estatisticas-e-indicadores/ideb/resultados,https://download.inep.gov.br/ideb/resultados/divulgacao_anos_iniciais_municipios_2025.zip
4127965,PR,Estadual,Total,Anos iniciais,ideb,,IDEB,2005,ideb-2025-anos_iniciais,VL_OBSERVADO_2005,notDisclosed,Regular,INEP,2026-10-06T18:06:37.031241+00:00,https://www.gov.br/inep/pt-br/areas-de-atuacao/pesquisas-estatisticas-e-indicadores/ideb/resultados,https://download.inep.gov.br/ideb/resultados/divulgacao_anos_iniciais_municipios_2025.zip
4127965,PR,Estadual,Total,Anos iniciais,ideb,,IDEB,2007,ideb-2025-anos_iniciais,VL_OBSERVADO_2007,notDisclosed,Regular,INEP,2026-10-06T18:06:37.031241+00:00,https://www.gov.br/inep/pt-br/areas-de-atuacao/pesquisas-estatisticas-e-indicadores/ideb/resultados,https://download.inep.gov.br/ideb/resultados/divulgacao_anos_iniciais_municipios_2025.zip
4127965,PR,Estadual,Total,Anos iniciais,ideb,,IDEB,2009,ideb-2025-anos_iniciais,VL_OBSERVADO_2009,notDisclosed,Regular,INEP,2026-10-06T18:06:37.031241+00:00,https://www.gov.br/inep/pt-br/areas-de-atuacao/pesquisas-estatisticas-e-indicadores/ideb/resultados,https://download.inep.gov.br/ideb/resultados/divulgacao_anos_iniciais_municipios_2025.zip
4127965,PR,Estadual,Total,Anos iniciais,ideb,,IDEB,2011,ideb-2025-anos_iniciais,VL_OBSERVADO_2011,notDisclosed,Regular,INEP,2026-10-06T18:06:37.031241+00:00,https://www.gov.br/inep/pt-br/areas-de-atuacao/pesquisas-estatisticas-e-indicadores/ideb/resultados,https://download.inep.gov.br/ideb/resultados/divulgacao_anos_iniciais_municipios_2025.zip
4127965,PR,Estadual,Total,Anos iniciais,ideb,,IDEB,2013,ideb-2025-anos_iniciais,VL_OBSERVADO_2013,notDisclosed,Regular,INEP,2026-10-06T18:06:37.031241+00:00,https://www.gov.br/inep/pt-br/areas-de-atuacao/pesquisas-estatisticas-e-indicadores/ideb/resultados,https://download.inep.gov.br/ideb/resultados/divulgacao_anos_iniciais_municipios_2025.zip
4127965,PR,Estadual,Total,Anos iniciais,ideb,,IDEB,2015,ideb-2025-anos_iniciais,VL_OBSERVADO_2015,notDisclosed,Regular,INEP,2026-10-06T18:06:37.031241+00:00,https://www.gov.br/inep/pt-br/areas-de-atuacao/pesquisas-estatisticas-e-indicadores/ideb/resultados,https://download.inep.gov.br/ideb/resultados/divulgacao_anos_iniciais_municipios_2025.zip
4127965,PR,Estadual,Total,Anos iniciais,ideb,,IDEB,2017,ideb-2025-anos_iniciais,VL_OBSERVADO_2017,notDisclosed,Regular,INEP,2026-10-06T18:06:37.031241+00:00,https://www.gov.br/inep/pt-br/areas-de-atuacao/pesquisas-estatisticas-e-indicadores/ideb/resultados,https://download.inep.gov.br/ideb/resultados/divulgacao_anos_iniciais_municipios_2025.zip
4127965,PR,Estadual,Total,Anos iniciais,ideb,,IDEB,2019,ideb-2025-anos_iniciais,VL_OBSERVADO_2019,notDisclosed,Regular,INEP,2026-10-06T18:06:37.031241+00:00,https://www.gov.br/inep/pt-br/areas-de-atuacao/pesquisas-estatisticas-e-indicadores/ideb/resultados,https://download.inep.gov.br/ideb/resultados/divulgacao_anos_iniciais_municipios_2025.zip
4127965,PR,Estadual,Total,Anos iniciais,ideb,,IDEB,2021,ideb-2025-anos_iniciais,VL_OBSERVADO_2021,notDisclosed,Regular,INEP,2026-10-06T18:06:37.031241+00:00,https://www.gov.br/inep/pt-br/areas-de-atuacao/pesquisas-estatisticas-e-indicadores/ideb/resultados,https://download.inep.gov.br/ideb/resultados/divulgacao_anos_iniciais_municipios_2025.zip
4127965,PR,Estadual,Total,Anos iniciais,ideb,,IDEB,2023,ideb-2025-anos_iniciais,VL_OBSERVADO_2023,notDisclosed,Regular,INEP,2026-10-06T18:06:37.031241+00:00,https://www.gov.br/inep/pt-br/areas-de-atuacao/pesquisas-estatisticas-e-indicadores/ideb/resultados,https://download.inep.gov.br/ideb/resultados/divulgacao_anos_iniciais_municipios_2025.zip
4127965,PR,Estadual,Total,Anos iniciais,ideb,,IDEB,2025,ideb-2025-anos_iniciais,VL_OBSERVADO_2025,notDisclosed,Regular,INEP,2026-10-06T18:06:37.031241+00:00,https://www.gov.br/inep/pt-br/areas-de-atuacao/pesquisas-estatisticas-e-indicadores/ideb/resultados,https://download.inep.gov.br/ideb/resultados/divulgacao_anos_iniciais_municipios_2025.zip
4127965,PR,Municipal,Total,Anos iniciais,ideb,3.6,IDEB,2005,ideb-2025-anos_iniciais,VL_OBSERVADO_2005,available,Regular,INEP,2026-10-06T18:06:37.031241+00:00,https://www.gov.br/inep/pt-br/areas-de-atuacao/pesquisas-estatisticas-e-indicadores/ideb/resultados,https://download.inep.gov.br/ideb/resultados/divulgacao_anos_iniciais_municipios_2025.zip
4127965,PR,Municipal,Total,Anos iniciais,ideb,4.4,IDEB,2007,ideb-2025-anos_iniciais,VL_OBSERVADO_2007,available,Regular,INEP,2026-10-06T18:06:37.031241+00:00,https://www.gov.br/inep/pt-br/areas-de-atuacao/pesquisas-estatisticas-e-indicadores/ideb/resultados,https://download.inep.gov.br/ideb/resultados/divulgacao_anos_iniciais_municipios_2025.zip
4127965,PR,Municipal,Total,Anos iniciais,ideb,4.7,IDEB,2009,ideb-2025-anos_iniciais,VL_OBSERVADO_2009,available,Regular,INEP,2026-10-06T18:06:37.031241+00:00,https://www.gov.br/inep/pt-br/areas-de-atuacao/pesquisas-estatisticas-e-indicadores/ideb/resultados,https://download.inep.gov.br/ideb/resultados/divulgacao_anos_iniciais_municipios_2025.zip
4127965,PR,Municipal,Total,Anos iniciais,ideb,4.7,IDEB,2011,ideb-2025-anos_iniciais,VL_OBSERVADO_2011,available,Regular,INEP,2026-10-06T18:06:37.031241+00:00,https://www.gov.br/inep/pt-br/areas-de-atuacao/pesquisas-estatisticas-e-indicadores/ideb/resultados,https://download.inep.gov.br/ideb/resultados/divulgacao_anos_iniciais_municipios_2025.zip
4127965,PR,Municipal,Total,Anos iniciais,ideb,5.4,IDEB,2013,ideb-2025-anos_iniciais,VL_OBSERVADO_2013,available,Regular,INEP,2026-10-06T18:06:37.031241+00:00,https://www.gov.br/inep/pt-br/areas-de-atuacao/pesquisas-estatisticas-e-indicadores/ideb/resultados,https://download.inep.gov.br/ideb/resultados/divulgacao_anos_iniciais_municipios_2025.zip
4127965,PR,Municipal,Total,Anos iniciais,ideb,6.0,IDEB,2015,ideb-2025-anos_iniciais,VL_OBSERVADO_2015,available,Regular,INEP,2026-10-06T18:06:37.031241+00:00,https://www.gov.br/inep/pt-br/areas-de-atuacao/pesquisas-estatisticas-e-indicadores/ideb/resultados,https://download.inep.gov.br/ideb/resultados/divulgacao_anos_iniciais_municipios_2025.zip
4127965,PR,Municipal,Total,Anos iniciais,ideb,6.6,IDEB,2017,ideb-2025-anos_iniciais,VL_OBSERVADO_2017,available,Regular,INEP,2026-10-06T18:06:37.031241+00:00,https://www.gov.br/inep/pt-br/areas-de-atuacao/pesquisas-estatisticas-e-indicadores/ideb/resultados,https://download.inep.gov.br/ideb/resultados/divulgacao_anos_iniciais_municipios_2025.zip
4127965,PR,Municipal,Total,Anos iniciais,ideb,6.3,IDEB,2019,ideb-2025-anos_iniciais,VL_OBSERVADO_2019,available,Regular,INEP,2026-10-06T18:06:37.031241+00:00,https://www.gov.br/inep/pt-br/areas-de-atuacao/pesquisas-estatisticas-e-indicadores/ideb/resultados,https://download.inep.gov.br/ideb/resultados/divulgacao_anos_iniciais_municipios_2025.zip
4127965,PR,Municipal,Total,Anos iniciais,ideb,5.1,IDEB,2021,ideb-2025-anos_iniciais,VL_OBSERVADO_2021,available,Regular,INEP,2026-10-06T18:06:37.031241+00:00,https://www.gov.br/inep/pt-br/areas-de-atuacao/pesquisas-estatisticas-e-indicadores/ideb/resultados,https://download.inep.gov.br/ideb/resultados/divulgacao_anos_iniciais_municipios_2025.zip
4127965,PR,Municipal,Total,Anos iniciais,ideb,6.3,IDEB,2023,ideb-2025-anos_iniciais,VL_OBSERVADO_2023,available,Regular,INEP,2026-10-06T18:06:37.031241+00:00,https://www.gov.br/inep/pt-br/areas-de-atuacao/pesquisas-estatisticas-e-indicadores/ideb/resultados,https://download.inep.gov.br/ideb/resultados/divulgacao_anos_iniciais_municipios_2025.zip
4127965,PR,Municipal,Total,Anos iniciais,ideb,7.4,IDEB,2025,ideb-2025-anos_iniciais,VL_OBSERVADO_2025,available,Regular,INEP,2026-10-06T18:06:37.031241+00:00,https://www.gov.br/inep/pt-br/areas-de-atuacao/pesquisas-estatisticas-e-indicadores/ideb/resultados,https://download.inep.gov.br/ideb/resultados/divulgacao_anos_iniciais_municipios_2025.zip
4127965,PR,Pública,Total,Anos iniciais,ideb,3.6,IDEB,2005,ideb-2025-anos_iniciais,VL_OBSERVADO_2005,available,Regular,INEP,2026-10-06T18:06:37.031241+00:00,https://www.gov.br/inep/pt-br/areas-de-atuacao/pesquisas-estatisticas-e-indicadores/ideb/resultados,https://download.inep.gov.br/ideb/resultados/divulgacao_anos_iniciais_municipios_2025.zip
4127965,PR,Pública,Total,Anos iniciais,ideb,4.4,IDEB,2007,ideb-2025-anos_iniciais,VL_OBSERVADO_2007,available,Regular,INEP,2026-10-06T18:06:37.031241+00:00,https://www.gov.br/inep/pt-br/areas-de-atuacao/pesquisas-estatisticas-e-indicadores/ideb/resultados,https://download.inep.gov.br/ideb/resultados/divulgacao_anos_iniciais_municipios_2025.zip
4127965,PR,Pública,Total,Anos iniciais,ideb,4.8,IDEB,2009,ideb-2025-anos_iniciais,VL_OBSERVADO_2009,available,Regular,INEP,2026-10-06T18:06:37.031241+00:00,https://www.gov.br/inep/pt-br/areas-de-atuacao/pesquisas-estatisticas-e-indicadores/ideb/resultados,https://download.inep.gov.br/ideb/resultados/divulgacao_anos_iniciais_municipios_2025.zip
4127965,PR,Pública,Total,Anos iniciais,ideb,4.7,IDEB,2011,ideb-2025-anos_iniciais,VL_OBSERVADO_2011,available,Regular,INEP,2026-10-06T18:06:37.031241+00:00,https://www.gov.br/inep/pt-br/areas-de-atuacao/pesquisas-estatisticas-e-indicadores/ideb/resultados,https://download.inep.gov.br/ideb/resultados/divulgacao_anos_iniciais_municipios_2025.zip
4127965,PR,Pública,Total,Anos iniciais,ideb,5.4,IDEB,2013,ideb-2025-anos_iniciais,VL_OBSERVADO_2013,available,Regular,INEP,2026-10-06T18:06:37.031241+00:00,https://www.gov.br/inep/pt-br/areas-de-atuacao/pesquisas-estatisticas-e-indicadores/ideb/resultados,https://download.inep.gov.br/ideb/resultados/divulgacao_anos_iniciais_municipios_2025.zip
4127965,PR,Pública,Total,Anos iniciais,ideb,6.0,IDEB,2015,ideb-2025-anos_iniciais,VL_OBSERVADO_2015,available,Regular,INEP,2026-10-06T18:06:37.031241+00:00,https://www.gov.br/inep/pt-br/areas-de-atuacao/pesquisas-estatisticas-e-indicadores/ideb/resultados,https://download.inep.gov.br/ideb/resultados/divulgacao_anos_iniciais_municipios_2025.zip
4127965,PR,Pública,Total,Anos iniciais,ideb,6.5,IDEB,2017,ideb-2025-anos_iniciais,VL_OBSERVADO_2017,available,Regular,INEP,2026-10-06T18:06:37.031241+00:00,https://www.gov.br/inep/pt-br/areas-de-atuacao/pesquisas-estatisticas-e-indicadores/ideb/resultados,https://download.inep.gov.br/ideb/resultados/divulgacao_anos_iniciais_municipios_2025.zip
4127965,PR,Pública,Total,Anos iniciais,ideb,6.3,IDEB,2019,ideb-2025-anos_iniciais,VL_OBSERVADO_2019,available,Regular,INEP,2026-10-06T18:06:37.031241+00:00,https://www.gov.br/inep/pt-br/areas-de-atuacao/pesquisas-estatisticas-e-indicadores/ideb/resultados,https://download.inep.gov.br/ideb/resultados/divulgacao_anos_iniciais_municipios_2025.zip
4127965,PR,Pública,Total,Anos iniciais,ideb,5.1,IDEB,2021,ideb-2025-anos_iniciais,VL_OBSERVADO_2021,available,Regular,INEP,2026-10-06T18:06:37.031241+00:00,https://www.gov.br/inep/pt-br/areas-de-atuacao/pesquisas-estatisticas-e-indicadores/ideb/resultados,https://download.inep.gov.br/ideb/resultados/divulgacao_anos_iniciais_municipios_2025.zip
4127965,PR,Pública,Total,Anos iniciais,ideb,6.3,IDEB,2023,ideb-2025-anos_iniciais,VL_OBSERVADO_2023,available,Regular,INEP,2026-10-06T18:06:37.031241+00:00,https://www.gov.br/inep/pt-br/areas-de-atuacao/pesquisas-estatisticas-e-indicadores/ideb/resultados,https://download.inep.gov.br/ideb/resultados/divulgacao_anos_iniciais_municipios_2025.zip
4127965,PR,Pública,Total,Anos iniciais,ideb,7.4,IDEB,2025,ideb-2025-anos_iniciais,VL_OBSERVADO_2025,available,Regular,INEP,2026-10-06T18:06:37.031241+00:00,https://www.gov.br/inep/pt-br/areas-de-atuacao/pesquisas-estatisticas-e-indicadores/ideb/resultados,https://download.inep.gov.br/ideb/resultados/divulgacao_anos_iniciais_municipios_2025.zip
4109401,PR,Estadual,Total,Anos finais,ideb,3.4,IDEB,2005,ideb-2025-anos_finais,VL_OBSERVADO_2005,available,Regular,INEP,2026-10-06T18:06:37.031241+00:00,https://www.gov.br/inep/pt-br/areas-de-atuacao/pesquisas-estatisticas-e-indicadores/ideb/resultados,https://download.inep.gov.br/ideb/resultados/divulgacao_anos_finais_municipios_2025.zip
4109401,PR,Estadual,Total,Anos finais,ideb,3.9,IDEB,2007,ideb-2025-anos_finais,VL_OBSERVADO_2007,available,Regular,INEP,2026-10-06T18:06:37.031241+00:00,https://www.gov.br/inep/pt-br/areas-de-atuacao/pesquisas-estatisticas-e-indicadores/ideb/resultados,https://download.inep.gov.br/ideb/resultados/divulgacao_anos_finais_municipios_2025.zip
4109401,PR,Estadual,Total,Anos finais,ideb,4.1,IDEB,2009,ideb-2025-anos_finais,VL_OBSERVADO_2009,available,Regular,INEP,2026-10-06T18:06:37.031241+00:00,https://www.gov.br/inep/pt-br/areas-de-atuacao/pesquisas-estatisticas-e-indicadores/ideb/resultados,https://download.inep.gov.br/ideb/resultados/divulgacao_anos_finais_municipios_2025.zip
4109401,PR,Estadual,Total,Anos finais,ideb,4.1,IDEB,2011,ideb-2025-anos_finais,VL_OBSERVADO_2011,available,Regular,INEP,2026-10-06T18:06:37.031241+00:00,https://www.gov.br/inep/pt-br/areas-de-atuacao/pesquisas-estatisticas-e-indicadores/ideb/resultados,https://download.inep.gov.br/ideb/resultados/divulgacao_anos_finais_municipios_2025.zip
4109401,PR,Estadual,Total,Anos finais,ideb,3.8,IDEB,2013,ideb-2025-anos_finais,VL_OBSERVADO_2013,available,Regular,INEP,2026-10-06T18:06:37.031241+00:00,https://www.gov.br/inep/pt-br/areas-de-atuacao/pesquisas-estatisticas-e-indicadores/ideb/resultados,https://download.inep.gov.br/ideb/resultados/divulgacao_anos_finais_municipios_2025.zip
4109401,PR,Estadual,Total,Anos finais,ideb,4.1,IDEB,2015,ideb-2025-anos_finais,VL_OBSERVADO_2015,available,Regular,INEP,2026-10-06T18:06:37.031241+00:00,https://www.gov.br/inep/pt-br/areas-de-atuacao/pesquisas-estatisticas-e-indicadores/ideb/resultados,https://download.inep.gov.br/ideb/resultados/divulgacao_anos_finais_municipios_2025.zip
4109401,PR,Estadual,Total,Anos finais,ideb,4.3,IDEB,2017,ideb-2025-anos_finais,VL_OBSERVADO_2017,available,Regular,INEP,2026-10-06T18:06:37.031241+00:00,https://www.gov.br/inep/pt-br/areas-de-atuacao/pesquisas-estatisticas-e-indicadores/ideb/resultados,https://download.inep.gov.br/ideb/resultados/divulgacao_anos_finais_municipios_2025.zip
4109401,PR,Estadual,Total,Anos finais,ideb,5.0,IDEB,2019,ideb-2025-anos_finais,VL_OBSERVADO_2019,available,Regular,INEP,2026-10-06T18:06:37.031241+00:00,https://www.gov.br/inep/pt-br/areas-de-atuacao/pesquisas-estatisticas-e-indicadores/ideb/resultados,https://download.inep.gov.br/ideb/resultados/divulgacao_anos_finais_municipios_2025.zip
4109401,PR,Estadual,Total,Anos finais,ideb,5.2,IDEB,2021,ideb-2025-anos_finais,VL_OBSERVADO_2021,available,Regular,INEP,2026-10-06T18:06:37.031241+00:00,https://www.gov.br/inep/pt-br/areas-de-atuacao/pesquisas-estatisticas-e-indicadores/ideb/resultados,https://download.inep.gov.br/ideb/resultados/divulgacao_anos_finais_municipios_2025.zip
4109401,PR,Estadual,Total,Anos finais,ideb,5.3,IDEB,2023,ideb-2025-anos_finais,VL_OBSERVADO_2023,available,Regular,INEP,2026-10-06T18:06:37.031241+00:00,https://www.gov.br/inep/pt-br/areas-de-atuacao/pesquisas-estatisticas-e-indicadores/ideb/resultados,https://download.inep.gov.br/ideb/resultados/divulgacao_anos_finais_municipios_2025.zip
4109401,PR,Estadual,Total,Anos finais,ideb,5.9,IDEB,2025,ideb-2025-anos_finais,VL_OBSERVADO_2025,available,Regular,INEP,2026-10-06T18:06:37.031241+00:00,https://www.gov.br/inep/pt-br/areas-de-atuacao/pesquisas-estatisticas-e-indicadores/ideb/resultados,https://download.inep.gov.br/ideb/resultados/divulgacao_anos_finais_municipios_2025.zip
4109401,PR,Municipal,Total,Anos finais,ideb,3.9,IDEB,2005,ideb-2025-anos_finais,VL_OBSERVADO_2005,available,Regular,INEP,2026-10-06T18:06:37.031241+00:00,https://www.gov.br/inep/pt-br/areas-de-atuacao/pesquisas-estatisticas-e-indicadores/ideb/resultados,https://download.inep.gov.br/ideb/resultados/divulgacao_anos_finais_municipios_2025.zip
4109401,PR,Municipal,Total,Anos finais,ideb,4.2,IDEB,2007,ideb-2025-anos_finais,VL_OBSERVADO_2007,available,Regular,INEP,2026-10-06T18:06:37.031241+00:00,https://www.gov.br/inep/pt-br/areas-de-atuacao/pesquisas-estatisticas-e-indicadores/ideb/resultados,https://download.inep.gov.br/ideb/resultados/divulgacao_anos_finais_municipios_2025.zip
4109401,PR,Municipal,Total,Anos finais,ideb,4.0,IDEB,2009,ideb-2025-anos_finais,VL_OBSERVADO_2009,available,Regular,INEP,2026-10-06T18:06:37.031241+00:00,https://www.gov.br/inep/pt-br/areas-de-atuacao/pesquisas-estatisticas-e-indicadores/ideb/resultados,https://download.inep.gov.br/ideb/resultados/divulgacao_anos_finais_municipios_2025.zip
4109401,PR,Municipal,Total,Anos finais,ideb,4.5,IDEB,2011,ideb-2025-anos_finais,VL_OBSERVADO_2011,available,Regular,INEP,2026-10-06T18:06:37.031241+00:00,https://www.gov.br/inep/pt-br/areas-de-atuacao/pesquisas-estatisticas-e-indicadores/ideb/resultados,https://download.inep.gov.br/ideb/resultados/divulgacao_anos_finais_municipios_2025.zip
4109401,PR,Municipal,Total,Anos finais,ideb,3.9,IDEB,2013,ideb-2025-anos_finais,VL_OBSERVADO_2013,available,Regular,INEP,2026-10-06T18:06:37.031241+00:00,https://www.gov.br/inep/pt-br/areas-de-atuacao/pesquisas-estatisticas-e-indicadores/ideb/resultados,https://download.inep.gov.br/ideb/resultados/divulgacao_anos_finais_municipios_2025.zip
4109401,PR,Municipal,Total,Anos finais,ideb,,IDEB,2015,ideb-2025-anos_finais,VL_OBSERVADO_2015,notDisclosed,Regular,INEP,2026-10-06T18:06:37.031241+00:00,https://www.gov.br/inep/pt-br/areas-de-atuacao/pesquisas-estatisticas-e-indicadores/ideb/resultados,https://download.inep.gov.br/ideb/resultados/divulgacao_anos_finais_municipios_2025.zip
4109401,PR,Municipal,Total,Anos finais,ideb,,IDEB,2017,ideb-2025-anos_finais,VL_OBSERVADO_2017,notDisclosed,Regular,INEP,2026-10-06T18:06:37.031241+00:00,https://www.gov.br/inep/pt-br/areas-de-atuacao/pesquisas-estatisticas-e-indicadores/ideb/resultados,https://download.inep.gov.br/ideb/resultados/divulgacao_anos_finais_municipios_2025.zip
4109401,PR,Municipal,Total,Anos finais,ideb,,IDEB,2019,ideb-2025-anos_finais,VL_OBSERVADO_2019,notDisclosed,Regular,INEP,2026-10-06T18:06:37.031241+00:00,https://www.gov.br/inep/pt-br/areas-de-atuacao/pesquisas-estatisticas-e-indicadores/ideb/resultados,https://download.inep.gov.br/ideb/resultados/divulgacao_anos_finais_municipios_2025.zip
4109401,PR,Municipal,Total,Anos finais,ideb,,IDEB,2021,ideb-2025-anos_finais,VL_OBSERVADO_2021,notDisclosed,Regular,INEP,2026-10-06T18:06:37.031241+00:00,https://www.gov.br/inep/pt-br/areas-de-atuacao/pesquisas-estatisticas-e-indicadores/ideb/resultados,https://download.inep.gov.br/ideb/resultados/divulgacao_anos_finais_municipios_2025.zip
4109401,PR,Municipal,Total,Anos finais,ideb,,IDEB,2023,ideb-2025-anos_finais,VL_OBSERVADO_2023,notDisclosed,Regular,INEP,2026-10-06T18:06:37.031241+00:00,https://www.gov.br/inep/pt-br/areas-de-atuacao/pesquisas-estatisticas-e-indicadores/ideb/resultados,https://download.inep.gov.br/ideb/resultados/divulgacao_anos_finais_municipios_2025.zip
4109401,PR,Municipal,Total,Anos finais,ideb,,IDEB,2025,ideb-2025-anos_finais,VL_OBSERVADO_2025,notDisclosed,Regular,INEP,2026-10-06T18:06:37.031241+00:00,https://www.gov.br/inep/pt-br/areas-de-atuacao/pesquisas-estatisticas-e-indicadores/ideb/resultados,https://download.inep.gov.br/ideb/resultados/divulgacao_anos_finais_municipios_2025.zip
4109401,PR,Pública,Total,Anos finais,ideb,3.4,IDEB,2005,ideb-2025-anos_finais,VL_OBSERVADO_2005,available,Regular,INEP,2026-10-06T18:06:37.031241+00:00,https://www.gov.br/inep/pt-br/areas-de-atuacao/pesquisas-estatisticas-e-indicadores/ideb/resultados,https://download.inep.gov.br/ideb/resultados/divulgacao_anos_finais_municipios_2025.zip
4109401,PR,Pública,Total,Anos finais,ideb,3.9,IDEB,2007,ideb-2025-anos_finais,VL_OBSERVADO_2007,available,Regular,INEP,2026-10-06T18:06:37.031241+00:00,https://www.gov.br/inep/pt-br/areas-de-atuacao/pesquisas-estatisticas-e-indicadores/ideb/resultados,https://download.inep.gov.br/ideb/resultados/divulgacao_anos_finais_municipios_2025.zip
4109401,PR,Pública,Total,Anos finais,ideb,4.1,IDEB,2009,ideb-2025-anos_finais,VL_OBSERVADO_2009,available,Regular,INEP,2026-10-06T18:06:37.031241+00:00,https://www.gov.br/inep/pt-br/areas-de-atuacao/pesquisas-estatisticas-e-indicadores/ideb/resultados,https://download.inep.gov.br/ideb/resultados/divulgacao_anos_finais_municipios_2025.zip
4109401,PR,Pública,Total,Anos finais,ideb,4.1,IDEB,2011,ideb-2025-anos_finais,VL_OBSERVADO_2011,available,Regular,INEP,2026-10-06T18:06:37.031241+00:00,https://www.gov.br/inep/pt-br/areas-de-atuacao/pesquisas-estatisticas-e-indicadores/ideb/resultados,https://download.inep.gov.br/ideb/resultados/divulgacao_anos_finais_municipios_2025.zip
4109401,PR,Pública,Total,Anos finais,ideb,3.8,IDEB,2013,ideb-2025-anos_finais,VL_OBSERVADO_2013,available,Regular,INEP,2026-10-06T18:06:37.031241+00:00,https://www.gov.br/inep/pt-br/areas-de-atuacao/pesquisas-estatisticas-e-indicadores/ideb/resultados,https://download.inep.gov.br/ideb/resultados/divulgacao_anos_finais_municipios_2025.zip
4109401,PR,Pública,Total,Anos finais,ideb,4.1,IDEB,2015,ideb-2025-anos_finais,VL_OBSERVADO_2015,available,Regular,INEP,2026-10-06T18:06:37.031241+00:00,https://www.gov.br/inep/pt-br/areas-de-atuacao/pesquisas-estatisticas-e-indicadores/ideb/resultados,https://download.inep.gov.br/ideb/resultados/divulgacao_anos_finais_municipios_2025.zip
4109401,PR,Pública,Total,Anos finais,ideb,4.4,IDEB,2017,ideb-2025-anos_finais,VL_OBSERVADO_2017,available,Regular,INEP,2026-10-06T18:06:37.031241+00:00,https://www.gov.br/inep/pt-br/areas-de-atuacao/pesquisas-estatisticas-e-indicadores/ideb/resultados,https://download.inep.gov.br/ideb/resultados/divulgacao_anos_finais_municipios_2025.zip
4109401,PR,Pública,Total,Anos finais,ideb,5.0,IDEB,2019,ideb-2025-anos_finais,VL_OBSERVADO_2019,available,Regular,INEP,2026-10-06T18:06:37.031241+00:00,https://www.gov.br/inep/pt-br/areas-de-atuacao/pesquisas-estatisticas-e-indicadores/ideb/resultados,https://download.inep.gov.br/ideb/resultados/divulgacao_anos_finais_municipios_2025.zip
4109401,PR,Pública,Total,Anos finais,ideb,5.2,IDEB,2021,ideb-2025-anos_finais,VL_OBSERVADO_2021,available,Regular,INEP,2026-10-06T18:06:37.031241+00:00,https://www.gov.br/inep/pt-br/areas-de-atuacao/pesquisas-estatisticas-e-indicadores/ideb/resultados,https://download.inep.gov.br/ideb/resultados/divulgacao_anos_finais_municipios_2025.zip
4109401,PR,Pública,Total,Anos finais,ideb,5.3,IDEB,2023,ideb-2025-anos_finais,VL_OBSERVADO_2023,available,Regular,INEP,2026-10-06T18:06:37.031241+00:00,https://www.gov.br/inep/pt-br/areas-de-atuacao/pesquisas-estatisticas-e-indicadores/ideb/resultados,https://download.inep.gov.br/ideb/resultados/divulgacao_anos_finais_municipios_2025.zip
4109401,PR,Pública,Total,Anos finais,ideb,5.9,IDEB,2025,ideb-2025-anos_finais,VL_OBSERVADO_2025,available,Regular,INEP,2026-10-06T18:06:37.031241+00:00,https://www.gov.br/inep/pt-br/areas-de-atuacao/pesquisas-estatisticas-e-indicadores/ideb/resultados,https://download.inep.gov.br/ideb/resultados/divulgacao_anos_finais_municipios_2025.zip
4113254,PR,Estadual,Total,Anos finais,ideb,2.9,IDEB,2005,ideb-2025-anos_finais,VL_OBSERVADO_2005,available,Regular,INEP,2026-10-06T18:06:37.031241+00:00,https://www.gov.br/inep/pt-br/areas-de-atuacao/pesquisas-estatisticas-e-indicadores/ideb/resultados,https://download.inep.gov.br/ideb/resultados/divulgacao_anos_finais_municipios_2025.zip
4113254,PR,Estadual,Total,Anos finais,ideb,3.3,IDEB,2007,ideb-2025-anos_finais,VL_OBSERVADO_2007,available,Regular,INEP,2026-10-06T18:06:37.031241+00:00,https://www.gov.br/inep/pt-br/areas-de-atuacao/pesquisas-estatisticas-e-indicadores/ideb/resultados,https://download.inep.gov.br/ideb/resultados/divulgacao_anos_finais_municipios_2025.zip
4113254,PR,Estadual,Total,Anos finais,ideb,3.7,IDEB,2009,ideb-2025-anos_finais,VL_OBSERVADO_2009,available,Regular,INEP,2026-10-06T18:06:37.031241+00:00,https://www.gov.br/inep/pt-br/areas-de-atuacao/pesquisas-estatisticas-e-indicadores/ideb/resultados,https://download.inep.gov.br/ideb/resultados/divulgacao_anos_finais_municipios_2025.zip
4113254,PR,Estadual,Total,Anos finais,ideb,3.5,IDEB,2011,ideb-2025-anos_finais,VL_OBSERVADO_2011,available,Regular,INEP,2026-10-06T18:06:37.031241+00:00,https://www.gov.br/inep/pt-br/areas-de-atuacao/pesquisas-estatisticas-e-indicadores/ideb/resultados,https://download.inep.gov.br/ideb/resultados/divulgacao_anos_finais_municipios_2025.zip
4113254,PR,Estadual,Total,Anos finais,ideb,3.6,IDEB,2013,ideb-2025-anos_finais,VL_OBSERVADO_2013,available,Regular,INEP,2026-10-06T18:06:37.031241+00:00,https://www.gov.br/inep/pt-br/areas-de-atuacao/pesquisas-estatisticas-e-indicadores/ideb/resultados,https://download.inep.gov.br/ideb/resultados/divulgacao_anos_finais_municipios_2025.zip
4113254,PR,Estadual,Total,Anos finais,ideb,4.0,IDEB,2015,ideb-2025-anos_finais,VL_OBSERVADO_2015,available,Regular,INEP,2026-10-06T18:06:37.031241+00:00,https://www.gov.br/inep/pt-br/areas-de-atuacao/pesquisas-estatisticas-e-indicadores/ideb/resultados,https://download.inep.gov.br/ideb/resultados/divulgacao_anos_finais_municipios_2025.zip
4113254,PR,Estadual,Total,Anos finais,ideb,4.2,IDEB,2017,ideb-2025-anos_finais,VL_OBSERVADO_2017,available,Regular,INEP,2026-10-06T18:06:37.031241+00:00,https://www.gov.br/inep/pt-br/areas-de-atuacao/pesquisas-estatisticas-e-indicadores/ideb/resultados,https://download.inep.gov.br/ideb/resultados/divulgacao_anos_finais_municipios_2025.zip
4113254,PR,Estadual,Total,Anos finais,ideb,4.4,IDEB,2019,ideb-2025-anos_finais,VL_OBSERVADO_2019,available,Regular,INEP,2026-10-06T18:06:37.031241+00:00,https://www.gov.br/inep/pt-br/areas-de-atuacao/pesquisas-estatisticas-e-indicadores/ideb/resultados,https://download.inep.gov.br/ideb/resultados/divulgacao_anos_finais_municipios_2025.zip
4113254,PR,Estadual,Total,Anos finais,ideb,4.7,IDEB,2021,ideb-2025-anos_finais,VL_OBSERVADO_2021,available,Regular,INEP,2026-10-06T18:06:37.031241+00:00,https://www.gov.br/inep/pt-br/areas-de-atuacao/pesquisas-estatisticas-e-indicadores/ideb/resultados,https://download.inep.gov.br/ideb/resultados/divulgacao_anos_finais_municipios_2025.zip
4113254,PR,Estadual,Total,Anos finais,ideb,4.7,IDEB,2023,ideb-2025-anos_finais,VL_OBSERVADO_2023,available,Regular,INEP,2026-10-06T18:06:37.031241+00:00,https://www.gov.br/inep/pt-br/areas-de-atuacao/pesquisas-estatisticas-e-indicadores/ideb/resultados,https://download.inep.gov.br/ideb/resultados/divulgacao_anos_finais_municipios_2025.zip
4113254,PR,Estadual,Total,Anos finais,ideb,5.8,IDEB,2025,ideb-2025-anos_finais,VL_OBSERVADO_2025,available,Regular,INEP,2026-10-06T18:06:37.031241+00:00,https://www.gov.br/inep/pt-br/areas-de-atuacao/pesquisas-estatisticas-e-indicadores/ideb/resultados,https://download.inep.gov.br/ideb/resultados/divulgacao_anos_finais_municipios_2025.zip
4113254,PR,Pública,Total,Anos finais,ideb,2.9,IDEB,2005,ideb-2025-anos_finais,VL_OBSERVADO_2005,available,Regular,INEP,2026-10-06T18:06:37.031241+00:00,https://www.gov.br/inep/pt-br/areas-de-atuacao/pesquisas-estatisticas-e-indicadores/ideb/resultados,https://download.inep.gov.br/ideb/resultados/divulgacao_anos_finais_municipios_2025.zip
4113254,PR,Pública,Total,Anos finais,ideb,3.3,IDEB,2007,ideb-2025-anos_finais,VL_OBSERVADO_2007,available,Regular,INEP,2026-10-06T18:06:37.031241+00:00,https://www.gov.br/inep/pt-br/areas-de-atuacao/pesquisas-estatisticas-e-indicadores/ideb/resultados,https://download.inep.gov.br/ideb/resultados/divulgacao_anos_finais_municipios_2025.zip
4113254,PR,Pública,Total,Anos finais,ideb,3.7,IDEB,2009,ideb-2025-anos_finais,VL_OBSERVADO_2009,available,Regular,INEP,2026-10-06T18:06:37.031241+00:00,https://www.gov.br/inep/pt-br/areas-de-atuacao/pesquisas-estatisticas-e-indicadores/ideb/resultados,https://download.inep.gov.br/ideb/resultados/divulgacao_anos_finais_municipios_2025.zip
4113254,PR,Pública,Total,Anos finais,ideb,3.5,IDEB,2011,ideb-2025-anos_finais,VL_OBSERVADO_2011,available,Regular,INEP,2026-10-06T18:06:37.031241+00:00,https://www.gov.br/inep/pt-br/areas-de-atuacao/pesquisas-estatisticas-e-indicadores/ideb/resultados,https://download.inep.gov.br/ideb/resultados/divulgacao_anos_finais_municipios_2025.zip
4113254,PR,Pública,Total,Anos finais,ideb,3.6,IDEB,2013,ideb-2025-anos_finais,VL_OBSERVADO_2013,available,Regular,INEP,2026-10-06T18:06:37.031241+00:00,https://www.gov.br/inep/pt-br/areas-de-atuacao/pesquisas-estatisticas-e-indicadores/ideb/resultados,https://download.inep.gov.br/ideb/resultados/divulgacao_anos_finais_municipios_2025.zip
4113254,PR,Pública,Total,Anos finais,ideb,4.0,IDEB,2015,ideb-2025-anos_finais,VL_OBSERVADO_2015,available,Regular,INEP,2026-10-06T18:06:37.031241+00:00,https://www.gov.br/inep/pt-br/areas-de-atuacao/pesquisas-estatisticas-e-indicadores/ideb/resultados,https://download.inep.gov.br/ideb/resultados/divulgacao_anos_finais_municipios_2025.zip
4113254,PR,Pública,Total,Anos finais,ideb,4.2,IDEB,2017,ideb-2025-anos_finais,VL_OBSERVADO_2017,available,Regular,INEP,2026-10-06T18:06:37.031241+00:00,https://www.gov.br/inep/pt-br/areas-de-atuacao/pesquisas-estatisticas-e-indicadores/ideb/resultados,https://download.inep.gov.br/ideb/resultados/divulgacao_anos_finais_municipios_2025.zip
4113254,PR,Pública,Total,Anos finais,ideb,4.4,IDEB,2019,ideb-2025-anos_finais,VL_OBSERVADO_2019,available,Regular,INEP,2026-10-06T18:06:37.031241+00:00,https://www.gov.br/inep/pt-br/areas-de-atuacao/pesquisas-estatisticas-e-indicadores/ideb/resultados,https://download.inep.gov.br/ideb/resultados/divulgacao_anos_finais_municipios_2025.zip
4113254,PR,Pública,Total,Anos finais,ideb,4.7,IDEB,2021,ideb-2025-anos_finais,VL_OBSERVADO_2021,available,Regular,INEP,2026-10-06T18:06:37.031241+00:00,https://www.gov.br/inep/pt-br/areas-de-atuacao/pesquisas-estatisticas-e-indicadores/ideb/resultados,https://download.inep.gov.br/ideb/resultados/divulgacao_anos_finais_municipios_2025.zip
4113254,PR,Pública,Total,Anos finais,ideb,4.7,IDEB,2023,ideb-2025-anos_finais,VL_OBSERVADO_2023,available,Regular,INEP,2026-10-06T18:06:37.031241+00:00,https://www.gov.br/inep/pt-br/areas-de-atuacao/pesquisas-estatisticas-e-indicadores/ideb/resultados,https://download.inep.gov.br/ideb/resultados/divulgacao_anos_finais_municipios_2025.zip
4113254,PR,Pública,Total,Anos finais,ideb,5.8,IDEB,2025,ideb-2025-anos_finais,VL_OBSERVADO_2025,available,Regular,INEP,2026-10-06T18:06:37.031241+00:00,https://www.gov.br/inep/pt-br/areas-de-atuacao/pesquisas-estatisticas-e-indicadores/ideb/resultados,https://download.inep.gov.br/ideb/resultados/divulgacao_anos_finais_municipios_2025.zip
4119608,PR,Estadual,Total,Anos finais,ideb,3.5,IDEB,2005,ideb-2025-anos_finais,VL_OBSERVADO_2005,available,Regular,INEP,2026-10-06T18:06:37.031241+00:00,https://www.gov.br/inep/pt-br/areas-de-atuacao/pesquisas-estatisticas-e-indicadores/ideb/resultados,https://download.inep.gov.br/ideb/resultados/divulgacao_anos_finais_municipios_2025.zip
4119608,PR,Estadual,Total,Anos finais,ideb,3.9,IDEB,2007,ideb-2025-anos_finais,VL_OBSERVADO_2007,available,Regular,INEP,2026-10-06T18:06:37.031241+00:00,https://www.gov.br/inep/pt-br/areas-de-atuacao/pesquisas-estatisticas-e-indicadores/ideb/resultados,https://download.inep.gov.br/ideb/resultados/divulgacao_anos_finais_municipios_2025.zip
4119608,PR,Estadual,Total,Anos finais,ideb,4.2,IDEB,2009,ideb-2025-anos_finais,VL_OBSERVADO_2009,available,Regular,INEP,2026-10-06T18:06:37.031241+00:00,https://www.gov.br/inep/pt-br/areas-de-atuacao/pesquisas-estatisticas-e-indicadores/ideb/resultados,https://download.inep.gov.br/ideb/resultados/divulgacao_anos_finais_municipios_2025.zip
4119608,PR,Estadual,Total,Anos finais,ideb,4.3,IDEB,2011,ideb-2025-anos_finais,VL_OBSERVADO_2011,available,Regular,INEP,2026-10-06T18:06:37.031241+00:00,https://www.gov.br/inep/pt-br/areas-de-atuacao/pesquisas-estatisticas-e-indicadores/ideb/resultados,https://download.inep.gov.br/ideb/resultados/divulgacao_anos_finais_municipios_2025.zip
4119608,PR,Estadual,Total,Anos finais,ideb,4.1,IDEB,2013,ideb-2025-anos_finais,VL_OBSERVADO_2013,available,Regular,INEP,2026-10-06T18:06:37.031241+00:00,https://www.gov.br/inep/pt-br/areas-de-atuacao/pesquisas-estatisticas-e-indicadores/ideb/resultados,https://download.inep.gov.br/ideb/resultados/divulgacao_anos_finais_municipios_2025.zip
4119608,PR,Estadual,Total,Anos finais,ideb,4.2,IDEB,2015,ideb-2025-anos_finais,VL_OBSERVADO_2015,available,Regular,INEP,2026-10-06T18:06:37.031241+00:00,https://www.gov.br/inep/pt-br/areas-de-atuacao/pesquisas-estatisticas-e-indicadores/ideb/resultados,https://download.inep.gov.br/ideb/resultados/divulgacao_anos_finais_municipios_2025.zip
4119608,PR,Estadual,Total,Anos finais,ideb,4.5,IDEB,2017,ideb-2025-anos_finais,VL_OBSERVADO_2017,available,Regular,INEP,2026-10-06T18:06:37.031241+00:00,https://www.gov.br/inep/pt-br/areas-de-atuacao/pesquisas-estatisticas-e-indicadores/ideb/resultados,https://download.inep.gov.br/ideb/resultados/divulgacao_anos_finais_municipios_2025.zip
4119608,PR,Estadual,Total,Anos finais,ideb,4.9,IDEB,2019,ideb-2025-anos_finais,VL_OBSERVADO_2019,available,Regular,INEP,2026-10-06T18:06:37.031241+00:00,https://www.gov.br/inep/pt-br/areas-de-atuacao/pesquisas-estatisticas-e-indicadores/ideb/resultados,https://download.inep.gov.br/ideb/resultados/divulgacao_anos_finais_municipios_2025.zip
4119608,PR,Estadual,Total,Anos finais,ideb,5.1,IDEB,2021,ideb-2025-anos_finais,VL_OBSERVADO_2021,available,Regular,INEP,2026-10-06T18:06:37.031241+00:00,https://www.gov.br/inep/pt-br/areas-de-atuacao/pesquisas-estatisticas-e-indicadores/ideb/resultados,https://download.inep.gov.br/ideb/resultados/divulgacao_anos_finais_municipios_2025.zip
4119608,PR,Estadual,Total,Anos finais,ideb,5.2,IDEB,2023,ideb-2025-anos_finais,VL_OBSERVADO_2023,available,Regular,INEP,2026-10-06T18:06:37.031241+00:00,https://www.gov.br/inep/pt-br/areas-de-atuacao/pesquisas-estatisticas-e-indicadores/ideb/resultados,https://download.inep.gov.br/ideb/resultados/divulgacao_anos_finais_municipios_2025.zip
4119608,PR,Estadual,Total,Anos finais,ideb,5.8,IDEB,2025,ideb-2025-anos_finais,VL_OBSERVADO_2025,available,Regular,INEP,2026-10-06T18:06:37.031241+00:00,https://www.gov.br/inep/pt-br/areas-de-atuacao/pesquisas-estatisticas-e-indicadores/ideb/resultados,https://download.inep.gov.br/ideb/resultados/divulgacao_anos_finais_municipios_2025.zip
4119608,PR,Pública,Total,Anos finais,ideb,3.5,IDEB,2005,ideb-2025-anos_finais,VL_OBSERVADO_2005,available,Regular,INEP,2026-10-06T18:06:37.031241+00:00,https://www.gov.br/inep/pt-br/areas-de-atuacao/pesquisas-estatisticas-e-indicadores/ideb/resultados,https://download.inep.gov.br/ideb/resultados/divulgacao_anos_finais_municipios_2025.zip
4119608,PR,Pública,Total,Anos finais,ideb,3.9,IDEB,2007,ideb-2025-anos_finais,VL_OBSERVADO_2007,available,Regular,INEP,2026-10-06T18:06:37.031241+00:00,https://www.gov.br/inep/pt-br/areas-de-atuacao/pesquisas-estatisticas-e-indicadores/ideb/resultados,https://download.inep.gov.br/ideb/resultados/divulgacao_anos_finais_municipios_2025.zip
4119608,PR,Pública,Total,Anos finais,ideb,4.2,IDEB,2009,ideb-2025-anos_finais,VL_OBSERVADO_2009,available,Regular,INEP,2026-10-06T18:06:37.031241+00:00,https://www.gov.br/inep/pt-br/areas-de-atuacao/pesquisas-estatisticas-e-indicadores/ideb/resultados,https://download.inep.gov.br/ideb/resultados/divulgacao_anos_finais_municipios_2025.zip
4119608,PR,Pública,Total,Anos finais,ideb,4.3,IDEB,2011,ideb-2025-anos_finais,VL_OBSERVADO_2011,available,Regular,INEP,2026-10-06T18:06:37.031241+00:00,https://www.gov.br/inep/pt-br/areas-de-atuacao/pesquisas-estatisticas-e-indicadores/ideb/resultados,https://download.inep.gov.br/ideb/resultados/divulgacao_anos_finais_municipios_2025.zip
4119608,PR,Pública,Total,Anos finais,ideb,4.1,IDEB,2013,ideb-2025-anos_finais,VL_OBSERVADO_2013,available,Regular,INEP,2026-10-06T18:06:37.031241+00:00,https://www.gov.br/inep/pt-br/areas-de-atuacao/pesquisas-estatisticas-e-indicadores/ideb/resultados,https://download.inep.gov.br/ideb/resultados/divulgacao_anos_finais_municipios_2025.zip
4119608,PR,Pública,Total,Anos finais,ideb,4.2,IDEB,2015,ideb-2025-anos_finais,VL_OBSERVADO_2015,available,Regular,INEP,2026-10-06T18:06:37.031241+00:00,https://www.gov.br/inep/pt-br/areas-de-atuacao/pesquisas-estatisticas-e-indicadores/ideb/resultados,https://download.inep.gov.br/ideb/resultados/divulgacao_anos_finais_municipios_2025.zip
4119608,PR,Pública,Total,Anos finais,ideb,4.5,IDEB,2017,ideb-2025-anos_finais,VL_OBSERVADO_2017,available,Regular,INEP,2026-10-06T18:06:37.031241+00:00,https://www.gov.br/inep/pt-br/areas-de-atuacao/pesquisas-estatisticas-e-indicadores/ideb/resultados,https://download.inep.gov.br/ideb/resultados/divulgacao_anos_finais_municipios_2025.zip
4119608,PR,Pública,Total,Anos finais,ideb,4.9,IDEB,2019,ideb-2025-anos_finais,VL_OBSERVADO_2019,available,Regular,INEP,2026-10-06T18:06:37.031241+00:00,https://www.gov.br/inep/pt-br/areas-de-atuacao/pesquisas-estatisticas-e-indicadores/ideb/resultados,https://download.inep.gov.br/ideb/resultados/divulgacao_anos_finais_municipios_2025.zip
4119608,PR,Pública,Total,Anos finais,ideb,5.1,IDEB,2021,ideb-2025-anos_finais,VL_OBSERVADO_2021,available,Regular,INEP,2026-10-06T18:06:37.031241+00:00,https://www.gov.br/inep/pt-br/areas-de-atuacao/pesquisas-estatisticas-e-indicadores/ideb/resultados,https://download.inep.gov.br/ideb/resultados/divulgacao_anos_finais_municipios_2025.zip
4119608,PR,Pública,Total,Anos finais,ideb,5.2,IDEB,2023,ideb-2025-anos_finais,VL_OBSERVADO_2023,available,Regular,INEP,2026-10-06T18:06:37.031241+00:00,https://www.gov.br/inep/pt-br/areas-de-atuacao/pesquisas-estatisticas-e-indicadores/ideb/resultados,https://download.inep.gov.br/ideb/resultados/divulgacao_anos_finais_municipios_2025.zip
4119608,PR,Pública,Total,Anos finais,ideb,5.8,IDEB,2025,ideb-2025-anos_finais,VL_OBSERVADO_2025,available,Regular,INEP,2026-10-06T18:06:37.031241+00:00,https://www.gov.br/inep/pt-br/areas-de-atuacao/pesquisas-estatisticas-e-indicadores/ideb/resultados,https://download.inep.gov.br/ideb/resultados/divulgacao_anos_finais_municipios_2025.zip
4127965,PR,Estadual,Total,Anos finais,ideb,3.5,IDEB,2005,ideb-2025-anos_finais,VL_OBSERVADO_2005,available,Regular,INEP,2026-10-06T18:06:37.031241+00:00,https://www.gov.br/inep/pt-br/areas-de-atuacao/pesquisas-estatisticas-e-indicadores/ideb/resultados,https://download.inep.gov.br/ideb/resultados/divulgacao_anos_finais_municipios_2025.zip
4127965,PR,Estadual,Total,Anos finais,ideb,3.7,IDEB,2007,ideb-2025-anos_finais,VL_OBSERVADO_2007,available,Regular,INEP,2026-10-06T18:06:37.031241+00:00,https://www.gov.br/inep/pt-br/areas-de-atuacao/pesquisas-estatisticas-e-indicadores/ideb/resultados,https://download.inep.gov.br/ideb/resultados/divulgacao_anos_finais_municipios_2025.zip
4127965,PR,Estadual,Total,Anos finais,ideb,4.0,IDEB,2009,ideb-2025-anos_finais,VL_OBSERVADO_2009,available,Regular,INEP,2026-10-06T18:06:37.031241+00:00,https://www.gov.br/inep/pt-br/areas-de-atuacao/pesquisas-estatisticas-e-indicadores/ideb/resultados,https://download.inep.gov.br/ideb/resultados/divulgacao_anos_finais_municipios_2025.zip
4127965,PR,Estadual,Total,Anos finais,ideb,4.1,IDEB,2011,ideb-2025-anos_finais,VL_OBSERVADO_2011,available,Regular,INEP,2026-10-06T18:06:37.031241+00:00,https://www.gov.br/inep/pt-br/areas-de-atuacao/pesquisas-estatisticas-e-indicadores/ideb/resultados,https://download.inep.gov.br/ideb/resultados/divulgacao_anos_finais_municipios_2025.zip
4127965,PR,Estadual,Total,Anos finais,ideb,3.7,IDEB,2013,ideb-2025-anos_finais,VL_OBSERVADO_2013,available,Regular,INEP,2026-10-06T18:06:37.031241+00:00,https://www.gov.br/inep/pt-br/areas-de-atuacao/pesquisas-estatisticas-e-indicadores/ideb/resultados,https://download.inep.gov.br/ideb/resultados/divulgacao_anos_finais_municipios_2025.zip
4127965,PR,Estadual,Total,Anos finais,ideb,4.1,IDEB,2015,ideb-2025-anos_finais,VL_OBSERVADO_2015,available,Regular,INEP,2026-10-06T18:06:37.031241+00:00,https://www.gov.br/inep/pt-br/areas-de-atuacao/pesquisas-estatisticas-e-indicadores/ideb/resultados,https://download.inep.gov.br/ideb/resultados/divulgacao_anos_finais_municipios_2025.zip
4127965,PR,Estadual,Total,Anos finais,ideb,4.4,IDEB,2017,ideb-2025-anos_finais,VL_OBSERVADO_2017,available,Regular,INEP,2026-10-06T18:06:37.031241+00:00,https://www.gov.br/inep/pt-br/areas-de-atuacao/pesquisas-estatisticas-e-indicadores/ideb/resultados,https://download.inep.gov.br/ideb/resultados/divulgacao_anos_finais_municipios_2025.zip
4127965,PR,Estadual,Total,Anos finais,ideb,5.2,IDEB,2019,ideb-2025-anos_finais,VL_OBSERVADO_2019,available,Regular,INEP,2026-10-06T18:06:37.031241+00:00,https://www.gov.br/inep/pt-br/areas-de-atuacao/pesquisas-estatisticas-e-indicadores/ideb/resultados,https://download.inep.gov.br/ideb/resultados/divulgacao_anos_finais_municipios_2025.zip
4127965,PR,Estadual,Total,Anos finais,ideb,5.6,IDEB,2021,ideb-2025-anos_finais,VL_OBSERVADO_2021,available,Regular,INEP,2026-10-06T18:06:37.031241+00:00,https://www.gov.br/inep/pt-br/areas-de-atuacao/pesquisas-estatisticas-e-indicadores/ideb/resultados,https://download.inep.gov.br/ideb/resultados/divulgacao_anos_finais_municipios_2025.zip
4127965,PR,Estadual,Total,Anos finais,ideb,5.9,IDEB,2023,ideb-2025-anos_finais,VL_OBSERVADO_2023,available,Regular,INEP,2026-10-06T18:06:37.031241+00:00,https://www.gov.br/inep/pt-br/areas-de-atuacao/pesquisas-estatisticas-e-indicadores/ideb/resultados,https://download.inep.gov.br/ideb/resultados/divulgacao_anos_finais_municipios_2025.zip
4127965,PR,Estadual,Total,Anos finais,ideb,6.1,IDEB,2025,ideb-2025-anos_finais,VL_OBSERVADO_2025,available,Regular,INEP,2026-10-06T18:06:37.031241+00:00,https://www.gov.br/inep/pt-br/areas-de-atuacao/pesquisas-estatisticas-e-indicadores/ideb/resultados,https://download.inep.gov.br/ideb/resultados/divulgacao_anos_finais_municipios_2025.zip
4127965,PR,Pública,Total,Anos finais,ideb,3.5,IDEB,2005,ideb-2025-anos_finais,VL_OBSERVADO_2005,available,Regular,INEP,2026-10-06T18:06:37.031241+00:00,https://www.gov.br/inep/pt-br/areas-de-atuacao/pesquisas-estatisticas-e-indicadores/ideb/resultados,https://download.inep.gov.br/ideb/resultados/divulgacao_anos_finais_municipios_2025.zip
4127965,PR,Pública,Total,Anos finais,ideb,3.7,IDEB,2007,ideb-2025-anos_finais,VL_OBSERVADO_2007,available,Regular,INEP,2026-10-06T18:06:37.031241+00:00,https://www.gov.br/inep/pt-br/areas-de-atuacao/pesquisas-estatisticas-e-indicadores/ideb/resultados,https://download.inep.gov.br/ideb/resultados/divulgacao_anos_finais_municipios_2025.zip
4127965,PR,Pública,Total,Anos finais,ideb,4.0,IDEB,2009,ideb-2025-anos_finais,VL_OBSERVADO_2009,available,Regular,INEP,2026-10-06T18:06:37.031241+00:00,https://www.gov.br/inep/pt-br/areas-de-atuacao/pesquisas-estatisticas-e-indicadores/ideb/resultados,https://download.inep.gov.br/ideb/resultados/divulgacao_anos_finais_municipios_2025.zip
4127965,PR,Pública,Total,Anos finais,ideb,4.1,IDEB,2011,ideb-2025-anos_finais,VL_OBSERVADO_2011,available,Regular,INEP,2026-10-06T18:06:37.031241+00:00,https://www.gov.br/inep/pt-br/areas-de-atuacao/pesquisas-estatisticas-e-indicadores/ideb/resultados,https://download.inep.gov.br/ideb/resultados/divulgacao_anos_finais_municipios_2025.zip
4127965,PR,Pública,Total,Anos finais,ideb,3.7,IDEB,2013,ideb-2025-anos_finais,VL_OBSERVADO_2013,available,Regular,INEP,2026-10-06T18:06:37.031241+00:00,https://www.gov.br/inep/pt-br/areas-de-atuacao/pesquisas-estatisticas-e-indicadores/ideb/resultados,https://download.inep.gov.br/ideb/resultados/divulgacao_anos_finais_municipios_2025.zip
4127965,PR,Pública,Total,Anos finais,ideb,4.1,IDEB,2015,ideb-2025-anos_finais,VL_OBSERVADO_2015,available,Regular,INEP,2026-10-06T18:06:37.031241+00:00,https://www.gov.br/inep/pt-br/areas-de-atuacao/pesquisas-estatisticas-e-indicadores/ideb/resultados,https://download.inep.gov.br/ideb/resultados/divulgacao_anos_finais_municipios_2025.zip
4127965,PR,Pública,Total,Anos finais,ideb,4.4,IDEB,2017,ideb-2025-anos_finais,VL_OBSERVADO_2017,available,Regular,INEP,2026-10-06T18:06:37.031241+00:00,https://www.gov.br/inep/pt-br/areas-de-atuacao/pesquisas-estatisticas-e-indicadores/ideb/resultados,https://download.inep.gov.br/ideb/resultados/divulgacao_anos_finais_municipios_2025.zip
4127965,PR,Pública,Total,Anos finais,ideb,5.2,IDEB,2019,ideb-2025-anos_finais,VL_OBSERVADO_2019,available,Regular,INEP,2026-10-06T18:06:37.031241+00:00,https://www.gov.br/inep/pt-br/areas-de-atuacao/pesquisas-estatisticas-e-indicadores/ideb/resultados,https://download.inep.gov.br/ideb/resultados/divulgacao_anos_finais_municipios_2025.zip
4127965,PR,Pública,Total,Anos finais,ideb,5.6,IDEB,2021,ideb-2025-anos_finais,VL_OBSERVADO_2021,available,Regular,INEP,2026-10-06T18:06:37.031241+00:00,https://www.gov.br/inep/pt-br/areas-de-atuacao/pesquisas-estatisticas-e-indicadores/ideb/resultados,https://download.inep.gov.br/ideb/resultados/divulgacao_anos_finais_municipios_2025.zip
4127965,PR,Pública,Total,Anos finais,ideb,5.9,IDEB,2023,ideb-2025-anos_finais,VL_OBSERVADO_2023,available,Regular,INEP,2026-10-06T18:06:37.031241+00:00,https://www.gov.br/inep/pt-br/areas-de-atuacao/pesquisas-estatisticas-e-indicadores/ideb/resultados,https://download.inep.gov.br/ideb/resultados/divulgacao_anos_finais_municipios_2025.zip
4127965,PR,Pública,Total,Anos finais,ideb,6.1,IDEB,2025,ideb-2025-anos_finais,VL_OBSERVADO_2025,available,Regular,INEP,2026-10-06T18:06:37.031241+00:00,https://www.gov.br/inep/pt-br/areas-de-atuacao/pesquisas-estatisticas-e-indicadores/ideb/resultados,https://download.inep.gov.br/ideb/resultados/divulgacao_anos_finais_municipios_2025.zip
4109401,PR,Estadual,Total,Ensino médio,ideb,3.7,IDEB,2017,ideb-2025-ensino_medio,VL_OBSERVADO_2017,available,Regular,INEP,2026-10-06T18:06:37.031241+00:00,https://www.gov.br/inep/pt-br/areas-de-atuacao/pesquisas-estatisticas-e-indicadores/ideb/resultados,https://download.inep.gov.br/ideb/resultados/divulgacao_ensino_medio_municipios_2025.zip
4109401,PR,Estadual,Total,Ensino médio,ideb,4.7,IDEB,2019,ideb-2025-ensino_medio,VL_OBSERVADO_2019,available,Regular,INEP,2026-10-06T18:06:37.031241+00:00,https://www.gov.br/inep/pt-br/areas-de-atuacao/pesquisas-estatisticas-e-indicadores/ideb/resultados,https://download.inep.gov.br/ideb/resultados/divulgacao_ensino_medio_municipios_2025.zip
4109401,PR,Estadual,Total,Ensino médio,ideb,4.9,IDEB,2021,ideb-2025-ensino_medio,VL_OBSERVADO_2021,available,Regular,INEP,2026-10-06T18:06:37.031241+00:00,https://www.gov.br/inep/pt-br/areas-de-atuacao/pesquisas-estatisticas-e-indicadores/ideb/resultados,https://download.inep.gov.br/ideb/resultados/divulgacao_ensino_medio_municipios_2025.zip
4109401,PR,Estadual,Total,Ensino médio,ideb,4.9,IDEB,2023,ideb-2025-ensino_medio,VL_OBSERVADO_2023,available,Regular,INEP,2026-10-06T18:06:37.031241+00:00,https://www.gov.br/inep/pt-br/areas-de-atuacao/pesquisas-estatisticas-e-indicadores/ideb/resultados,https://download.inep.gov.br/ideb/resultados/divulgacao_ensino_medio_municipios_2025.zip
4109401,PR,Estadual,Total,Ensino médio,ideb,5.2,IDEB,2025,ideb-2025-ensino_medio,VL_OBSERVADO_2025,available,Regular,INEP,2026-10-06T18:06:37.031241+00:00,https://www.gov.br/inep/pt-br/areas-de-atuacao/pesquisas-estatisticas-e-indicadores/ideb/resultados,https://download.inep.gov.br/ideb/resultados/divulgacao_ensino_medio_municipios_2025.zip
4109401,PR,Pública,Total,Ensino médio,ideb,3.7,IDEB,2017,ideb-2025-ensino_medio,VL_OBSERVADO_2017,available,Regular,INEP,2026-10-06T18:06:37.031241+00:00,https://www.gov.br/inep/pt-br/areas-de-atuacao/pesquisas-estatisticas-e-indicadores/ideb/resultados,https://download.inep.gov.br/ideb/resultados/divulgacao_ensino_medio_municipios_2025.zip
4109401,PR,Pública,Total,Ensino médio,ideb,4.7,IDEB,2019,ideb-2025-ensino_medio,VL_OBSERVADO_2019,available,Regular,INEP,2026-10-06T18:06:37.031241+00:00,https://www.gov.br/inep/pt-br/areas-de-atuacao/pesquisas-estatisticas-e-indicadores/ideb/resultados,https://download.inep.gov.br/ideb/resultados/divulgacao_ensino_medio_municipios_2025.zip
4109401,PR,Pública,Total,Ensino médio,ideb,4.9,IDEB,2021,ideb-2025-ensino_medio,VL_OBSERVADO_2021,available,Regular,INEP,2026-10-06T18:06:37.031241+00:00,https://www.gov.br/inep/pt-br/areas-de-atuacao/pesquisas-estatisticas-e-indicadores/ideb/resultados,https://download.inep.gov.br/ideb/resultados/divulgacao_ensino_medio_municipios_2025.zip
4109401,PR,Pública,Total,Ensino médio,ideb,4.9,IDEB,2023,ideb-2025-ensino_medio,VL_OBSERVADO_2023,available,Regular,INEP,2026-10-06T18:06:37.031241+00:00,https://www.gov.br/inep/pt-br/areas-de-atuacao/pesquisas-estatisticas-e-indicadores/ideb/resultados,https://download.inep.gov.br/ideb/resultados/divulgacao_ensino_medio_municipios_2025.zip
4109401,PR,Pública,Total,Ensino médio,ideb,5.2,IDEB,2025,ideb-2025-ensino_medio,VL_OBSERVADO_2025,available,Regular,INEP,2026-10-06T18:06:37.031241+00:00,https://www.gov.br/inep/pt-br/areas-de-atuacao/pesquisas-estatisticas-e-indicadores/ideb/resultados,https://download.inep.gov.br/ideb/resultados/divulgacao_ensino_medio_municipios_2025.zip
4113254,PR,Estadual,Total,Ensino médio,ideb,3.1,IDEB,2017,ideb-2025-ensino_medio,VL_OBSERVADO_2017,available,Regular,INEP,2026-10-06T18:06:37.031241+00:00,https://www.gov.br/inep/pt-br/areas-de-atuacao/pesquisas-estatisticas-e-indicadores/ideb/resultados,https://download.inep.gov.br/ideb/resultados/divulgacao_ensino_medio_municipios_2025.zip
4113254,PR,Estadual,Total,Ensino médio,ideb,3.8,IDEB,2019,ideb-2025-ensino_medio,VL_OBSERVADO_2019,available,Regular,INEP,2026-10-06T18:06:37.031241+00:00,https://www.gov.br/inep/pt-br/areas-de-atuacao/pesquisas-estatisticas-e-indicadores/ideb/resultados,https://download.inep.gov.br/ideb/resultados/divulgacao_ensino_medio_municipios_2025.zip
4113254,PR,Estadual,Total,Ensino médio,ideb,4.2,IDEB,2021,ideb-2025-ensino_medio,VL_OBSERVADO_2021,available,Regular,INEP,2026-10-06T18:06:37.031241+00:00,https://www.gov.br/inep/pt-br/areas-de-atuacao/pesquisas-estatisticas-e-indicadores/ideb/resultados,https://download.inep.gov.br/ideb/resultados/divulgacao_ensino_medio_municipios_2025.zip
4113254,PR,Estadual,Total,Ensino médio,ideb,4.6,IDEB,2023,ideb-2025-ensino_medio,VL_OBSERVADO_2023,available,Regular,INEP,2026-10-06T18:06:37.031241+00:00,https://www.gov.br/inep/pt-br/areas-de-atuacao/pesquisas-estatisticas-e-indicadores/ideb/resultados,https://download.inep.gov.br/ideb/resultados/divulgacao_ensino_medio_municipios_2025.zip
4113254,PR,Estadual,Total,Ensino médio,ideb,4.9,IDEB,2025,ideb-2025-ensino_medio,VL_OBSERVADO_2025,available,Regular,INEP,2026-10-06T18:06:37.031241+00:00,https://www.gov.br/inep/pt-br/areas-de-atuacao/pesquisas-estatisticas-e-indicadores/ideb/resultados,https://download.inep.gov.br/ideb/resultados/divulgacao_ensino_medio_municipios_2025.zip
4113254,PR,Pública,Total,Ensino médio,ideb,3.1,IDEB,2017,ideb-2025-ensino_medio,VL_OBSERVADO_2017,available,Regular,INEP,2026-10-06T18:06:37.031241+00:00,https://www.gov.br/inep/pt-br/areas-de-atuacao/pesquisas-estatisticas-e-indicadores/ideb/resultados,https://download.inep.gov.br/ideb/resultados/divulgacao_ensino_medio_municipios_2025.zip
4113254,PR,Pública,Total,Ensino médio,ideb,3.8,IDEB,2019,ideb-2025-ensino_medio,VL_OBSERVADO_2019,available,Regular,INEP,2026-10-06T18:06:37.031241+00:00,https://www.gov.br/inep/pt-br/areas-de-atuacao/pesquisas-estatisticas-e-indicadores/ideb/resultados,https://download.inep.gov.br/ideb/resultados/divulgacao_ensino_medio_municipios_2025.zip
4113254,PR,Pública,Total,Ensino médio,ideb,4.2,IDEB,2021,ideb-2025-ensino_medio,VL_OBSERVADO_2021,available,Regular,INEP,2026-10-06T18:06:37.031241+00:00,https://www.gov.br/inep/pt-br/areas-de-atuacao/pesquisas-estatisticas-e-indicadores/ideb/resultados,https://download.inep.gov.br/ideb/resultados/divulgacao_ensino_medio_municipios_2025.zip
4113254,PR,Pública,Total,Ensino médio,ideb,4.6,IDEB,2023,ideb-2025-ensino_medio,VL_OBSERVADO_2023,available,Regular,INEP,2026-10-06T18:06:37.031241+00:00,https://www.gov.br/inep/pt-br/areas-de-atuacao/pesquisas-estatisticas-e-indicadores/ideb/resultados,https://download.inep.gov.br/ideb/resultados/divulgacao_ensino_medio_municipios_2025.zip
4113254,PR,Pública,Total,Ensino médio,ideb,4.9,IDEB,2025,ideb-2025-ensino_medio,VL_OBSERVADO_2025,available,Regular,INEP,2026-10-06T18:06:37.031241+00:00,https://www.gov.br/inep/pt-br/areas-de-atuacao/pesquisas-estatisticas-e-indicadores/ideb/resultados,https://download.inep.gov.br/ideb/resultados/divulgacao_ensino_medio_municipios_2025.zip
4119608,PR,Estadual,Total,Ensino médio,ideb,4.0,IDEB,2017,ideb-2025-ensino_medio,VL_OBSERVADO_2017,available,Regular,INEP,2026-10-06T18:06:37.031241+00:00,https://www.gov.br/inep/pt-br/areas-de-atuacao/pesquisas-estatisticas-e-indicadores/ideb/resultados,https://download.inep.gov.br/ideb/resultados/divulgacao_ensino_medio_municipios_2025.zip
4119608,PR,Estadual,Total,Ensino médio,ideb,4.1,IDEB,2019,ideb-2025-ensino_medio,VL_OBSERVADO_2019,available,Regular,INEP,2026-10-06T18:06:37.031241+00:00,https://www.gov.br/inep/pt-br/areas-de-atuacao/pesquisas-estatisticas-e-indicadores/ideb/resultados,https://download.inep.gov.br/ideb/resultados/divulgacao_ensino_medio_municipios_2025.zip
4119608,PR,Estadual,Total,Ensino médio,ideb,4.7,IDEB,2021,ideb-2025-ensino_medio,VL_OBSERVADO_2021,available,Regular,INEP,2026-10-06T18:06:37.031241+00:00,https://www.gov.br/inep/pt-br/areas-de-atuacao/pesquisas-estatisticas-e-indicadores/ideb/resultados,https://download.inep.gov.br/ideb/resultados/divulgacao_ensino_medio_municipios_2025.zip
4119608,PR,Estadual,Total,Ensino médio,ideb,4.8,IDEB,2023,ideb-2025-ensino_medio,VL_OBSERVADO_2023,available,Regular,INEP,2026-10-06T18:06:37.031241+00:00,https://www.gov.br/inep/pt-br/areas-de-atuacao/pesquisas-estatisticas-e-indicadores/ideb/resultados,https://download.inep.gov.br/ideb/resultados/divulgacao_ensino_medio_municipios_2025.zip
4119608,PR,Estadual,Total,Ensino médio,ideb,5.2,IDEB,2025,ideb-2025-ensino_medio,VL_OBSERVADO_2025,available,Regular,INEP,2026-10-06T18:06:37.031241+00:00,https://www.gov.br/inep/pt-br/areas-de-atuacao/pesquisas-estatisticas-e-indicadores/ideb/resultados,https://download.inep.gov.br/ideb/resultados/divulgacao_ensino_medio_municipios_2025.zip
4119608,PR,Federal,Total,Ensino médio,ideb,,IDEB,2017,ideb-2025-ensino_medio,VL_OBSERVADO_2017,notDisclosed,Regular,INEP,2026-10-06T18:06:37.031241+00:00,https://www.gov.br/inep/pt-br/areas-de-atuacao/pesquisas-estatisticas-e-indicadores/ideb/resultados,https://download.inep.gov.br/ideb/resultados/divulgacao_ensino_medio_municipios_2025.zip
4119608,PR,Federal,Total,Ensino médio,ideb,,IDEB,2019,ideb-2025-ensino_medio,VL_OBSERVADO_2019,notDisclosed,Regular,INEP,2026-10-06T18:06:37.031241+00:00,https://www.gov.br/inep/pt-br/areas-de-atuacao/pesquisas-estatisticas-e-indicadores/ideb/resultados,https://download.inep.gov.br/ideb/resultados/divulgacao_ensino_medio_municipios_2025.zip
4119608,PR,Federal,Total,Ensino médio,ideb,,IDEB,2021,ideb-2025-ensino_medio,VL_OBSERVADO_2021,notDisclosed,Regular,INEP,2026-10-06T18:06:37.031241+00:00,https://www.gov.br/inep/pt-br/areas-de-atuacao/pesquisas-estatisticas-e-indicadores/ideb/resultados,https://download.inep.gov.br/ideb/resultados/divulgacao_ensino_medio_municipios_2025.zip
4119608,PR,Federal,Total,Ensino médio,ideb,5.5,IDEB,2023,ideb-2025-ensino_medio,VL_OBSERVADO_2023,available,Regular,INEP,2026-10-06T18:06:37.031241+00:00,https://www.gov.br/inep/pt-br/areas-de-atuacao/pesquisas-estatisticas-e-indicadores/ideb/resultados,https://download.inep.gov.br/ideb/resultados/divulgacao_ensino_medio_municipios_2025.zip
4119608,PR,Federal,Total,Ensino médio,ideb,5.7,IDEB,2025,ideb-2025-ensino_medio,VL_OBSERVADO_2025,available,Regular,INEP,2026-10-06T18:06:37.031241+00:00,https://www.gov.br/inep/pt-br/areas-de-atuacao/pesquisas-estatisticas-e-indicadores/ideb/resultados,https://download.inep.gov.br/ideb/resultados/divulgacao_ensino_medio_municipios_2025.zip
4119608,PR,Pública,Total,Ensino médio,ideb,4.0,IDEB,2017,ideb-2025-ensino_medio,VL_OBSERVADO_2017,available,Regular,INEP,2026-10-06T18:06:37.031241+00:00,https://www.gov.br/inep/pt-br/areas-de-atuacao/pesquisas-estatisticas-e-indicadores/ideb/resultados,https://download.inep.gov.br/ideb/resultados/divulgacao_ensino_medio_municipios_2025.zip
4119608,PR,Pública,Total,Ensino médio,ideb,4.4,IDEB,2019,ideb-2025-ensino_medio,VL_OBSERVADO_2019,available,Regular,INEP,2026-10-06T18:06:37.031241+00:00,https://www.gov.br/inep/pt-br/areas-de-atuacao/pesquisas-estatisticas-e-indicadores/ideb/resultados,https://download.inep.gov.br/ideb/resultados/divulgacao_ensino_medio_municipios_2025.zip
4119608,PR,Pública,Total,Ensino médio,ideb,4.9,IDEB,2021,ideb-2025-ensino_medio,VL_OBSERVADO_2021,available,Regular,INEP,2026-10-06T18:06:37.031241+00:00,https://www.gov.br/inep/pt-br/areas-de-atuacao/pesquisas-estatisticas-e-indicadores/ideb/resultados,https://download.inep.gov.br/ideb/resultados/divulgacao_ensino_medio_municipios_2025.zip
4119608,PR,Pública,Total,Ensino médio,ideb,4.9,IDEB,2023,ideb-2025-ensino_medio,VL_OBSERVADO_2023,available,Regular,INEP,2026-10-06T18:06:37.031241+00:00,https://www.gov.br/inep/pt-br/areas-de-atuacao/pesquisas-estatisticas-e-indicadores/ideb/resultados,https://download.inep.gov.br/ideb/resultados/divulgacao_ensino_medio_municipios_2025.zip
4119608,PR,Pública,Total,Ensino médio,ideb,5.3,IDEB,2025,ideb-2025-ensino_medio,VL_OBSERVADO_2025,available,Regular,INEP,2026-10-06T18:06:37.031241+00:00,https://www.gov.br/inep/pt-br/areas-de-atuacao/pesquisas-estatisticas-e-indicadores/ideb/resultados,https://download.inep.gov.br/ideb/resultados/divulgacao_ensino_medio_municipios_2025.zip
4127965,PR,Estadual,Total,Ensino médio,ideb,3.9,IDEB,2017,ideb-2025-ensino_medio,VL_OBSERVADO_2017,available,Regular,INEP,2026-10-06T18:06:37.031241+00:00,https://www.gov.br/inep/pt-br/areas-de-atuacao/pesquisas-estatisticas-e-indicadores/ideb/resultados,https://download.inep.gov.br/ideb/resultados/divulgacao_ensino_medio_municipios_2025.zip
4127965,PR,Estadual,Total,Ensino médio,ideb,4.5,IDEB,2019,ideb-2025-ensino_medio,VL_OBSERVADO_2019,available,Regular,INEP,2026-10-06T18:06:37.031241+00:00,https://www.gov.br/inep/pt-br/areas-de-atuacao/pesquisas-estatisticas-e-indicadores/ideb/resultados,https://download.inep.gov.br/ideb/resultados/divulgacao_ensino_medio_municipios_2025.zip
4127965,PR,Estadual,Total,Ensino médio,ideb,4.6,IDEB,2021,ideb-2025-ensino_medio,VL_OBSERVADO_2021,available,Regular,INEP,2026-10-06T18:06:37.031241+00:00,https://www.gov.br/inep/pt-br/areas-de-atuacao/pesquisas-estatisticas-e-indicadores/ideb/resultados,https://download.inep.gov.br/ideb/resultados/divulgacao_ensino_medio_municipios_2025.zip
4127965,PR,Estadual,Total,Ensino médio,ideb,5.1,IDEB,2023,ideb-2025-ensino_medio,VL_OBSERVADO_2023,available,Regular,INEP,2026-10-06T18:06:37.031241+00:00,https://www.gov.br/inep/pt-br/areas-de-atuacao/pesquisas-estatisticas-e-indicadores/ideb/resultados,https://download.inep.gov.br/ideb/resultados/divulgacao_ensino_medio_municipios_2025.zip
4127965,PR,Estadual,Total,Ensino médio,ideb,5.3,IDEB,2025,ideb-2025-ensino_medio,VL_OBSERVADO_2025,available,Regular,INEP,2026-10-06T18:06:37.031241+00:00,https://www.gov.br/inep/pt-br/areas-de-atuacao/pesquisas-estatisticas-e-indicadores/ideb/resultados,https://download.inep.gov.br/ideb/resultados/divulgacao_ensino_medio_municipios_2025.zip
4127965,PR,Pública,Total,Ensino médio,ideb,3.9,IDEB,2017,ideb-2025-ensino_medio,VL_OBSERVADO_2017,available,Regular,INEP,2026-10-06T18:06:37.031241+00:00,https://www.gov.br/inep/pt-br/areas-de-atuacao/pesquisas-estatisticas-e-indicadores/ideb/resultados,https://download.inep.gov.br/ideb/resultados/divulgacao_ensino_medio_municipios_2025.zip
4127965,PR,Pública,Total,Ensino médio,ideb,4.5,IDEB,2019,ideb-2025-ensino_medio,VL_OBSERVADO_2019,available,Regular,INEP,2026-10-06T18:06:37.031241+00:00,https://www.gov.br/inep/pt-br/areas-de-atuacao/pesquisas-estatisticas-e-indicadores/ideb/resultados,https://download.inep.gov.br/ideb/resultados/divulgacao_ensino_medio_municipios_2025.zip
4127965,PR,Pública,Total,Ensino médio,ideb,4.6,IDEB,2021,ideb-2025-ensino_medio,VL_OBSERVADO_2021,available,Regular,INEP,2026-10-06T18:06:37.031241+00:00,https://www.gov.br/inep/pt-br/areas-de-atuacao/pesquisas-estatisticas-e-indicadores/ideb/resultados,https://download.inep.gov.br/ideb/resultados/divulgacao_ensino_medio_municipios_2025.zip
4127965,PR,Pública,Total,Ensino médio,ideb,5.1,IDEB,2023,ideb-2025-ensino_medio,VL_OBSERVADO_2023,available,Regular,INEP,2026-10-06T18:06:37.031241+00:00,https://www.gov.br/inep/pt-br/areas-de-atuacao/pesquisas-estatisticas-e-indicadores/ideb/resultados,https://download.inep.gov.br/ideb/resultados/divulgacao_ensino_medio_municipios_2025.zip
4127965,PR,Pública,Total,Ensino médio,ideb,5.3,IDEB,2025,ideb-2025-ensino_medio,VL_OBSERVADO_2025,available,Regular,INEP,2026-10-06T18:06:37.031241+00:00,https://www.gov.br/inep/pt-br/areas-de-atuacao/pesquisas-estatisticas-e-indicadores/ideb/resultados,https://download.inep.gov.br/ideb/resultados/divulgacao_ensino_medio_municipios_2025.zip
