municipalityCode;municipality;classCode;className;level;collection;year;areaHa;sharePercent;sourceAgency;sourceUrl;reference;collectedAt;unit
4127965;Turvo;3;1.1 Formação Florestal;2;11;1985;42779.63755789558;45.70288552163008;Rede MapBiomas;https://drive.google.com/uc?id=1otOqymHuixvkRGVl65zTTNyfaHo46Gqk&export=download;1985–2025;2026-10-07T18:19:30.573244+00:00;ha
4127965;Turvo;3;1.1 Formação Florestal;2;11;1986;42804.64962018823;45.729606725569084;Rede MapBiomas;https://drive.google.com/uc?id=1otOqymHuixvkRGVl65zTTNyfaHo46Gqk&export=download;1985–2025;2026-10-07T18:19:30.573244+00:00;ha
4127965;Turvo;3;1.1 Formação Florestal;2;11;1987;41935.65410488678;44.80123040398657;Rede MapBiomas;https://drive.google.com/uc?id=1otOqymHuixvkRGVl65zTTNyfaHo46Gqk&export=download;1985–2025;2026-10-07T18:19:30.573244+00:00;ha
4127965;Turvo;3;1.1 Formação Florestal;2;11;1988;39884.57001102735;42.60999020448673;Rede MapBiomas;https://drive.google.com/uc?id=1otOqymHuixvkRGVl65zTTNyfaHo46Gqk&export=download;1985–2025;2026-10-07T18:19:30.573244+00:00;ha
4127965;Turvo;3;1.1 Formação Florestal;2;11;1989;37713.38331708377;40.29044047045501;Rede MapBiomas;https://drive.google.com/uc?id=1otOqymHuixvkRGVl65zTTNyfaHo46Gqk&export=download;1985–2025;2026-10-07T18:19:30.573244+00:00;ha
4127965;Turvo;3;1.1 Formação Florestal;2;11;1990;37200.16162803397;39.74214895980075;Rede MapBiomas;https://drive.google.com/uc?id=1otOqymHuixvkRGVl65zTTNyfaHo46Gqk&export=download;1985–2025;2026-10-07T18:19:30.573244+00:00;ha
4127965;Turvo;3;1.1 Formação Florestal;2;11;1991;36606.9545192872;39.10840641008934;Rede MapBiomas;https://drive.google.com/uc?id=1otOqymHuixvkRGVl65zTTNyfaHo46Gqk&export=download;1985–2025;2026-10-07T18:19:30.573244+00:00;ha
4127965;Turvo;3;1.1 Formação Florestal;2;11;1992;36628.64279342096;39.13157670246395;Rede MapBiomas;https://drive.google.com/uc?id=1otOqymHuixvkRGVl65zTTNyfaHo46Gqk&export=download;1985–2025;2026-10-07T18:19:30.573244+00:00;ha
4127965;Turvo;3;1.1 Formação Florestal;2;11;1993;37528.7372245553;40.093177012637625;Rede MapBiomas;https://drive.google.com/uc?id=1otOqymHuixvkRGVl65zTTNyfaHo46Gqk&export=download;1985–2025;2026-10-07T18:19:30.573244+00:00;ha
4127965;Turvo;3;1.1 Formação Florestal;2;11;1994;38057.51139600292;40.65808374873981;Rede MapBiomas;https://drive.google.com/uc?id=1otOqymHuixvkRGVl65zTTNyfaHo46Gqk&export=download;1985–2025;2026-10-07T18:19:30.573244+00:00;ha
4127965;Turvo;3;1.1 Formação Florestal;2;11;1995;38232.49744113176;40.845027062076284;Rede MapBiomas;https://drive.google.com/uc?id=1otOqymHuixvkRGVl65zTTNyfaHo46Gqk&export=download;1985–2025;2026-10-07T18:19:30.573244+00:00;ha
4127965;Turvo;3;1.1 Formação Florestal;2;11;1996;38340.03653223054;40.95991458918392;Rede MapBiomas;https://drive.google.com/uc?id=1otOqymHuixvkRGVl65zTTNyfaHo46Gqk&export=download;1985–2025;2026-10-07T18:19:30.573244+00:00;ha
4127965;Turvo;3;1.1 Formação Florestal;2;11;1997;37873.97373793393;40.462004467696744;Rede MapBiomas;https://drive.google.com/uc?id=1otOqymHuixvkRGVl65zTTNyfaHo46Gqk&export=download;1985–2025;2026-10-07T18:19:30.573244+00:00;ha
4127965;Turvo;3;1.1 Formação Florestal;2;11;1998;37335.27888918702;39.88649914767031;Rede MapBiomas;https://drive.google.com/uc?id=1otOqymHuixvkRGVl65zTTNyfaHo46Gqk&export=download;1985–2025;2026-10-07T18:19:30.573244+00:00;ha
4127965;Turvo;3;1.1 Formação Florestal;2;11;1999;37477.30757500076;40.0382330364801;Rede MapBiomas;https://drive.google.com/uc?id=1otOqymHuixvkRGVl65zTTNyfaHo46Gqk&export=download;1985–2025;2026-10-07T18:19:30.573244+00:00;ha
4127965;Turvo;3;1.1 Formação Florestal;2;11;2000;37213.05923223332;39.75592789206562;Rede MapBiomas;https://drive.google.com/uc?id=1otOqymHuixvkRGVl65zTTNyfaHo46Gqk&export=download;1985–2025;2026-10-07T18:19:30.573244+00:00;ha
4127965;Turvo;3;1.1 Formação Florestal;2;11;2001;37646.9775722472;40.21949704205085;Rede MapBiomas;https://drive.google.com/uc?id=1otOqymHuixvkRGVl65zTTNyfaHo46Gqk&export=download;1985–2025;2026-10-07T18:19:30.573244+00:00;ha
4127965;Turvo;3;1.1 Formação Florestal;2;11;2002;38261.40457446269;40.87590949775831;Rede MapBiomas;https://drive.google.com/uc?id=1otOqymHuixvkRGVl65zTTNyfaHo46Gqk&export=download;1985–2025;2026-10-07T18:19:30.573244+00:00;ha
4127965;Turvo;3;1.1 Formação Florestal;2;11;2003;38577.10591313575;41.2131835600005;Rede MapBiomas;https://drive.google.com/uc?id=1otOqymHuixvkRGVl65zTTNyfaHo46Gqk&export=download;1985–2025;2026-10-07T18:19:30.573244+00:00;ha
4127965;Turvo;3;1.1 Formação Florestal;2;11;2004;39320.11842956598;42.006968124762004;Rede MapBiomas;https://drive.google.com/uc?id=1otOqymHuixvkRGVl65zTTNyfaHo46Gqk&export=download;1985–2025;2026-10-07T18:19:30.573244+00:00;ha
4127965;Turvo;3;1.1 Formação Florestal;2;11;2005;40335.27863649299;43.09149696539349;Rede MapBiomas;https://drive.google.com/uc?id=1otOqymHuixvkRGVl65zTTNyfaHo46Gqk&export=download;1985–2025;2026-10-07T18:19:30.573244+00:00;ha
4127965;Turvo;3;1.1 Formação Florestal;2;11;2006;41227.71229784299;44.04491302473082;Rede MapBiomas;https://drive.google.com/uc?id=1otOqymHuixvkRGVl65zTTNyfaHo46Gqk&export=download;1985–2025;2026-10-07T18:19:30.573244+00:00;ha
4127965;Turvo;3;1.1 Formação Florestal;2;11;2007;41592.2097834995;44.43431760622913;Rede MapBiomas;https://drive.google.com/uc?id=1otOqymHuixvkRGVl65zTTNyfaHo46Gqk&export=download;1985–2025;2026-10-07T18:19:30.573244+00:00;ha
4127965;Turvo;3;1.1 Formação Florestal;2;11;2008;41901.41092892775;44.76464729949826;Rede MapBiomas;https://drive.google.com/uc?id=1otOqymHuixvkRGVl65zTTNyfaHo46Gqk&export=download;1985–2025;2026-10-07T18:19:30.573244+00:00;ha
4127965;Turvo;3;1.1 Formação Florestal;2;11;2009;42153.9542781274;45.03444761657903;Rede MapBiomas;https://drive.google.com/uc?id=1otOqymHuixvkRGVl65zTTNyfaHo46Gqk&export=download;1985–2025;2026-10-07T18:19:30.573244+00:00;ha
4127965;Turvo;3;1.1 Formação Florestal;2;11;2010;42220.79050748573;45.10585094567286;Rede MapBiomas;https://drive.google.com/uc?id=1otOqymHuixvkRGVl65zTTNyfaHo46Gqk&export=download;1985–2025;2026-10-07T18:19:30.573244+00:00;ha
4127965;Turvo;3;1.1 Formação Florestal;2;11;2011;42282.63426394326;45.17192065273339;Rede MapBiomas;https://drive.google.com/uc?id=1otOqymHuixvkRGVl65zTTNyfaHo46Gqk&export=download;1985–2025;2026-10-07T18:19:30.573244+00:00;ha
4127965;Turvo;3;1.1 Formação Florestal;2;11;2012;42407.02160868268;45.30480772007405;Rede MapBiomas;https://drive.google.com/uc?id=1otOqymHuixvkRGVl65zTTNyfaHo46Gqk&export=download;1985–2025;2026-10-07T18:19:30.573244+00:00;ha
4127965;Turvo;3;1.1 Formação Florestal;2;11;2013;42415.57312608297;45.3139435857123;Rede MapBiomas;https://drive.google.com/uc?id=1otOqymHuixvkRGVl65zTTNyfaHo46Gqk&export=download;1985–2025;2026-10-07T18:19:30.573244+00:00;ha
4127965;Turvo;3;1.1 Formação Florestal;2;11;2014;42294.67868298711;45.184788099401;Rede MapBiomas;https://drive.google.com/uc?id=1otOqymHuixvkRGVl65zTTNyfaHo46Gqk&export=download;1985–2025;2026-10-07T18:19:30.573244+00:00;ha
4127965;Turvo;3;1.1 Formação Florestal;2;11;2015;42244.38136991372;45.131053835329034;Rede MapBiomas;https://drive.google.com/uc?id=1otOqymHuixvkRGVl65zTTNyfaHo46Gqk&export=download;1985–2025;2026-10-07T18:19:30.573244+00:00;ha
4127965;Turvo;3;1.1 Formação Florestal;2;11;2016;42109.35068927462;44.986796144253354;Rede MapBiomas;https://drive.google.com/uc?id=1otOqymHuixvkRGVl65zTTNyfaHo46Gqk&export=download;1985–2025;2026-10-07T18:19:30.573244+00:00;ha
4127965;Turvo;3;1.1 Formação Florestal;2;11;2017;42178.79652183106;45.06098739776703;Rede MapBiomas;https://drive.google.com/uc?id=1otOqymHuixvkRGVl65zTTNyfaHo46Gqk&export=download;1985–2025;2026-10-07T18:19:30.573244+00:00;ha
4127965;Turvo;3;1.1 Formação Florestal;2;11;2018;42154.2284625357;45.034740536747115;Rede MapBiomas;https://drive.google.com/uc?id=1otOqymHuixvkRGVl65zTTNyfaHo46Gqk&export=download;1985–2025;2026-10-07T18:19:30.573244+00:00;ha
4127965;Turvo;3;1.1 Formação Florestal;2;11;2019;42049.61468914154;44.92297822218921;Rede MapBiomas;https://drive.google.com/uc?id=1otOqymHuixvkRGVl65zTTNyfaHo46Gqk&export=download;1985–2025;2026-10-07T18:19:30.573244+00:00;ha
4127965;Turvo;3;1.1 Formação Florestal;2;11;2020;41998.84117109449;44.868735212773935;Rede MapBiomas;https://drive.google.com/uc?id=1otOqymHuixvkRGVl65zTTNyfaHo46Gqk&export=download;1985–2025;2026-10-07T18:19:30.573244+00:00;ha
4127965;Turvo;3;1.1 Formação Florestal;2;11;2021;41808.62074544941;44.66551651263026;Rede MapBiomas;https://drive.google.com/uc?id=1otOqymHuixvkRGVl65zTTNyfaHo46Gqk&export=download;1985–2025;2026-10-07T18:19:30.573244+00:00;ha
4127965;Turvo;3;1.1 Formação Florestal;2;11;2022;41702.82337895725;44.55248972686712;Rede MapBiomas;https://drive.google.com/uc?id=1otOqymHuixvkRGVl65zTTNyfaHo46Gqk&export=download;1985–2025;2026-10-07T18:19:30.573244+00:00;ha
4127965;Turvo;3;1.1 Formação Florestal;2;11;2023;41675.18736916776;44.52296527402495;Rede MapBiomas;https://drive.google.com/uc?id=1otOqymHuixvkRGVl65zTTNyfaHo46Gqk&export=download;1985–2025;2026-10-07T18:19:30.573244+00:00;ha
4127965;Turvo;3;1.1 Formação Florestal;2;11;2024;41609.98574271575;44.45330824466074;Rede MapBiomas;https://drive.google.com/uc?id=1otOqymHuixvkRGVl65zTTNyfaHo46Gqk&export=download;1985–2025;2026-10-07T18:19:30.573244+00:00;ha
4127965;Turvo;3;1.1 Formação Florestal;2;11;2025;41678.62315098654;44.52663583207791;Rede MapBiomas;https://drive.google.com/uc?id=1otOqymHuixvkRGVl65zTTNyfaHo46Gqk&export=download;1985–2025;2026-10-07T18:19:30.573244+00:00;ha
4127965;Turvo;9;3.3. Silvicultura;2;11;1985;3853.427832330222;4.116742944549497;Rede MapBiomas;https://drive.google.com/uc?id=1otOqymHuixvkRGVl65zTTNyfaHo46Gqk&export=download;1985–2025;2026-10-07T18:19:30.573244+00:00;ha
4127965;Turvo;9;3.3. Silvicultura;2;11;1986;5116.964855169597;5.466620858522407;Rede MapBiomas;https://drive.google.com/uc?id=1otOqymHuixvkRGVl65zTTNyfaHo46Gqk&export=download;1985–2025;2026-10-07T18:19:30.573244+00:00;ha
4127965;Turvo;9;3.3. Silvicultura;2;11;1987;5462.217322930846;5.835465358170124;Rede MapBiomas;https://drive.google.com/uc?id=1otOqymHuixvkRGVl65zTTNyfaHo46Gqk&export=download;1985–2025;2026-10-07T18:19:30.573244+00:00;ha
4127965;Turvo;9;3.3. Silvicultura;2;11;1988;5695.364664123432;6.084544285727109;Rede MapBiomas;https://drive.google.com/uc?id=1otOqymHuixvkRGVl65zTTNyfaHo46Gqk&export=download;1985–2025;2026-10-07T18:19:30.573244+00:00;ha
4127965;Turvo;9;3.3. Silvicultura;2;11;1989;5808.372817730614;6.205274591128366;Rede MapBiomas;https://drive.google.com/uc?id=1otOqymHuixvkRGVl65zTTNyfaHo46Gqk&export=download;1985–2025;2026-10-07T18:19:30.573244+00:00;ha
4127965;Turvo;9;3.3. Silvicultura;2;11;1990;5190.5460025695;5.54523000409118;Rede MapBiomas;https://drive.google.com/uc?id=1otOqymHuixvkRGVl65zTTNyfaHo46Gqk&export=download;1985–2025;2026-10-07T18:19:30.573244+00:00;ha
4127965;Turvo;9;3.3. Silvicultura;2;11;1991;4741.575126312138;5.065579737480891;Rede MapBiomas;https://drive.google.com/uc?id=1otOqymHuixvkRGVl65zTTNyfaHo46Gqk&export=download;1985–2025;2026-10-07T18:19:30.573244+00:00;ha
4127965;Turvo;9;3.3. Silvicultura;2;11;1992;4710.790475024279;5.03269148797835;Rede MapBiomas;https://drive.google.com/uc?id=1otOqymHuixvkRGVl65zTTNyfaHo46Gqk&export=download;1985–2025;2026-10-07T18:19:30.573244+00:00;ha
4127965;Turvo;9;3.3. Silvicultura;2;11;1993;4997.070675445447;5.338533986275607;Rede MapBiomas;https://drive.google.com/uc?id=1otOqymHuixvkRGVl65zTTNyfaHo46Gqk&export=download;1985–2025;2026-10-07T18:19:30.573244+00:00;ha
4127965;Turvo;9;3.3. Silvicultura;2;11;1994;5314.165289202846;5.677296529844778;Rede MapBiomas;https://drive.google.com/uc?id=1otOqymHuixvkRGVl65zTTNyfaHo46Gqk&export=download;1985–2025;2026-10-07T18:19:30.573244+00:00;ha
4127965;Turvo;9;3.3. Silvicultura;2;11;1995;5664.458755126944;6.051526492649812;Rede MapBiomas;https://drive.google.com/uc?id=1otOqymHuixvkRGVl65zTTNyfaHo46Gqk&export=download;1985–2025;2026-10-07T18:19:30.573244+00:00;ha
4127965;Turvo;9;3.3. Silvicultura;2;11;1996;5613.08222415769;5.9966392648137035;Rede MapBiomas;https://drive.google.com/uc?id=1otOqymHuixvkRGVl65zTTNyfaHo46Gqk&export=download;1985–2025;2026-10-07T18:19:30.573244+00:00;ha
4127965;Turvo;9;3.3. Silvicultura;2;11;1997;5515.273849212582;5.892147379927504;Rede MapBiomas;https://drive.google.com/uc?id=1otOqymHuixvkRGVl65zTTNyfaHo46Gqk&export=download;1985–2025;2026-10-07T18:19:30.573244+00:00;ha
4127965;Turvo;9;3.3. Silvicultura;2;11;1998;5695.813879028263;6.085024196697423;Rede MapBiomas;https://drive.google.com/uc?id=1otOqymHuixvkRGVl65zTTNyfaHo46Gqk&export=download;1985–2025;2026-10-07T18:19:30.573244+00:00;ha
4127965;Turvo;9;3.3. Silvicultura;2;11;1999;5858.616384301684;6.258951436054609;Rede MapBiomas;https://drive.google.com/uc?id=1otOqymHuixvkRGVl65zTTNyfaHo46Gqk&export=download;1985–2025;2026-10-07T18:19:30.573244+00:00;ha
4127965;Turvo;9;3.3. Silvicultura;2;11;2000;5953.70309407341;6.360535677048807;Rede MapBiomas;https://drive.google.com/uc?id=1otOqymHuixvkRGVl65zTTNyfaHo46Gqk&export=download;1985–2025;2026-10-07T18:19:30.573244+00:00;ha
4127965;Turvo;9;3.3. Silvicultura;2;11;2001;5933.709736273098;6.339176119210009;Rede MapBiomas;https://drive.google.com/uc?id=1otOqymHuixvkRGVl65zTTNyfaHo46Gqk&export=download;1985–2025;2026-10-07T18:19:30.573244+00:00;ha
4127965;Turvo;9;3.3. Silvicultura;2;11;2002;6044.600339977978;6.457644176815449;Rede MapBiomas;https://drive.google.com/uc?id=1otOqymHuixvkRGVl65zTTNyfaHo46Gqk&export=download;1985–2025;2026-10-07T18:19:30.573244+00:00;ha
4127965;Turvo;9;3.3. Silvicultura;2;11;2003;6111.478069311432;6.52909184168958;Rede MapBiomas;https://drive.google.com/uc?id=1otOqymHuixvkRGVl65zTTNyfaHo46Gqk&export=download;1985–2025;2026-10-07T18:19:30.573244+00:00;ha
4127965;Turvo;9;3.3. Silvicultura;2;11;2004;6310.200448907389;6.741393457217964;Rede MapBiomas;https://drive.google.com/uc?id=1otOqymHuixvkRGVl65zTTNyfaHo46Gqk&export=download;1985–2025;2026-10-07T18:19:30.573244+00:00;ha
4127965;Turvo;9;3.3. Silvicultura;2;11;2005;6579.902256005751;7.029524715883063;Rede MapBiomas;https://drive.google.com/uc?id=1otOqymHuixvkRGVl65zTTNyfaHo46Gqk&export=download;1985–2025;2026-10-07T18:19:30.573244+00:00;ha
4127965;Turvo;9;3.3. Silvicultura;2;11;2006;6672.256480969038;7.12818975401537;Rede MapBiomas;https://drive.google.com/uc?id=1otOqymHuixvkRGVl65zTTNyfaHo46Gqk&export=download;1985–2025;2026-10-07T18:19:30.573244+00:00;ha
4127965;Turvo;9;3.3. Silvicultura;2;11;2007;6862.797126843037;7.33175055589948;Rede MapBiomas;https://drive.google.com/uc?id=1otOqymHuixvkRGVl65zTTNyfaHo46Gqk&export=download;1985–2025;2026-10-07T18:19:30.573244+00:00;ha
4127965;Turvo;9;3.3. Silvicultura;2;11;2008;7028.489909405306;7.508765572984544;Rede MapBiomas;https://drive.google.com/uc?id=1otOqymHuixvkRGVl65zTTNyfaHo46Gqk&export=download;1985–2025;2026-10-07T18:19:30.573244+00:00;ha
4127965;Turvo;9;3.3. Silvicultura;2;11;2009;7152.023668169937;7.640740726519582;Rede MapBiomas;https://drive.google.com/uc?id=1otOqymHuixvkRGVl65zTTNyfaHo46Gqk&export=download;1985–2025;2026-10-07T18:19:30.573244+00:00;ha
4127965;Turvo;9;3.3. Silvicultura;2;11;2010;7323.548185833576;7.823985976887238;Rede MapBiomas;https://drive.google.com/uc?id=1otOqymHuixvkRGVl65zTTNyfaHo46Gqk&export=download;1985–2025;2026-10-07T18:19:30.573244+00:00;ha
4127965;Turvo;9;3.3. Silvicultura;2;11;2011;7509.714217907541;8.022873235816858;Rede MapBiomas;https://drive.google.com/uc?id=1otOqymHuixvkRGVl65zTTNyfaHo46Gqk&export=download;1985–2025;2026-10-07T18:19:30.573244+00:00;ha
4127965;Turvo;9;3.3. Silvicultura;2;11;2012;7821.343314422481;8.355796788615933;Rede MapBiomas;https://drive.google.com/uc?id=1otOqymHuixvkRGVl65zTTNyfaHo46Gqk&export=download;1985–2025;2026-10-07T18:19:30.573244+00:00;ha
4127965;Turvo;9;3.3. Silvicultura;2;11;2013;8104.21738317255;8.658000405082433;Rede MapBiomas;https://drive.google.com/uc?id=1otOqymHuixvkRGVl65zTTNyfaHo46Gqk&export=download;1985–2025;2026-10-07T18:19:30.573244+00:00;ha
4127965;Turvo;9;3.3. Silvicultura;2;11;2014;8278.838424505495;8.844553772929618;Rede MapBiomas;https://drive.google.com/uc?id=1otOqymHuixvkRGVl65zTTNyfaHo46Gqk&export=download;1985–2025;2026-10-07T18:19:30.573244+00:00;ha
4127965;Turvo;9;3.3. Silvicultura;2;11;2015;8260.475589361511;8.824936155755974;Rede MapBiomas;https://drive.google.com/uc?id=1otOqymHuixvkRGVl65zTTNyfaHo46Gqk&export=download;1985–2025;2026-10-07T18:19:30.573244+00:00;ha
4127965;Turvo;9;3.3. Silvicultura;2;11;2016;8070.952822790458;8.622462787611676;Rede MapBiomas;https://drive.google.com/uc?id=1otOqymHuixvkRGVl65zTTNyfaHo46Gqk&export=download;1985–2025;2026-10-07T18:19:30.573244+00:00;ha
4127965;Turvo;9;3.3. Silvicultura;2;11;2017;8030.761154064796;8.579524713809478;Rede MapBiomas;https://drive.google.com/uc?id=1otOqymHuixvkRGVl65zTTNyfaHo46Gqk&export=download;1985–2025;2026-10-07T18:19:30.573244+00:00;ha
4127965;Turvo;9;3.3. Silvicultura;2;11;2018;8077.49729193099;8.629454457971782;Rede MapBiomas;https://drive.google.com/uc?id=1otOqymHuixvkRGVl65zTTNyfaHo46Gqk&export=download;1985–2025;2026-10-07T18:19:30.573244+00:00;ha
4127965;Turvo;9;3.3. Silvicultura;2;11;2019;8124.25714144273;8.679409534060294;Rede MapBiomas;https://drive.google.com/uc?id=1otOqymHuixvkRGVl65zTTNyfaHo46Gqk&export=download;1985–2025;2026-10-07T18:19:30.573244+00:00;ha
4127965;Turvo;9;3.3. Silvicultura;2;11;2020;8205.836386602663;8.76656330897107;Rede MapBiomas;https://drive.google.com/uc?id=1otOqymHuixvkRGVl65zTTNyfaHo46Gqk&export=download;1985–2025;2026-10-07T18:19:30.573244+00:00;ha
4127965;Turvo;9;3.3. Silvicultura;2;11;2021;8197.279673449548;8.757421892540204;Rede MapBiomas;https://drive.google.com/uc?id=1otOqymHuixvkRGVl65zTTNyfaHo46Gqk&export=download;1985–2025;2026-10-07T18:19:30.573244+00:00;ha
4127965;Turvo;9;3.3. Silvicultura;2;11;2022;8287.721024835066;8.854043345286264;Rede MapBiomas;https://drive.google.com/uc?id=1otOqymHuixvkRGVl65zTTNyfaHo46Gqk&export=download;1985–2025;2026-10-07T18:19:30.573244+00:00;ha
4127965;Turvo;9;3.3. Silvicultura;2;11;2023;8257.01746363513;8.821241726975966;Rede MapBiomas;https://drive.google.com/uc?id=1otOqymHuixvkRGVl65zTTNyfaHo46Gqk&export=download;1985–2025;2026-10-07T18:19:30.573244+00:00;ha
4127965;Turvo;9;3.3. Silvicultura;2;11;2024;8048.748915698126;8.598741627688327;Rede MapBiomas;https://drive.google.com/uc?id=1otOqymHuixvkRGVl65zTTNyfaHo46Gqk&export=download;1985–2025;2026-10-07T18:19:30.573244+00:00;ha
4127965;Turvo;9;3.3. Silvicultura;2;11;2025;8014.226236114382;8.561859920339113;Rede MapBiomas;https://drive.google.com/uc?id=1otOqymHuixvkRGVl65zTTNyfaHo46Gqk&export=download;1985–2025;2026-10-07T18:19:30.573244+00:00;ha
4127965;Turvo;11;2.3. Campo Alagado e Área Pantanosa;2;11;1985;399.9150967590313;0.4272423734496156;Rede MapBiomas;https://drive.google.com/uc?id=1otOqymHuixvkRGVl65zTTNyfaHo46Gqk&export=download;1985–2025;2026-10-07T18:19:30.573244+00:00;ha
4127965;Turvo;11;2.3. Campo Alagado e Área Pantanosa;2;11;1986;387.581435241697;0.4140659195905476;Rede MapBiomas;https://drive.google.com/uc?id=1otOqymHuixvkRGVl65zTTNyfaHo46Gqk&export=download;1985–2025;2026-10-07T18:19:30.573244+00:00;ha
4127965;Turvo;11;2.3. Campo Alagado e Área Pantanosa;2;11;1987;384.2502685852037;0.41050712533594114;Rede MapBiomas;https://drive.google.com/uc?id=1otOqymHuixvkRGVl65zTTNyfaHo46Gqk&export=download;1985–2025;2026-10-07T18:19:30.573244+00:00;ha
4127965;Turvo;11;2.3. Campo Alagado e Área Pantanosa;2;11;1988;361.5197197326644;0.3862233368011388;Rede MapBiomas;https://drive.google.com/uc?id=1otOqymHuixvkRGVl65zTTNyfaHo46Gqk&export=download;1985–2025;2026-10-07T18:19:30.573244+00:00;ha
4127965;Turvo;11;2.3. Campo Alagado e Área Pantanosa;2;11;1989;357.9398807678203;0.38239887778895754;Rede MapBiomas;https://drive.google.com/uc?id=1otOqymHuixvkRGVl65zTTNyfaHo46Gqk&export=download;1985–2025;2026-10-07T18:19:30.573244+00:00;ha
4127965;Turvo;11;2.3. Campo Alagado e Área Pantanosa;2;11;1990;360.8576629089336;0.3855160398498069;Rede MapBiomas;https://drive.google.com/uc?id=1otOqymHuixvkRGVl65zTTNyfaHo46Gqk&export=download;1985–2025;2026-10-07T18:19:30.573244+00:00;ha
4127965;Turvo;11;2.3. Campo Alagado e Área Pantanosa;2;11;1991;352.4142932067857;0.37649571193347464;Rede MapBiomas;https://drive.google.com/uc?id=1otOqymHuixvkRGVl65zTTNyfaHo46Gqk&export=download;1985–2025;2026-10-07T18:19:30.573244+00:00;ha
4127965;Turvo;11;2.3. Campo Alagado e Área Pantanosa;2;11;1992;361.0156898864728;0.3856848652367455;Rede MapBiomas;https://drive.google.com/uc?id=1otOqymHuixvkRGVl65zTTNyfaHo46Gqk&export=download;1985–2025;2026-10-07T18:19:30.573244+00:00;ha
4127965;Turvo;11;2.3. Campo Alagado e Área Pantanosa;2;11;1993;391.4458778015116;0.418194429928605;Rede MapBiomas;https://drive.google.com/uc?id=1otOqymHuixvkRGVl65zTTNyfaHo46Gqk&export=download;1985–2025;2026-10-07T18:19:30.573244+00:00;ha
4127965;Turvo;11;2.3. Campo Alagado e Área Pantanosa;2;11;1994;423.9861774841278;0.45295829601375986;Rede MapBiomas;https://drive.google.com/uc?id=1otOqymHuixvkRGVl65zTTNyfaHo46Gqk&export=download;1985–2025;2026-10-07T18:19:30.573244+00:00;ha
4127965;Turvo;11;2.3. Campo Alagado e Área Pantanosa;2;11;1995;457.5847365844704;0.4888527352356105;Rede MapBiomas;https://drive.google.com/uc?id=1otOqymHuixvkRGVl65zTTNyfaHo46Gqk&export=download;1985–2025;2026-10-07T18:19:30.573244+00:00;ha
4127965;Turvo;11;2.3. Campo Alagado e Área Pantanosa;2;11;1996;439.4050077941859;0.46943073656644907;Rede MapBiomas;https://drive.google.com/uc?id=1otOqymHuixvkRGVl65zTTNyfaHo46Gqk&export=download;1985–2025;2026-10-07T18:19:30.573244+00:00;ha
4127965;Turvo;11;2.3. Campo Alagado e Área Pantanosa;2;11;1997;402.3989958801246;0.42989600409398393;Rede MapBiomas;https://drive.google.com/uc?id=1otOqymHuixvkRGVl65zTTNyfaHo46Gqk&export=download;1985–2025;2026-10-07T18:19:30.573244+00:00;ha
4127965;Turvo;11;2.3. Campo Alagado e Área Pantanosa;2;11;1998;377.3219654724095;0.4031053925934732;Rede MapBiomas;https://drive.google.com/uc?id=1otOqymHuixvkRGVl65zTTNyfaHo46Gqk&export=download;1985–2025;2026-10-07T18:19:30.573244+00:00;ha
4127965;Turvo;11;2.3. Campo Alagado e Área Pantanosa;2;11;1999;370.2578180603006;0.39555853294449644;Rede MapBiomas;https://drive.google.com/uc?id=1otOqymHuixvkRGVl65zTTNyfaHo46Gqk&export=download;1985–2025;2026-10-07T18:19:30.573244+00:00;ha
4127965;Turvo;11;2.3. Campo Alagado e Área Pantanosa;2;11;2000;380.9696772460917;0.40700236234649845;Rede MapBiomas;https://drive.google.com/uc?id=1otOqymHuixvkRGVl65zTTNyfaHo46Gqk&export=download;1985–2025;2026-10-07T18:19:30.573244+00:00;ha
4127965;Turvo;11;2.3. Campo Alagado e Área Pantanosa;2;11;2001;417.0037325500464;0.4454987217933955;Rede MapBiomas;https://drive.google.com/uc?id=1otOqymHuixvkRGVl65zTTNyfaHo46Gqk&export=download;1985–2025;2026-10-07T18:19:30.573244+00:00;ha
4127965;Turvo;11;2.3. Campo Alagado e Área Pantanosa;2;11;2002;414.9739336975073;0.44333022131313826;Rede MapBiomas;https://drive.google.com/uc?id=1otOqymHuixvkRGVl65zTTNyfaHo46Gqk&export=download;1985–2025;2026-10-07T18:19:30.573244+00:00;ha
4127965;Turvo;11;2.3. Campo Alagado e Área Pantanosa;2;11;2003;402.2366800292947;0.4297225967634804;Rede MapBiomas;https://drive.google.com/uc?id=1otOqymHuixvkRGVl65zTTNyfaHo46Gqk&export=download;1985–2025;2026-10-07T18:19:30.573244+00:00;ha
4127965;Turvo;11;2.3. Campo Alagado e Área Pantanosa;2;11;2004;408.5703241516093;0.4364890358635112;Rede MapBiomas;https://drive.google.com/uc?id=1otOqymHuixvkRGVl65zTTNyfaHo46Gqk&export=download;1985–2025;2026-10-07T18:19:30.573244+00:00;ha
4127965;Turvo;11;2.3. Campo Alagado e Área Pantanosa;2;11;2005;432.5941762573225;0.46215450254938634;Rede MapBiomas;https://drive.google.com/uc?id=1otOqymHuixvkRGVl65zTTNyfaHo46Gqk&export=download;1985–2025;2026-10-07T18:19:30.573244+00:00;ha
4127965;Turvo;11;2.3. Campo Alagado e Área Pantanosa;2;11;2006;468.467304022214;0.5004789378446324;Rede MapBiomas;https://drive.google.com/uc?id=1otOqymHuixvkRGVl65zTTNyfaHo46Gqk&export=download;1985–2025;2026-10-07T18:19:30.573244+00:00;ha
4127965;Turvo;11;2.3. Campo Alagado e Área Pantanosa;2;11;2007;499.7161295227021;0.5338630798351157;Rede MapBiomas;https://drive.google.com/uc?id=1otOqymHuixvkRGVl65zTTNyfaHo46Gqk&export=download;1985–2025;2026-10-07T18:19:30.573244+00:00;ha
4127965;Turvo;11;2.3. Campo Alagado e Área Pantanosa;2;11;2008;520.414892199704;0.5559762447675244;Rede MapBiomas;https://drive.google.com/uc?id=1otOqymHuixvkRGVl65zTTNyfaHo46Gqk&export=download;1985–2025;2026-10-07T18:19:30.573244+00:00;ha
4127965;Turvo;11;2.3. Campo Alagado e Área Pantanosa;2;11;2009;523.7449793579069;0.559533885758812;Rede MapBiomas;https://drive.google.com/uc?id=1otOqymHuixvkRGVl65zTTNyfaHo46Gqk&export=download;1985–2025;2026-10-07T18:19:30.573244+00:00;ha
4127965;Turvo;11;2.3. Campo Alagado e Área Pantanosa;2;11;2010;515.7124280273412;0.5509524485409151;Rede MapBiomas;https://drive.google.com/uc?id=1otOqymHuixvkRGVl65zTTNyfaHo46Gqk&export=download;1985–2025;2026-10-07T18:19:30.573244+00:00;ha
4127965;Turvo;11;2.3. Campo Alagado e Área Pantanosa;2;11;2011;497.4544912414532;0.5314468977129702;Rede MapBiomas;https://drive.google.com/uc?id=1otOqymHuixvkRGVl65zTTNyfaHo46Gqk&export=download;1985–2025;2026-10-07T18:19:30.573244+00:00;ha
4127965;Turvo;11;2.3. Campo Alagado e Área Pantanosa;2;11;2012;499.2325525207489;0.5333464587129464;Rede MapBiomas;https://drive.google.com/uc?id=1otOqymHuixvkRGVl65zTTNyfaHo46Gqk&export=download;1985–2025;2026-10-07T18:19:30.573244+00:00;ha
4127965;Turvo;11;2.3. Campo Alagado e Área Pantanosa;2;11;2013;516.3528949462848;0.5516366802910616;Rede MapBiomas;https://drive.google.com/uc?id=1otOqymHuixvkRGVl65zTTNyfaHo46Gqk&export=download;1985–2025;2026-10-07T18:19:30.573244+00:00;ha
4127965;Turvo;11;2.3. Campo Alagado e Área Pantanosa;2;11;2014;543.62172506103;0.5807688630814455;Rede MapBiomas;https://drive.google.com/uc?id=1otOqymHuixvkRGVl65zTTNyfaHo46Gqk&export=download;1985–2025;2026-10-07T18:19:30.573244+00:00;ha
4127965;Turvo;11;2.3. Campo Alagado e Área Pantanosa;2;11;2015;566.8290803466786;0.6055620395183513;Rede MapBiomas;https://drive.google.com/uc?id=1otOqymHuixvkRGVl65zTTNyfaHo46Gqk&export=download;1985–2025;2026-10-07T18:19:30.573244+00:00;ha
4127965;Turvo;11;2.3. Campo Alagado e Área Pantanosa;2;11;2016;573.3178037048343;0.6124941548364856;Rede MapBiomas;https://drive.google.com/uc?id=1otOqymHuixvkRGVl65zTTNyfaHo46Gqk&export=download;1985–2025;2026-10-07T18:19:30.573244+00:00;ha
4127965;Turvo;11;2.3. Campo Alagado e Área Pantanosa;2;11;2017;594.7420834411619;0.6353824133648013;Rede MapBiomas;https://drive.google.com/uc?id=1otOqymHuixvkRGVl65zTTNyfaHo46Gqk&export=download;1985–2025;2026-10-07T18:19:30.573244+00:00;ha
4127965;Turvo;11;2.3. Campo Alagado e Área Pantanosa;2;11;2018;600.7497229003903;0.6418005710242429;Rede MapBiomas;https://drive.google.com/uc?id=1otOqymHuixvkRGVl65zTTNyfaHo46Gqk&export=download;1985–2025;2026-10-07T18:19:30.573244+00:00;ha
4127965;Turvo;11;2.3. Campo Alagado e Área Pantanosa;2;11;2019;572.5925428405768;0.6117193349421464;Rede MapBiomas;https://drive.google.com/uc?id=1otOqymHuixvkRGVl65zTTNyfaHo46Gqk&export=download;1985–2025;2026-10-07T18:19:30.573244+00:00;ha
4127965;Turvo;11;2.3. Campo Alagado e Área Pantanosa;2;11;2020;548.6571583923294;0.5861483811472712;Rede MapBiomas;https://drive.google.com/uc?id=1otOqymHuixvkRGVl65zTTNyfaHo46Gqk&export=download;1985–2025;2026-10-07T18:19:30.573244+00:00;ha
4127965;Turvo;11;2.3. Campo Alagado e Área Pantanosa;2;11;2021;541.6008391418424;0.5786098845793038;Rede MapBiomas;https://drive.google.com/uc?id=1otOqymHuixvkRGVl65zTTNyfaHo46Gqk&export=download;1985–2025;2026-10-07T18:19:30.573244+00:00;ha
4127965;Turvo;11;2.3. Campo Alagado e Área Pantanosa;2;11;2022;571.9551253112764;0.6110383609546582;Rede MapBiomas;https://drive.google.com/uc?id=1otOqymHuixvkRGVl65zTTNyfaHo46Gqk&export=download;1985–2025;2026-10-07T18:19:30.573244+00:00;ha
4127965;Turvo;11;2.3. Campo Alagado e Área Pantanosa;2;11;2023;605.5587966247558;0.6469382617209513;Rede MapBiomas;https://drive.google.com/uc?id=1otOqymHuixvkRGVl65zTTNyfaHo46Gqk&export=download;1985–2025;2026-10-07T18:19:30.573244+00:00;ha
4127965;Turvo;11;2.3. Campo Alagado e Área Pantanosa;2;11;2024;631.8577572875993;0.6750343012651188;Rede MapBiomas;https://drive.google.com/uc?id=1otOqymHuixvkRGVl65zTTNyfaHo46Gqk&export=download;1985–2025;2026-10-07T18:19:30.573244+00:00;ha
4127965;Turvo;11;2.3. Campo Alagado e Área Pantanosa;2;11;2025;635.42769416504;0.6788481815535694;Rede MapBiomas;https://drive.google.com/uc?id=1otOqymHuixvkRGVl65zTTNyfaHo46Gqk&export=download;1985–2025;2026-10-07T18:19:30.573244+00:00;ha
4127965;Turvo;15;3.1. Pastagem;2;11;1985;19424.23925587103;20.751549889930782;Rede MapBiomas;https://drive.google.com/uc?id=1otOqymHuixvkRGVl65zTTNyfaHo46Gqk&export=download;1985–2025;2026-10-07T18:19:30.573244+00:00;ha
4127965;Turvo;15;3.1. Pastagem;2;11;1986;20018.35168702356;21.386259625168595;Rede MapBiomas;https://drive.google.com/uc?id=1otOqymHuixvkRGVl65zTTNyfaHo46Gqk&export=download;1985–2025;2026-10-07T18:19:30.573244+00:00;ha
4127965;Turvo;15;3.1. Pastagem;2;11;1987;20563.2240453368;21.968364580643946;Rede MapBiomas;https://drive.google.com/uc?id=1otOqymHuixvkRGVl65zTTNyfaHo46Gqk&export=download;1985–2025;2026-10-07T18:19:30.573244+00:00;ha
4127965;Turvo;15;3.1. Pastagem;2;11;1988;21167.56980600546;22.614006916391705;Rede MapBiomas;https://drive.google.com/uc?id=1otOqymHuixvkRGVl65zTTNyfaHo46Gqk&export=download;1985–2025;2026-10-07T18:19:30.573244+00:00;ha
4127965;Turvo;15;3.1. Pastagem;2;11;1989;21945.47545352155;23.44506895395438;Rede MapBiomas;https://drive.google.com/uc?id=1otOqymHuixvkRGVl65zTTNyfaHo46Gqk&export=download;1985–2025;2026-10-07T18:19:30.573244+00:00;ha
4127965;Turvo;15;3.1. Pastagem;2;11;1990;23079.34168779216;24.656415324796814;Rede MapBiomas;https://drive.google.com/uc?id=1otOqymHuixvkRGVl65zTTNyfaHo46Gqk&export=download;1985–2025;2026-10-07T18:19:30.573244+00:00;ha
4127965;Turvo;15;3.1. Pastagem;2;11;1991;23785.30332830194;25.410617227400962;Rede MapBiomas;https://drive.google.com/uc?id=1otOqymHuixvkRGVl65zTTNyfaHo46Gqk&export=download;1985–2025;2026-10-07T18:19:30.573244+00:00;ha
4127965;Turvo;15;3.1. Pastagem;2;11;1992;24183.76354042328;25.836305300023373;Rede MapBiomas;https://drive.google.com/uc?id=1otOqymHuixvkRGVl65zTTNyfaHo46Gqk&export=download;1985–2025;2026-10-07T18:19:30.573244+00:00;ha
4127965;Turvo;15;3.1. Pastagem;2;11;1993;24270.30362215565;25.928758898843473;Rede MapBiomas;https://drive.google.com/uc?id=1otOqymHuixvkRGVl65zTTNyfaHo46Gqk&export=download;1985–2025;2026-10-07T18:19:30.573244+00:00;ha
4127965;Turvo;15;3.1. Pastagem;2;11;1994;24583.48237582975;26.26333800105311;Rede MapBiomas;https://drive.google.com/uc?id=1otOqymHuixvkRGVl65zTTNyfaHo46Gqk&export=download;1985–2025;2026-10-07T18:19:30.573244+00:00;ha
4127965;Turvo;15;3.1. Pastagem;2;11;1995;25058.97262699008;26.77131978294693;Rede MapBiomas;https://drive.google.com/uc?id=1otOqymHuixvkRGVl65zTTNyfaHo46Gqk&export=download;1985–2025;2026-10-07T18:19:30.573244+00:00;ha
4127965;Turvo;15;3.1. Pastagem;2;11;1996;25727.15501059018;27.485160870167856;Rede MapBiomas;https://drive.google.com/uc?id=1otOqymHuixvkRGVl65zTTNyfaHo46Gqk&export=download;1985–2025;2026-10-07T18:19:30.573244+00:00;ha
4127965;Turvo;15;3.1. Pastagem;2;11;1997;25725.64863688404;27.48355156188535;Rede MapBiomas;https://drive.google.com/uc?id=1otOqymHuixvkRGVl65zTTNyfaHo46Gqk&export=download;1985–2025;2026-10-07T18:19:30.573244+00:00;ha
4127965;Turvo;15;3.1. Pastagem;2;11;1998;25580.00049702171;27.327950891974158;Rede MapBiomas;https://drive.google.com/uc?id=1otOqymHuixvkRGVl65zTTNyfaHo46Gqk&export=download;1985–2025;2026-10-07T18:19:30.573244+00:00;ha
4127965;Turvo;15;3.1. Pastagem;2;11;1999;25408.76943164052;27.145019146274535;Rede MapBiomas;https://drive.google.com/uc?id=1otOqymHuixvkRGVl65zTTNyfaHo46Gqk&export=download;1985–2025;2026-10-07T18:19:30.573244+00:00;ha
4127965;Turvo;15;3.1. Pastagem;2;11;2000;24854.93268021878;26.55333723654251;Rede MapBiomas;https://drive.google.com/uc?id=1otOqymHuixvkRGVl65zTTNyfaHo46Gqk&export=download;1985–2025;2026-10-07T18:19:30.573244+00:00;ha
4127965;Turvo;15;3.1. Pastagem;2;11;2001;23938.33683337365;25.574107924436458;Rede MapBiomas;https://drive.google.com/uc?id=1otOqymHuixvkRGVl65zTTNyfaHo46Gqk&export=download;1985–2025;2026-10-07T18:19:30.573244+00:00;ha
4127965;Turvo;15;3.1. Pastagem;2;11;2002;23359.0543346921;24.955241490935304;Rede MapBiomas;https://drive.google.com/uc?id=1otOqymHuixvkRGVl65zTTNyfaHo46Gqk&export=download;1985–2025;2026-10-07T18:19:30.573244+00:00;ha
4127965;Turvo;15;3.1. Pastagem;2;11;2003;23046.4304961849;24.62125522274192;Rede MapBiomas;https://drive.google.com/uc?id=1otOqymHuixvkRGVl65zTTNyfaHo46Gqk&export=download;1985–2025;2026-10-07T18:19:30.573244+00:00;ha
4127965;Turvo;15;3.1. Pastagem;2;11;2004;22925.30960278258;24.491857812164227;Rede MapBiomas;https://drive.google.com/uc?id=1otOqymHuixvkRGVl65zTTNyfaHo46Gqk&export=download;1985–2025;2026-10-07T18:19:30.573244+00:00;ha
4127965;Turvo;15;3.1. Pastagem;2;11;2005;22857.46973123087;24.41938225930023;Rede MapBiomas;https://drive.google.com/uc?id=1otOqymHuixvkRGVl65zTTNyfaHo46Gqk&export=download;1985–2025;2026-10-07T18:19:30.573244+00:00;ha
4127965;Turvo;15;3.1. Pastagem;2;11;2006;22624.15897229564;24.170128747225693;Rede MapBiomas;https://drive.google.com/uc?id=1otOqymHuixvkRGVl65zTTNyfaHo46Gqk&export=download;1985–2025;2026-10-07T18:19:30.573244+00:00;ha
4127965;Turvo;15;3.1. Pastagem;2;11;2007;21834.1605491142;23.3261476020356;Rede MapBiomas;https://drive.google.com/uc?id=1otOqymHuixvkRGVl65zTTNyfaHo46Gqk&export=download;1985–2025;2026-10-07T18:19:30.573244+00:00;ha
4127965;Turvo;15;3.1. Pastagem;2;11;2008;20770.48410225772;22.18978727600559;Rede MapBiomas;https://drive.google.com/uc?id=1otOqymHuixvkRGVl65zTTNyfaHo46Gqk&export=download;1985–2025;2026-10-07T18:19:30.573244+00:00;ha
4127965;Turvo;15;3.1. Pastagem;2;11;2009;19996.59876190739;21.363020264035637;Rede MapBiomas;https://drive.google.com/uc?id=1otOqymHuixvkRGVl65zTTNyfaHo46Gqk&export=download;1985–2025;2026-10-07T18:19:30.573244+00:00;ha
4127965;Turvo;15;3.1. Pastagem;2;11;2010;19390.94221118734;20.715977568418527;Rede MapBiomas;https://drive.google.com/uc?id=1otOqymHuixvkRGVl65zTTNyfaHo46Gqk&export=download;1985–2025;2026-10-07T18:19:30.573244+00:00;ha
4127965;Turvo;15;3.1. Pastagem;2;11;2011;18856.84748860988;20.14538671358415;Rede MapBiomas;https://drive.google.com/uc?id=1otOqymHuixvkRGVl65zTTNyfaHo46Gqk&export=download;1985–2025;2026-10-07T18:19:30.573244+00:00;ha
4127965;Turvo;15;3.1. Pastagem;2;11;2012;18682.76474399939;19.959408425725652;Rede MapBiomas;https://drive.google.com/uc?id=1otOqymHuixvkRGVl65zTTNyfaHo46Gqk&export=download;1985–2025;2026-10-07T18:19:30.573244+00:00;ha
4127965;Turvo;15;3.1. Pastagem;2;11;2013;18263.04149638559;19.51100435707267;Rede MapBiomas;https://drive.google.com/uc?id=1otOqymHuixvkRGVl65zTTNyfaHo46Gqk&export=download;1985–2025;2026-10-07T18:19:30.573244+00:00;ha
4127965;Turvo;15;3.1. Pastagem;2;11;2014;17818.75151077735;19.036354838988746;Rede MapBiomas;https://drive.google.com/uc?id=1otOqymHuixvkRGVl65zTTNyfaHo46Gqk&export=download;1985–2025;2026-10-07T18:19:30.573244+00:00;ha
4127965;Turvo;15;3.1. Pastagem;2;11;2015;17205.01904684312;18.38068438123572;Rede MapBiomas;https://drive.google.com/uc?id=1otOqymHuixvkRGVl65zTTNyfaHo46Gqk&export=download;1985–2025;2026-10-07T18:19:30.573244+00:00;ha
4127965;Turvo;15;3.1. Pastagem;2;11;2016;16289.41028488695;17.40250960419016;Rede MapBiomas;https://drive.google.com/uc?id=1otOqymHuixvkRGVl65zTTNyfaHo46Gqk&export=download;1985–2025;2026-10-07T18:19:30.573244+00:00;ha
4127965;Turvo;15;3.1. Pastagem;2;11;2017;15532.44137034873;16.593814963012964;Rede MapBiomas;https://drive.google.com/uc?id=1otOqymHuixvkRGVl65zTTNyfaHo46Gqk&export=download;1985–2025;2026-10-07T18:19:30.573244+00:00;ha
4127965;Turvo;15;3.1. Pastagem;2;11;2018;14966.76446470315;15.989483829399182;Rede MapBiomas;https://drive.google.com/uc?id=1otOqymHuixvkRGVl65zTTNyfaHo46Gqk&export=download;1985–2025;2026-10-07T18:19:30.573244+00:00;ha
4127965;Turvo;15;3.1. Pastagem;2;11;2019;14273.76198487497;15.24912662186254;Rede MapBiomas;https://drive.google.com/uc?id=1otOqymHuixvkRGVl65zTTNyfaHo46Gqk&export=download;1985–2025;2026-10-07T18:19:30.573244+00:00;ha
4127965;Turvo;15;3.1. Pastagem;2;11;2020;13758.54173349576;14.698699981726982;Rede MapBiomas;https://drive.google.com/uc?id=1otOqymHuixvkRGVl65zTTNyfaHo46Gqk&export=download;1985–2025;2026-10-07T18:19:30.573244+00:00;ha
4127965;Turvo;15;3.1. Pastagem;2;11;2021;13266.07504976778;14.172581721861482;Rede MapBiomas;https://drive.google.com/uc?id=1otOqymHuixvkRGVl65zTTNyfaHo46Gqk&export=download;1985–2025;2026-10-07T18:19:30.573244+00:00;ha
4127965;Turvo;15;3.1. Pastagem;2;11;2022;12354.46713148175;13.1986811769199;Rede MapBiomas;https://drive.google.com/uc?id=1otOqymHuixvkRGVl65zTTNyfaHo46Gqk&export=download;1985–2025;2026-10-07T18:19:30.573244+00:00;ha
4127965;Turvo;15;3.1. Pastagem;2;11;2023;12059.07356316508;12.883102569730159;Rede MapBiomas;https://drive.google.com/uc?id=1otOqymHuixvkRGVl65zTTNyfaHo46Gqk&export=download;1985–2025;2026-10-07T18:19:30.573244+00:00;ha
4127965;Turvo;15;3.1. Pastagem;2;11;2024;11773.79295183701;12.578327965143519;Rede MapBiomas;https://drive.google.com/uc?id=1otOqymHuixvkRGVl65zTTNyfaHo46Gqk&export=download;1985–2025;2026-10-07T18:19:30.573244+00:00;ha
4127965;Turvo;15;3.1. Pastagem;2;11;2025;11671.7908185668;12.469355751119933;Rede MapBiomas;https://drive.google.com/uc?id=1otOqymHuixvkRGVl65zTTNyfaHo46Gqk&export=download;1985–2025;2026-10-07T18:19:30.573244+00:00;ha
4127965;Turvo;21;3.4. Mosaico de Usos;2;11;1985;20920.64026285864;22.350204011865586;Rede MapBiomas;https://drive.google.com/uc?id=1otOqymHuixvkRGVl65zTTNyfaHo46Gqk&export=download;1985–2025;2026-10-07T18:19:30.573244+00:00;ha
4127965;Turvo;21;3.4. Mosaico de Usos;2;11;1986;18865.08691402404;20.154189161149482;Rede MapBiomas;https://drive.google.com/uc?id=1otOqymHuixvkRGVl65zTTNyfaHo46Gqk&export=download;1985–2025;2026-10-07T18:19:30.573244+00:00;ha
4127965;Turvo;21;3.4. Mosaico de Usos;2;11;1987;18349.38542239172;19.603248396316943;Rede MapBiomas;https://drive.google.com/uc?id=1otOqymHuixvkRGVl65zTTNyfaHo46Gqk&export=download;1985–2025;2026-10-07T18:19:30.573244+00:00;ha
4127965;Turvo;21;3.4. Mosaico de Usos;2;11;1988;19173.63339108041;20.483819450791966;Rede MapBiomas;https://drive.google.com/uc?id=1otOqymHuixvkRGVl65zTTNyfaHo46Gqk&export=download;1985–2025;2026-10-07T18:19:30.573244+00:00;ha
4127965;Turvo;21;3.4. Mosaico de Usos;2;11;1989;19925.70117799438;21.28727805708142;Rede MapBiomas;https://drive.google.com/uc?id=1otOqymHuixvkRGVl65zTTNyfaHo46Gqk&export=download;1985–2025;2026-10-07T18:19:30.573244+00:00;ha
4127965;Turvo;21;3.4. Mosaico de Usos;2;11;1990;19245.16726287631;20.560241424895477;Rede MapBiomas;https://drive.google.com/uc?id=1otOqymHuixvkRGVl65zTTNyfaHo46Gqk&export=download;1985–2025;2026-10-07T18:19:30.573244+00:00;ha
4127965;Turvo;21;3.4. Mosaico de Usos;2;11;1991;18899.60612250182;20.191067160202707;Rede MapBiomas;https://drive.google.com/uc?id=1otOqymHuixvkRGVl65zTTNyfaHo46Gqk&export=download;1985–2025;2026-10-07T18:19:30.573244+00:00;ha
4127965;Turvo;21;3.4. Mosaico de Usos;2;11;1992;17987.14152341727;19.216251395154117;Rede MapBiomas;https://drive.google.com/uc?id=1otOqymHuixvkRGVl65zTTNyfaHo46Gqk&export=download;1985–2025;2026-10-07T18:19:30.573244+00:00;ha
4127965;Turvo;21;3.4. Mosaico de Usos;2;11;1993;16177.37804058705;17.2828218946101;Rede MapBiomas;https://drive.google.com/uc?id=1otOqymHuixvkRGVl65zTTNyfaHo46Gqk&export=download;1985–2025;2026-10-07T18:19:30.573244+00:00;ha
4127965;Turvo;21;3.4. Mosaico de Usos;2;11;1994;15050.92198018743;16.07939205479631;Rede MapBiomas;https://drive.google.com/uc?id=1otOqymHuixvkRGVl65zTTNyfaHo46Gqk&export=download;1985–2025;2026-10-07T18:19:30.573244+00:00;ha
4127965;Turvo;21;3.4. Mosaico de Usos;2;11;1995;14028.05671557565;14.986631649116436;Rede MapBiomas;https://drive.google.com/uc?id=1otOqymHuixvkRGVl65zTTNyfaHo46Gqk&export=download;1985–2025;2026-10-07T18:19:30.573244+00:00;ha
4127965;Turvo;21;3.4. Mosaico de Usos;2;11;1996;13173.139323584;14.073295446962625;Rede MapBiomas;https://drive.google.com/uc?id=1otOqymHuixvkRGVl65zTTNyfaHo46Gqk&export=download;1985–2025;2026-10-07T18:19:30.573244+00:00;ha
4127965;Turvo;21;3.4. Mosaico de Usos;2;11;1997;13197.37218603477;14.099184206233902;Rede MapBiomas;https://drive.google.com/uc?id=1otOqymHuixvkRGVl65zTTNyfaHo46Gqk&export=download;1985–2025;2026-10-07T18:19:30.573244+00:00;ha
4127965;Turvo;21;3.4. Mosaico de Usos;2;11;1998;13740.23737565871;14.6791448377723;Rede MapBiomas;https://drive.google.com/uc?id=1otOqymHuixvkRGVl65zTTNyfaHo46Gqk&export=download;1985–2025;2026-10-07T18:19:30.573244+00:00;ha
4127965;Turvo;21;3.4. Mosaico de Usos;2;11;1999;13661.60709688084;14.595141540066578;Rede MapBiomas;https://drive.google.com/uc?id=1otOqymHuixvkRGVl65zTTNyfaHo46Gqk&export=download;1985–2025;2026-10-07T18:19:30.573244+00:00;ha
4127965;Turvo;21;3.4. Mosaico de Usos;2;11;2000;14489.74133154215;15.479864419545095;Rede MapBiomas;https://drive.google.com/uc?id=1otOqymHuixvkRGVl65zTTNyfaHo46Gqk&export=download;1985–2025;2026-10-07T18:19:30.573244+00:00;ha
4127965;Turvo;21;3.4. Mosaico de Usos;2;11;2001;14444.97254642866;15.432036462652862;Rede MapBiomas;https://drive.google.com/uc?id=1otOqymHuixvkRGVl65zTTNyfaHo46Gqk&export=download;1985–2025;2026-10-07T18:19:30.573244+00:00;ha
4127965;Turvo;21;3.4. Mosaico de Usos;2;11;2002;14025.28439302927;14.98366988629657;Rede MapBiomas;https://drive.google.com/uc?id=1otOqymHuixvkRGVl65zTTNyfaHo46Gqk&export=download;1985–2025;2026-10-07T18:19:30.573244+00:00;ha
4127965;Turvo;21;3.4. Mosaico de Usos;2;11;2003;14129.79930150694;15.095326580231722;Rede MapBiomas;https://drive.google.com/uc?id=1otOqymHuixvkRGVl65zTTNyfaHo46Gqk&export=download;1985–2025;2026-10-07T18:19:30.573244+00:00;ha
4127965;Turvo;21;3.4. Mosaico de Usos;2;11;2004;13258.82288165859;14.16483399355431;Rede MapBiomas;https://drive.google.com/uc?id=1otOqymHuixvkRGVl65zTTNyfaHo46Gqk&export=download;1985–2025;2026-10-07T18:19:30.573244+00:00;ha
4127965;Turvo;21;3.4. Mosaico de Usos;2;11;2005;11512.96147913806;12.299673174740834;Rede MapBiomas;https://drive.google.com/uc?id=1otOqymHuixvkRGVl65zTTNyfaHo46Gqk&export=download;1985–2025;2026-10-07T18:19:30.573244+00:00;ha
4127965;Turvo;21;3.4. Mosaico de Usos;2;11;2006;8582.462147650005;9.168924923614217;Rede MapBiomas;https://drive.google.com/uc?id=1otOqymHuixvkRGVl65zTTNyfaHo46Gqk&export=download;1985–2025;2026-10-07T18:19:30.573244+00:00;ha
4127965;Turvo;21;3.4. Mosaico de Usos;2;11;2007;7856.580121527108;8.393441421744745;Rede MapBiomas;https://drive.google.com/uc?id=1otOqymHuixvkRGVl65zTTNyfaHo46Gqk&export=download;1985–2025;2026-10-07T18:19:30.573244+00:00;ha
4127965;Turvo;21;3.4. Mosaico de Usos;2;11;2008;7716.433445184339;8.243718145186776;Rede MapBiomas;https://drive.google.com/uc?id=1otOqymHuixvkRGVl65zTTNyfaHo46Gqk&export=download;1985–2025;2026-10-07T18:19:30.573244+00:00;ha
4127965;Turvo;21;3.4. Mosaico de Usos;2;11;2009;7710.377271820049;8.237248137169697;Rede MapBiomas;https://drive.google.com/uc?id=1otOqymHuixvkRGVl65zTTNyfaHo46Gqk&export=download;1985–2025;2026-10-07T18:19:30.573244+00:00;ha
4127965;Turvo;21;3.4. Mosaico de Usos;2;11;2010;7778.572797405855;8.310103646866745;Rede MapBiomas;https://drive.google.com/uc?id=1otOqymHuixvkRGVl65zTTNyfaHo46Gqk&export=download;1985–2025;2026-10-07T18:19:30.573244+00:00;ha
4127965;Turvo;21;3.4. Mosaico de Usos;2;11;2011;7993.651876891879;8.539879659684626;Rede MapBiomas;https://drive.google.com/uc?id=1otOqymHuixvkRGVl65zTTNyfaHo46Gqk&export=download;1985–2025;2026-10-07T18:19:30.573244+00:00;ha
4127965;Turvo;21;3.4. Mosaico de Usos;2;11;2012;7851.154579766651;8.387645138089106;Rede MapBiomas;https://drive.google.com/uc?id=1otOqymHuixvkRGVl65zTTNyfaHo46Gqk&export=download;1985–2025;2026-10-07T18:19:30.573244+00:00;ha
4127965;Turvo;21;3.4. Mosaico de Usos;2;11;2013;7691.424665222027;8.217000447868598;Rede MapBiomas;https://drive.google.com/uc?id=1otOqymHuixvkRGVl65zTTNyfaHo46Gqk&export=download;1985–2025;2026-10-07T18:19:30.573244+00:00;ha
4127965;Turvo;21;3.4. Mosaico de Usos;2;11;2014;7773.074305230676;8.30422942789788;Rede MapBiomas;https://drive.google.com/uc?id=1otOqymHuixvkRGVl65zTTNyfaHo46Gqk&export=download;1985–2025;2026-10-07T18:19:30.573244+00:00;ha
4127965;Turvo;21;3.4. Mosaico de Usos;2;11;2015;8212.985374487136;8.774200806470608;Rede MapBiomas;https://drive.google.com/uc?id=1otOqymHuixvkRGVl65zTTNyfaHo46Gqk&export=download;1985–2025;2026-10-07T18:19:30.573244+00:00;ha
4127965;Turvo;21;3.4. Mosaico de Usos;2;11;2016;9164.621243469017;9.790864519890235;Rede MapBiomas;https://drive.google.com/uc?id=1otOqymHuixvkRGVl65zTTNyfaHo46Gqk&export=download;1985–2025;2026-10-07T18:19:30.573244+00:00;ha
4127965;Turvo;21;3.4. Mosaico de Usos;2;11;2017;9608.282216839412;10.264842043634353;Rede MapBiomas;https://drive.google.com/uc?id=1otOqymHuixvkRGVl65zTTNyfaHo46Gqk&export=download;1985–2025;2026-10-07T18:19:30.573244+00:00;ha
4127965;Turvo;21;3.4. Mosaico de Usos;2;11;2018;10376.33930103116;11.08538253899004;Rede MapBiomas;https://drive.google.com/uc?id=1otOqymHuixvkRGVl65zTTNyfaHo46Gqk&export=download;1985–2025;2026-10-07T18:19:30.573244+00:00;ha
4127965;Turvo;21;3.4. Mosaico de Usos;2;11;2019;10443.23015127539;11.156844221362155;Rede MapBiomas;https://drive.google.com/uc?id=1otOqymHuixvkRGVl65zTTNyfaHo46Gqk&export=download;1985–2025;2026-10-07T18:19:30.573244+00:00;ha
4127965;Turvo;21;3.4. Mosaico de Usos;2;11;2020;10818.64708073116;11.557914401692196;Rede MapBiomas;https://drive.google.com/uc?id=1otOqymHuixvkRGVl65zTTNyfaHo46Gqk&export=download;1985–2025;2026-10-07T18:19:30.573244+00:00;ha
4127965;Turvo;21;3.4. Mosaico de Usos;2;11;2021;11503.72222294267;12.289802575261549;Rede MapBiomas;https://drive.google.com/uc?id=1otOqymHuixvkRGVl65zTTNyfaHo46Gqk&export=download;1985–2025;2026-10-07T18:19:30.573244+00:00;ha
4127965;Turvo;21;3.4. Mosaico de Usos;2;11;2022;12209.61644863224;13.043932456409078;Rede MapBiomas;https://drive.google.com/uc?id=1otOqymHuixvkRGVl65zTTNyfaHo46Gqk&export=download;1985–2025;2026-10-07T18:19:30.573244+00:00;ha
4127965;Turvo;21;3.4. Mosaico de Usos;2;11;2023;12457.6403056146;13.308904452185274;Rede MapBiomas;https://drive.google.com/uc?id=1otOqymHuixvkRGVl65zTTNyfaHo46Gqk&export=download;1985–2025;2026-10-07T18:19:30.573244+00:00;ha
4127965;Turvo;21;3.4. Mosaico de Usos;2;11;2024;12855.47359235183;13.733922759921956;Rede MapBiomas;https://drive.google.com/uc?id=1otOqymHuixvkRGVl65zTTNyfaHo46Gqk&export=download;1985–2025;2026-10-07T18:19:30.573244+00:00;ha
4127965;Turvo;21;3.4. Mosaico de Usos;2;11;2025;12877.07413961722;13.756999330814795;Rede MapBiomas;https://drive.google.com/uc?id=1otOqymHuixvkRGVl65zTTNyfaHo46Gqk&export=download;1985–2025;2026-10-07T18:19:30.573244+00:00;ha
4127965;Turvo;24;4.2. Área Urbanizada;2;11;1985;108.2396641601567;0.11563597221497066;Rede MapBiomas;https://drive.google.com/uc?id=1otOqymHuixvkRGVl65zTTNyfaHo46Gqk&export=download;1985–2025;2026-10-07T18:19:30.573244+00:00;ha
4127965;Turvo;24;4.2. Área Urbanizada;2;11;1986;116.1156196777347;0.12405011300581248;Rede MapBiomas;https://drive.google.com/uc?id=1otOqymHuixvkRGVl65zTTNyfaHo46Gqk&export=download;1985–2025;2026-10-07T18:19:30.573244+00:00;ha
4127965;Turvo;24;4.2. Área Urbanizada;2;11;1987;121.7201143249516;0.13003757788140183;Rede MapBiomas;https://drive.google.com/uc?id=1otOqymHuixvkRGVl65zTTNyfaHo46Gqk&export=download;1985–2025;2026-10-07T18:19:30.573244+00:00;ha
4127965;Turvo;24;4.2. Área Urbanizada;2;11;1988;125.6175966186529;0.13420138564743406;Rede MapBiomas;https://drive.google.com/uc?id=1otOqymHuixvkRGVl65zTTNyfaHo46Gqk&export=download;1985–2025;2026-10-07T18:19:30.573244+00:00;ha
4127965;Turvo;24;4.2. Área Urbanizada;2;11;1989;131.1383420776372;0.14009937852697987;Rede MapBiomas;https://drive.google.com/uc?id=1otOqymHuixvkRGVl65zTTNyfaHo46Gqk&export=download;1985–2025;2026-10-07T18:19:30.573244+00:00;ha
4127965;Turvo;24;4.2. Área Urbanizada;2;11;1990;136.2546285888678;0.1455652746884932;Rede MapBiomas;https://drive.google.com/uc?id=1otOqymHuixvkRGVl65zTTNyfaHo46Gqk&export=download;1985–2025;2026-10-07T18:19:30.573244+00:00;ha
4127965;Turvo;24;4.2. Área Urbanizada;2;11;1991;140.8012207885748;0.15042254779034056;Rede MapBiomas;https://drive.google.com/uc?id=1otOqymHuixvkRGVl65zTTNyfaHo46Gqk&export=download;1985–2025;2026-10-07T18:19:30.573244+00:00;ha
4127965;Turvo;24;4.2. Área Urbanizada;2;11;1992;148.1892131774908;0.15831538161644165;Rede MapBiomas;https://drive.google.com/uc?id=1otOqymHuixvkRGVl65zTTNyfaHo46Gqk&export=download;1985–2025;2026-10-07T18:19:30.573244+00:00;ha
4127965;Turvo;24;4.2. Área Urbanizada;2;11;1993;152.0871233337407;0.1624796464820239;Rede MapBiomas;https://drive.google.com/uc?id=1otOqymHuixvkRGVl65zTTNyfaHo46Gqk&export=download;1985–2025;2026-10-07T18:19:30.573244+00:00;ha
4127965;Turvo;24;4.2. Área Urbanizada;2;11;1994;156.5532016113281;0.16725090392839617;Rede MapBiomas;https://drive.google.com/uc?id=1otOqymHuixvkRGVl65zTTNyfaHo46Gqk&export=download;1985–2025;2026-10-07T18:19:30.573244+00:00;ha
4127965;Turvo;24;4.2. Área Urbanizada;2;11;1995;164.2667018920899;0.17549148847812793;Rede MapBiomas;https://drive.google.com/uc?id=1otOqymHuixvkRGVl65zTTNyfaHo46Gqk&export=download;1985–2025;2026-10-07T18:19:30.573244+00:00;ha
4127965;Turvo;24;4.2. Área Urbanizada;2;11;1996;168.7336846557617;0.18026371221655713;Rede MapBiomas;https://drive.google.com/uc?id=1otOqymHuixvkRGVl65zTTNyfaHo46Gqk&export=download;1985–2025;2026-10-07T18:19:30.573244+00:00;ha
4127965;Turvo;24;4.2. Área Urbanizada;2;11;1997;178.2334532043455;0.1904126255604425;Rede MapBiomas;https://drive.google.com/uc?id=1otOqymHuixvkRGVl65zTTNyfaHo46Gqk&export=download;1985–2025;2026-10-07T18:19:30.573244+00:00;ha
4127965;Turvo;24;4.2. Área Urbanizada;2;11;1998;180.6693242126462;0.19301494620159243;Rede MapBiomas;https://drive.google.com/uc?id=1otOqymHuixvkRGVl65zTTNyfaHo46Gqk&export=download;1985–2025;2026-10-07T18:19:30.573244+00:00;ha
4127965;Turvo;24;4.2. Área Urbanizada;2;11;1999;198.2086307861323;0.21175276087737066;Rede MapBiomas;https://drive.google.com/uc?id=1otOqymHuixvkRGVl65zTTNyfaHo46Gqk&export=download;1985–2025;2026-10-07T18:19:30.573244+00:00;ha
4127965;Turvo;24;4.2. Área Urbanizada;2;11;2000;208.1950149597163;0.22242154160377708;Rede MapBiomas;https://drive.google.com/uc?id=1otOqymHuixvkRGVl65zTTNyfaHo46Gqk&export=download;1985–2025;2026-10-07T18:19:30.573244+00:00;ha
4127965;Turvo;24;4.2. Área Urbanizada;2;11;2001;212.498204174804;0.22701877933887726;Rede MapBiomas;https://drive.google.com/uc?id=1otOqymHuixvkRGVl65zTTNyfaHo46Gqk&export=download;1985–2025;2026-10-07T18:19:30.573244+00:00;ha
4127965;Turvo;24;4.2. Área Urbanizada;2;11;2002;219.8884154663078;0.2349139836911619;Rede MapBiomas;https://drive.google.com/uc?id=1otOqymHuixvkRGVl65zTTNyfaHo46Gqk&export=download;1985–2025;2026-10-07T18:19:30.573244+00:00;ha
4127965;Turvo;24;4.2. Área Urbanizada;2;11;2003;227.6840256958;0.24324228898378056;Rede MapBiomas;https://drive.google.com/uc?id=1otOqymHuixvkRGVl65zTTNyfaHo46Gqk&export=download;1985–2025;2026-10-07T18:19:30.573244+00:00;ha
4127965;Turvo;24;4.2. Área Urbanizada;2;11;2004;234.7480267578113;0.250788992282163;Rede MapBiomas;https://drive.google.com/uc?id=1otOqymHuixvkRGVl65zTTNyfaHo46Gqk&export=download;1985–2025;2026-10-07T18:19:30.573244+00:00;ha
4127965;Turvo;24;4.2. Área Urbanizada;2;11;2005;240.5148579589832;0.25694988660608137;Rede MapBiomas;https://drive.google.com/uc?id=1otOqymHuixvkRGVl65zTTNyfaHo46Gqk&export=download;1985–2025;2026-10-07T18:19:30.573244+00:00;ha
4127965;Turvo;24;4.2. Área Urbanizada;2;11;2006;241.9763211608876;0.258511215528523;Rede MapBiomas;https://drive.google.com/uc?id=1otOqymHuixvkRGVl65zTTNyfaHo46Gqk&export=download;1985–2025;2026-10-07T18:19:30.573244+00:00;ha
4127965;Turvo;24;4.2. Área Urbanizada;2;11;2007;251.3167761230459;0.26848992895912976;Rede MapBiomas;https://drive.google.com/uc?id=1otOqymHuixvkRGVl65zTTNyfaHo46Gqk&export=download;1985–2025;2026-10-07T18:19:30.573244+00:00;ha
4127965;Turvo;24;4.2. Área Urbanizada;2;11;2008;257.8945223815911;0.27551715035243346;Rede MapBiomas;https://drive.google.com/uc?id=1otOqymHuixvkRGVl65zTTNyfaHo46Gqk&export=download;1985–2025;2026-10-07T18:19:30.573244+00:00;ha
4127965;Turvo;24;4.2. Área Urbanizada;2;11;2009;261.1422646606437;0.27898681961698535;Rede MapBiomas;https://drive.google.com/uc?id=1otOqymHuixvkRGVl65zTTNyfaHo46Gqk&export=download;1985–2025;2026-10-07T18:19:30.573244+00:00;ha
4127965;Turvo;24;4.2. Área Urbanizada;2;11;2010;263.3343010498036;0.2813286437621161;Rede MapBiomas;https://drive.google.com/uc?id=1otOqymHuixvkRGVl65zTTNyfaHo46Gqk&export=download;1985–2025;2026-10-07T18:19:30.573244+00:00;ha
4127965;Turvo;24;4.2. Área Urbanizada;2;11;2011;270.2363133422843;0.28870228916164115;Rede MapBiomas;https://drive.google.com/uc?id=1otOqymHuixvkRGVl65zTTNyfaHo46Gqk&export=download;1985–2025;2026-10-07T18:19:30.573244+00:00;ha
4127965;Turvo;24;4.2. Área Urbanizada;2;11;2012;277.1381924377434;0.29607579226243314;Rede MapBiomas;https://drive.google.com/uc?id=1otOqymHuixvkRGVl65zTTNyfaHo46Gqk&export=download;1985–2025;2026-10-07T18:19:30.573244+00:00;ha
4127965;Turvo;24;4.2. Área Urbanizada;2;11;2013;285.3397347412109;0.30483776806199203;Rede MapBiomas;https://drive.google.com/uc?id=1otOqymHuixvkRGVl65zTTNyfaHo46Gqk&export=download;1985–2025;2026-10-07T18:19:30.573244+00:00;ha
4127965;Turvo;24;4.2. Área Urbanizada;2;11;2014;292.4039440490722;0.3123846938362248;Rede MapBiomas;https://drive.google.com/uc?id=1otOqymHuixvkRGVl65zTTNyfaHo46Gqk&export=download;1985–2025;2026-10-07T18:19:30.573244+00:00;ha
4127965;Turvo;24;4.2. Área Urbanizada;2;11;2015;303.2846628112792;0.3240089214447268;Rede MapBiomas;https://drive.google.com/uc?id=1otOqymHuixvkRGVl65zTTNyfaHo46Gqk&export=download;1985–2025;2026-10-07T18:19:30.573244+00:00;ha
4127965;Turvo;24;4.2. Área Urbanizada;2;11;2016;305.8827637268063;0.3267845576000186;Rede MapBiomas;https://drive.google.com/uc?id=1otOqymHuixvkRGVl65zTTNyfaHo46Gqk&export=download;1985–2025;2026-10-07T18:19:30.573244+00:00;ha
4127965;Turvo;24;4.2. Área Urbanizada;2;11;2017;310.9169321350093;0.3321627243071427;Rede MapBiomas;https://drive.google.com/uc?id=1otOqymHuixvkRGVl65zTTNyfaHo46Gqk&export=download;1985–2025;2026-10-07T18:19:30.573244+00:00;ha
4127965;Turvo;24;4.2. Área Urbanizada;2;11;2018;311.5662426879878;0.3328564040006793;Rede MapBiomas;https://drive.google.com/uc?id=1otOqymHuixvkRGVl65zTTNyfaHo46Gqk&export=download;1985–2025;2026-10-07T18:19:30.573244+00:00;ha
4127965;Turvo;24;4.2. Área Urbanizada;2;11;2019;313.3527510437007;0.3347649892885767;Rede MapBiomas;https://drive.google.com/uc?id=1otOqymHuixvkRGVl65zTTNyfaHo46Gqk&export=download;1985–2025;2026-10-07T18:19:30.573244+00:00;ha
4127965;Turvo;24;4.2. Área Urbanizada;2;11;2020;316.7626834106434;0.3384079315269715;Rede MapBiomas;https://drive.google.com/uc?id=1otOqymHuixvkRGVl65zTTNyfaHo46Gqk&export=download;1985–2025;2026-10-07T18:19:30.573244+00:00;ha
4127965;Turvo;24;4.2. Área Urbanizada;2;11;2021;322.2834474426268;0.34430594424865957;Rede MapBiomas;https://drive.google.com/uc?id=1otOqymHuixvkRGVl65zTTNyfaHo46Gqk&export=download;1985–2025;2026-10-07T18:19:30.573244+00:00;ha
4127965;Turvo;24;4.2. Área Urbanizada;2;11;2022;339.1757257690422;0.36235251749292463;Rede MapBiomas;https://drive.google.com/uc?id=1otOqymHuixvkRGVl65zTTNyfaHo46Gqk&export=download;1985–2025;2026-10-07T18:19:30.573244+00:00;ha
4127965;Turvo;24;4.2. Área Urbanizada;2;11;2023;343.4799599975581;0.3669508716500378;Rede MapBiomas;https://drive.google.com/uc?id=1otOqymHuixvkRGVl65zTTNyfaHo46Gqk&export=download;1985–2025;2026-10-07T18:19:30.573244+00:00;ha
4127965;Turvo;24;4.2. Área Urbanizada;2;11;2024;355.4180395568835;0.37970471236945885;Rede MapBiomas;https://drive.google.com/uc?id=1otOqymHuixvkRGVl65zTTNyfaHo46Gqk&export=download;1985–2025;2026-10-07T18:19:30.573244+00:00;ha
4127965;Turvo;24;4.2. Área Urbanizada;2;11;2025;362.8085592590324;0.38760024620691935;Rede MapBiomas;https://drive.google.com/uc?id=1otOqymHuixvkRGVl65zTTNyfaHo46Gqk&export=download;1985–2025;2026-10-07T18:19:30.573244+00:00;ha
4127965;Turvo;25;4.6. Outras Áreas não Vegetadas;2;11;1985;12.34668599853515;0.013190368338181942;Rede MapBiomas;https://drive.google.com/uc?id=1otOqymHuixvkRGVl65zTTNyfaHo46Gqk&export=download;1985–2025;2026-10-07T18:19:30.573244+00:00;ha
4127965;Turvo;25;4.6. Outras Áreas não Vegetadas;2;11;1986;6.088458984374999;0.00650449980062241;Rede MapBiomas;https://drive.google.com/uc?id=1otOqymHuixvkRGVl65zTTNyfaHo46Gqk&export=download;1985–2025;2026-10-07T18:19:30.573244+00:00;ha
4127965;Turvo;25;4.6. Outras Áreas não Vegetadas;2;11;1987;6.090128979492188;0.0065062839110080865;Rede MapBiomas;https://drive.google.com/uc?id=1otOqymHuixvkRGVl65zTTNyfaHo46Gqk&export=download;1985–2025;2026-10-07T18:19:30.573244+00:00;ha
4127965;Turvo;25;4.6. Outras Áreas não Vegetadas;2;11;1988;4.385858361816405;0.00468555588749218;Rede MapBiomas;https://drive.google.com/uc?id=1otOqymHuixvkRGVl65zTTNyfaHo46Gqk&export=download;1985–2025;2026-10-07T18:19:30.573244+00:00;ha
4127965;Turvo;25;4.6. Outras Áreas não Vegetadas;2;11;1989;0.0;0.0;Rede MapBiomas;https://drive.google.com/uc?id=1otOqymHuixvkRGVl65zTTNyfaHo46Gqk&export=download;1985–2025;2026-10-07T18:19:30.573244+00:00;ha
4127965;Turvo;25;4.6. Outras Áreas não Vegetadas;2;11;1990;0.0;0.0;Rede MapBiomas;https://drive.google.com/uc?id=1otOqymHuixvkRGVl65zTTNyfaHo46Gqk&export=download;1985–2025;2026-10-07T18:19:30.573244+00:00;ha
4127965;Turvo;25;4.6. Outras Áreas não Vegetadas;2;11;1991;0.0;0.0;Rede MapBiomas;https://drive.google.com/uc?id=1otOqymHuixvkRGVl65zTTNyfaHo46Gqk&export=download;1985–2025;2026-10-07T18:19:30.573244+00:00;ha
4127965;Turvo;25;4.6. Outras Áreas não Vegetadas;2;11;1992;1.135550469970703;0.0012131456949084365;Rede MapBiomas;https://drive.google.com/uc?id=1otOqymHuixvkRGVl65zTTNyfaHo46Gqk&export=download;1985–2025;2026-10-07T18:19:30.573244+00:00;ha
4127965;Turvo;25;4.6. Outras Áreas não Vegetadas;2;11;1993;1.297772186279297;0.001386452458425082;Rede MapBiomas;https://drive.google.com/uc?id=1otOqymHuixvkRGVl65zTTNyfaHo46Gqk&export=download;1985–2025;2026-10-07T18:19:30.573244+00:00;ha
4127965;Turvo;25;4.6. Outras Áreas não Vegetadas;2;11;1994;1.54110546875;0.0016464133600879451;Rede MapBiomas;https://drive.google.com/uc?id=1otOqymHuixvkRGVl65zTTNyfaHo46Gqk&export=download;1985–2025;2026-10-07T18:19:30.573244+00:00;ha
4127965;Turvo;25;4.6. Outras Áreas não Vegetadas;2;11;1995;1.54110546875;0.0016464133600879451;Rede MapBiomas;https://drive.google.com/uc?id=1otOqymHuixvkRGVl65zTTNyfaHo46Gqk&export=download;1985–2025;2026-10-07T18:19:30.573244+00:00;ha
4127965;Turvo;25;4.6. Outras Áreas não Vegetadas;2;11;1996;2.595799273681641;0.0027731772360541354;Rede MapBiomas;https://drive.google.com/uc?id=1otOqymHuixvkRGVl65zTTNyfaHo46Gqk&export=download;1985–2025;2026-10-07T18:19:30.573244+00:00;ha
4127965;Turvo;25;4.6. Outras Áreas não Vegetadas;2;11;1997;2.433596826171875;0.002599891058025288;Rede MapBiomas;https://drive.google.com/uc?id=1otOqymHuixvkRGVl65zTTNyfaHo46Gqk&export=download;1985–2025;2026-10-07T18:19:30.573244+00:00;ha
4127965;Turvo;25;4.6. Outras Áreas não Vegetadas;2;11;1998;1.054694329833984;0.0011267644367365256;Rede MapBiomas;https://drive.google.com/uc?id=1otOqymHuixvkRGVl65zTTNyfaHo46Gqk&export=download;1985–2025;2026-10-07T18:19:30.573244+00:00;ha
4127965;Turvo;25;4.6. Outras Áreas não Vegetadas;2;11;1999;2.10915390625;0.002253278078721163;Rede MapBiomas;https://drive.google.com/uc?id=1otOqymHuixvkRGVl65zTTNyfaHo46Gqk&export=download;1985–2025;2026-10-07T18:19:30.573244+00:00;ha
4127965;Turvo;25;4.6. Outras Áreas não Vegetadas;2;11;2000;10.3127594116211;0.011017458064331895;Rede MapBiomas;https://drive.google.com/uc?id=1otOqymHuixvkRGVl65zTTNyfaHo46Gqk&export=download;1985–2025;2026-10-07T18:19:30.573244+00:00;ha
4127965;Turvo;25;4.6. Outras Áreas não Vegetadas;2;11;2001;10.71872388916016;0.011451163189058734;Rede MapBiomas;https://drive.google.com/uc?id=1otOqymHuixvkRGVl65zTTNyfaHo46Gqk&export=download;1985–2025;2026-10-07T18:19:30.573244+00:00;ha
4127965;Turvo;25;4.6. Outras Áreas não Vegetadas;2;11;2002;11.93683953247071;0.012752515958188354;Rede MapBiomas;https://drive.google.com/uc?id=1otOqymHuixvkRGVl65zTTNyfaHo46Gqk&export=download;1985–2025;2026-10-07T18:19:30.573244+00:00;ha
4127965;Turvo;25;4.6. Outras Áreas não Vegetadas;2;11;2003;8.527874261474608;0.009110606900013255;Rede MapBiomas;https://drive.google.com/uc?id=1otOqymHuixvkRGVl65zTTNyfaHo46Gqk&export=download;1985–2025;2026-10-07T18:19:30.573244+00:00;ha
4127965;Turvo;25;4.6. Outras Áreas não Vegetadas;2;11;2004;9.0945733215332;0.009716030034606716;Rede MapBiomas;https://drive.google.com/uc?id=1otOqymHuixvkRGVl65zTTNyfaHo46Gqk&export=download;1985–2025;2026-10-07T18:19:30.573244+00:00;ha
4127965;Turvo;25;4.6. Outras Áreas não Vegetadas;2;11;2005;8.282762390136716;0.00884874587371102;Rede MapBiomas;https://drive.google.com/uc?id=1otOqymHuixvkRGVl65zTTNyfaHo46Gqk&export=download;1985–2025;2026-10-07T18:19:30.573244+00:00;ha
4127965;Turvo;25;4.6. Outras Áreas não Vegetadas;2;11;2006;8.121441967773437;0.008676401991984767;Rede MapBiomas;https://drive.google.com/uc?id=1otOqymHuixvkRGVl65zTTNyfaHo46Gqk&export=download;1985–2025;2026-10-07T18:19:30.573244+00:00;ha
4127965;Turvo;25;4.6. Outras Áreas não Vegetadas;2;11;2007;9.258293872070313;0.009890938051735413;Rede MapBiomas;https://drive.google.com/uc?id=1otOqymHuixvkRGVl65zTTNyfaHo46Gqk&export=download;1985–2025;2026-10-07T18:19:30.573244+00:00;ha
4127965;Turvo;25;4.6. Outras Áreas não Vegetadas;2;11;2008;8.76995618286133;0.009369230931715732;Rede MapBiomas;https://drive.google.com/uc?id=1otOqymHuixvkRGVl65zTTNyfaHo46Gqk&export=download;1985–2025;2026-10-07T18:19:30.573244+00:00;ha
4127965;Turvo;25;4.6. Outras Áreas não Vegetadas;2;11;2009;10.71986890869141;0.011452386450861407;Rede MapBiomas;https://drive.google.com/uc?id=1otOqymHuixvkRGVl65zTTNyfaHo46Gqk&export=download;1985–2025;2026-10-07T18:19:30.573244+00:00;ha
4127965;Turvo;25;4.6. Outras Áreas não Vegetadas;2;11;2010;9.177407592773436;0.009804524594913279;Rede MapBiomas;https://drive.google.com/uc?id=1otOqymHuixvkRGVl65zTTNyfaHo46Gqk&export=download;1985–2025;2026-10-07T18:19:30.573244+00:00;ha
4127965;Turvo;25;4.6. Outras Áreas não Vegetadas;2;11;2011;9.664934393310547;0.010325365416052069;Rede MapBiomas;https://drive.google.com/uc?id=1otOqymHuixvkRGVl65zTTNyfaHo46Gqk&export=download;1985–2025;2026-10-07T18:19:30.573244+00:00;ha
4127965;Turvo;25;4.6. Outras Áreas não Vegetadas;2;11;2012;9.422754962158205;0.010066637211478812;Rede MapBiomas;https://drive.google.com/uc?id=1otOqymHuixvkRGVl65zTTNyfaHo46Gqk&export=download;1985–2025;2026-10-07T18:19:30.573244+00:00;ha
4127965;Turvo;25;4.6. Outras Áreas não Vegetadas;2;11;2013;9.42294083862305;0.010066835789383605;Rede MapBiomas;https://drive.google.com/uc?id=1otOqymHuixvkRGVl65zTTNyfaHo46Gqk&export=download;1985–2025;2026-10-07T18:19:30.573244+00:00;ha
4127965;Turvo;25;4.6. Outras Áreas não Vegetadas;2;11;2014;14.21208900756836;0.015183239363752711;Rede MapBiomas;https://drive.google.com/uc?id=1otOqymHuixvkRGVl65zTTNyfaHo46Gqk&export=download;1985–2025;2026-10-07T18:19:30.573244+00:00;ha
4127965;Turvo;25;4.6. Outras Áreas não Vegetadas;2;11;2015;14.37386192626953;0.015356066662111506;Rede MapBiomas;https://drive.google.com/uc?id=1otOqymHuixvkRGVl65zTTNyfaHo46Gqk&export=download;1985–2025;2026-10-07T18:19:30.573244+00:00;ha
4127965;Turvo;25;4.6. Outras Áreas não Vegetadas;2;11;2016;17.21895485839843;0.018395572464364084;Rede MapBiomas;https://drive.google.com/uc?id=1otOqymHuixvkRGVl65zTTNyfaHo46Gqk&export=download;1985–2025;2026-10-07T18:19:30.573244+00:00;ha
4127965;Turvo;25;4.6. Outras Áreas não Vegetadas;2;11;2017;13.96971029663085;0.014924298262069329;Rede MapBiomas;https://drive.google.com/uc?id=1otOqymHuixvkRGVl65zTTNyfaHo46Gqk&export=download;1985–2025;2026-10-07T18:19:30.573244+00:00;ha
4127965;Turvo;25;4.6. Outras Áreas não Vegetadas;2;11;2018;13.80737814331054;0.01475087351508223;Rede MapBiomas;https://drive.google.com/uc?id=1otOqymHuixvkRGVl65zTTNyfaHo46Gqk&export=download;1985–2025;2026-10-07T18:19:30.573244+00:00;ha
4127965;Turvo;25;4.6. Outras Áreas não Vegetadas;2;11;2019;13.56244639282226;0.014489204917772846;Rede MapBiomas;https://drive.google.com/uc?id=1otOqymHuixvkRGVl65zTTNyfaHo46Gqk&export=download;1985–2025;2026-10-07T18:19:30.573244+00:00;ha
4127965;Turvo;25;4.6. Outras Áreas não Vegetadas;2;11;2020;14.12860774536133;0.015094053601842372;Rede MapBiomas;https://drive.google.com/uc?id=1otOqymHuixvkRGVl65zTTNyfaHo46Gqk&export=download;1985–2025;2026-10-07T18:19:30.573244+00:00;ha
4127965;Turvo;25;4.6. Outras Áreas não Vegetadas;2;11;2021;15.42882496337891;0.01648311816761596;Rede MapBiomas;https://drive.google.com/uc?id=1otOqymHuixvkRGVl65zTTNyfaHo46Gqk&export=download;1985–2025;2026-10-07T18:19:30.573244+00:00;ha
4127965;Turvo;25;4.6. Outras Áreas não Vegetadas;2;11;2022;19.65044118652347;0.020993208808321315;Rede MapBiomas;https://drive.google.com/uc?id=1otOqymHuixvkRGVl65zTTNyfaHo46Gqk&export=download;1985–2025;2026-10-07T18:19:30.573244+00:00;ha
4127965;Turvo;25;4.6. Outras Áreas não Vegetadas;2;11;2023;27.60607731323245;0.02949247499912658;Rede MapBiomas;https://drive.google.com/uc?id=1otOqymHuixvkRGVl65zTTNyfaHo46Gqk&export=download;1985–2025;2026-10-07T18:19:30.573244+00:00;ha
4127965;Turvo;25;4.6. Outras Áreas não Vegetadas;2;11;2024;31.83062279663089;0.03400569506433595;Rede MapBiomas;https://drive.google.com/uc?id=1otOqymHuixvkRGVl65zTTNyfaHo46Gqk&export=download;1985–2025;2026-10-07T18:19:30.573244+00:00;ha
4127965;Turvo;25;4.6. Outras Áreas não Vegetadas;2;11;2025;46.85392525634766;0.05005558028236851;Rede MapBiomas;https://drive.google.com/uc?id=1otOqymHuixvkRGVl65zTTNyfaHo46Gqk&export=download;1985–2025;2026-10-07T18:19:30.573244+00:00;ha
4127965;Turvo;33;5.1 Rio, Lago e Oceano;2;11;1985;248.3444439086915;0.26531448927147344;Rede MapBiomas;https://drive.google.com/uc?id=1otOqymHuixvkRGVl65zTTNyfaHo46Gqk&export=download;1985–2025;2026-10-07T18:19:30.573244+00:00;ha
4127965;Turvo;33;5.1 Rio, Lago e Oceano;2;11;1986;266.1309168579104;0.28431635986777287;Rede MapBiomas;https://drive.google.com/uc?id=1otOqymHuixvkRGVl65zTTNyfaHo46Gqk&export=download;1985–2025;2026-10-07T18:19:30.573244+00:00;ha
4127965;Turvo;33;5.1 Rio, Lago e Oceano;2;11;1987;283.9249705322271;0.30332632920055286;Rede MapBiomas;https://drive.google.com/uc?id=1otOqymHuixvkRGVl65zTTNyfaHo46Gqk&export=download;1985–2025;2026-10-07T18:19:30.573244+00:00;ha
4127965;Turvo;33;5.1 Rio, Lago e Oceano;2;11;1988;253.1374193298343;0.2704349816245006;Rede MapBiomas;https://drive.google.com/uc?id=1otOqymHuixvkRGVl65zTTNyfaHo46Gqk&export=download;1985–2025;2026-10-07T18:19:30.573244+00:00;ha
4127965;Turvo;33;5.1 Rio, Lago e Oceano;2;11;1989;268.7318198547367;0.2870949895781333;Rede MapBiomas;https://drive.google.com/uc?id=1otOqymHuixvkRGVl65zTTNyfaHo46Gqk&export=download;1985–2025;2026-10-07T18:19:30.573244+00:00;ha
4127965;Turvo;33;5.1 Rio, Lago e Oceano;2;11;1990;259.7030608276369;0.277449271106127;Rede MapBiomas;https://drive.google.com/uc?id=1otOqymHuixvkRGVl65zTTNyfaHo46Gqk&export=download;1985–2025;2026-10-07T18:19:30.573244+00:00;ha
4127965;Turvo;33;5.1 Rio, Lago e Oceano;2;11;1991;265.0586402526858;0.2831708117113683;Rede MapBiomas;https://drive.google.com/uc?id=1otOqymHuixvkRGVl65zTTNyfaHo46Gqk&export=download;1985–2025;2026-10-07T18:19:30.573244+00:00;ha
4127965;Turvo;33;5.1 Rio, Lago e Oceano;2;11;1992;276.437034454346;0.29532672226378204;Rede MapBiomas;https://drive.google.com/uc?id=1otOqymHuixvkRGVl65zTTNyfaHo46Gqk&export=download;1985–2025;2026-10-07T18:19:30.573244+00:00;ha
4127965;Turvo;33;5.1 Rio, Lago e Oceano;2;11;1993;266.3822028808595;0.28458481694211074;Rede MapBiomas;https://drive.google.com/uc?id=1otOqymHuixvkRGVl65zTTNyfaHo46Gqk&export=download;1985–2025;2026-10-07T18:19:30.573244+00:00;ha
4127965;Turvo;33;5.1 Rio, Lago e Oceano;2;11;1994;263.8693004394532;0.28190020110236247;Rede MapBiomas;https://drive.google.com/uc?id=1otOqymHuixvkRGVl65zTTNyfaHo46Gqk&export=download;1985–2025;2026-10-07T18:19:30.573244+00:00;ha
4127965;Turvo;33;5.1 Rio, Lago e Oceano;2;11;1995;225.4283514831544;0.24083247847112443;Rede MapBiomas;https://drive.google.com/uc?id=1otOqymHuixvkRGVl65zTTNyfaHo46Gqk&export=download;1985–2025;2026-10-07T18:19:30.573244+00:00;ha
4127965;Turvo;33;5.1 Rio, Lago e Oceano;2;11;1996;210.3100605468751;0.2246811139578469;Rede MapBiomas;https://drive.google.com/uc?id=1otOqymHuixvkRGVl65zTTNyfaHo46Gqk&export=download;1985–2025;2026-10-07T18:19:30.573244+00:00;ha
4127965;Turvo;33;5.1 Rio, Lago e Oceano;2;11;1997;259.3866812194825;0.27711127242642125;Rede MapBiomas;https://drive.google.com/uc?id=1otOqymHuixvkRGVl65zTTNyfaHo46Gqk&export=download;1985–2025;2026-10-07T18:19:30.573244+00:00;ha
4127965;Turvo;33;5.1 Rio, Lago e Oceano;2;11;1998;248.4258281433106;0.26540143471024746;Rede MapBiomas;https://drive.google.com/uc?id=1otOqymHuixvkRGVl65zTTNyfaHo46Gqk&export=download;1985–2025;2026-10-07T18:19:30.573244+00:00;ha
4127965;Turvo;33;5.1 Rio, Lago e Oceano;2;11;1999;229.1705764831543;0.24483041979401934;Rede MapBiomas;https://drive.google.com/uc?id=1otOqymHuixvkRGVl65zTTNyfaHo46Gqk&export=download;1985–2025;2026-10-07T18:19:30.573244+00:00;ha
4127965;Turvo;33;5.1 Rio, Lago e Oceano;2;11;2000;203.2355977478029;0.21712323404370643;Rede MapBiomas;https://drive.google.com/uc?id=1otOqymHuixvkRGVl65zTTNyfaHo46Gqk&export=download;1985–2025;2026-10-07T18:19:30.573244+00:00;ha
4127965;Turvo;33;5.1 Rio, Lago e Oceano;2;11;2001;197.9543936706544;0.2114811510543957;Rede MapBiomas;https://drive.google.com/uc?id=1otOqymHuixvkRGVl65zTTNyfaHo46Gqk&export=download;1985–2025;2026-10-07T18:19:30.573244+00:00;ha
4127965;Turvo;33;5.1 Rio, Lago e Oceano;2;11;2002;188.6135736999513;0.2015020476732262;Rede MapBiomas;https://drive.google.com/uc?id=1otOqymHuixvkRGVl65zTTNyfaHo46Gqk&export=download;1985–2025;2026-10-07T18:19:30.573244+00:00;ha
4127965;Turvo;33;5.1 Rio, Lago e Oceano;2;11;2003;212.1054846618653;0.22659922424288895;Rede MapBiomas;https://drive.google.com/uc?id=1otOqymHuixvkRGVl65zTTNyfaHo46Gqk&export=download;1985–2025;2026-10-07T18:19:30.573244+00:00;ha
4127965;Turvo;33;5.1 Rio, Lago e Oceano;2;11;2004;207.4668957031252;0.2216436679954502;Rede MapBiomas;https://drive.google.com/uc?id=1otOqymHuixvkRGVl65zTTNyfaHo46Gqk&export=download;1985–2025;2026-10-07T18:19:30.573244+00:00;ha
4127965;Turvo;33;5.1 Rio, Lago e Oceano;2;11;2005;186.7523099853516;0.19951359879123667;Rede MapBiomas;https://drive.google.com/uc?id=1otOqymHuixvkRGVl65zTTNyfaHo46Gqk&export=download;1985–2025;2026-10-07T18:19:30.573244+00:00;ha
4127965;Turvo;33;5.1 Rio, Lago e Oceano;2;11;2006;200.4819173583984;0.2141813872496612;Rede MapBiomas;https://drive.google.com/uc?id=1otOqymHuixvkRGVl65zTTNyfaHo46Gqk&export=download;1985–2025;2026-10-07T18:19:30.573244+00:00;ha
4127965;Turvo;33;5.1 Rio, Lago e Oceano;2;11;2007;216.3174053405764;0.23109895681647155;Rede MapBiomas;https://drive.google.com/uc?id=1otOqymHuixvkRGVl65zTTNyfaHo46Gqk&export=download;1985–2025;2026-10-07T18:19:30.573244+00:00;ha
4127965;Turvo;33;5.1 Rio, Lago e Oceano;2;11;2008;201.4451482910156;0.21521043834867348;Rede MapBiomas;https://drive.google.com/uc?id=1otOqymHuixvkRGVl65zTTNyfaHo46Gqk&export=download;1985–2025;2026-10-07T18:19:30.573244+00:00;ha
4127965;Turvo;33;5.1 Rio, Lago e Oceano;2;11;2009;219.567200531006;0.23457081927336926;Rede MapBiomas;https://drive.google.com/uc?id=1otOqymHuixvkRGVl65zTTNyfaHo46Gqk&export=download;1985–2025;2026-10-07T18:19:30.573244+00:00;ha
4127965;Turvo;33;5.1 Rio, Lago e Oceano;2;11;2010;215.4271130615236;0.2301478284658567;Rede MapBiomas;https://drive.google.com/uc?id=1otOqymHuixvkRGVl65zTTNyfaHo46Gqk&export=download;1985–2025;2026-10-07T18:19:30.573244+00:00;ha
4127965;Turvo;33;5.1 Rio, Lago e Oceano;2;11;2011;198.6101803222657;0.21218174937584341;Rede MapBiomas;https://drive.google.com/uc?id=1otOqymHuixvkRGVl65zTTNyfaHo46Gqk&export=download;1985–2025;2026-10-07T18:19:30.573244+00:00;ha
4127965;Turvo;33;5.1 Rio, Lago e Oceano;2;11;2012;207.3824881958009;0.22155349269559663;Rede MapBiomas;https://drive.google.com/uc?id=1otOqymHuixvkRGVl65zTTNyfaHo46Gqk&export=download;1985–2025;2026-10-07T18:19:30.573244+00:00;ha
4127965;Turvo;33;5.1 Rio, Lago e Oceano;2;11;2013;185.2787808410644;0.19793937942804074;Rede MapBiomas;https://drive.google.com/uc?id=1otOqymHuixvkRGVl65zTTNyfaHo46Gqk&export=download;1985–2025;2026-10-07T18:19:30.573244+00:00;ha
4127965;Turvo;33;5.1 Rio, Lago e Oceano;2;11;2014;211.6102182434084;0.22607011493487272;Rede MapBiomas;https://drive.google.com/uc?id=1otOqymHuixvkRGVl65zTTNyfaHo46Gqk&export=download;1985–2025;2026-10-07T18:19:30.573244+00:00;ha
4127965;Turvo;33;5.1 Rio, Lago e Oceano;2;11;2015;194.7863672729492;0.20809664487226928;Rede MapBiomas;https://drive.google.com/uc?id=1otOqymHuixvkRGVl65zTTNyfaHo46Gqk&export=download;1985–2025;2026-10-07T18:19:30.573244+00:00;ha
4127965;Turvo;33;5.1 Rio, Lago e Oceano;2;11;2016;200.6277415771487;0.21433717603040547;Rede MapBiomas;https://drive.google.com/uc?id=1otOqymHuixvkRGVl65zTTNyfaHo46Gqk&export=download;1985–2025;2026-10-07T18:19:30.573244+00:00;ha
4127965;Turvo;33;5.1 Rio, Lago e Oceano;2;11;2017;198.9988332641605;0.21259696002102532;Rede MapBiomas;https://drive.google.com/uc?id=1otOqymHuixvkRGVl65zTTNyfaHo46Gqk&export=download;1985–2025;2026-10-07T18:19:30.573244+00:00;ha
4127965;Turvo;33;5.1 Rio, Lago e Oceano;2;11;2018;189.9021758972172;0.20287870353256726;Rede MapBiomas;https://drive.google.com/uc?id=1otOqymHuixvkRGVl65zTTNyfaHo46Gqk&export=download;1985–2025;2026-10-07T18:19:30.573244+00:00;ha
4127965;Turvo;33;5.1 Rio, Lago e Oceano;2;11;2019;198.8361047424321;0.21242311182070825;Rede MapBiomas;https://drive.google.com/uc?id=1otOqymHuixvkRGVl65zTTNyfaHo46Gqk&export=download;1985–2025;2026-10-07T18:19:30.573244+00:00;ha
4127965;Turvo;33;5.1 Rio, Lago e Oceano;2;11;2020;197.1092968872071;0.21057830652944334;Rede MapBiomas;https://drive.google.com/uc?id=1otOqymHuixvkRGVl65zTTNyfaHo46Gqk&export=download;1985–2025;2026-10-07T18:19:30.573244+00:00;ha
4127965;Turvo;33;5.1 Rio, Lago e Oceano;2;11;2021;195.4064604309085;0.20875911066741787;Rede MapBiomas;https://drive.google.com/uc?id=1otOqymHuixvkRGVl65zTTNyfaHo46Gqk&export=download;1985–2025;2026-10-07T18:19:30.573244+00:00;ha
4127965;Turvo;33;5.1 Rio, Lago e Oceano;2;11;2022;219.3988458801274;0.23439096049532965;Rede MapBiomas;https://drive.google.com/uc?id=1otOqymHuixvkRGVl65zTTNyfaHo46Gqk&export=download;1985–2025;2026-10-07T18:19:30.573244+00:00;ha
4127965;Turvo;33;5.1 Rio, Lago e Oceano;2;11;2023;226.3118180419928;0.24177631468166122;Rede MapBiomas;https://drive.google.com/uc?id=1otOqymHuixvkRGVl65zTTNyfaHo46Gqk&export=download;1985–2025;2026-10-07T18:19:30.573244+00:00;ha
4127965;Turvo;33;5.1 Rio, Lago e Oceano;2;11;2024;223.7818175964361;0.2390734324850445;Rede MapBiomas;https://drive.google.com/uc?id=1otOqymHuixvkRGVl65zTTNyfaHo46Gqk&export=download;1985–2025;2026-10-07T18:19:30.573244+00:00;ha
4127965;Turvo;33;5.1 Rio, Lago e Oceano;2;11;2025;232.5615125976567;0.24845306771483283;Rede MapBiomas;https://drive.google.com/uc?id=1otOqymHuixvkRGVl65zTTNyfaHo46Gqk&export=download;1985–2025;2026-10-07T18:19:30.573244+00:00;ha
4127965;Turvo;39;3.2.1.1. Soja;4;11;1985;5060.268839245583;5.406050650983809;Rede MapBiomas;https://drive.google.com/uc?id=1otOqymHuixvkRGVl65zTTNyfaHo46Gqk&export=download;1985–2025;2026-10-07T18:19:30.573244+00:00;ha
4127965;Turvo;39;3.2.1.1. Soja;4;11;1986;5860.889558929355;6.2613799428328285;Rede MapBiomas;https://drive.google.com/uc?id=1otOqymHuixvkRGVl65zTTNyfaHo46Gqk&export=download;1985–2025;2026-10-07T18:19:30.573244+00:00;ha
4127965;Turvo;39;3.2.1.1. Soja;4;11;1987;5807.776451647886;6.204637473743465;Rede MapBiomas;https://drive.google.com/uc?id=1otOqymHuixvkRGVl65zTTNyfaHo46Gqk&export=download;1985–2025;2026-10-07T18:19:30.573244+00:00;ha
4127965;Turvo;39;3.2.1.1. Soja;4;11;1988;5331.976071392784;5.69632437079775;Rede MapBiomas;https://drive.google.com/uc?id=1otOqymHuixvkRGVl65zTTNyfaHo46Gqk&export=download;1985–2025;2026-10-07T18:19:30.573244+00:00;ha
4127965;Turvo;39;3.2.1.1. Soja;4;11;1989;4801.806355090263;5.129926728498483;Rede MapBiomas;https://drive.google.com/uc?id=1otOqymHuixvkRGVl65zTTNyfaHo46Gqk&export=download;1985–2025;2026-10-07T18:19:30.573244+00:00;ha
4127965;Turvo;39;3.2.1.1. Soja;4;11;1990;4708.818612274217;5.030584882530642;Rede MapBiomas;https://drive.google.com/uc?id=1otOqymHuixvkRGVl65zTTNyfaHo46Gqk&export=download;1985–2025;2026-10-07T18:19:30.573244+00:00;ha
4127965;Turvo;39;3.2.1.1. Soja;4;11;1991;3178.704727386506;3.39591419086245;Rede MapBiomas;https://drive.google.com/uc?id=1otOqymHuixvkRGVl65zTTNyfaHo46Gqk&export=download;1985–2025;2026-10-07T18:19:30.573244+00:00;ha
4127965;Turvo;39;3.2.1.1. Soja;4;11;1992;3144.348496081568;3.3592103056516596;Rede MapBiomas;https://drive.google.com/uc?id=1otOqymHuixvkRGVl65zTTNyfaHo46Gqk&export=download;1985–2025;2026-10-07T18:19:30.573244+00:00;ha
4127965;Turvo;39;3.2.1.1. Soja;4;11;1993;2246.4144885315;2.399918046630051;Rede MapBiomas;https://drive.google.com/uc?id=1otOqymHuixvkRGVl65zTTNyfaHo46Gqk&export=download;1985–2025;2026-10-07T18:19:30.573244+00:00;ha
4127965;Turvo;39;3.2.1.1. Soja;4;11;1994;4374.0419117798;4.672931987568667;Rede MapBiomas;https://drive.google.com/uc?id=1otOqymHuixvkRGVl65zTTNyfaHo46Gqk&export=download;1985–2025;2026-10-07T18:19:30.573244+00:00;ha
4127965;Turvo;39;3.2.1.1. Soja;4;11;1995;3328.59947536014;3.5560516510655975;Rede MapBiomas;https://drive.google.com/uc?id=1otOqymHuixvkRGVl65zTTNyfaHo46Gqk&export=download;1985–2025;2026-10-07T18:19:30.573244+00:00;ha
4127965;Turvo;39;3.2.1.1. Soja;4;11;1996;3380.466153216584;3.6114625188470812;Rede MapBiomas;https://drive.google.com/uc?id=1otOqymHuixvkRGVl65zTTNyfaHo46Gqk&export=download;1985–2025;2026-10-07T18:19:30.573244+00:00;ha
4127965;Turvo;39;3.2.1.1. Soja;4;11;1997;3008.955447943118;3.2145654855284915;Rede MapBiomas;https://drive.google.com/uc?id=1otOqymHuixvkRGVl65zTTNyfaHo46Gqk&export=download;1985–2025;2026-10-07T18:19:30.573244+00:00;ha
4127965;Turvo;39;3.2.1.1. Soja;4;11;1998;3049.347991839607;3.2577181608434773;Rede MapBiomas;https://drive.google.com/uc?id=1otOqymHuixvkRGVl65zTTNyfaHo46Gqk&export=download;1985–2025;2026-10-07T18:19:30.573244+00:00;ha
4127965;Turvo;39;3.2.1.1. Soja;4;11;1999;3668.152006195135;3.9188067217304585;Rede MapBiomas;https://drive.google.com/uc?id=1otOqymHuixvkRGVl65zTTNyfaHo46Gqk&export=download;1985–2025;2026-10-07T18:19:30.573244+00:00;ha
4127965;Turvo;39;3.2.1.1. Soja;4;11;2000;4249.299269183432;4.539665343910645;Rede MapBiomas;https://drive.google.com/uc?id=1otOqymHuixvkRGVl65zTTNyfaHo46Gqk&export=download;1985–2025;2026-10-07T18:19:30.573244+00:00;ha
4127965;Turvo;39;3.2.1.1. Soja;4;11;2001;3147.562940448053;3.36264440166751;Rede MapBiomas;https://drive.google.com/uc?id=1otOqymHuixvkRGVl65zTTNyfaHo46Gqk&export=download;1985–2025;2026-10-07T18:19:30.573244+00:00;ha
4127965;Turvo;39;3.2.1.1. Soja;4;11;2002;4388.467609344488;4.688343431938113;Rede MapBiomas;https://drive.google.com/uc?id=1otOqymHuixvkRGVl65zTTNyfaHo46Gqk&export=download;1985–2025;2026-10-07T18:19:30.573244+00:00;ha
4127965;Turvo;39;3.2.1.1. Soja;4;11;2003;4966.196100012274;5.305549667868477;Rede MapBiomas;https://drive.google.com/uc?id=1otOqymHuixvkRGVl65zTTNyfaHo46Gqk&export=download;1985–2025;2026-10-07T18:19:30.573244+00:00;ha
4127965;Turvo;39;3.2.1.1. Soja;4;11;2004;5907.440083471698;6.311111390212468;Rede MapBiomas;https://drive.google.com/uc?id=1otOqymHuixvkRGVl65zTTNyfaHo46Gqk&export=download;1985–2025;2026-10-07T18:19:30.573244+00:00;ha
4127965;Turvo;39;3.2.1.1. Soja;4;11;2005;6195.087013580336;6.618414010521299;Rede MapBiomas;https://drive.google.com/uc?id=1otOqymHuixvkRGVl65zTTNyfaHo46Gqk&export=download;1985–2025;2026-10-07T18:19:30.573244+00:00;ha
4127965;Turvo;39;3.2.1.1. Soja;4;11;2006;7591.726973632826;8.110490144238616;Rede MapBiomas;https://drive.google.com/uc?id=1otOqymHuixvkRGVl65zTTNyfaHo46Gqk&export=download;1985–2025;2026-10-07T18:19:30.573244+00:00;ha
4127965;Turvo;39;3.2.1.1. Soja;4;11;2007;8214.026040301504;8.775312583785597;Rede MapBiomas;https://drive.google.com/uc?id=1otOqymHuixvkRGVl65zTTNyfaHo46Gqk&export=download;1985–2025;2026-10-07T18:19:30.573244+00:00;ha
4127965;Turvo;39;3.2.1.1. Soja;4;11;2008;8590.30087795409;9.177299295492373;Rede MapBiomas;https://drive.google.com/uc?id=1otOqymHuixvkRGVl65zTTNyfaHo46Gqk&export=download;1985–2025;2026-10-07T18:19:30.573244+00:00;ha
4127965;Turvo;39;3.2.1.1. Soja;4;11;2009;8954.16077409655;9.566022719266257;Rede MapBiomas;https://drive.google.com/uc?id=1otOqymHuixvkRGVl65zTTNyfaHo46Gqk&export=download;1985–2025;2026-10-07T18:19:30.573244+00:00;ha
4127965;Turvo;39;3.2.1.1. Soja;4;11;2010;9888.279781963985;10.563972597227874;Rede MapBiomas;https://drive.google.com/uc?id=1otOqymHuixvkRGVl65zTTNyfaHo46Gqk&export=download;1985–2025;2026-10-07T18:19:30.573244+00:00;ha
4127965;Turvo;39;3.2.1.1. Soja;4;11;2011;10833.27086275572;11.573537466166673;Rede MapBiomas;https://drive.google.com/uc?id=1otOqymHuixvkRGVl65zTTNyfaHo46Gqk&export=download;1985–2025;2026-10-07T18:19:30.573244+00:00;ha
4127965;Turvo;39;3.2.1.1. Soja;4;11;2012;12605.41566740114;13.466777702829521;Rede MapBiomas;https://drive.google.com/uc?id=1otOqymHuixvkRGVl65zTTNyfaHo46Gqk&export=download;1985–2025;2026-10-07T18:19:30.573244+00:00;ha
4127965;Turvo;39;3.2.1.1. Soja;4;11;2013;12033.80745873377;12.8561099642683;Rede MapBiomas;https://drive.google.com/uc?id=1otOqymHuixvkRGVl65zTTNyfaHo46Gqk&export=download;1985–2025;2026-10-07T18:19:30.573244+00:00;ha
4127965;Turvo;39;3.2.1.1. Soja;4;11;2014;13298.8155605953;14.207559480058821;Rede MapBiomas;https://drive.google.com/uc?id=1otOqymHuixvkRGVl65zTTNyfaHo46Gqk&export=download;1985–2025;2026-10-07T18:19:30.573244+00:00;ha
4127965;Turvo;39;3.2.1.1. Soja;4;11;2015;13988.40711866428;14.94427268835697;Rede MapBiomas;https://drive.google.com/uc?id=1otOqymHuixvkRGVl65zTTNyfaHo46Gqk&export=download;1985–2025;2026-10-07T18:19:30.573244+00:00;ha
4127965;Turvo;39;3.2.1.1. Soja;4;11;2016;13192.07474550758;14.093524777314148;Rede MapBiomas;https://drive.google.com/uc?id=1otOqymHuixvkRGVl65zTTNyfaHo46Gqk&export=download;1985–2025;2026-10-07T18:19:30.573244+00:00;ha
4127965;Turvo;39;3.2.1.1. Soja;4;11;2017;14498.85080012189;15.489596362671056;Rede MapBiomas;https://drive.google.com/uc?id=1otOqymHuixvkRGVl65zTTNyfaHo46Gqk&export=download;1985–2025;2026-10-07T18:19:30.573244+00:00;ha
4127965;Turvo;39;3.2.1.1. Soja;4;11;2018;15105.36365052438;16.137553871236403;Rede MapBiomas;https://drive.google.com/uc?id=1otOqymHuixvkRGVl65zTTNyfaHo46Gqk&export=download;1985–2025;2026-10-07T18:19:30.573244+00:00;ha
4127965;Turvo;39;3.2.1.1. Soja;4;11;2019;16548.808000927;17.679632665476188;Rede MapBiomas;https://drive.google.com/uc?id=1otOqymHuixvkRGVl65zTTNyfaHo46Gqk&export=download;1985–2025;2026-10-07T18:19:30.573244+00:00;ha
4127965;Turvo;39;3.2.1.1. Soja;4;11;2020;17100.65328224394;18.269187022582354;Rede MapBiomas;https://drive.google.com/uc?id=1otOqymHuixvkRGVl65zTTNyfaHo46Gqk&export=download;1985–2025;2026-10-07T18:19:30.573244+00:00;ha
4127965;Turvo;39;3.2.1.1. Soja;4;11;2021;17099.34379354157;18.267788052986706;Rede MapBiomas;https://drive.google.com/uc?id=1otOqymHuixvkRGVl65zTTNyfaHo46Gqk&export=download;1985–2025;2026-10-07T18:19:30.573244+00:00;ha
4127965;Turvo;39;3.2.1.1. Soja;4;11;2022;17383.95104503681;18.571843285247834;Rede MapBiomas;https://drive.google.com/uc?id=1otOqymHuixvkRGVl65zTTNyfaHo46Gqk&export=download;1985–2025;2026-10-07T18:19:30.573244+00:00;ha
4127965;Turvo;39;3.2.1.1. Soja;4;11;2023;17598.56034343791;18.801117415572776;Rede MapBiomas;https://drive.google.com/uc?id=1otOqymHuixvkRGVl65zTTNyfaHo46Gqk&export=download;1985–2025;2026-10-07T18:19:30.573244+00:00;ha
4127965;Turvo;39;3.2.1.1. Soja;4;11;2024;17864.18625184248;19.08489425839814;Rede MapBiomas;https://drive.google.com/uc?id=1otOqymHuixvkRGVl65zTTNyfaHo46Gqk&export=download;1985–2025;2026-10-07T18:19:30.573244+00:00;ha
4127965;Turvo;39;3.2.1.1. Soja;4;11;2025;17876.60548668136;19.098162133034513;Rede MapBiomas;https://drive.google.com/uc?id=1otOqymHuixvkRGVl65zTTNyfaHo46Gqk&export=download;1985–2025;2026-10-07T18:19:30.573244+00:00;ha
4127965;Turvo;41;3.2.1.5. Outras Lavouras Temporárias;4;11;1985;1107.212127661138;1.1828709172716685;Rede MapBiomas;https://drive.google.com/uc?id=1otOqymHuixvkRGVl65zTTNyfaHo46Gqk&export=download;1985–2025;2026-10-07T18:19:30.573244+00:00;ha
4127965;Turvo;41;3.2.1.5. Outras Lavouras Temporárias;4;11;1986;459.8306393737804;0.4912521066172318;Rede MapBiomas;https://drive.google.com/uc?id=1otOqymHuixvkRGVl65zTTNyfaHo46Gqk&export=download;1985–2025;2026-10-07T18:19:30.573244+00:00;ha
4127965;Turvo;41;3.2.1.5. Outras Lavouras Temporárias;4;11;1987;985.2549987304766;1.0525801289375822;Rede MapBiomas;https://drive.google.com/uc?id=1otOqymHuixvkRGVl65zTTNyfaHo46Gqk&export=download;1985–2025;2026-10-07T18:19:30.573244+00:00;ha
4127965;Turvo;41;3.2.1.5. Outras Lavouras Temporárias;4;11;1988;1905.537660784886;2.0357481862754354;Rede MapBiomas;https://drive.google.com/uc?id=1otOqymHuixvkRGVl65zTTNyfaHo46Gqk&export=download;1985–2025;2026-10-07T18:19:30.573244+00:00;ha
4127965;Turvo;41;3.2.1.5. Outras Lavouras Temporárias;4;11;1989;2949.949158172617;3.1515271369032205;Rede MapBiomas;https://drive.google.com/uc?id=1otOqymHuixvkRGVl65zTTNyfaHo46Gqk&export=download;1985–2025;2026-10-07T18:19:30.573244+00:00;ha
4127965;Turvo;41;3.2.1.5. Outras Lavouras Temporárias;4;11;1990;3722.297338879453;3.976651950967218;Rede MapBiomas;https://drive.google.com/uc?id=1otOqymHuixvkRGVl65zTTNyfaHo46Gqk&export=download;1985–2025;2026-10-07T18:19:30.573244+00:00;ha
4127965;Turvo;41;3.2.1.5. Outras Lavouras Temporárias;4;11;1991;5932.162276629616;6.337522917477299;Rede MapBiomas;https://drive.google.com/uc?id=1otOqymHuixvkRGVl65zTTNyfaHo46Gqk&export=download;1985–2025;2026-10-07T18:19:30.573244+00:00;ha
4127965;Turvo;41;3.2.1.5. Outras Lavouras Temporárias;4;11;1992;6463.147072332819;6.9047913357500645;Rede MapBiomas;https://drive.google.com/uc?id=1otOqymHuixvkRGVl65zTTNyfaHo46Gqk&export=download;1985–2025;2026-10-07T18:19:30.573244+00:00;ha
4127965;Turvo;41;3.2.1.5. Outras Lavouras Temporárias;4;11;1993;7870.978738629184;8.408823935170563;Rede MapBiomas;https://drive.google.com/uc?id=1otOqymHuixvkRGVl65zTTNyfaHo46Gqk&export=download;1985–2025;2026-10-07T18:19:30.573244+00:00;ha
4127965;Turvo;41;3.2.1.5. Outras Lavouras Temporárias;4;11;1994;5679.108840216059;6.067177657548154;Rede MapBiomas;https://drive.google.com/uc?id=1otOqymHuixvkRGVl65zTTNyfaHo46Gqk&export=download;1985–2025;2026-10-07T18:19:30.573244+00:00;ha
4127965;Turvo;41;3.2.1.5. Outras Lavouras Temporárias;4;11;1995;6744.587832379208;7.205463701665112;Rede MapBiomas;https://drive.google.com/uc?id=1otOqymHuixvkRGVl65zTTNyfaHo46Gqk&export=download;1985–2025;2026-10-07T18:19:30.573244+00:00;ha
4127965;Turvo;41;3.2.1.5. Outras Lavouras Temporárias;4;11;1996;6851.638034436161;7.319828932624703;Rede MapBiomas;https://drive.google.com/uc?id=1otOqymHuixvkRGVl65zTTNyfaHo46Gqk&export=download;1985–2025;2026-10-07T18:19:30.573244+00:00;ha
4127965;Turvo;41;3.2.1.5. Outras Lavouras Temporárias;4;11;1997;7748.081330273562;8.277528615583515;Rede MapBiomas;https://drive.google.com/uc?id=1otOqymHuixvkRGVl65zTTNyfaHo46Gqk&export=download;1985–2025;2026-10-07T18:19:30.573244+00:00;ha
4127965;Turvo;41;3.2.1.5. Outras Lavouras Temporárias;4;11;1998;7698.98003292852;8.225072094218952;Rede MapBiomas;https://drive.google.com/uc?id=1otOqymHuixvkRGVl65zTTNyfaHo46Gqk&export=download;1985–2025;2026-10-07T18:19:30.573244+00:00;ha
4127965;Turvo;41;3.2.1.5. Outras Lavouras Temporárias;4;11;1999;7021.806865393129;7.50162585855823;Rede MapBiomas;https://drive.google.com/uc?id=1otOqymHuixvkRGVl65zTTNyfaHo46Gqk&export=download;1985–2025;2026-10-07T18:19:30.573244+00:00;ha
4127965;Turvo;41;3.2.1.5. Outras Lavouras Temporárias;4;11;2000;6316.158891363511;6.747759056110447;Rede MapBiomas;https://drive.google.com/uc?id=1otOqymHuixvkRGVl65zTTNyfaHo46Gqk&export=download;1985–2025;2026-10-07T18:19:30.573244+00:00;ha
4127965;Turvo;41;3.2.1.5. Outras Lavouras Temporárias;4;11;2001;7917.287859216382;8.458297482812002;Rede MapBiomas;https://drive.google.com/uc?id=1otOqymHuixvkRGVl65zTTNyfaHo46Gqk&export=download;1985–2025;2026-10-07T18:19:30.573244+00:00;ha
4127965;Turvo;41;3.2.1.5. Outras Lavouras Temporárias;4;11;2002;6953.125896148683;7.428251733528642;Rede MapBiomas;https://drive.google.com/uc?id=1otOqymHuixvkRGVl65zTTNyfaHo46Gqk&export=download;1985–2025;2026-10-07T18:19:30.573244+00:00;ha
4127965;Turvo;41;3.2.1.5. Outras Lavouras Temporárias;4;11;2003;6166.541153533992;6.587917534901353;Rede MapBiomas;https://drive.google.com/uc?id=1otOqymHuixvkRGVl65zTTNyfaHo46Gqk&export=download;1985–2025;2026-10-07T18:19:30.573244+00:00;ha
4127965;Turvo;41;3.2.1.5. Outras Lavouras Temporárias;4;11;2004;5214.852952709928;5.571197913663684;Rede MapBiomas;https://drive.google.com/uc?id=1otOqymHuixvkRGVl65zTTNyfaHo46Gqk&export=download;1985–2025;2026-10-07T18:19:30.573244+00:00;ha
4127965;Turvo;41;3.2.1.5. Outras Lavouras Temporárias;4;11;2005;5434.460027001947;5.805811331379653;Rede MapBiomas;https://drive.google.com/uc?id=1otOqymHuixvkRGVl65zTTNyfaHo46Gqk&export=download;1985–2025;2026-10-07T18:19:30.573244+00:00;ha
4127965;Turvo;41;3.2.1.5. Outras Lavouras Temporárias;4;11;2006;6166.264582946807;6.58762206550034;Rede MapBiomas;https://drive.google.com/uc?id=1otOqymHuixvkRGVl65zTTNyfaHo46Gqk&export=download;1985–2025;2026-10-07T18:19:30.573244+00:00;ha
4127965;Turvo;41;3.2.1.5. Outras Lavouras Temporárias;4;11;2007;6460.404497906508;6.901861353819512;Rede MapBiomas;https://drive.google.com/uc?id=1otOqymHuixvkRGVl65zTTNyfaHo46Gqk&export=download;1985–2025;2026-10-07T18:19:30.573244+00:00;ha
4127965;Turvo;41;3.2.1.5. Outras Lavouras Temporárias;4;11;2008;6823.96021807256;7.290259816452494;Rede MapBiomas;https://drive.google.com/uc?id=1otOqymHuixvkRGVl65zTTNyfaHo46Gqk&export=download;1985–2025;2026-10-07T18:19:30.573244+00:00;ha
4127965;Turvo;41;3.2.1.5. Outras Lavouras Temporárias;4;11;2009;6847.143222247349;7.3150269778014865;Rede MapBiomas;https://drive.google.com/uc?id=1otOqymHuixvkRGVl65zTTNyfaHo46Gqk&export=download;1985–2025;2026-10-07T18:19:30.573244+00:00;ha
4127965;Turvo;41;3.2.1.5. Outras Lavouras Temporárias;4;11;2010;6233.062897131294;6.658984888574282;Rede MapBiomas;https://drive.google.com/uc?id=1otOqymHuixvkRGVl65zTTNyfaHo46Gqk&export=download;1985–2025;2026-10-07T18:19:30.573244+00:00;ha
4127965;Turvo;41;3.2.1.5. Outras Lavouras Temporárias;4;11;2011;5394.802343048086;5.763443730968279;Rede MapBiomas;https://drive.google.com/uc?id=1otOqymHuixvkRGVl65zTTNyfaHo46Gqk&export=download;1985–2025;2026-10-07T18:19:30.573244+00:00;ha
4127965;Turvo;41;3.2.1.5. Outras Lavouras Temporárias;4;11;2012;3497.941784393315;3.736965576604064;Rede MapBiomas;https://drive.google.com/uc?id=1otOqymHuixvkRGVl65zTTNyfaHo46Gqk&export=download;1985–2025;2026-10-07T18:19:30.573244+00:00;ha
4127965;Turvo;41;3.2.1.5. Outras Lavouras Temporárias;4;11;2013;4359.067824395817;4.656934680425172;Rede MapBiomas;https://drive.google.com/uc?id=1otOqymHuixvkRGVl65zTTNyfaHo46Gqk&export=download;1985–2025;2026-10-07T18:19:30.573244+00:00;ha
4127965;Turvo;41;3.2.1.5. Outras Lavouras Temporárias;4;11;2014;3340.359513702424;3.5686152845316363;Rede MapBiomas;https://drive.google.com/uc?id=1otOqymHuixvkRGVl65zTTNyfaHo46Gqk&export=download;1985–2025;2026-10-07T18:19:30.573244+00:00;ha
4127965;Turvo;41;3.2.1.5. Outras Lavouras Temporárias;4;11;2015;2895.554292907748;3.0934153238519673;Rede MapBiomas;https://drive.google.com/uc?id=1otOqymHuixvkRGVl65zTTNyfaHo46Gqk&export=download;1985–2025;2026-10-07T18:19:30.573244+00:00;ha
4127965;Turvo;41;3.2.1.5. Outras Lavouras Temporárias;4;11;2016;3973.437447369404;4.244953140117606;Rede MapBiomas;https://drive.google.com/uc?id=1otOqymHuixvkRGVl65zTTNyfaHo46Gqk&export=download;1985–2025;2026-10-07T18:19:30.573244+00:00;ha
4127965;Turvo;41;3.2.1.5. Outras Lavouras Temporárias;4;11;2017;2936.442587988304;3.1370976263659207;Rede MapBiomas;https://drive.google.com/uc?id=1otOqymHuixvkRGVl65zTTNyfaHo46Gqk&export=download;1985–2025;2026-10-07T18:19:30.573244+00:00;ha
4127965;Turvo;41;3.2.1.5. Outras Lavouras Temporárias;4;11;2018;2106.684315966793;2.2506397346761484;Rede MapBiomas;https://drive.google.com/uc?id=1otOqymHuixvkRGVl65zTTNyfaHo46Gqk&export=download;1985–2025;2026-10-07T18:19:30.573244+00:00;ha
4127965;Turvo;41;3.2.1.5. Outras Lavouras Temporárias;4;11;2019;1364.724857006838;1.4579801856407943;Rede MapBiomas;https://drive.google.com/uc?id=1otOqymHuixvkRGVl65zTTNyfaHo46Gqk&export=download;1985–2025;2026-10-07T18:19:30.573244+00:00;ha
4127965;Turvo;41;3.2.1.5. Outras Lavouras Temporárias;4;11;2020;940.1544889282253;1.0043977797143122;Rede MapBiomas;https://drive.google.com/uc?id=1otOqymHuixvkRGVl65zTTNyfaHo46Gqk&export=download;1985–2025;2026-10-07T18:19:30.573244+00:00;ha
4127965;Turvo;41;3.2.1.5. Outras Lavouras Temporárias;4;11;2021;942.9967646301291;1.0074342757774033;Rede MapBiomas;https://drive.google.com/uc?id=1otOqymHuixvkRGVl65zTTNyfaHo46Gqk&export=download;1985–2025;2026-10-07T18:19:30.573244+00:00;ha
4127965;Turvo;41;3.2.1.5. Outras Lavouras Temporárias;4;11;2022;804.3233720031795;0.8592849563833728;Rede MapBiomas;https://drive.google.com/uc?id=1otOqymHuixvkRGVl65zTTNyfaHo46Gqk&export=download;1985–2025;2026-10-07T18:19:30.573244+00:00;ha
4127965;Turvo;41;3.2.1.5. Outras Lavouras Temporárias;4;11;2023;645.9744620544429;0.6901156385258322;Rede MapBiomas;https://drive.google.com/uc?id=1otOqymHuixvkRGVl65zTTNyfaHo46Gqk&export=download;1985–2025;2026-10-07T18:19:30.573244+00:00;ha
4127965;Turvo;41;3.2.1.5. Outras Lavouras Temporárias;4;11;2024;502.5518655883787;0.5368925893910063;Rede MapBiomas;https://drive.google.com/uc?id=1otOqymHuixvkRGVl65zTTNyfaHo46Gqk&export=download;1985–2025;2026-10-07T18:19:30.573244+00:00;ha
4127965;Turvo;41;3.2.1.5. Outras Lavouras Temporárias;4;11;2025;502.6294542846676;0.5369754799320835;Rede MapBiomas;https://drive.google.com/uc?id=1otOqymHuixvkRGVl65zTTNyfaHo46Gqk&export=download;1985–2025;2026-10-07T18:19:30.573244+00:00;ha
4127965;Turvo;46;3.2.2.1. Café;4;11;1985;4.628530072021483;0.004944810009872978;Rede MapBiomas;https://drive.google.com/uc?id=1otOqymHuixvkRGVl65zTTNyfaHo46Gqk&export=download;1985–2025;2026-10-07T18:19:30.573244+00:00;ha
4127965;Turvo;46;3.2.2.1. Café;4;11;1986;15.99258977050781;0.017085406543866605;Rede MapBiomas;https://drive.google.com/uc?id=1otOqymHuixvkRGVl65zTTNyfaHo46Gqk&export=download;1985–2025;2026-10-07T18:19:30.573244+00:00;ha
4127965;Turvo;46;3.2.2.1. Café;4;11;1987;18.02206685791014;0.019253563271907914;Rede MapBiomas;https://drive.google.com/uc?id=1otOqymHuixvkRGVl65zTTNyfaHo46Gqk&export=download;1985–2025;2026-10-07T18:19:30.573244+00:00;ha
4127965;Turvo;46;3.2.2.1. Café;4;11;1988;14.20769674682618;0.015178546967992946;Rede MapBiomas;https://drive.google.com/uc?id=1otOqymHuixvkRGVl65zTTNyfaHo46Gqk&export=download;1985–2025;2026-10-07T18:19:30.573244+00:00;ha
4127965;Turvo;46;3.2.2.1. Café;4;11;1989;15.02157291259766;0.016048037486296133;Rede MapBiomas;https://drive.google.com/uc?id=1otOqymHuixvkRGVl65zTTNyfaHo46Gqk&export=download;1985–2025;2026-10-07T18:19:30.573244+00:00;ha
4127965;Turvo;46;3.2.2.1. Café;4;11;1990;14.45321065063477;0.015440837498728436;Rede MapBiomas;https://drive.google.com/uc?id=1otOqymHuixvkRGVl65zTTNyfaHo46Gqk&export=download;1985–2025;2026-10-07T18:19:30.573244+00:00;ha
4127965;Turvo;46;3.2.2.1. Café;4;11;1991;15.02084073486328;0.016047255276883287;Rede MapBiomas;https://drive.google.com/uc?id=1otOqymHuixvkRGVl65zTTNyfaHo46Gqk&export=download;1985–2025;2026-10-07T18:19:30.573244+00:00;ha
4127965;Turvo;46;3.2.2.1. Café;4;11;1992;12.98970671386719;0.013877328392508841;Rede MapBiomas;https://drive.google.com/uc?id=1otOqymHuixvkRGVl65zTTNyfaHo46Gqk&export=download;1985–2025;2026-10-07T18:19:30.573244+00:00;ha
4127965;Turvo;46;3.2.2.1. Café;4;11;1993;15.50532929687499;0.016564850248467464;Rede MapBiomas;https://drive.google.com/uc?id=1otOqymHuixvkRGVl65zTTNyfaHo46Gqk&export=download;1985–2025;2026-10-07T18:19:30.573244+00:00;ha
4127965;Turvo;46;3.2.2.1. Café;4;11;1994;13.71871854248045;0.01465615556471046;Rede MapBiomas;https://drive.google.com/uc?id=1otOqymHuixvkRGVl65zTTNyfaHo46Gqk&export=download;1985–2025;2026-10-07T18:19:30.573244+00:00;ha
4127965;Turvo;46;3.2.2.1. Café;4;11;1995;12.9065547729492;0.013788494455299036;Rede MapBiomas;https://drive.google.com/uc?id=1otOqymHuixvkRGVl65zTTNyfaHo46Gqk&export=download;1985–2025;2026-10-07T18:19:30.573244+00:00;ha
4127965;Turvo;46;3.2.2.1. Café;4;11;1996;12.33846627807616;0.013181586942064488;Rede MapBiomas;https://drive.google.com/uc?id=1otOqymHuixvkRGVl65zTTNyfaHo46Gqk&export=download;1985–2025;2026-10-07T18:19:30.573244+00:00;ha
4127965;Turvo;46;3.2.2.1. Café;4;11;1997;7.142381353759768;0.007630439526771101;Rede MapBiomas;https://drive.google.com/uc?id=1otOqymHuixvkRGVl65zTTNyfaHo46Gqk&export=download;1985–2025;2026-10-07T18:19:30.573244+00:00;ha
4127965;Turvo;46;3.2.2.1. Café;4;11;1998;11.76981894531249;0.012574082404039677;Rede MapBiomas;https://drive.google.com/uc?id=1otOqymHuixvkRGVl65zTTNyfaHo46Gqk&export=download;1985–2025;2026-10-07T18:19:30.573244+00:00;ha
4127965;Turvo;46;3.2.2.1. Café;4;11;1999;22.89475811767577;0.024459218661716478;Rede MapBiomas;https://drive.google.com/uc?id=1otOqymHuixvkRGVl65zTTNyfaHo46Gqk&export=download;1985–2025;2026-10-07T18:19:30.573244+00:00;ha
4127965;Turvo;46;3.2.2.1. Café;4;11;2000;39.29274878540043;0.04197772823902494;Rede MapBiomas;https://drive.google.com/uc?id=1otOqymHuixvkRGVl65zTTNyfaHo46Gqk&export=download;1985–2025;2026-10-07T18:19:30.573244+00:00;ha
4127965;Turvo;46;3.2.2.1. Café;4;11;2001;51.8777544921875;0.055422701313608526;Rede MapBiomas;https://drive.google.com/uc?id=1otOqymHuixvkRGVl65zTTNyfaHo46Gqk&export=download;1985–2025;2026-10-07T18:19:30.573244+00:00;ha
4127965;Turvo;46;3.2.2.1. Café;4;11;2002;51.55038671264649;0.055072963611142375;Rede MapBiomas;https://drive.google.com/uc?id=1otOqymHuixvkRGVl65zTTNyfaHo46Gqk&export=download;1985–2025;2026-10-07T18:19:30.573244+00:00;ha
4127965;Turvo;46;3.2.2.1. Café;4;11;2003;70.79519843139663;0.07563282519662302;Rede MapBiomas;https://drive.google.com/uc?id=1otOqymHuixvkRGVl65zTTNyfaHo46Gqk&export=download;1985–2025;2026-10-07T18:19:30.573244+00:00;ha
4127965;Turvo;46;3.2.2.1. Café;4;11;2004;122.2760777343753;0.1306315317694103;Rede MapBiomas;https://drive.google.com/uc?id=1otOqymHuixvkRGVl65zTTNyfaHo46Gqk&export=download;1985–2025;2026-10-07T18:19:30.573244+00:00;ha
4127965;Turvo;46;3.2.2.1. Café;4;11;2005;135.5970467224125;0.14486275848033145;Rede MapBiomas;https://drive.google.com/uc?id=1otOqymHuixvkRGVl65zTTNyfaHo46Gqk&export=download;1985–2025;2026-10-07T18:19:30.573244+00:00;ha
4127965;Turvo;46;3.2.2.1. Café;4;11;2006;135.2718569152835;0.14451534757700382;Rede MapBiomas;https://drive.google.com/uc?id=1otOqymHuixvkRGVl65zTTNyfaHo46Gqk&export=download;1985–2025;2026-10-07T18:19:30.573244+00:00;ha
4127965;Turvo;46;3.2.2.1. Café;4;11;2007;122.1135727111821;0.13045792233988587;Rede MapBiomas;https://drive.google.com/uc?id=1otOqymHuixvkRGVl65zTTNyfaHo46Gqk&export=download;1985–2025;2026-10-07T18:19:30.573244+00:00;ha
4127965;Turvo;46;3.2.2.1. Café;4;11;2008;99.29629590454128;0.10608147949606885;Rede MapBiomas;https://drive.google.com/uc?id=1otOqymHuixvkRGVl65zTTNyfaHo46Gqk&export=download;1985–2025;2026-10-07T18:19:30.573244+00:00;ha
4127965;Turvo;46;3.2.2.1. Café;4;11;2009;89.46800693359394;0.09558159704370328;Rede MapBiomas;https://drive.google.com/uc?id=1otOqymHuixvkRGVl65zTTNyfaHo46Gqk&export=download;1985–2025;2026-10-07T18:19:30.573244+00:00;ha
4127965;Turvo;46;3.2.2.1. Café;4;11;2010;80.05266602172857;0.08552288050456132;Rede MapBiomas;https://drive.google.com/uc?id=1otOqymHuixvkRGVl65zTTNyfaHo46Gqk&export=download;1985–2025;2026-10-07T18:19:30.573244+00:00;ha
4127965;Turvo;46;3.2.2.1. Café;4;11;2011;72.01332430419929;0.07693418889425352;Rede MapBiomas;https://drive.google.com/uc?id=1otOqymHuixvkRGVl65zTTNyfaHo46Gqk&export=download;1985–2025;2026-10-07T18:19:30.573244+00:00;ha
4127965;Turvo;46;3.2.2.1. Café;4;11;2012;60.08260997924805;0.06418821669552736;Rede MapBiomas;https://drive.google.com/uc?id=1otOqymHuixvkRGVl65zTTNyfaHo46Gqk&export=download;1985–2025;2026-10-07T18:19:30.573244+00:00;ha
4127965;Turvo;46;3.2.2.1. Café;4;11;2013;55.37399140014654;0.05915784551497539;Rede MapBiomas;https://drive.google.com/uc?id=1otOqymHuixvkRGVl65zTTNyfaHo46Gqk&export=download;1985–2025;2026-10-07T18:19:30.573244+00:00;ha
4127965;Turvo;46;3.2.2.1. Café;4;11;2014;52.53432260131839;0.05612413449167489;Rede MapBiomas;https://drive.google.com/uc?id=1otOqymHuixvkRGVl65zTTNyfaHo46Gqk&export=download;1985–2025;2026-10-07T18:19:30.573244+00:00;ha
4127965;Turvo;46;3.2.2.1. Café;4;11;2015;32.80353222656248;0.03504508601847626;Rede MapBiomas;https://drive.google.com/uc?id=1otOqymHuixvkRGVl65zTTNyfaHo46Gqk&export=download;1985–2025;2026-10-07T18:19:30.573244+00:00;ha
4127965;Turvo;46;3.2.2.1. Café;4;11;2016;22.00579959716796;0.0235095152089637;Rede MapBiomas;https://drive.google.com/uc?id=1otOqymHuixvkRGVl65zTTNyfaHo46Gqk&export=download;1985–2025;2026-10-07T18:19:30.573244+00:00;ha
4127965;Turvo;46;3.2.2.1. Café;4;11;2017;14.69808643188478;0.015702446302270613;Rede MapBiomas;https://drive.google.com/uc?id=1otOqymHuixvkRGVl65zTTNyfaHo46Gqk&export=download;1985–2025;2026-10-07T18:19:30.573244+00:00;ha
4127965;Turvo;46;3.2.2.1. Café;4;11;2018;15.99729044189454;0.017090428424801705;Rede MapBiomas;https://drive.google.com/uc?id=1otOqymHuixvkRGVl65zTTNyfaHo46Gqk&export=download;1985–2025;2026-10-07T18:19:30.573244+00:00;ha
4127965;Turvo;46;3.2.2.1. Café;4;11;2019;16.15962707519532;0.01726385795789842;Rede MapBiomas;https://drive.google.com/uc?id=1otOqymHuixvkRGVl65zTTNyfaHo46Gqk&export=download;1985–2025;2026-10-07T18:19:30.573244+00:00;ha
4127965;Turvo;46;3.2.2.1. Café;4;11;2020;19.56840723266602;0.020905569253241874;Rede MapBiomas;https://drive.google.com/uc?id=1otOqymHuixvkRGVl65zTTNyfaHo46Gqk&export=download;1985–2025;2026-10-07T18:19:30.573244+00:00;ha
4127965;Turvo;46;3.2.2.1. Café;4;11;2021;26.14247500610352;0.02792886080063365;Rede MapBiomas;https://drive.google.com/uc?id=1otOqymHuixvkRGVl65zTTNyfaHo46Gqk&export=download;1985–2025;2026-10-07T18:19:30.573244+00:00;ha
4127965;Turvo;46;3.2.2.1. Café;4;11;2022;25.81775767211914;0.027581954655814336;Rede MapBiomas;https://drive.google.com/uc?id=1otOqymHuixvkRGVl65zTTNyfaHo46Gqk&export=download;1985–2025;2026-10-07T18:19:30.573244+00:00;ha
4127965;Turvo;46;3.2.2.1. Café;4;11;2023;22.49013771362305;0.024026949454640782;Rede MapBiomas;https://drive.google.com/uc?id=1otOqymHuixvkRGVl65zTTNyfaHo46Gqk&export=download;1985–2025;2026-10-07T18:19:30.573244+00:00;ha
4127965;Turvo;46;3.2.2.1. Café;4;11;2024;21.27273949584963;0.02272636313466935;Rede MapBiomas;https://drive.google.com/uc?id=1otOqymHuixvkRGVl65zTTNyfaHo46Gqk&export=download;1985–2025;2026-10-07T18:19:30.573244+00:00;ha
4127965;Turvo;46;3.2.2.1. Café;4;11;2025;20.29931923828125;0.021686426446662688;Rede MapBiomas;https://drive.google.com/uc?id=1otOqymHuixvkRGVl65zTTNyfaHo46Gqk&export=download;1985–2025;2026-10-07T18:19:30.573244+00:00;ha
4127965;Turvo;48;3.2.1.4. Outras Lavouras Perenes;4;11;1985;0.0;0.0;Rede MapBiomas;https://drive.google.com/uc?id=1otOqymHuixvkRGVl65zTTNyfaHo46Gqk&export=download;1985–2025;2026-10-07T18:19:30.573244+00:00;ha
4127965;Turvo;48;3.2.1.4. Outras Lavouras Perenes;4;11;1986;1.218001519775391;0.001301230847225637;Rede MapBiomas;https://drive.google.com/uc?id=1otOqymHuixvkRGVl65zTTNyfaHo46Gqk&export=download;1985–2025;2026-10-07T18:19:30.573244+00:00;ha
4127965;Turvo;48;3.2.1.4. Outras Lavouras Perenes;4;11;1987;1.380401556396485;0.001474728116162469;Rede MapBiomas;https://drive.google.com/uc?id=1otOqymHuixvkRGVl65zTTNyfaHo46Gqk&export=download;1985–2025;2026-10-07T18:19:30.573244+00:00;ha
4127965;Turvo;48;3.2.1.4. Outras Lavouras Perenes;4;11;1988;1.380401556396485;0.001474728116162469;Rede MapBiomas;https://drive.google.com/uc?id=1otOqymHuixvkRGVl65zTTNyfaHo46Gqk&export=download;1985–2025;2026-10-07T18:19:30.573244+00:00;ha
4127965;Turvo;48;3.2.1.4. Outras Lavouras Perenes;4;11;1989;1.380401556396485;0.001474728116162469;Rede MapBiomas;https://drive.google.com/uc?id=1otOqymHuixvkRGVl65zTTNyfaHo46Gqk&export=download;1985–2025;2026-10-07T18:19:30.573244+00:00;ha
4127965;Turvo;48;3.2.1.4. Outras Lavouras Perenes;4;11;1990;1.299201361083985;0.0013879792925970795;Rede MapBiomas;https://drive.google.com/uc?id=1otOqymHuixvkRGVl65zTTNyfaHo46Gqk&export=download;1985–2025;2026-10-07T18:19:30.573244+00:00;ha
4127965;Turvo;48;3.2.1.4. Outras Lavouras Perenes;4;11;1991;1.299201361083985;0.0013879792925970795;Rede MapBiomas;https://drive.google.com/uc?id=1otOqymHuixvkRGVl65zTTNyfaHo46Gqk&export=download;1985–2025;2026-10-07T18:19:30.573244+00:00;ha
4127965;Turvo;48;3.2.1.4. Outras Lavouras Perenes;4;11;1992;1.299201361083985;0.0013879792925970795;Rede MapBiomas;https://drive.google.com/uc?id=1otOqymHuixvkRGVl65zTTNyfaHo46Gqk&export=download;1985–2025;2026-10-07T18:19:30.573244+00:00;ha
4127965;Turvo;48;3.2.1.4. Outras Lavouras Perenes;4;11;1993;1.299201361083985;0.0013879792925970795;Rede MapBiomas;https://drive.google.com/uc?id=1otOqymHuixvkRGVl65zTTNyfaHo46Gqk&export=download;1985–2025;2026-10-07T18:19:30.573244+00:00;ha
4127965;Turvo;48;3.2.1.4. Outras Lavouras Perenes;4;11;1994;0.0;0.0;Rede MapBiomas;https://drive.google.com/uc?id=1otOqymHuixvkRGVl65zTTNyfaHo46Gqk&export=download;1985–2025;2026-10-07T18:19:30.573244+00:00;ha
4127965;Turvo;48;3.2.1.4. Outras Lavouras Perenes;4;11;1995;0.0;0.0;Rede MapBiomas;https://drive.google.com/uc?id=1otOqymHuixvkRGVl65zTTNyfaHo46Gqk&export=download;1985–2025;2026-10-07T18:19:30.573244+00:00;ha
4127965;Turvo;48;3.2.1.4. Outras Lavouras Perenes;4;11;1996;0.0;0.0;Rede MapBiomas;https://drive.google.com/uc?id=1otOqymHuixvkRGVl65zTTNyfaHo46Gqk&export=download;1985–2025;2026-10-07T18:19:30.573244+00:00;ha
4127965;Turvo;48;3.2.1.4. Outras Lavouras Perenes;4;11;1997;0.0;0.0;Rede MapBiomas;https://drive.google.com/uc?id=1otOqymHuixvkRGVl65zTTNyfaHo46Gqk&export=download;1985–2025;2026-10-07T18:19:30.573244+00:00;ha
4127965;Turvo;48;3.2.1.4. Outras Lavouras Perenes;4;11;1998;0.0;0.0;Rede MapBiomas;https://drive.google.com/uc?id=1otOqymHuixvkRGVl65zTTNyfaHo46Gqk&export=download;1985–2025;2026-10-07T18:19:30.573244+00:00;ha
4127965;Turvo;48;3.2.1.4. Outras Lavouras Perenes;4;11;1999;0.0;0.0;Rede MapBiomas;https://drive.google.com/uc?id=1otOqymHuixvkRGVl65zTTNyfaHo46Gqk&export=download;1985–2025;2026-10-07T18:19:30.573244+00:00;ha
4127965;Turvo;48;3.2.1.4. Outras Lavouras Perenes;4;11;2000;0.0;0.0;Rede MapBiomas;https://drive.google.com/uc?id=1otOqymHuixvkRGVl65zTTNyfaHo46Gqk&export=download;1985–2025;2026-10-07T18:19:30.573244+00:00;ha
4127965;Turvo;48;3.2.1.4. Outras Lavouras Perenes;4;11;2001;0.0;0.0;Rede MapBiomas;https://drive.google.com/uc?id=1otOqymHuixvkRGVl65zTTNyfaHo46Gqk&export=download;1985–2025;2026-10-07T18:19:30.573244+00:00;ha
4127965;Turvo;48;3.2.1.4. Outras Lavouras Perenes;4;11;2002;0.0;0.0;Rede MapBiomas;https://drive.google.com/uc?id=1otOqymHuixvkRGVl65zTTNyfaHo46Gqk&export=download;1985–2025;2026-10-07T18:19:30.573244+00:00;ha
4127965;Turvo;48;3.2.1.4. Outras Lavouras Perenes;4;11;2003;0.0;0.0;Rede MapBiomas;https://drive.google.com/uc?id=1otOqymHuixvkRGVl65zTTNyfaHo46Gqk&export=download;1985–2025;2026-10-07T18:19:30.573244+00:00;ha
4127965;Turvo;48;3.2.1.4. Outras Lavouras Perenes;4;11;2004;0.0;0.0;Rede MapBiomas;https://drive.google.com/uc?id=1otOqymHuixvkRGVl65zTTNyfaHo46Gqk&export=download;1985–2025;2026-10-07T18:19:30.573244+00:00;ha
4127965;Turvo;48;3.2.1.4. Outras Lavouras Perenes;4;11;2005;0.0;0.0;Rede MapBiomas;https://drive.google.com/uc?id=1otOqymHuixvkRGVl65zTTNyfaHo46Gqk&export=download;1985–2025;2026-10-07T18:19:30.573244+00:00;ha
4127965;Turvo;48;3.2.1.4. Outras Lavouras Perenes;4;11;2006;0.0;0.0;Rede MapBiomas;https://drive.google.com/uc?id=1otOqymHuixvkRGVl65zTTNyfaHo46Gqk&export=download;1985–2025;2026-10-07T18:19:30.573244+00:00;ha
4127965;Turvo;48;3.2.1.4. Outras Lavouras Perenes;4;11;2007;0.0;0.0;Rede MapBiomas;https://drive.google.com/uc?id=1otOqymHuixvkRGVl65zTTNyfaHo46Gqk&export=download;1985–2025;2026-10-07T18:19:30.573244+00:00;ha
4127965;Turvo;48;3.2.1.4. Outras Lavouras Perenes;4;11;2008;0.0;0.0;Rede MapBiomas;https://drive.google.com/uc?id=1otOqymHuixvkRGVl65zTTNyfaHo46Gqk&export=download;1985–2025;2026-10-07T18:19:30.573244+00:00;ha
4127965;Turvo;48;3.2.1.4. Outras Lavouras Perenes;4;11;2009;0.0;0.0;Rede MapBiomas;https://drive.google.com/uc?id=1otOqymHuixvkRGVl65zTTNyfaHo46Gqk&export=download;1985–2025;2026-10-07T18:19:30.573244+00:00;ha
4127965;Turvo;48;3.2.1.4. Outras Lavouras Perenes;4;11;2010;0.0;0.0;Rede MapBiomas;https://drive.google.com/uc?id=1otOqymHuixvkRGVl65zTTNyfaHo46Gqk&export=download;1985–2025;2026-10-07T18:19:30.573244+00:00;ha
4127965;Turvo;48;3.2.1.4. Outras Lavouras Perenes;4;11;2011;0.0;0.0;Rede MapBiomas;https://drive.google.com/uc?id=1otOqymHuixvkRGVl65zTTNyfaHo46Gqk&export=download;1985–2025;2026-10-07T18:19:30.573244+00:00;ha
4127965;Turvo;48;3.2.1.4. Outras Lavouras Perenes;4;11;2012;0.0;0.0;Rede MapBiomas;https://drive.google.com/uc?id=1otOqymHuixvkRGVl65zTTNyfaHo46Gqk&export=download;1985–2025;2026-10-07T18:19:30.573244+00:00;ha
4127965;Turvo;48;3.2.1.4. Outras Lavouras Perenes;4;11;2013;0.0;0.0;Rede MapBiomas;https://drive.google.com/uc?id=1otOqymHuixvkRGVl65zTTNyfaHo46Gqk&export=download;1985–2025;2026-10-07T18:19:30.573244+00:00;ha
4127965;Turvo;48;3.2.1.4. Outras Lavouras Perenes;4;11;2014;0.0;0.0;Rede MapBiomas;https://drive.google.com/uc?id=1otOqymHuixvkRGVl65zTTNyfaHo46Gqk&export=download;1985–2025;2026-10-07T18:19:30.573244+00:00;ha
4127965;Turvo;48;3.2.1.4. Outras Lavouras Perenes;4;11;2015;0.0;0.0;Rede MapBiomas;https://drive.google.com/uc?id=1otOqymHuixvkRGVl65zTTNyfaHo46Gqk&export=download;1985–2025;2026-10-07T18:19:30.573244+00:00;ha
4127965;Turvo;48;3.2.1.4. Outras Lavouras Perenes;4;11;2016;0.0;0.0;Rede MapBiomas;https://drive.google.com/uc?id=1otOqymHuixvkRGVl65zTTNyfaHo46Gqk&export=download;1985–2025;2026-10-07T18:19:30.573244+00:00;ha
4127965;Turvo;48;3.2.1.4. Outras Lavouras Perenes;4;11;2017;0.0;0.0;Rede MapBiomas;https://drive.google.com/uc?id=1otOqymHuixvkRGVl65zTTNyfaHo46Gqk&export=download;1985–2025;2026-10-07T18:19:30.573244+00:00;ha
4127965;Turvo;48;3.2.1.4. Outras Lavouras Perenes;4;11;2018;0.0;0.0;Rede MapBiomas;https://drive.google.com/uc?id=1otOqymHuixvkRGVl65zTTNyfaHo46Gqk&export=download;1985–2025;2026-10-07T18:19:30.573244+00:00;ha
4127965;Turvo;48;3.2.1.4. Outras Lavouras Perenes;4;11;2019;0.0;0.0;Rede MapBiomas;https://drive.google.com/uc?id=1otOqymHuixvkRGVl65zTTNyfaHo46Gqk&export=download;1985–2025;2026-10-07T18:19:30.573244+00:00;ha
4127965;Turvo;48;3.2.1.4. Outras Lavouras Perenes;4;11;2020;0.0;0.0;Rede MapBiomas;https://drive.google.com/uc?id=1otOqymHuixvkRGVl65zTTNyfaHo46Gqk&export=download;1985–2025;2026-10-07T18:19:30.573244+00:00;ha
4127965;Turvo;48;3.2.1.4. Outras Lavouras Perenes;4;11;2021;0.0;0.0;Rede MapBiomas;https://drive.google.com/uc?id=1otOqymHuixvkRGVl65zTTNyfaHo46Gqk&export=download;1985–2025;2026-10-07T18:19:30.573244+00:00;ha
4127965;Turvo;48;3.2.1.4. Outras Lavouras Perenes;4;11;2022;0.0;0.0;Rede MapBiomas;https://drive.google.com/uc?id=1otOqymHuixvkRGVl65zTTNyfaHo46Gqk&export=download;1985–2025;2026-10-07T18:19:30.573244+00:00;ha
4127965;Turvo;48;3.2.1.4. Outras Lavouras Perenes;4;11;2023;0.0;0.0;Rede MapBiomas;https://drive.google.com/uc?id=1otOqymHuixvkRGVl65zTTNyfaHo46Gqk&export=download;1985–2025;2026-10-07T18:19:30.573244+00:00;ha
4127965;Turvo;48;3.2.1.4. Outras Lavouras Perenes;4;11;2024;0.0;0.0;Rede MapBiomas;https://drive.google.com/uc?id=1otOqymHuixvkRGVl65zTTNyfaHo46Gqk&export=download;1985–2025;2026-10-07T18:19:30.573244+00:00;ha
4127965;Turvo;48;3.2.1.4. Outras Lavouras Perenes;4;11;2025;0.0;0.0;Rede MapBiomas;https://drive.google.com/uc?id=1otOqymHuixvkRGVl65zTTNyfaHo46Gqk&export=download;1985–2025;2026-10-07T18:19:30.573244+00:00;ha
4109401;Guarapuava;3;1.1 Formação Florestal;2;11;1985;132502.0450093048;41.879433030543325;Rede MapBiomas;https://drive.google.com/uc?id=1otOqymHuixvkRGVl65zTTNyfaHo46Gqk&export=download;1985–2025;2026-10-07T18:19:30.573244+00:00;ha
4109401;Guarapuava;3;1.1 Formação Florestal;2;11;1986;132741.2051209814;41.955023485617694;Rede MapBiomas;https://drive.google.com/uc?id=1otOqymHuixvkRGVl65zTTNyfaHo46Gqk&export=download;1985–2025;2026-10-07T18:19:30.573244+00:00;ha
4109401;Guarapuava;3;1.1 Formação Florestal;2;11;1987;131672.4884556274;41.61723814794856;Rede MapBiomas;https://drive.google.com/uc?id=1otOqymHuixvkRGVl65zTTNyfaHo46Gqk&export=download;1985–2025;2026-10-07T18:19:30.573244+00:00;ha
4109401;Guarapuava;3;1.1 Formação Florestal;2;11;1988;129603.094550126;40.96317244297643;Rede MapBiomas;https://drive.google.com/uc?id=1otOqymHuixvkRGVl65zTTNyfaHo46Gqk&export=download;1985–2025;2026-10-07T18:19:30.573244+00:00;ha
4109401;Guarapuava;3;1.1 Formação Florestal;2;11;1989;127846.9125855449;40.408102481830106;Rede MapBiomas;https://drive.google.com/uc?id=1otOqymHuixvkRGVl65zTTNyfaHo46Gqk&export=download;1985–2025;2026-10-07T18:19:30.573244+00:00;ha
4109401;Guarapuava;3;1.1 Formação Florestal;2;11;1990;126311.9161937367;39.92294182949193;Rede MapBiomas;https://drive.google.com/uc?id=1otOqymHuixvkRGVl65zTTNyfaHo46Gqk&export=download;1985–2025;2026-10-07T18:19:30.573244+00:00;ha
4109401;Guarapuava;3;1.1 Formação Florestal;2;11;1991;124582.4445758225;39.37631410917579;Rede MapBiomas;https://drive.google.com/uc?id=1otOqymHuixvkRGVl65zTTNyfaHo46Gqk&export=download;1985–2025;2026-10-07T18:19:30.573244+00:00;ha
4109401;Guarapuava;3;1.1 Formação Florestal;2;11;1992;124253.5844305483;39.2723724950712;Rede MapBiomas;https://drive.google.com/uc?id=1otOqymHuixvkRGVl65zTTNyfaHo46Gqk&export=download;1985–2025;2026-10-07T18:19:30.573244+00:00;ha
4109401;Guarapuava;3;1.1 Formação Florestal;2;11;1993;124430.5343766632;39.3283004123917;Rede MapBiomas;https://drive.google.com/uc?id=1otOqymHuixvkRGVl65zTTNyfaHo46Gqk&export=download;1985–2025;2026-10-07T18:19:30.573244+00:00;ha
4109401;Guarapuava;3;1.1 Formação Florestal;2;11;1994;124847.6820232245;39.460146731645004;Rede MapBiomas;https://drive.google.com/uc?id=1otOqymHuixvkRGVl65zTTNyfaHo46Gqk&export=download;1985–2025;2026-10-07T18:19:30.573244+00:00;ha
4109401;Guarapuava;3;1.1 Formação Florestal;2;11;1995;124645.9712165465;39.39639274038234;Rede MapBiomas;https://drive.google.com/uc?id=1otOqymHuixvkRGVl65zTTNyfaHo46Gqk&export=download;1985–2025;2026-10-07T18:19:30.573244+00:00;ha
4109401;Guarapuava;3;1.1 Formação Florestal;2;11;1996;123547.7200295066;39.04927253529326;Rede MapBiomas;https://drive.google.com/uc?id=1otOqymHuixvkRGVl65zTTNyfaHo46Gqk&export=download;1985–2025;2026-10-07T18:19:30.573244+00:00;ha
4109401;Guarapuava;3;1.1 Formação Florestal;2;11;1997;122380.9638505799;38.68050020989329;Rede MapBiomas;https://drive.google.com/uc?id=1otOqymHuixvkRGVl65zTTNyfaHo46Gqk&export=download;1985–2025;2026-10-07T18:19:30.573244+00:00;ha
4109401;Guarapuava;3;1.1 Formação Florestal;2;11;1998;121692.5595712847;38.46291880644658;Rede MapBiomas;https://drive.google.com/uc?id=1otOqymHuixvkRGVl65zTTNyfaHo46Gqk&export=download;1985–2025;2026-10-07T18:19:30.573244+00:00;ha
4109401;Guarapuava;3;1.1 Formação Florestal;2;11;1999;121721.7067986898;38.472131263190576;Rede MapBiomas;https://drive.google.com/uc?id=1otOqymHuixvkRGVl65zTTNyfaHo46Gqk&export=download;1985–2025;2026-10-07T18:19:30.573244+00:00;ha
4109401;Guarapuava;3;1.1 Formação Florestal;2;11;2000;121668.1534986493;38.45520486901716;Rede MapBiomas;https://drive.google.com/uc?id=1otOqymHuixvkRGVl65zTTNyfaHo46Gqk&export=download;1985–2025;2026-10-07T18:19:30.573244+00:00;ha
4109401;Guarapuava;3;1.1 Formação Florestal;2;11;2001;121865.7905922388;38.51767129679759;Rede MapBiomas;https://drive.google.com/uc?id=1otOqymHuixvkRGVl65zTTNyfaHo46Gqk&export=download;1985–2025;2026-10-07T18:19:30.573244+00:00;ha
4109401;Guarapuava;3;1.1 Formação Florestal;2;11;2002;121995.9172372601;38.55879994590845;Rede MapBiomas;https://drive.google.com/uc?id=1otOqymHuixvkRGVl65zTTNyfaHo46Gqk&export=download;1985–2025;2026-10-07T18:19:30.573244+00:00;ha
4109401;Guarapuava;3;1.1 Formação Florestal;2;11;2003;121852.6404269948;38.51351497253378;Rede MapBiomas;https://drive.google.com/uc?id=1otOqymHuixvkRGVl65zTTNyfaHo46Gqk&export=download;1985–2025;2026-10-07T18:19:30.573244+00:00;ha
4109401;Guarapuava;3;1.1 Formação Florestal;2;11;2004;121966.2087266023;38.54941008643538;Rede MapBiomas;https://drive.google.com/uc?id=1otOqymHuixvkRGVl65zTTNyfaHo46Gqk&export=download;1985–2025;2026-10-07T18:19:30.573244+00:00;ha
4109401;Guarapuava;3;1.1 Formação Florestal;2;11;2005;122217.4705827053;38.62882549526969;Rede MapBiomas;https://drive.google.com/uc?id=1otOqymHuixvkRGVl65zTTNyfaHo46Gqk&export=download;1985–2025;2026-10-07T18:19:30.573244+00:00;ha
4109401;Guarapuava;3;1.1 Formação Florestal;2;11;2006;122433.2940244647;38.697040015090494;Rede MapBiomas;https://drive.google.com/uc?id=1otOqymHuixvkRGVl65zTTNyfaHo46Gqk&export=download;1985–2025;2026-10-07T18:19:30.573244+00:00;ha
4109401;Guarapuava;3;1.1 Formação Florestal;2;11;2007;122258.7849350186;38.64188357034154;Rede MapBiomas;https://drive.google.com/uc?id=1otOqymHuixvkRGVl65zTTNyfaHo46Gqk&export=download;1985–2025;2026-10-07T18:19:30.573244+00:00;ha
4109401;Guarapuava;3;1.1 Formação Florestal;2;11;2008;121934.0059721562;38.539231880520674;Rede MapBiomas;https://drive.google.com/uc?id=1otOqymHuixvkRGVl65zTTNyfaHo46Gqk&export=download;1985–2025;2026-10-07T18:19:30.573244+00:00;ha
4109401;Guarapuava;3;1.1 Formação Florestal;2;11;2009;122226.8715701708;38.63179683073062;Rede MapBiomas;https://drive.google.com/uc?id=1otOqymHuixvkRGVl65zTTNyfaHo46Gqk&export=download;1985–2025;2026-10-07T18:19:30.573244+00:00;ha
4109401;Guarapuava;3;1.1 Formação Florestal;2;11;2010;122452.3640173508;38.70306739745965;Rede MapBiomas;https://drive.google.com/uc?id=1otOqymHuixvkRGVl65zTTNyfaHo46Gqk&export=download;1985–2025;2026-10-07T18:19:30.573244+00:00;ha
4109401;Guarapuava;3;1.1 Formação Florestal;2;11;2011;122771.1326731142;38.80381943166669;Rede MapBiomas;https://drive.google.com/uc?id=1otOqymHuixvkRGVl65zTTNyfaHo46Gqk&export=download;1985–2025;2026-10-07T18:19:30.573244+00:00;ha
4109401;Guarapuava;3;1.1 Formação Florestal;2;11;2012;123627.9411887683;39.07462774144647;Rede MapBiomas;https://drive.google.com/uc?id=1otOqymHuixvkRGVl65zTTNyfaHo46Gqk&export=download;1985–2025;2026-10-07T18:19:30.573244+00:00;ha
4109401;Guarapuava;3;1.1 Formação Florestal;2;11;2013;124155.3367154253;39.24131970184368;Rede MapBiomas;https://drive.google.com/uc?id=1otOqymHuixvkRGVl65zTTNyfaHo46Gqk&export=download;1985–2025;2026-10-07T18:19:30.573244+00:00;ha
4109401;Guarapuava;3;1.1 Formação Florestal;2;11;2014;124508.6855099403;39.353001353061025;Rede MapBiomas;https://drive.google.com/uc?id=1otOqymHuixvkRGVl65zTTNyfaHo46Gqk&export=download;1985–2025;2026-10-07T18:19:30.573244+00:00;ha
4109401;Guarapuava;3;1.1 Formação Florestal;2;11;2015;124808.2743763325;39.447691301928515;Rede MapBiomas;https://drive.google.com/uc?id=1otOqymHuixvkRGVl65zTTNyfaHo46Gqk&export=download;1985–2025;2026-10-07T18:19:30.573244+00:00;ha
4109401;Guarapuava;3;1.1 Formação Florestal;2;11;2016;124687.8187826147;39.40961934636055;Rede MapBiomas;https://drive.google.com/uc?id=1otOqymHuixvkRGVl65zTTNyfaHo46Gqk&export=download;1985–2025;2026-10-07T18:19:30.573244+00:00;ha
4109401;Guarapuava;3;1.1 Formação Florestal;2;11;2017;124845.836312264;39.45956336458408;Rede MapBiomas;https://drive.google.com/uc?id=1otOqymHuixvkRGVl65zTTNyfaHo46Gqk&export=download;1985–2025;2026-10-07T18:19:30.573244+00:00;ha
4109401;Guarapuava;3;1.1 Formação Florestal;2;11;2018;124447.8143263815;39.33376202241401;Rede MapBiomas;https://drive.google.com/uc?id=1otOqymHuixvkRGVl65zTTNyfaHo46Gqk&export=download;1985–2025;2026-10-07T18:19:30.573244+00:00;ha
4109401;Guarapuava;3;1.1 Formação Florestal;2;11;2019;123635.9835239276;39.0771696526803;Rede MapBiomas;https://drive.google.com/uc?id=1otOqymHuixvkRGVl65zTTNyfaHo46Gqk&export=download;1985–2025;2026-10-07T18:19:30.573244+00:00;ha
4109401;Guarapuava;3;1.1 Formação Florestal;2;11;2020;123079.4143898399;38.90125689770163;Rede MapBiomas;https://drive.google.com/uc?id=1otOqymHuixvkRGVl65zTTNyfaHo46Gqk&export=download;1985–2025;2026-10-07T18:19:30.573244+00:00;ha
4109401;Guarapuava;3;1.1 Formação Florestal;2;11;2021;122506.0143552439;38.7200244620295;Rede MapBiomas;https://drive.google.com/uc?id=1otOqymHuixvkRGVl65zTTNyfaHo46Gqk&export=download;1985–2025;2026-10-07T18:19:30.573244+00:00;ha
4109401;Guarapuava;3;1.1 Formação Florestal;2;11;2022;122312.1031253979;38.658735654270835;Rede MapBiomas;https://drive.google.com/uc?id=1otOqymHuixvkRGVl65zTTNyfaHo46Gqk&export=download;1985–2025;2026-10-07T18:19:30.573244+00:00;ha
4109401;Guarapuava;3;1.1 Formação Florestal;2;11;2023;122448.3614466165;38.70180231967911;Rede MapBiomas;https://drive.google.com/uc?id=1otOqymHuixvkRGVl65zTTNyfaHo46Gqk&export=download;1985–2025;2026-10-07T18:19:30.573244+00:00;ha
4109401;Guarapuava;3;1.1 Formação Florestal;2;11;2024;122501.8244170594;38.71870016370952;Rede MapBiomas;https://drive.google.com/uc?id=1otOqymHuixvkRGVl65zTTNyfaHo46Gqk&export=download;1985–2025;2026-10-07T18:19:30.573244+00:00;ha
4109401;Guarapuava;3;1.1 Formação Florestal;2;11;2025;122598.2761326428;38.749185301981704;Rede MapBiomas;https://drive.google.com/uc?id=1otOqymHuixvkRGVl65zTTNyfaHo46Gqk&export=download;1985–2025;2026-10-07T18:19:30.573244+00:00;ha
4109401;Guarapuava;9;3.3. Silvicultura;2;11;1985;16182.05825106823;5.114603512529732;Rede MapBiomas;https://drive.google.com/uc?id=1otOqymHuixvkRGVl65zTTNyfaHo46Gqk&export=download;1985–2025;2026-10-07T18:19:30.573244+00:00;ha
4109401;Guarapuava;9;3.3. Silvicultura;2;11;1986;18099.36777462178;5.72060046740575;Rede MapBiomas;https://drive.google.com/uc?id=1otOqymHuixvkRGVl65zTTNyfaHo46Gqk&export=download;1985–2025;2026-10-07T18:19:30.573244+00:00;ha
4109401;Guarapuava;9;3.3. Silvicultura;2;11;1987;19522.53507710539;6.170415711626591;Rede MapBiomas;https://drive.google.com/uc?id=1otOqymHuixvkRGVl65zTTNyfaHo46Gqk&export=download;1985–2025;2026-10-07T18:19:30.573244+00:00;ha
4109401;Guarapuava;9;3.3. Silvicultura;2;11;1988;20816.18381337263;6.579294499963378;Rede MapBiomas;https://drive.google.com/uc?id=1otOqymHuixvkRGVl65zTTNyfaHo46Gqk&export=download;1985–2025;2026-10-07T18:19:30.573244+00:00;ha
4109401;Guarapuava;9;3.3. Silvicultura;2;11;1989;22314.14103493634;7.052748318270037;Rede MapBiomas;https://drive.google.com/uc?id=1otOqymHuixvkRGVl65zTTNyfaHo46Gqk&export=download;1985–2025;2026-10-07T18:19:30.573244+00:00;ha
4109401;Guarapuava;9;3.3. Silvicultura;2;11;1990;22799.37630588311;7.206114842026298;Rede MapBiomas;https://drive.google.com/uc?id=1otOqymHuixvkRGVl65zTTNyfaHo46Gqk&export=download;1985–2025;2026-10-07T18:19:30.573244+00:00;ha
4109401;Guarapuava;9;3.3. Silvicultura;2;11;1991;22633.17261997044;7.153583455562637;Rede MapBiomas;https://drive.google.com/uc?id=1otOqymHuixvkRGVl65zTTNyfaHo46Gqk&export=download;1985–2025;2026-10-07T18:19:30.573244+00:00;ha
4109401;Guarapuava;9;3.3. Silvicultura;2;11;1992;23032.16208494811;7.279690585284683;Rede MapBiomas;https://drive.google.com/uc?id=1otOqymHuixvkRGVl65zTTNyfaHo46Gqk&export=download;1985–2025;2026-10-07T18:19:30.573244+00:00;ha
4109401;Guarapuava;9;3.3. Silvicultura;2;11;1993;23921.19234691712;7.560683103669157;Rede MapBiomas;https://drive.google.com/uc?id=1otOqymHuixvkRGVl65zTTNyfaHo46Gqk&export=download;1985–2025;2026-10-07T18:19:30.573244+00:00;ha
4109401;Guarapuava;9;3.3. Silvicultura;2;11;1994;24209.99236956725;7.6519630624573125;Rede MapBiomas;https://drive.google.com/uc?id=1otOqymHuixvkRGVl65zTTNyfaHo46Gqk&export=download;1985–2025;2026-10-07T18:19:30.573244+00:00;ha
4109401;Guarapuava;9;3.3. Silvicultura;2;11;1995;24305.34341925633;7.6821003173167774;Rede MapBiomas;https://drive.google.com/uc?id=1otOqymHuixvkRGVl65zTTNyfaHo46Gqk&export=download;1985–2025;2026-10-07T18:19:30.573244+00:00;ha
4109401;Guarapuava;9;3.3. Silvicultura;2;11;1996;23746.94118931817;7.505608182488527;Rede MapBiomas;https://drive.google.com/uc?id=1otOqymHuixvkRGVl65zTTNyfaHo46Gqk&export=download;1985–2025;2026-10-07T18:19:30.573244+00:00;ha
4109401;Guarapuava;9;3.3. Silvicultura;2;11;1997;24309.45554269361;7.68340002101639;Rede MapBiomas;https://drive.google.com/uc?id=1otOqymHuixvkRGVl65zTTNyfaHo46Gqk&export=download;1985–2025;2026-10-07T18:19:30.573244+00:00;ha
4109401;Guarapuava;9;3.3. Silvicultura;2;11;1998;24648.46717031746;7.790550176733999;Rede MapBiomas;https://drive.google.com/uc?id=1otOqymHuixvkRGVl65zTTNyfaHo46Gqk&export=download;1985–2025;2026-10-07T18:19:30.573244+00:00;ha
4109401;Guarapuava;9;3.3. Silvicultura;2;11;1999;24737.94822569509;7.818832124125276;Rede MapBiomas;https://drive.google.com/uc?id=1otOqymHuixvkRGVl65zTTNyfaHo46Gqk&export=download;1985–2025;2026-10-07T18:19:30.573244+00:00;ha
4109401;Guarapuava;9;3.3. Silvicultura;2;11;2000;24621.58892971122;7.782054870285189;Rede MapBiomas;https://drive.google.com/uc?id=1otOqymHuixvkRGVl65zTTNyfaHo46Gqk&export=download;1985–2025;2026-10-07T18:19:30.573244+00:00;ha
4109401;Guarapuava;9;3.3. Silvicultura;2;11;2001;23973.90138113367;7.577342653855131;Rede MapBiomas;https://drive.google.com/uc?id=1otOqymHuixvkRGVl65zTTNyfaHo46Gqk&export=download;1985–2025;2026-10-07T18:19:30.573244+00:00;ha
4109401;Guarapuava;9;3.3. Silvicultura;2;11;2002;23504.92772300957;7.429115878131647;Rede MapBiomas;https://drive.google.com/uc?id=1otOqymHuixvkRGVl65zTTNyfaHo46Gqk&export=download;1985–2025;2026-10-07T18:19:30.573244+00:00;ha
4109401;Guarapuava;9;3.3. Silvicultura;2;11;2003;23203.80924529342;7.333942470650373;Rede MapBiomas;https://drive.google.com/uc?id=1otOqymHuixvkRGVl65zTTNyfaHo46Gqk&export=download;1985–2025;2026-10-07T18:19:30.573244+00:00;ha
4109401;Guarapuava;9;3.3. Silvicultura;2;11;2004;23347.51298404451;7.379362381738103;Rede MapBiomas;https://drive.google.com/uc?id=1otOqymHuixvkRGVl65zTTNyfaHo46Gqk&export=download;1985–2025;2026-10-07T18:19:30.573244+00:00;ha
4109401;Guarapuava;9;3.3. Silvicultura;2;11;2005;23897.88939548902;7.553317825694175;Rede MapBiomas;https://drive.google.com/uc?id=1otOqymHuixvkRGVl65zTTNyfaHo46Gqk&export=download;1985–2025;2026-10-07T18:19:30.573244+00:00;ha
4109401;Guarapuava;9;3.3. Silvicultura;2;11;2006;24129.33544409111;7.626470125282717;Rede MapBiomas;https://drive.google.com/uc?id=1otOqymHuixvkRGVl65zTTNyfaHo46Gqk&export=download;1985–2025;2026-10-07T18:19:30.573244+00:00;ha
4109401;Guarapuava;9;3.3. Silvicultura;2;11;2007;25014.43394392623;7.90621994610002;Rede MapBiomas;https://drive.google.com/uc?id=1otOqymHuixvkRGVl65zTTNyfaHo46Gqk&export=download;1985–2025;2026-10-07T18:19:30.573244+00:00;ha
4109401;Guarapuava;9;3.3. Silvicultura;2;11;2008;25883.51340248329;8.180906687578654;Rede MapBiomas;https://drive.google.com/uc?id=1otOqymHuixvkRGVl65zTTNyfaHo46Gqk&export=download;1985–2025;2026-10-07T18:19:30.573244+00:00;ha
4109401;Guarapuava;9;3.3. Silvicultura;2;11;2009;26281.51341267018;8.306701083971609;Rede MapBiomas;https://drive.google.com/uc?id=1otOqymHuixvkRGVl65zTTNyfaHo46Gqk&export=download;1985–2025;2026-10-07T18:19:30.573244+00:00;ha
4109401;Guarapuava;9;3.3. Silvicultura;2;11;2010;27298.40396282868;8.628105932415755;Rede MapBiomas;https://drive.google.com/uc?id=1otOqymHuixvkRGVl65zTTNyfaHo46Gqk&export=download;1985–2025;2026-10-07T18:19:30.573244+00:00;ha
4109401;Guarapuava;9;3.3. Silvicultura;2;11;2011;28352.86103315965;8.961384292439616;Rede MapBiomas;https://drive.google.com/uc?id=1otOqymHuixvkRGVl65zTTNyfaHo46Gqk&export=download;1985–2025;2026-10-07T18:19:30.573244+00:00;ha
4109401;Guarapuava;9;3.3. Silvicultura;2;11;2012;30630.37004992537;9.681228173621982;Rede MapBiomas;https://drive.google.com/uc?id=1otOqymHuixvkRGVl65zTTNyfaHo46Gqk&export=download;1985–2025;2026-10-07T18:19:30.573244+00:00;ha
4109401;Guarapuava;9;3.3. Silvicultura;2;11;2013;32303.90518047947;10.210176254531829;Rede MapBiomas;https://drive.google.com/uc?id=1otOqymHuixvkRGVl65zTTNyfaHo46Gqk&export=download;1985–2025;2026-10-07T18:19:30.573244+00:00;ha
4109401;Guarapuava;9;3.3. Silvicultura;2;11;2014;32884.64437116645;10.393728350221213;Rede MapBiomas;https://drive.google.com/uc?id=1otOqymHuixvkRGVl65zTTNyfaHo46Gqk&export=download;1985–2025;2026-10-07T18:19:30.573244+00:00;ha
4109401;Guarapuava;9;3.3. Silvicultura;2;11;2015;33407.40524442607;10.5589554528001;Rede MapBiomas;https://drive.google.com/uc?id=1otOqymHuixvkRGVl65zTTNyfaHo46Gqk&export=download;1985–2025;2026-10-07T18:19:30.573244+00:00;ha
4109401;Guarapuava;9;3.3. Silvicultura;2;11;2016;33557.38217306401;10.606358107895563;Rede MapBiomas;https://drive.google.com/uc?id=1otOqymHuixvkRGVl65zTTNyfaHo46Gqk&export=download;1985–2025;2026-10-07T18:19:30.573244+00:00;ha
4109401;Guarapuava;9;3.3. Silvicultura;2;11;2017;33957.13969747774;10.732707995332882;Rede MapBiomas;https://drive.google.com/uc?id=1otOqymHuixvkRGVl65zTTNyfaHo46Gqk&export=download;1985–2025;2026-10-07T18:19:30.573244+00:00;ha
4109401;Guarapuava;9;3.3. Silvicultura;2;11;2018;34477.76724985848;10.897260827043924;Rede MapBiomas;https://drive.google.com/uc?id=1otOqymHuixvkRGVl65zTTNyfaHo46Gqk&export=download;1985–2025;2026-10-07T18:19:30.573244+00:00;ha
4109401;Guarapuava;9;3.3. Silvicultura;2;11;2019;34873.05409417598;11.022197683099897;Rede MapBiomas;https://drive.google.com/uc?id=1otOqymHuixvkRGVl65zTTNyfaHo46Gqk&export=download;1985–2025;2026-10-07T18:19:30.573244+00:00;ha
4109401;Guarapuava;9;3.3. Silvicultura;2;11;2020;35495.4917096678;11.218929246238035;Rede MapBiomas;https://drive.google.com/uc?id=1otOqymHuixvkRGVl65zTTNyfaHo46Gqk&export=download;1985–2025;2026-10-07T18:19:30.573244+00:00;ha
4109401;Guarapuava;9;3.3. Silvicultura;2;11;2021;35789.75404797279;11.31193565900389;Rede MapBiomas;https://drive.google.com/uc?id=1otOqymHuixvkRGVl65zTTNyfaHo46Gqk&export=download;1985–2025;2026-10-07T18:19:30.573244+00:00;ha
4109401;Guarapuava;9;3.3. Silvicultura;2;11;2022;36049.97236814579;11.394181904427803;Rede MapBiomas;https://drive.google.com/uc?id=1otOqymHuixvkRGVl65zTTNyfaHo46Gqk&export=download;1985–2025;2026-10-07T18:19:30.573244+00:00;ha
4109401;Guarapuava;9;3.3. Silvicultura;2;11;2023;36078.71093886772;11.40326519856004;Rede MapBiomas;https://drive.google.com/uc?id=1otOqymHuixvkRGVl65zTTNyfaHo46Gqk&export=download;1985–2025;2026-10-07T18:19:30.573244+00:00;ha
4109401;Guarapuava;9;3.3. Silvicultura;2;11;2024;35856.22960062255;11.33294634193462;Rede MapBiomas;https://drive.google.com/uc?id=1otOqymHuixvkRGVl65zTTNyfaHo46Gqk&export=download;1985–2025;2026-10-07T18:19:30.573244+00:00;ha
4109401;Guarapuava;9;3.3. Silvicultura;2;11;2025;35922.12388286715;11.35377330487066;Rede MapBiomas;https://drive.google.com/uc?id=1otOqymHuixvkRGVl65zTTNyfaHo46Gqk&export=download;1985–2025;2026-10-07T18:19:30.573244+00:00;ha
4109401;Guarapuava;11;2.3. Campo Alagado e Área Pantanosa;2;11;1985;12369.62378850716;3.9096214026539964;Rede MapBiomas;https://drive.google.com/uc?id=1otOqymHuixvkRGVl65zTTNyfaHo46Gqk&export=download;1985–2025;2026-10-07T18:19:30.573244+00:00;ha
4109401;Guarapuava;11;2.3. Campo Alagado e Área Pantanosa;2;11;1986;12351.52850086679;3.9039020917795866;Rede MapBiomas;https://drive.google.com/uc?id=1otOqymHuixvkRGVl65zTTNyfaHo46Gqk&export=download;1985–2025;2026-10-07T18:19:30.573244+00:00;ha
4109401;Guarapuava;11;2.3. Campo Alagado e Área Pantanosa;2;11;1987;12301.54448963633;3.888103829565769;Rede MapBiomas;https://drive.google.com/uc?id=1otOqymHuixvkRGVl65zTTNyfaHo46Gqk&export=download;1985–2025;2026-10-07T18:19:30.573244+00:00;ha
4109401;Guarapuava;11;2.3. Campo Alagado e Área Pantanosa;2;11;1988;12303.30284007574;3.888659584908763;Rede MapBiomas;https://drive.google.com/uc?id=1otOqymHuixvkRGVl65zTTNyfaHo46Gqk&export=download;1985–2025;2026-10-07T18:19:30.573244+00:00;ha
4109401;Guarapuava;11;2.3. Campo Alagado e Área Pantanosa;2;11;1989;12241.12731463631;3.869007995730674;Rede MapBiomas;https://drive.google.com/uc?id=1otOqymHuixvkRGVl65zTTNyfaHo46Gqk&export=download;1985–2025;2026-10-07T18:19:30.573244+00:00;ha
4109401;Guarapuava;11;2.3. Campo Alagado e Área Pantanosa;2;11;1990;12003.00231328132;3.793744704160767;Rede MapBiomas;https://drive.google.com/uc?id=1otOqymHuixvkRGVl65zTTNyfaHo46Gqk&export=download;1985–2025;2026-10-07T18:19:30.573244+00:00;ha
4109401;Guarapuava;11;2.3. Campo Alagado e Área Pantanosa;2;11;1991;11824.47929318252;3.7373195911437334;Rede MapBiomas;https://drive.google.com/uc?id=1otOqymHuixvkRGVl65zTTNyfaHo46Gqk&export=download;1985–2025;2026-10-07T18:19:30.573244+00:00;ha
4109401;Guarapuava;11;2.3. Campo Alagado e Área Pantanosa;2;11;1992;11862.55063408213;3.7493526595501594;Rede MapBiomas;https://drive.google.com/uc?id=1otOqymHuixvkRGVl65zTTNyfaHo46Gqk&export=download;1985–2025;2026-10-07T18:19:30.573244+00:00;ha
4109401;Guarapuava;11;2.3. Campo Alagado e Área Pantanosa;2;11;1993;11732.13846630869;3.7081337663153247;Rede MapBiomas;https://drive.google.com/uc?id=1otOqymHuixvkRGVl65zTTNyfaHo46Gqk&export=download;1985–2025;2026-10-07T18:19:30.573244+00:00;ha
4109401;Guarapuava;11;2.3. Campo Alagado e Área Pantanosa;2;11;1994;11603.71658978895;3.6675439371018395;Rede MapBiomas;https://drive.google.com/uc?id=1otOqymHuixvkRGVl65zTTNyfaHo46Gqk&export=download;1985–2025;2026-10-07T18:19:30.573244+00:00;ha
4109401;Guarapuava;11;2.3. Campo Alagado e Área Pantanosa;2;11;1995;11433.81970054948;3.6138452534739582;Rede MapBiomas;https://drive.google.com/uc?id=1otOqymHuixvkRGVl65zTTNyfaHo46Gqk&export=download;1985–2025;2026-10-07T18:19:30.573244+00:00;ha
4109401;Guarapuava;11;2.3. Campo Alagado e Área Pantanosa;2;11;1996;11084.36289787609;3.503393729774076;Rede MapBiomas;https://drive.google.com/uc?id=1otOqymHuixvkRGVl65zTTNyfaHo46Gqk&export=download;1985–2025;2026-10-07T18:19:30.573244+00:00;ha
4109401;Guarapuava;11;2.3. Campo Alagado e Área Pantanosa;2;11;1997;10837.68429033208;3.4254269314202723;Rede MapBiomas;https://drive.google.com/uc?id=1otOqymHuixvkRGVl65zTTNyfaHo46Gqk&export=download;1985–2025;2026-10-07T18:19:30.573244+00:00;ha
4109401;Guarapuava;11;2.3. Campo Alagado e Área Pantanosa;2;11;1998;10728.9718631226;3.3910665952112167;Rede MapBiomas;https://drive.google.com/uc?id=1otOqymHuixvkRGVl65zTTNyfaHo46Gqk&export=download;1985–2025;2026-10-07T18:19:30.573244+00:00;ha
4109401;Guarapuava;11;2.3. Campo Alagado e Área Pantanosa;2;11;1999;10660.85070488898;3.3695357917884645;Rede MapBiomas;https://drive.google.com/uc?id=1otOqymHuixvkRGVl65zTTNyfaHo46Gqk&export=download;1985–2025;2026-10-07T18:19:30.573244+00:00;ha
4109401;Guarapuava;11;2.3. Campo Alagado e Área Pantanosa;2;11;2000;10578.26892313236;3.3434344723833456;Rede MapBiomas;https://drive.google.com/uc?id=1otOqymHuixvkRGVl65zTTNyfaHo46Gqk&export=download;1985–2025;2026-10-07T18:19:30.573244+00:00;ha
4109401;Guarapuava;11;2.3. Campo Alagado e Área Pantanosa;2;11;2001;10442.61807351081;3.3005598082839116;Rede MapBiomas;https://drive.google.com/uc?id=1otOqymHuixvkRGVl65zTTNyfaHo46Gqk&export=download;1985–2025;2026-10-07T18:19:30.573244+00:00;ha
4109401;Guarapuava;11;2.3. Campo Alagado e Área Pantanosa;2;11;2002;10178.70346569829;3.2171452908484235;Rede MapBiomas;https://drive.google.com/uc?id=1otOqymHuixvkRGVl65zTTNyfaHo46Gqk&export=download;1985–2025;2026-10-07T18:19:30.573244+00:00;ha
4109401;Guarapuava;11;2.3. Campo Alagado e Área Pantanosa;2;11;2003;9979.093957910203;3.1540554493815702;Rede MapBiomas;https://drive.google.com/uc?id=1otOqymHuixvkRGVl65zTTNyfaHo46Gqk&export=download;1985–2025;2026-10-07T18:19:30.573244+00:00;ha
4109401;Guarapuava;11;2.3. Campo Alagado e Área Pantanosa;2;11;2004;9929.930689801056;3.1385165964212627;Rede MapBiomas;https://drive.google.com/uc?id=1otOqymHuixvkRGVl65zTTNyfaHo46Gqk&export=download;1985–2025;2026-10-07T18:19:30.573244+00:00;ha
4109401;Guarapuava;11;2.3. Campo Alagado e Área Pantanosa;2;11;2005;9958.004381195116;3.1473897445947494;Rede MapBiomas;https://drive.google.com/uc?id=1otOqymHuixvkRGVl65zTTNyfaHo46Gqk&export=download;1985–2025;2026-10-07T18:19:30.573244+00:00;ha
4109401;Guarapuava;11;2.3. Campo Alagado e Área Pantanosa;2;11;2006;9904.17369538578;3.1303756781236847;Rede MapBiomas;https://drive.google.com/uc?id=1otOqymHuixvkRGVl65zTTNyfaHo46Gqk&export=download;1985–2025;2026-10-07T18:19:30.573244+00:00;ha
4109401;Guarapuava;11;2.3. Campo Alagado e Área Pantanosa;2;11;2007;9832.299701971458;3.1076587299164222;Rede MapBiomas;https://drive.google.com/uc?id=1otOqymHuixvkRGVl65zTTNyfaHo46Gqk&export=download;1985–2025;2026-10-07T18:19:30.573244+00:00;ha
4109401;Guarapuava;11;2.3. Campo Alagado e Área Pantanosa;2;11;2008;9720.312675885047;3.07226340330885;Rede MapBiomas;https://drive.google.com/uc?id=1otOqymHuixvkRGVl65zTTNyfaHo46Gqk&export=download;1985–2025;2026-10-07T18:19:30.573244+00:00;ha
4109401;Guarapuava;11;2.3. Campo Alagado e Área Pantanosa;2;11;2009;9655.582766961692;3.0518044595571636;Rede MapBiomas;https://drive.google.com/uc?id=1otOqymHuixvkRGVl65zTTNyfaHo46Gqk&export=download;1985–2025;2026-10-07T18:19:30.573244+00:00;ha
4109401;Guarapuava;11;2.3. Campo Alagado e Área Pantanosa;2;11;2010;9512.152085296679;3.0064708526162796;Rede MapBiomas;https://drive.google.com/uc?id=1otOqymHuixvkRGVl65zTTNyfaHo46Gqk&export=download;1985–2025;2026-10-07T18:19:30.573244+00:00;ha
4109401;Guarapuava;11;2.3. Campo Alagado e Área Pantanosa;2;11;2011;9387.15905177003;2.9669647651706392;Rede MapBiomas;https://drive.google.com/uc?id=1otOqymHuixvkRGVl65zTTNyfaHo46Gqk&export=download;1985–2025;2026-10-07T18:19:30.573244+00:00;ha
4109401;Guarapuava;11;2.3. Campo Alagado e Área Pantanosa;2;11;2012;9373.392374212657;2.962613582132094;Rede MapBiomas;https://drive.google.com/uc?id=1otOqymHuixvkRGVl65zTTNyfaHo46Gqk&export=download;1985–2025;2026-10-07T18:19:30.573244+00:00;ha
4109401;Guarapuava;11;2.3. Campo Alagado e Área Pantanosa;2;11;2013;9595.699076019304;3.0328772420620114;Rede MapBiomas;https://drive.google.com/uc?id=1otOqymHuixvkRGVl65zTTNyfaHo46Gqk&export=download;1985–2025;2026-10-07T18:19:30.573244+00:00;ha
4109401;Guarapuava;11;2.3. Campo Alagado e Área Pantanosa;2;11;2014;9868.461660119654;3.1190883067536275;Rede MapBiomas;https://drive.google.com/uc?id=1otOqymHuixvkRGVl65zTTNyfaHo46Gqk&export=download;1985–2025;2026-10-07T18:19:30.573244+00:00;ha
4109401;Guarapuava;11;2.3. Campo Alagado e Área Pantanosa;2;11;2015;10101.81628632813;3.192843843432167;Rede MapBiomas;https://drive.google.com/uc?id=1otOqymHuixvkRGVl65zTTNyfaHo46Gqk&export=download;1985–2025;2026-10-07T18:19:30.573244+00:00;ha
4109401;Guarapuava;11;2.3. Campo Alagado e Área Pantanosa;2;11;2016;10182.58587986452;3.2183723911853277;Rede MapBiomas;https://drive.google.com/uc?id=1otOqymHuixvkRGVl65zTTNyfaHo46Gqk&export=download;1985–2025;2026-10-07T18:19:30.573244+00:00;ha
4109401;Guarapuava;11;2.3. Campo Alagado e Área Pantanosa;2;11;2017;10305.64213379516;3.2572663278420477;Rede MapBiomas;https://drive.google.com/uc?id=1otOqymHuixvkRGVl65zTTNyfaHo46Gqk&export=download;1985–2025;2026-10-07T18:19:30.573244+00:00;ha
4109401;Guarapuava;11;2.3. Campo Alagado e Área Pantanosa;2;11;2018;10363.42705661622;3.2755301954320895;Rede MapBiomas;https://drive.google.com/uc?id=1otOqymHuixvkRGVl65zTTNyfaHo46Gqk&export=download;1985–2025;2026-10-07T18:19:30.573244+00:00;ha
4109401;Guarapuava;11;2.3. Campo Alagado e Área Pantanosa;2;11;2019;10261.15311425172;3.243204847398986;Rede MapBiomas;https://drive.google.com/uc?id=1otOqymHuixvkRGVl65zTTNyfaHo46Gqk&export=download;1985–2025;2026-10-07T18:19:30.573244+00:00;ha
4109401;Guarapuava;11;2.3. Campo Alagado e Área Pantanosa;2;11;2020;10136.8421995728;3.2039143547436026;Rede MapBiomas;https://drive.google.com/uc?id=1otOqymHuixvkRGVl65zTTNyfaHo46Gqk&export=download;1985–2025;2026-10-07T18:19:30.573244+00:00;ha
4109401;Guarapuava;11;2.3. Campo Alagado e Área Pantanosa;2;11;2021;10151.64871569827;3.208594195726047;Rede MapBiomas;https://drive.google.com/uc?id=1otOqymHuixvkRGVl65zTTNyfaHo46Gqk&export=download;1985–2025;2026-10-07T18:19:30.573244+00:00;ha
4109401;Guarapuava;11;2.3. Campo Alagado e Área Pantanosa;2;11;2022;10320.61474877324;3.2619986670766807;Rede MapBiomas;https://drive.google.com/uc?id=1otOqymHuixvkRGVl65zTTNyfaHo46Gqk&export=download;1985–2025;2026-10-07T18:19:30.573244+00:00;ha
4109401;Guarapuava;11;2.3. Campo Alagado e Área Pantanosa;2;11;2023;10527.01185704961;3.3272338404142023;Rede MapBiomas;https://drive.google.com/uc?id=1otOqymHuixvkRGVl65zTTNyfaHo46Gqk&export=download;1985–2025;2026-10-07T18:19:30.573244+00:00;ha
4109401;Guarapuava;11;2.3. Campo Alagado e Área Pantanosa;2;11;2024;10736.02610722049;3.393296204144859;Rede MapBiomas;https://drive.google.com/uc?id=1otOqymHuixvkRGVl65zTTNyfaHo46Gqk&export=download;1985–2025;2026-10-07T18:19:30.573244+00:00;ha
4109401;Guarapuava;11;2.3. Campo Alagado e Área Pantanosa;2;11;2025;10740.31461535649;3.394651657106132;Rede MapBiomas;https://drive.google.com/uc?id=1otOqymHuixvkRGVl65zTTNyfaHo46Gqk&export=download;1985–2025;2026-10-07T18:19:30.573244+00:00;ha
4109401;Guarapuava;12;2.1. Formação Campestre;2;11;1985;0.0;0.0;Rede MapBiomas;https://drive.google.com/uc?id=1otOqymHuixvkRGVl65zTTNyfaHo46Gqk&export=download;1985–2025;2026-10-07T18:19:30.573244+00:00;ha
4109401;Guarapuava;12;2.1. Formação Campestre;2;11;1986;0.0;0.0;Rede MapBiomas;https://drive.google.com/uc?id=1otOqymHuixvkRGVl65zTTNyfaHo46Gqk&export=download;1985–2025;2026-10-07T18:19:30.573244+00:00;ha
4109401;Guarapuava;12;2.1. Formação Campestre;2;11;1987;0.0;0.0;Rede MapBiomas;https://drive.google.com/uc?id=1otOqymHuixvkRGVl65zTTNyfaHo46Gqk&export=download;1985–2025;2026-10-07T18:19:30.573244+00:00;ha
4109401;Guarapuava;12;2.1. Formação Campestre;2;11;1988;0.0;0.0;Rede MapBiomas;https://drive.google.com/uc?id=1otOqymHuixvkRGVl65zTTNyfaHo46Gqk&export=download;1985–2025;2026-10-07T18:19:30.573244+00:00;ha
4109401;Guarapuava;12;2.1. Formação Campestre;2;11;1989;0.0;0.0;Rede MapBiomas;https://drive.google.com/uc?id=1otOqymHuixvkRGVl65zTTNyfaHo46Gqk&export=download;1985–2025;2026-10-07T18:19:30.573244+00:00;ha
4109401;Guarapuava;12;2.1. Formação Campestre;2;11;1990;0.0;0.0;Rede MapBiomas;https://drive.google.com/uc?id=1otOqymHuixvkRGVl65zTTNyfaHo46Gqk&export=download;1985–2025;2026-10-07T18:19:30.573244+00:00;ha
4109401;Guarapuava;12;2.1. Formação Campestre;2;11;1991;0.0;0.0;Rede MapBiomas;https://drive.google.com/uc?id=1otOqymHuixvkRGVl65zTTNyfaHo46Gqk&export=download;1985–2025;2026-10-07T18:19:30.573244+00:00;ha
4109401;Guarapuava;12;2.1. Formação Campestre;2;11;1992;0.0;0.0;Rede MapBiomas;https://drive.google.com/uc?id=1otOqymHuixvkRGVl65zTTNyfaHo46Gqk&export=download;1985–2025;2026-10-07T18:19:30.573244+00:00;ha
4109401;Guarapuava;12;2.1. Formação Campestre;2;11;1993;0.0;0.0;Rede MapBiomas;https://drive.google.com/uc?id=1otOqymHuixvkRGVl65zTTNyfaHo46Gqk&export=download;1985–2025;2026-10-07T18:19:30.573244+00:00;ha
4109401;Guarapuava;12;2.1. Formação Campestre;2;11;1994;0.0;0.0;Rede MapBiomas;https://drive.google.com/uc?id=1otOqymHuixvkRGVl65zTTNyfaHo46Gqk&export=download;1985–2025;2026-10-07T18:19:30.573244+00:00;ha
4109401;Guarapuava;12;2.1. Formação Campestre;2;11;1995;0.0;0.0;Rede MapBiomas;https://drive.google.com/uc?id=1otOqymHuixvkRGVl65zTTNyfaHo46Gqk&export=download;1985–2025;2026-10-07T18:19:30.573244+00:00;ha
4109401;Guarapuava;12;2.1. Formação Campestre;2;11;1996;0.0;0.0;Rede MapBiomas;https://drive.google.com/uc?id=1otOqymHuixvkRGVl65zTTNyfaHo46Gqk&export=download;1985–2025;2026-10-07T18:19:30.573244+00:00;ha
4109401;Guarapuava;12;2.1. Formação Campestre;2;11;1997;0.0;0.0;Rede MapBiomas;https://drive.google.com/uc?id=1otOqymHuixvkRGVl65zTTNyfaHo46Gqk&export=download;1985–2025;2026-10-07T18:19:30.573244+00:00;ha
4109401;Guarapuava;12;2.1. Formação Campestre;2;11;1998;0.0;0.0;Rede MapBiomas;https://drive.google.com/uc?id=1otOqymHuixvkRGVl65zTTNyfaHo46Gqk&export=download;1985–2025;2026-10-07T18:19:30.573244+00:00;ha
4109401;Guarapuava;12;2.1. Formação Campestre;2;11;1999;0.0;0.0;Rede MapBiomas;https://drive.google.com/uc?id=1otOqymHuixvkRGVl65zTTNyfaHo46Gqk&export=download;1985–2025;2026-10-07T18:19:30.573244+00:00;ha
4109401;Guarapuava;12;2.1. Formação Campestre;2;11;2000;0.0;0.0;Rede MapBiomas;https://drive.google.com/uc?id=1otOqymHuixvkRGVl65zTTNyfaHo46Gqk&export=download;1985–2025;2026-10-07T18:19:30.573244+00:00;ha
4109401;Guarapuava;12;2.1. Formação Campestre;2;11;2001;0.0;0.0;Rede MapBiomas;https://drive.google.com/uc?id=1otOqymHuixvkRGVl65zTTNyfaHo46Gqk&export=download;1985–2025;2026-10-07T18:19:30.573244+00:00;ha
4109401;Guarapuava;12;2.1. Formação Campestre;2;11;2002;0.0;0.0;Rede MapBiomas;https://drive.google.com/uc?id=1otOqymHuixvkRGVl65zTTNyfaHo46Gqk&export=download;1985–2025;2026-10-07T18:19:30.573244+00:00;ha
4109401;Guarapuava;12;2.1. Formação Campestre;2;11;2003;0.0;0.0;Rede MapBiomas;https://drive.google.com/uc?id=1otOqymHuixvkRGVl65zTTNyfaHo46Gqk&export=download;1985–2025;2026-10-07T18:19:30.573244+00:00;ha
4109401;Guarapuava;12;2.1. Formação Campestre;2;11;2004;0.9705527221679687;0.0003067590219289871;Rede MapBiomas;https://drive.google.com/uc?id=1otOqymHuixvkRGVl65zTTNyfaHo46Gqk&export=download;1985–2025;2026-10-07T18:19:30.573244+00:00;ha
4109401;Guarapuava;12;2.1. Formação Campestre;2;11;2005;0.9705527221679687;0.0003067590219289871;Rede MapBiomas;https://drive.google.com/uc?id=1otOqymHuixvkRGVl65zTTNyfaHo46Gqk&export=download;1985–2025;2026-10-07T18:19:30.573244+00:00;ha
4109401;Guarapuava;12;2.1. Formação Campestre;2;11;2006;0.0;0.0;Rede MapBiomas;https://drive.google.com/uc?id=1otOqymHuixvkRGVl65zTTNyfaHo46Gqk&export=download;1985–2025;2026-10-07T18:19:30.573244+00:00;ha
4109401;Guarapuava;12;2.1. Formação Campestre;2;11;2007;0.0;0.0;Rede MapBiomas;https://drive.google.com/uc?id=1otOqymHuixvkRGVl65zTTNyfaHo46Gqk&export=download;1985–2025;2026-10-07T18:19:30.573244+00:00;ha
4109401;Guarapuava;12;2.1. Formação Campestre;2;11;2008;0.0;0.0;Rede MapBiomas;https://drive.google.com/uc?id=1otOqymHuixvkRGVl65zTTNyfaHo46Gqk&export=download;1985–2025;2026-10-07T18:19:30.573244+00:00;ha
4109401;Guarapuava;12;2.1. Formação Campestre;2;11;2009;0.0;0.0;Rede MapBiomas;https://drive.google.com/uc?id=1otOqymHuixvkRGVl65zTTNyfaHo46Gqk&export=download;1985–2025;2026-10-07T18:19:30.573244+00:00;ha
4109401;Guarapuava;12;2.1. Formação Campestre;2;11;2010;0.0;0.0;Rede MapBiomas;https://drive.google.com/uc?id=1otOqymHuixvkRGVl65zTTNyfaHo46Gqk&export=download;1985–2025;2026-10-07T18:19:30.573244+00:00;ha
4109401;Guarapuava;12;2.1. Formação Campestre;2;11;2011;0.0;0.0;Rede MapBiomas;https://drive.google.com/uc?id=1otOqymHuixvkRGVl65zTTNyfaHo46Gqk&export=download;1985–2025;2026-10-07T18:19:30.573244+00:00;ha
4109401;Guarapuava;12;2.1. Formação Campestre;2;11;2012;0.0;0.0;Rede MapBiomas;https://drive.google.com/uc?id=1otOqymHuixvkRGVl65zTTNyfaHo46Gqk&export=download;1985–2025;2026-10-07T18:19:30.573244+00:00;ha
4109401;Guarapuava;12;2.1. Formação Campestre;2;11;2013;1.696782116699219;0.0005362956701440976;Rede MapBiomas;https://drive.google.com/uc?id=1otOqymHuixvkRGVl65zTTNyfaHo46Gqk&export=download;1985–2025;2026-10-07T18:19:30.573244+00:00;ha
4109401;Guarapuava;12;2.1. Formação Campestre;2;11;2014;1.696782116699219;0.0005362956701440976;Rede MapBiomas;https://drive.google.com/uc?id=1otOqymHuixvkRGVl65zTTNyfaHo46Gqk&export=download;1985–2025;2026-10-07T18:19:30.573244+00:00;ha
4109401;Guarapuava;12;2.1. Formação Campestre;2;11;2015;1.696782116699219;0.0005362956701440976;Rede MapBiomas;https://drive.google.com/uc?id=1otOqymHuixvkRGVl65zTTNyfaHo46Gqk&export=download;1985–2025;2026-10-07T18:19:30.573244+00:00;ha
4109401;Guarapuava;12;2.1. Formação Campestre;2;11;2016;1.696782116699219;0.0005362956701440976;Rede MapBiomas;https://drive.google.com/uc?id=1otOqymHuixvkRGVl65zTTNyfaHo46Gqk&export=download;1985–2025;2026-10-07T18:19:30.573244+00:00;ha
4109401;Guarapuava;12;2.1. Formação Campestre;2;11;2017;1.696782116699219;0.0005362956701440976;Rede MapBiomas;https://drive.google.com/uc?id=1otOqymHuixvkRGVl65zTTNyfaHo46Gqk&export=download;1985–2025;2026-10-07T18:19:30.573244+00:00;ha
4109401;Guarapuava;12;2.1. Formação Campestre;2;11;2018;1.696782116699219;0.0005362956701440976;Rede MapBiomas;https://drive.google.com/uc?id=1otOqymHuixvkRGVl65zTTNyfaHo46Gqk&export=download;1985–2025;2026-10-07T18:19:30.573244+00:00;ha
4109401;Guarapuava;12;2.1. Formação Campestre;2;11;2019;1.696782116699219;0.0005362956701440976;Rede MapBiomas;https://drive.google.com/uc?id=1otOqymHuixvkRGVl65zTTNyfaHo46Gqk&export=download;1985–2025;2026-10-07T18:19:30.573244+00:00;ha
4109401;Guarapuava;12;2.1. Formação Campestre;2;11;2020;1.696782116699219;0.0005362956701440976;Rede MapBiomas;https://drive.google.com/uc?id=1otOqymHuixvkRGVl65zTTNyfaHo46Gqk&export=download;1985–2025;2026-10-07T18:19:30.573244+00:00;ha
4109401;Guarapuava;12;2.1. Formação Campestre;2;11;2021;1.696782116699219;0.0005362956701440976;Rede MapBiomas;https://drive.google.com/uc?id=1otOqymHuixvkRGVl65zTTNyfaHo46Gqk&export=download;1985–2025;2026-10-07T18:19:30.573244+00:00;ha
4109401;Guarapuava;12;2.1. Formação Campestre;2;11;2022;0.0;0.0;Rede MapBiomas;https://drive.google.com/uc?id=1otOqymHuixvkRGVl65zTTNyfaHo46Gqk&export=download;1985–2025;2026-10-07T18:19:30.573244+00:00;ha
4109401;Guarapuava;12;2.1. Formação Campestre;2;11;2023;0.0;0.0;Rede MapBiomas;https://drive.google.com/uc?id=1otOqymHuixvkRGVl65zTTNyfaHo46Gqk&export=download;1985–2025;2026-10-07T18:19:30.573244+00:00;ha
4109401;Guarapuava;12;2.1. Formação Campestre;2;11;2024;0.0;0.0;Rede MapBiomas;https://drive.google.com/uc?id=1otOqymHuixvkRGVl65zTTNyfaHo46Gqk&export=download;1985–2025;2026-10-07T18:19:30.573244+00:00;ha
4109401;Guarapuava;12;2.1. Formação Campestre;2;11;2025;0.0;0.0;Rede MapBiomas;https://drive.google.com/uc?id=1otOqymHuixvkRGVl65zTTNyfaHo46Gqk&export=download;1985–2025;2026-10-07T18:19:30.573244+00:00;ha
4109401;Guarapuava;15;3.1. Pastagem;2;11;1985;54711.01920314615;17.292310202382367;Rede MapBiomas;https://drive.google.com/uc?id=1otOqymHuixvkRGVl65zTTNyfaHo46Gqk&export=download;1985–2025;2026-10-07T18:19:30.573244+00:00;ha
4109401;Guarapuava;15;3.1. Pastagem;2;11;1986;55881.28616307715;17.662192167395403;Rede MapBiomas;https://drive.google.com/uc?id=1otOqymHuixvkRGVl65zTTNyfaHo46Gqk&export=download;1985–2025;2026-10-07T18:19:30.573244+00:00;ha
4109401;Guarapuava;15;3.1. Pastagem;2;11;1987;55857.37500354913;17.65463465532783;Rede MapBiomas;https://drive.google.com/uc?id=1otOqymHuixvkRGVl65zTTNyfaHo46Gqk&export=download;1985–2025;2026-10-07T18:19:30.573244+00:00;ha
4109401;Guarapuava;15;3.1. Pastagem;2;11;1988;54475.29376126429;17.21780533073157;Rede MapBiomas;https://drive.google.com/uc?id=1otOqymHuixvkRGVl65zTTNyfaHo46Gqk&export=download;1985–2025;2026-10-07T18:19:30.573244+00:00;ha
4109401;Guarapuava;15;3.1. Pastagem;2;11;1989;52178.57606414016;16.491890232741802;Rede MapBiomas;https://drive.google.com/uc?id=1otOqymHuixvkRGVl65zTTNyfaHo46Gqk&export=download;1985–2025;2026-10-07T18:19:30.573244+00:00;ha
4109401;Guarapuava;15;3.1. Pastagem;2;11;1990;50168.47841363974;15.856566076551811;Rede MapBiomas;https://drive.google.com/uc?id=1otOqymHuixvkRGVl65zTTNyfaHo46Gqk&export=download;1985–2025;2026-10-07T18:19:30.573244+00:00;ha
4109401;Guarapuava;15;3.1. Pastagem;2;11;1991;48971.13581959064;15.478126415650165;Rede MapBiomas;https://drive.google.com/uc?id=1otOqymHuixvkRGVl65zTTNyfaHo46Gqk&export=download;1985–2025;2026-10-07T18:19:30.573244+00:00;ha
4109401;Guarapuava;15;3.1. Pastagem;2;11;1992;48896.96748118074;15.454684302275945;Rede MapBiomas;https://drive.google.com/uc?id=1otOqymHuixvkRGVl65zTTNyfaHo46Gqk&export=download;1985–2025;2026-10-07T18:19:30.573244+00:00;ha
4109401;Guarapuava;15;3.1. Pastagem;2;11;1993;46342.67567284268;14.647358704242741;Rede MapBiomas;https://drive.google.com/uc?id=1otOqymHuixvkRGVl65zTTNyfaHo46Gqk&export=download;1985–2025;2026-10-07T18:19:30.573244+00:00;ha
4109401;Guarapuava;15;3.1. Pastagem;2;11;1994;45381.18870452627;14.343465061721833;Rede MapBiomas;https://drive.google.com/uc?id=1otOqymHuixvkRGVl65zTTNyfaHo46Gqk&export=download;1985–2025;2026-10-07T18:19:30.573244+00:00;ha
4109401;Guarapuava;15;3.1. Pastagem;2;11;1995;44519.39376115452;14.071080710110778;Rede MapBiomas;https://drive.google.com/uc?id=1otOqymHuixvkRGVl65zTTNyfaHo46Gqk&export=download;1985–2025;2026-10-07T18:19:30.573244+00:00;ha
4109401;Guarapuava;15;3.1. Pastagem;2;11;1996;44686.91832629059;14.124029582002487;Rede MapBiomas;https://drive.google.com/uc?id=1otOqymHuixvkRGVl65zTTNyfaHo46Gqk&export=download;1985–2025;2026-10-07T18:19:30.573244+00:00;ha
4109401;Guarapuava;15;3.1. Pastagem;2;11;1997;44537.89619641416;14.076928706632671;Rede MapBiomas;https://drive.google.com/uc?id=1otOqymHuixvkRGVl65zTTNyfaHo46Gqk&export=download;1985–2025;2026-10-07T18:19:30.573244+00:00;ha
4109401;Guarapuava;15;3.1. Pastagem;2;11;1998;44044.0893456393;13.920852995230657;Rede MapBiomas;https://drive.google.com/uc?id=1otOqymHuixvkRGVl65zTTNyfaHo46Gqk&export=download;1985–2025;2026-10-07T18:19:30.573244+00:00;ha
4109401;Guarapuava;15;3.1. Pastagem;2;11;1999;42894.16794319121;13.557401575587802;Rede MapBiomas;https://drive.google.com/uc?id=1otOqymHuixvkRGVl65zTTNyfaHo46Gqk&export=download;1985–2025;2026-10-07T18:19:30.573244+00:00;ha
4109401;Guarapuava;15;3.1. Pastagem;2;11;2000;41806.18694386429;13.213527430878443;Rede MapBiomas;https://drive.google.com/uc?id=1otOqymHuixvkRGVl65zTTNyfaHo46Gqk&export=download;1985–2025;2026-10-07T18:19:30.573244+00:00;ha
4109401;Guarapuava;15;3.1. Pastagem;2;11;2001;40488.77385650928;12.79713753167673;Rede MapBiomas;https://drive.google.com/uc?id=1otOqymHuixvkRGVl65zTTNyfaHo46Gqk&export=download;1985–2025;2026-10-07T18:19:30.573244+00:00;ha
4109401;Guarapuava;15;3.1. Pastagem;2;11;2002;39609.56171446962;12.519248190273698;Rede MapBiomas;https://drive.google.com/uc?id=1otOqymHuixvkRGVl65zTTNyfaHo46Gqk&export=download;1985–2025;2026-10-07T18:19:30.573244+00:00;ha
4109401;Guarapuava;15;3.1. Pastagem;2;11;2003;39489.38253191382;12.481263598962993;Rede MapBiomas;https://drive.google.com/uc?id=1otOqymHuixvkRGVl65zTTNyfaHo46Gqk&export=download;1985–2025;2026-10-07T18:19:30.573244+00:00;ha
4109401;Guarapuava;15;3.1. Pastagem;2;11;2004;39609.18102750621;12.519127867948193;Rede MapBiomas;https://drive.google.com/uc?id=1otOqymHuixvkRGVl65zTTNyfaHo46Gqk&export=download;1985–2025;2026-10-07T18:19:30.573244+00:00;ha
4109401;Guarapuava;15;3.1. Pastagem;2;11;2005;39716.09820492898;12.552920786173546;Rede MapBiomas;https://drive.google.com/uc?id=1otOqymHuixvkRGVl65zTTNyfaHo46Gqk&export=download;1985–2025;2026-10-07T18:19:30.573244+00:00;ha
4109401;Guarapuava;15;3.1. Pastagem;2;11;2006;39493.27312142059;12.482493283249653;Rede MapBiomas;https://drive.google.com/uc?id=1otOqymHuixvkRGVl65zTTNyfaHo46Gqk&export=download;1985–2025;2026-10-07T18:19:30.573244+00:00;ha
4109401;Guarapuava;15;3.1. Pastagem;2;11;2007;38231.71066881505;12.083755888336;Rede MapBiomas;https://drive.google.com/uc?id=1otOqymHuixvkRGVl65zTTNyfaHo46Gqk&export=download;1985–2025;2026-10-07T18:19:30.573244+00:00;ha
4109401;Guarapuava;15;3.1. Pastagem;2;11;2008;36462.67310875629;11.524622706506285;Rede MapBiomas;https://drive.google.com/uc?id=1otOqymHuixvkRGVl65zTTNyfaHo46Gqk&export=download;1985–2025;2026-10-07T18:19:30.573244+00:00;ha
4109401;Guarapuava;15;3.1. Pastagem;2;11;2009;34756.17563528848;10.985256339354232;Rede MapBiomas;https://drive.google.com/uc?id=1otOqymHuixvkRGVl65zTTNyfaHo46Gqk&export=download;1985–2025;2026-10-07T18:19:30.573244+00:00;ha
4109401;Guarapuava;15;3.1. Pastagem;2;11;2010;32827.78404758737;10.375756717305979;Rede MapBiomas;https://drive.google.com/uc?id=1otOqymHuixvkRGVl65zTTNyfaHo46Gqk&export=download;1985–2025;2026-10-07T18:19:30.573244+00:00;ha
4109401;Guarapuava;15;3.1. Pastagem;2;11;2011;31201.17601296961;9.861640710659183;Rede MapBiomas;https://drive.google.com/uc?id=1otOqymHuixvkRGVl65zTTNyfaHo46Gqk&export=download;1985–2025;2026-10-07T18:19:30.573244+00:00;ha
4109401;Guarapuava;15;3.1. Pastagem;2;11;2012;29804.72015624354;9.420268054654041;Rede MapBiomas;https://drive.google.com/uc?id=1otOqymHuixvkRGVl65zTTNyfaHo46Gqk&export=download;1985–2025;2026-10-07T18:19:30.573244+00:00;ha
4109401;Guarapuava;15;3.1. Pastagem;2;11;2013;28412.00044789389;8.980076269296683;Rede MapBiomas;https://drive.google.com/uc?id=1otOqymHuixvkRGVl65zTTNyfaHo46Gqk&export=download;1985–2025;2026-10-07T18:19:30.573244+00:00;ha
4109401;Guarapuava;15;3.1. Pastagem;2;11;2014;27305.81107887588;8.630447072285909;Rede MapBiomas;https://drive.google.com/uc?id=1otOqymHuixvkRGVl65zTTNyfaHo46Gqk&export=download;1985–2025;2026-10-07T18:19:30.573244+00:00;ha
4109401;Guarapuava;15;3.1. Pastagem;2;11;2015;26394.47137987628;8.342403292360482;Rede MapBiomas;https://drive.google.com/uc?id=1otOqymHuixvkRGVl65zTTNyfaHo46Gqk&export=download;1985–2025;2026-10-07T18:19:30.573244+00:00;ha
4109401;Guarapuava;15;3.1. Pastagem;2;11;2016;25318.03717026359;8.002178698920472;Rede MapBiomas;https://drive.google.com/uc?id=1otOqymHuixvkRGVl65zTTNyfaHo46Gqk&export=download;1985–2025;2026-10-07T18:19:30.573244+00:00;ha
4109401;Guarapuava;15;3.1. Pastagem;2;11;2017;24277.92394795503;7.673433946076884;Rede MapBiomas;https://drive.google.com/uc?id=1otOqymHuixvkRGVl65zTTNyfaHo46Gqk&export=download;1985–2025;2026-10-07T18:19:30.573244+00:00;ha
4109401;Guarapuava;15;3.1. Pastagem;2;11;2018;23714.93090693968;7.495490810510875;Rede MapBiomas;https://drive.google.com/uc?id=1otOqymHuixvkRGVl65zTTNyfaHo46Gqk&export=download;1985–2025;2026-10-07T18:19:30.573244+00:00;ha
4109401;Guarapuava;15;3.1. Pastagem;2;11;2019;23061.64183030432;7.289008139751983;Rede MapBiomas;https://drive.google.com/uc?id=1otOqymHuixvkRGVl65zTTNyfaHo46Gqk&export=download;1985–2025;2026-10-07T18:19:30.573244+00:00;ha
4109401;Guarapuava;15;3.1. Pastagem;2;11;2020;22586.73892832053;7.1389073297739625;Rede MapBiomas;https://drive.google.com/uc?id=1otOqymHuixvkRGVl65zTTNyfaHo46Gqk&export=download;1985–2025;2026-10-07T18:19:30.573244+00:00;ha
4109401;Guarapuava;15;3.1. Pastagem;2;11;2021;21990.34178930074;6.950406284062305;Rede MapBiomas;https://drive.google.com/uc?id=1otOqymHuixvkRGVl65zTTNyfaHo46Gqk&export=download;1985–2025;2026-10-07T18:19:30.573244+00:00;ha
4109401;Guarapuava;15;3.1. Pastagem;2;11;2022;20202.10693057877;6.385205482795649;Rede MapBiomas;https://drive.google.com/uc?id=1otOqymHuixvkRGVl65zTTNyfaHo46Gqk&export=download;1985–2025;2026-10-07T18:19:30.573244+00:00;ha
4109401;Guarapuava;15;3.1. Pastagem;2;11;2023;19687.700855951;6.222619050628767;Rede MapBiomas;https://drive.google.com/uc?id=1otOqymHuixvkRGVl65zTTNyfaHo46Gqk&export=download;1985–2025;2026-10-07T18:19:30.573244+00:00;ha
4109401;Guarapuava;15;3.1. Pastagem;2;11;2024;19285.29311550902;6.095431519178753;Rede MapBiomas;https://drive.google.com/uc?id=1otOqymHuixvkRGVl65zTTNyfaHo46Gqk&export=download;1985–2025;2026-10-07T18:19:30.573244+00:00;ha
4109401;Guarapuava;15;3.1. Pastagem;2;11;2025;19300.81868931261;6.1003386300714375;Rede MapBiomas;https://drive.google.com/uc?id=1otOqymHuixvkRGVl65zTTNyfaHo46Gqk&export=download;1985–2025;2026-10-07T18:19:30.573244+00:00;ha
4109401;Guarapuava;21;3.4. Mosaico de Usos;2;11;1985;26356.80688978945;8.330498815791005;Rede MapBiomas;https://drive.google.com/uc?id=1otOqymHuixvkRGVl65zTTNyfaHo46Gqk&export=download;1985–2025;2026-10-07T18:19:30.573244+00:00;ha
4109401;Guarapuava;21;3.4. Mosaico de Usos;2;11;1986;22503.53110642131;7.112608140168239;Rede MapBiomas;https://drive.google.com/uc?id=1otOqymHuixvkRGVl65zTTNyfaHo46Gqk&export=download;1985–2025;2026-10-07T18:19:30.573244+00:00;ha
4109401;Guarapuava;21;3.4. Mosaico de Usos;2;11;1987;19652.55885360736;6.211511847463666;Rede MapBiomas;https://drive.google.com/uc?id=1otOqymHuixvkRGVl65zTTNyfaHo46Gqk&export=download;1985–2025;2026-10-07T18:19:30.573244+00:00;ha
4109401;Guarapuava;21;3.4. Mosaico de Usos;2;11;1988;18657.20131798077;5.896912859562814;Rede MapBiomas;https://drive.google.com/uc?id=1otOqymHuixvkRGVl65zTTNyfaHo46Gqk&export=download;1985–2025;2026-10-07T18:19:30.573244+00:00;ha
4109401;Guarapuava;21;3.4. Mosaico de Usos;2;11;1989;17577.99051600935;5.555810678809098;Rede MapBiomas;https://drive.google.com/uc?id=1otOqymHuixvkRGVl65zTTNyfaHo46Gqk&export=download;1985–2025;2026-10-07T18:19:30.573244+00:00;ha
4109401;Guarapuava;21;3.4. Mosaico de Usos;2;11;1990;16736.44231430038;5.289825640216145;Rede MapBiomas;https://drive.google.com/uc?id=1otOqymHuixvkRGVl65zTTNyfaHo46Gqk&export=download;1985–2025;2026-10-07T18:19:30.573244+00:00;ha
4109401;Guarapuava;21;3.4. Mosaico de Usos;2;11;1991;16752.43823206768;5.29488141099199;Rede MapBiomas;https://drive.google.com/uc?id=1otOqymHuixvkRGVl65zTTNyfaHo46Gqk&export=download;1985–2025;2026-10-07T18:19:30.573244+00:00;ha
4109401;Guarapuava;21;3.4. Mosaico de Usos;2;11;1992;15979.48359245581;5.050576486769878;Rede MapBiomas;https://drive.google.com/uc?id=1otOqymHuixvkRGVl65zTTNyfaHo46Gqk&export=download;1985–2025;2026-10-07T18:19:30.573244+00:00;ha
4109401;Guarapuava;21;3.4. Mosaico de Usos;2;11;1993;14104.10827257702;4.457833521101068;Rede MapBiomas;https://drive.google.com/uc?id=1otOqymHuixvkRGVl65zTTNyfaHo46Gqk&export=download;1985–2025;2026-10-07T18:19:30.573244+00:00;ha
4109401;Guarapuava;21;3.4. Mosaico de Usos;2;11;1994;12566.57100870377;3.9718697846936575;Rede MapBiomas;https://drive.google.com/uc?id=1otOqymHuixvkRGVl65zTTNyfaHo46Gqk&export=download;1985–2025;2026-10-07T18:19:30.573244+00:00;ha
4109401;Guarapuava;21;3.4. Mosaico de Usos;2;11;1995;12082.38846926287;3.818835993904621;Rede MapBiomas;https://drive.google.com/uc?id=1otOqymHuixvkRGVl65zTTNyfaHo46Gqk&export=download;1985–2025;2026-10-07T18:19:30.573244+00:00;ha
4109401;Guarapuava;21;3.4. Mosaico de Usos;2;11;1996;12676.58222534803;4.006640624492683;Rede MapBiomas;https://drive.google.com/uc?id=1otOqymHuixvkRGVl65zTTNyfaHo46Gqk&export=download;1985–2025;2026-10-07T18:19:30.573244+00:00;ha
4109401;Guarapuava;21;3.4. Mosaico de Usos;2;11;1997;13215.54221678486;4.176987722652081;Rede MapBiomas;https://drive.google.com/uc?id=1otOqymHuixvkRGVl65zTTNyfaHo46Gqk&export=download;1985–2025;2026-10-07T18:19:30.573244+00:00;ha
4109401;Guarapuava;21;3.4. Mosaico de Usos;2;11;1998;14451.19972235106;4.567537436427547;Rede MapBiomas;https://drive.google.com/uc?id=1otOqymHuixvkRGVl65zTTNyfaHo46Gqk&export=download;1985–2025;2026-10-07T18:19:30.573244+00:00;ha
4109401;Guarapuava;21;3.4. Mosaico de Usos;2;11;1999;14723.39290664677;4.6535685330214305;Rede MapBiomas;https://drive.google.com/uc?id=1otOqymHuixvkRGVl65zTTNyfaHo46Gqk&export=download;1985–2025;2026-10-07T18:19:30.573244+00:00;ha
4109401;Guarapuava;21;3.4. Mosaico de Usos;2;11;2000;15187.0382911437;4.800111220936897;Rede MapBiomas;https://drive.google.com/uc?id=1otOqymHuixvkRGVl65zTTNyfaHo46Gqk&export=download;1985–2025;2026-10-07T18:19:30.573244+00:00;ha
4109401;Guarapuava;21;3.4. Mosaico de Usos;2;11;2001;16431.0658982543;5.193306441859538;Rede MapBiomas;https://drive.google.com/uc?id=1otOqymHuixvkRGVl65zTTNyfaHo46Gqk&export=download;1985–2025;2026-10-07T18:19:30.573244+00:00;ha
4109401;Guarapuava;21;3.4. Mosaico de Usos;2;11;2002;17438.15406897587;5.51161308836167;Rede MapBiomas;https://drive.google.com/uc?id=1otOqymHuixvkRGVl65zTTNyfaHo46Gqk&export=download;1985–2025;2026-10-07T18:19:30.573244+00:00;ha
4109401;Guarapuava;21;3.4. Mosaico de Usos;2;11;2003;18955.73582808247;5.991269561923387;Rede MapBiomas;https://drive.google.com/uc?id=1otOqymHuixvkRGVl65zTTNyfaHo46Gqk&export=download;1985–2025;2026-10-07T18:19:30.573244+00:00;ha
4109401;Guarapuava;21;3.4. Mosaico de Usos;2;11;2004;18762.9315693667;5.930330630450114;Rede MapBiomas;https://drive.google.com/uc?id=1otOqymHuixvkRGVl65zTTNyfaHo46Gqk&export=download;1985–2025;2026-10-07T18:19:30.573244+00:00;ha
4109401;Guarapuava;21;3.4. Mosaico de Usos;2;11;2005;17368.6049114381;5.48963094246174;Rede MapBiomas;https://drive.google.com/uc?id=1otOqymHuixvkRGVl65zTTNyfaHo46Gqk&export=download;1985–2025;2026-10-07T18:19:30.573244+00:00;ha
4109401;Guarapuava;21;3.4. Mosaico de Usos;2;11;2006;14507.77282217404;4.585418287588753;Rede MapBiomas;https://drive.google.com/uc?id=1otOqymHuixvkRGVl65zTTNyfaHo46Gqk&export=download;1985–2025;2026-10-07T18:19:30.573244+00:00;ha
4109401;Guarapuava;21;3.4. Mosaico de Usos;2;11;2007;13330.73344220583;4.213395788734268;Rede MapBiomas;https://drive.google.com/uc?id=1otOqymHuixvkRGVl65zTTNyfaHo46Gqk&export=download;1985–2025;2026-10-07T18:19:30.573244+00:00;ha
4109401;Guarapuava;21;3.4. Mosaico de Usos;2;11;2008;13034.98619322508;4.1199200457237595;Rede MapBiomas;https://drive.google.com/uc?id=1otOqymHuixvkRGVl65zTTNyfaHo46Gqk&export=download;1985–2025;2026-10-07T18:19:30.573244+00:00;ha
4109401;Guarapuava;21;3.4. Mosaico de Usos;2;11;2009;12901.67054199223;4.0777834591726805;Rede MapBiomas;https://drive.google.com/uc?id=1otOqymHuixvkRGVl65zTTNyfaHo46Gqk&export=download;1985–2025;2026-10-07T18:19:30.573244+00:00;ha
4109401;Guarapuava;21;3.4. Mosaico de Usos;2;11;2010;13192.90075981449;4.16983152079242;Rede MapBiomas;https://drive.google.com/uc?id=1otOqymHuixvkRGVl65zTTNyfaHo46Gqk&export=download;1985–2025;2026-10-07T18:19:30.573244+00:00;ha
4109401;Guarapuava;21;3.4. Mosaico de Usos;2;11;2011;14047.0518689332;4.439799913882423;Rede MapBiomas;https://drive.google.com/uc?id=1otOqymHuixvkRGVl65zTTNyfaHo46Gqk&export=download;1985–2025;2026-10-07T18:19:30.573244+00:00;ha
4109401;Guarapuava;21;3.4. Mosaico de Usos;2;11;2012;13488.44259989036;4.263242340967397;Rede MapBiomas;https://drive.google.com/uc?id=1otOqymHuixvkRGVl65zTTNyfaHo46Gqk&export=download;1985–2025;2026-10-07T18:19:30.573244+00:00;ha
4109401;Guarapuava;21;3.4. Mosaico de Usos;2;11;2013;12384.71592428599;3.914391518387629;Rede MapBiomas;https://drive.google.com/uc?id=1otOqymHuixvkRGVl65zTTNyfaHo46Gqk&export=download;1985–2025;2026-10-07T18:19:30.573244+00:00;ha
4109401;Guarapuava;21;3.4. Mosaico de Usos;2;11;2014;12325.86009556893;3.8957891735178567;Rede MapBiomas;https://drive.google.com/uc?id=1otOqymHuixvkRGVl65zTTNyfaHo46Gqk&export=download;1985–2025;2026-10-07T18:19:30.573244+00:00;ha
4109401;Guarapuava;21;3.4. Mosaico de Usos;2;11;2015;12610.54767456071;3.985769327395304;Rede MapBiomas;https://drive.google.com/uc?id=1otOqymHuixvkRGVl65zTTNyfaHo46Gqk&export=download;1985–2025;2026-10-07T18:19:30.573244+00:00;ha
4109401;Guarapuava;21;3.4. Mosaico de Usos;2;11;2016;13455.1362261598;4.252715318172834;Rede MapBiomas;https://drive.google.com/uc?id=1otOqymHuixvkRGVl65zTTNyfaHo46Gqk&export=download;1985–2025;2026-10-07T18:19:30.573244+00:00;ha
4109401;Guarapuava;21;3.4. Mosaico de Usos;2;11;2017;13470.1298777223;4.257454306363174;Rede MapBiomas;https://drive.google.com/uc?id=1otOqymHuixvkRGVl65zTTNyfaHo46Gqk&export=download;1985–2025;2026-10-07T18:19:30.573244+00:00;ha
4109401;Guarapuava;21;3.4. Mosaico de Usos;2;11;2018;13929.02942030051;4.4024969935141645;Rede MapBiomas;https://drive.google.com/uc?id=1otOqymHuixvkRGVl65zTTNyfaHo46Gqk&export=download;1985–2025;2026-10-07T18:19:30.573244+00:00;ha
4109401;Guarapuava;21;3.4. Mosaico de Usos;2;11;2019;14060.1012556887;4.443924385460791;Rede MapBiomas;https://drive.google.com/uc?id=1otOqymHuixvkRGVl65zTTNyfaHo46Gqk&export=download;1985–2025;2026-10-07T18:19:30.573244+00:00;ha
4109401;Guarapuava;21;3.4. Mosaico de Usos;2;11;2020;14539.52696186549;4.595454701491324;Rede MapBiomas;https://drive.google.com/uc?id=1otOqymHuixvkRGVl65zTTNyfaHo46Gqk&export=download;1985–2025;2026-10-07T18:19:30.573244+00:00;ha
4109401;Guarapuava;21;3.4. Mosaico de Usos;2;11;2021;15269.63112744776;4.826216034312083;Rede MapBiomas;https://drive.google.com/uc?id=1otOqymHuixvkRGVl65zTTNyfaHo46Gqk&export=download;1985–2025;2026-10-07T18:19:30.573244+00:00;ha
4109401;Guarapuava;21;3.4. Mosaico de Usos;2;11;2022;16478.74156868302;5.208375115303527;Rede MapBiomas;https://drive.google.com/uc?id=1otOqymHuixvkRGVl65zTTNyfaHo46Gqk&export=download;1985–2025;2026-10-07T18:19:30.573244+00:00;ha
4109401;Guarapuava;21;3.4. Mosaico de Usos;2;11;2023;16232.78960159314;5.130637983520031;Rede MapBiomas;https://drive.google.com/uc?id=1otOqymHuixvkRGVl65zTTNyfaHo46Gqk&export=download;1985–2025;2026-10-07T18:19:30.573244+00:00;ha
4109401;Guarapuava;21;3.4. Mosaico de Usos;2;11;2024;16264.39966061416;5.140628858376109;Rede MapBiomas;https://drive.google.com/uc?id=1otOqymHuixvkRGVl65zTTNyfaHo46Gqk&export=download;1985–2025;2026-10-07T18:19:30.573244+00:00;ha
4109401;Guarapuava;21;3.4. Mosaico de Usos;2;11;2025;15988.04861793848;5.0532836028078325;Rede MapBiomas;https://drive.google.com/uc?id=1otOqymHuixvkRGVl65zTTNyfaHo46Gqk&export=download;1985–2025;2026-10-07T18:19:30.573244+00:00;ha
4109401;Guarapuava;24;4.2. Área Urbanizada;2;11;1985;3277.396938928255;1.0358747716589198;Rede MapBiomas;https://drive.google.com/uc?id=1otOqymHuixvkRGVl65zTTNyfaHo46Gqk&export=download;1985–2025;2026-10-07T18:19:30.573244+00:00;ha
4109401;Guarapuava;24;4.2. Área Urbanizada;2;11;1986;3345.805949060134;1.0574965553702778;Rede MapBiomas;https://drive.google.com/uc?id=1otOqymHuixvkRGVl65zTTNyfaHo46Gqk&export=download;1985–2025;2026-10-07T18:19:30.573244+00:00;ha
4109401;Guarapuava;24;4.2. Área Urbanizada;2;11;1987;3378.757738763508;1.0679115060981859;Rede MapBiomas;https://drive.google.com/uc?id=1otOqymHuixvkRGVl65zTTNyfaHo46Gqk&export=download;1985–2025;2026-10-07T18:19:30.573244+00:00;ha
4109401;Guarapuava;24;4.2. Área Urbanizada;2;11;1988;3455.506269409203;1.0921691313230892;Rede MapBiomas;https://drive.google.com/uc?id=1otOqymHuixvkRGVl65zTTNyfaHo46Gqk&export=download;1985–2025;2026-10-07T18:19:30.573244+00:00;ha
4109401;Guarapuava;24;4.2. Área Urbanizada;2;11;1989;3616.216861755354;1.1429643359479458;Rede MapBiomas;https://drive.google.com/uc?id=1otOqymHuixvkRGVl65zTTNyfaHo46Gqk&export=download;1985–2025;2026-10-07T18:19:30.573244+00:00;ha
4109401;Guarapuava;24;4.2. Área Urbanizada;2;11;1990;3695.639910003592;1.1680672860945651;Rede MapBiomas;https://drive.google.com/uc?id=1otOqymHuixvkRGVl65zTTNyfaHo46Gqk&export=download;1985–2025;2026-10-07T18:19:30.573244+00:00;ha
4109401;Guarapuava;24;4.2. Área Urbanizada;2;11;1991;3835.695096173026;1.212334012614531;Rede MapBiomas;https://drive.google.com/uc?id=1otOqymHuixvkRGVl65zTTNyfaHo46Gqk&export=download;1985–2025;2026-10-07T18:19:30.573244+00:00;ha
4109401;Guarapuava;24;4.2. Área Urbanizada;2;11;1992;3931.776972125084;1.2427022570374802;Rede MapBiomas;https://drive.google.com/uc?id=1otOqymHuixvkRGVl65zTTNyfaHo46Gqk&export=download;1985–2025;2026-10-07T18:19:30.573244+00:00;ha
4109401;Guarapuava;24;4.2. Área Urbanizada;2;11;1993;4033.54436386095;1.2748675014802808;Rede MapBiomas;https://drive.google.com/uc?id=1otOqymHuixvkRGVl65zTTNyfaHo46Gqk&export=download;1985–2025;2026-10-07T18:19:30.573244+00:00;ha
4109401;Guarapuava;24;4.2. Área Urbanizada;2;11;1994;4113.293132250837;1.3000734007916313;Rede MapBiomas;https://drive.google.com/uc?id=1otOqymHuixvkRGVl65zTTNyfaHo46Gqk&export=download;1985–2025;2026-10-07T18:19:30.573244+00:00;ha
4109401;Guarapuava;24;4.2. Área Urbanizada;2;11;1995;4205.752355285486;1.3292966466582423;Rede MapBiomas;https://drive.google.com/uc?id=1otOqymHuixvkRGVl65zTTNyfaHo46Gqk&export=download;1985–2025;2026-10-07T18:19:30.573244+00:00;ha
4109401;Guarapuava;24;4.2. Área Urbanizada;2;11;1996;4256.027424853358;1.345186902608071;Rede MapBiomas;https://drive.google.com/uc?id=1otOqymHuixvkRGVl65zTTNyfaHo46Gqk&export=download;1985–2025;2026-10-07T18:19:30.573244+00:00;ha
4109401;Guarapuava;24;4.2. Área Urbanizada;2;11;1997;4379.076458447268;1.3840785571595715;Rede MapBiomas;https://drive.google.com/uc?id=1otOqymHuixvkRGVl65zTTNyfaHo46Gqk&export=download;1985–2025;2026-10-07T18:19:30.573244+00:00;ha
4109401;Guarapuava;24;4.2. Área Urbanizada;2;11;1998;4438.342246002183;1.4028104762083242;Rede MapBiomas;https://drive.google.com/uc?id=1otOqymHuixvkRGVl65zTTNyfaHo46Gqk&export=download;1985–2025;2026-10-07T18:19:30.573244+00:00;ha
4109401;Guarapuava;24;4.2. Área Urbanizada;2;11;1999;4465.868993225089;1.4115107537533949;Rede MapBiomas;https://drive.google.com/uc?id=1otOqymHuixvkRGVl65zTTNyfaHo46Gqk&export=download;1985–2025;2026-10-07T18:19:30.573244+00:00;ha
4109401;Guarapuava;24;4.2. Área Urbanizada;2;11;2000;4581.239226513673;1.4479753981925665;Rede MapBiomas;https://drive.google.com/uc?id=1otOqymHuixvkRGVl65zTTNyfaHo46Gqk&export=download;1985–2025;2026-10-07T18:19:30.573244+00:00;ha
4109401;Guarapuava;24;4.2. Área Urbanizada;2;11;2001;4637.752374597149;1.4658373006284187;Rede MapBiomas;https://drive.google.com/uc?id=1otOqymHuixvkRGVl65zTTNyfaHo46Gqk&export=download;1985–2025;2026-10-07T18:19:30.573244+00:00;ha
4109401;Guarapuava;24;4.2. Área Urbanizada;2;11;2002;4665.690285266099;1.4746675330885397;Rede MapBiomas;https://drive.google.com/uc?id=1otOqymHuixvkRGVl65zTTNyfaHo46Gqk&export=download;1985–2025;2026-10-07T18:19:30.573244+00:00;ha
4109401;Guarapuava;24;4.2. Área Urbanizada;2;11;2003;4697.59012423094;1.4847499976234786;Rede MapBiomas;https://drive.google.com/uc?id=1otOqymHuixvkRGVl65zTTNyfaHo46Gqk&export=download;1985–2025;2026-10-07T18:19:30.573244+00:00;ha
4109401;Guarapuava;24;4.2. Área Urbanizada;2;11;2004;4711.267829980475;1.4890730596706256;Rede MapBiomas;https://drive.google.com/uc?id=1otOqymHuixvkRGVl65zTTNyfaHo46Gqk&export=download;1985–2025;2026-10-07T18:19:30.573244+00:00;ha
4109401;Guarapuava;24;4.2. Área Urbanizada;2;11;2005;4752.388564782729;1.5020699387693355;Rede MapBiomas;https://drive.google.com/uc?id=1otOqymHuixvkRGVl65zTTNyfaHo46Gqk&export=download;1985–2025;2026-10-07T18:19:30.573244+00:00;ha
4109401;Guarapuava;24;4.2. Área Urbanizada;2;11;2006;4771.247458581549;1.5080305998279806;Rede MapBiomas;https://drive.google.com/uc?id=1otOqymHuixvkRGVl65zTTNyfaHo46Gqk&export=download;1985–2025;2026-10-07T18:19:30.573244+00:00;ha
4109401;Guarapuava;24;4.2. Área Urbanizada;2;11;2007;4796.589731207255;1.516040438537983;Rede MapBiomas;https://drive.google.com/uc?id=1otOqymHuixvkRGVl65zTTNyfaHo46Gqk&export=download;1985–2025;2026-10-07T18:19:30.573244+00:00;ha
4109401;Guarapuava;24;4.2. Área Urbanizada;2;11;2008;4830.194790264836;1.5266618657030553;Rede MapBiomas;https://drive.google.com/uc?id=1otOqymHuixvkRGVl65zTTNyfaHo46Gqk&export=download;1985–2025;2026-10-07T18:19:30.573244+00:00;ha
4109401;Guarapuava;24;4.2. Área Urbanizada;2;11;2009;4881.663083648619;1.5429292595067594;Rede MapBiomas;https://drive.google.com/uc?id=1otOqymHuixvkRGVl65zTTNyfaHo46Gqk&export=download;1985–2025;2026-10-07T18:19:30.573244+00:00;ha
4109401;Guarapuava;24;4.2. Área Urbanizada;2;11;2010;4934.761099169873;1.559711753580122;Rede MapBiomas;https://drive.google.com/uc?id=1otOqymHuixvkRGVl65zTTNyfaHo46Gqk&export=download;1985–2025;2026-10-07T18:19:30.573244+00:00;ha
4109401;Guarapuava;24;4.2. Área Urbanizada;2;11;2011;5013.772207617335;1.584684503432112;Rede MapBiomas;https://drive.google.com/uc?id=1otOqymHuixvkRGVl65zTTNyfaHo46Gqk&export=download;1985–2025;2026-10-07T18:19:30.573244+00:00;ha
4109401;Guarapuava;24;4.2. Área Urbanizada;2;11;2012;5064.774637390254;1.6008046534412679;Rede MapBiomas;https://drive.google.com/uc?id=1otOqymHuixvkRGVl65zTTNyfaHo46Gqk&export=download;1985–2025;2026-10-07T18:19:30.573244+00:00;ha
4109401;Guarapuava;24;4.2. Área Urbanizada;2;11;2013;5178.783064373785;1.6368388767805313;Rede MapBiomas;https://drive.google.com/uc?id=1otOqymHuixvkRGVl65zTTNyfaHo46Gqk&export=download;1985–2025;2026-10-07T18:19:30.573244+00:00;ha
4109401;Guarapuava;24;4.2. Área Urbanizada;2;11;2014;5249.619399658193;1.6592278562069556;Rede MapBiomas;https://drive.google.com/uc?id=1otOqymHuixvkRGVl65zTTNyfaHo46Gqk&export=download;1985–2025;2026-10-07T18:19:30.573244+00:00;ha
4109401;Guarapuava;24;4.2. Área Urbanizada;2;11;2015;5313.175418487529;1.679315772842991;Rede MapBiomas;https://drive.google.com/uc?id=1otOqymHuixvkRGVl65zTTNyfaHo46Gqk&export=download;1985–2025;2026-10-07T18:19:30.573244+00:00;ha
4109401;Guarapuava;24;4.2. Área Urbanizada;2;11;2016;5405.714375927751;1.7085642200693103;Rede MapBiomas;https://drive.google.com/uc?id=1otOqymHuixvkRGVl65zTTNyfaHo46Gqk&export=download;1985–2025;2026-10-07T18:19:30.573244+00:00;ha
4109401;Guarapuava;24;4.2. Área Urbanizada;2;11;2017;5485.703609777876;1.7338461224124448;Rede MapBiomas;https://drive.google.com/uc?id=1otOqymHuixvkRGVl65zTTNyfaHo46Gqk&export=download;1985–2025;2026-10-07T18:19:30.573244+00:00;ha
4109401;Guarapuava;24;4.2. Área Urbanizada;2;11;2018;5626.918470165845;1.7784793828886896;Rede MapBiomas;https://drive.google.com/uc?id=1otOqymHuixvkRGVl65zTTNyfaHo46Gqk&export=download;1985–2025;2026-10-07T18:19:30.573244+00:00;ha
4109401;Guarapuava;24;4.2. Área Urbanizada;2;11;2019;5666.991439318689;1.791145098560125;Rede MapBiomas;https://drive.google.com/uc?id=1otOqymHuixvkRGVl65zTTNyfaHo46Gqk&export=download;1985–2025;2026-10-07T18:19:30.573244+00:00;ha
4109401;Guarapuava;24;4.2. Área Urbanizada;2;11;2020;5714.273571356036;1.8060893877751352;Rede MapBiomas;https://drive.google.com/uc?id=1otOqymHuixvkRGVl65zTTNyfaHo46Gqk&export=download;1985–2025;2026-10-07T18:19:30.573244+00:00;ha
4109401;Guarapuava;24;4.2. Área Urbanizada;2;11;2021;5816.460186419528;1.8383871345900538;Rede MapBiomas;https://drive.google.com/uc?id=1otOqymHuixvkRGVl65zTTNyfaHo46Gqk&export=download;1985–2025;2026-10-07T18:19:30.573244+00:00;ha
4109401;Guarapuava;24;4.2. Área Urbanizada;2;11;2022;5869.329588854854;1.8550973717678991;Rede MapBiomas;https://drive.google.com/uc?id=1otOqymHuixvkRGVl65zTTNyfaHo46Gqk&export=download;1985–2025;2026-10-07T18:19:30.573244+00:00;ha
4109401;Guarapuava;24;4.2. Área Urbanizada;2;11;2023;5957.823305755618;1.883067254725624;Rede MapBiomas;https://drive.google.com/uc?id=1otOqymHuixvkRGVl65zTTNyfaHo46Gqk&export=download;1985–2025;2026-10-07T18:19:30.573244+00:00;ha
4109401;Guarapuava;24;4.2. Área Urbanizada;2;11;2024;6054.484010663017;1.9136184474832167;Rede MapBiomas;https://drive.google.com/uc?id=1otOqymHuixvkRGVl65zTTNyfaHo46Gqk&export=download;1985–2025;2026-10-07T18:19:30.573244+00:00;ha
4109401;Guarapuava;24;4.2. Área Urbanizada;2;11;2025;6148.311463800042;1.943274144795681;Rede MapBiomas;https://drive.google.com/uc?id=1otOqymHuixvkRGVl65zTTNyfaHo46Gqk&export=download;1985–2025;2026-10-07T18:19:30.573244+00:00;ha
4109401;Guarapuava;25;4.6. Outras Áreas não Vegetadas;2;11;1985;286.4479010070798;0.09053653236916666;Rede MapBiomas;https://drive.google.com/uc?id=1otOqymHuixvkRGVl65zTTNyfaHo46Gqk&export=download;1985–2025;2026-10-07T18:19:30.573244+00:00;ha
4109401;Guarapuava;25;4.6. Outras Áreas não Vegetadas;2;11;1986;252.3835121643066;0.07976992653174636;Rede MapBiomas;https://drive.google.com/uc?id=1otOqymHuixvkRGVl65zTTNyfaHo46Gqk&export=download;1985–2025;2026-10-07T18:19:30.573244+00:00;ha
4109401;Guarapuava;25;4.6. Outras Áreas não Vegetadas;2;11;1987;223.4841431762696;0.07063580948416069;Rede MapBiomas;https://drive.google.com/uc?id=1otOqymHuixvkRGVl65zTTNyfaHo46Gqk&export=download;1985–2025;2026-10-07T18:19:30.573244+00:00;ha
4109401;Guarapuava;25;4.6. Outras Áreas não Vegetadas;2;11;1988;153.0716504882812;0.048380792425117156;Rede MapBiomas;https://drive.google.com/uc?id=1otOqymHuixvkRGVl65zTTNyfaHo46Gqk&export=download;1985–2025;2026-10-07T18:19:30.573244+00:00;ha
4109401;Guarapuava;25;4.6. Outras Áreas não Vegetadas;2;11;1989;106.0508336791993;0.03351909615122867;Rede MapBiomas;https://drive.google.com/uc?id=1otOqymHuixvkRGVl65zTTNyfaHo46Gqk&export=download;1985–2025;2026-10-07T18:19:30.573244+00:00;ha
4109401;Guarapuava;25;4.6. Outras Áreas não Vegetadas;2;11;1990;88.97146860351572;0.02812088417766205;Rede MapBiomas;https://drive.google.com/uc?id=1otOqymHuixvkRGVl65zTTNyfaHo46Gqk&export=download;1985–2025;2026-10-07T18:19:30.573244+00:00;ha
4109401;Guarapuava;25;4.6. Outras Áreas não Vegetadas;2;11;1991;104.4346399230957;0.03300827174721007;Rede MapBiomas;https://drive.google.com/uc?id=1otOqymHuixvkRGVl65zTTNyfaHo46Gqk&export=download;1985–2025;2026-10-07T18:19:30.573244+00:00;ha
4109401;Guarapuava;25;4.6. Outras Áreas não Vegetadas;2;11;1992;111.5609392517091;0.03526065491206849;Rede MapBiomas;https://drive.google.com/uc?id=1otOqymHuixvkRGVl65zTTNyfaHo46Gqk&export=download;1985–2025;2026-10-07T18:19:30.573244+00:00;ha
4109401;Guarapuava;25;4.6. Outras Áreas não Vegetadas;2;11;1993;113.9094410644532;0.03600293722463219;Rede MapBiomas;https://drive.google.com/uc?id=1otOqymHuixvkRGVl65zTTNyfaHo46Gqk&export=download;1985–2025;2026-10-07T18:19:30.573244+00:00;ha
4109401;Guarapuava;25;4.6. Outras Áreas não Vegetadas;2;11;1994;114.0722889160157;0.036054407944900696;Rede MapBiomas;https://drive.google.com/uc?id=1otOqymHuixvkRGVl65zTTNyfaHo46Gqk&export=download;1985–2025;2026-10-07T18:19:30.573244+00:00;ha
4109401;Guarapuava;25;4.6. Outras Áreas não Vegetadas;2;11;1995;121.0355102844238;0.03825524765989994;Rede MapBiomas;https://drive.google.com/uc?id=1otOqymHuixvkRGVl65zTTNyfaHo46Gqk&export=download;1985–2025;2026-10-07T18:19:30.573244+00:00;ha
4109401;Guarapuava;25;4.6. Outras Áreas não Vegetadas;2;11;1996;131.8818952453614;0.04168342458021222;Rede MapBiomas;https://drive.google.com/uc?id=1otOqymHuixvkRGVl65zTTNyfaHo46Gqk&export=download;1985–2025;2026-10-07T18:19:30.573244+00:00;ha
4109401;Guarapuava;25;4.6. Outras Áreas não Vegetadas;2;11;1997;127.8321939941406;0.040403450430890234;Rede MapBiomas;https://drive.google.com/uc?id=1otOqymHuixvkRGVl65zTTNyfaHo46Gqk&export=download;1985–2025;2026-10-07T18:19:30.573244+00:00;ha
4109401;Guarapuava;25;4.6. Outras Áreas não Vegetadas;2;11;1998;138.3628041992188;0.043731821587904146;Rede MapBiomas;https://drive.google.com/uc?id=1otOqymHuixvkRGVl65zTTNyfaHo46Gqk&export=download;1985–2025;2026-10-07T18:19:30.573244+00:00;ha
4109401;Guarapuava;25;4.6. Outras Áreas não Vegetadas;2;11;1999;147.023730090332;0.04646924851451424;Rede MapBiomas;https://drive.google.com/uc?id=1otOqymHuixvkRGVl65zTTNyfaHo46Gqk&export=download;1985–2025;2026-10-07T18:19:30.573244+00:00;ha
4109401;Guarapuava;25;4.6. Outras Áreas não Vegetadas;2;11;2000;168.8039923339844;0.053353255730830475;Rede MapBiomas;https://drive.google.com/uc?id=1otOqymHuixvkRGVl65zTTNyfaHo46Gqk&export=download;1985–2025;2026-10-07T18:19:30.573244+00:00;ha
4109401;Guarapuava;25;4.6. Outras Áreas não Vegetadas;2;11;2001;172.4448356872559;0.054504003671191126;Rede MapBiomas;https://drive.google.com/uc?id=1otOqymHuixvkRGVl65zTTNyfaHo46Gqk&export=download;1985–2025;2026-10-07T18:19:30.573244+00:00;ha
4109401;Guarapuava;25;4.6. Outras Áreas não Vegetadas;2;11;2002;179.8132834167482;0.05683292178867876;Rede MapBiomas;https://drive.google.com/uc?id=1otOqymHuixvkRGVl65zTTNyfaHo46Gqk&export=download;1985–2025;2026-10-07T18:19:30.573244+00:00;ha
4109401;Guarapuava;25;4.6. Outras Áreas não Vegetadas;2;11;2003;209.8525498229982;0.06632732201215345;Rede MapBiomas;https://drive.google.com/uc?id=1otOqymHuixvkRGVl65zTTNyfaHo46Gqk&export=download;1985–2025;2026-10-07T18:19:30.573244+00:00;ha
4109401;Guarapuava;25;4.6. Outras Áreas não Vegetadas;2;11;2004;230.0045703125;0.0726966968581112;Rede MapBiomas;https://drive.google.com/uc?id=1otOqymHuixvkRGVl65zTTNyfaHo46Gqk&export=download;1985–2025;2026-10-07T18:19:30.573244+00:00;ha
4109401;Guarapuava;25;4.6. Outras Áreas não Vegetadas;2;11;2005;232.3553504211427;0.07343969926326292;Rede MapBiomas;https://drive.google.com/uc?id=1otOqymHuixvkRGVl65zTTNyfaHo46Gqk&export=download;1985–2025;2026-10-07T18:19:30.573244+00:00;ha
4109401;Guarapuava;25;4.6. Outras Áreas não Vegetadas;2;11;2006;212.3557756896974;0.0671185073862161;Rede MapBiomas;https://drive.google.com/uc?id=1otOqymHuixvkRGVl65zTTNyfaHo46Gqk&export=download;1985–2025;2026-10-07T18:19:30.573244+00:00;ha
4109401;Guarapuava;25;4.6. Outras Áreas não Vegetadas;2;11;2007;194.153826477051;0.06136548438175723;Rede MapBiomas;https://drive.google.com/uc?id=1otOqymHuixvkRGVl65zTTNyfaHo46Gqk&export=download;1985–2025;2026-10-07T18:19:30.573244+00:00;ha
4109401;Guarapuava;25;4.6. Outras Áreas não Vegetadas;2;11;2008;202.0158291748049;0.06385039859906921;Rede MapBiomas;https://drive.google.com/uc?id=1otOqymHuixvkRGVl65zTTNyfaHo46Gqk&export=download;1985–2025;2026-10-07T18:19:30.573244+00:00;ha
4109401;Guarapuava;25;4.6. Outras Áreas não Vegetadas;2;11;2009;185.2569520263672;0.05855348206351075;Rede MapBiomas;https://drive.google.com/uc?id=1otOqymHuixvkRGVl65zTTNyfaHo46Gqk&export=download;1985–2025;2026-10-07T18:19:30.573244+00:00;ha
4109401;Guarapuava;25;4.6. Outras Áreas não Vegetadas;2;11;2010;169.0714598205565;0.05343779319356138;Rede MapBiomas;https://drive.google.com/uc?id=1otOqymHuixvkRGVl65zTTNyfaHo46Gqk&export=download;1985–2025;2026-10-07T18:19:30.573244+00:00;ha
4109401;Guarapuava;25;4.6. Outras Áreas não Vegetadas;2;11;2011;178.0648082153321;0.05628028767576277;Rede MapBiomas;https://drive.google.com/uc?id=1otOqymHuixvkRGVl65zTTNyfaHo46Gqk&export=download;1985–2025;2026-10-07T18:19:30.573244+00:00;ha
4109401;Guarapuava;25;4.6. Outras Áreas não Vegetadas;2;11;2012;191.5117581359865;0.0605304155785251;Rede MapBiomas;https://drive.google.com/uc?id=1otOqymHuixvkRGVl65zTTNyfaHo46Gqk&export=download;1985–2025;2026-10-07T18:19:30.573244+00:00;ha
4109401;Guarapuava;25;4.6. Outras Áreas não Vegetadas;2;11;2013;211.1785434936529;0.06674642394469502;Rede MapBiomas;https://drive.google.com/uc?id=1otOqymHuixvkRGVl65zTTNyfaHo46Gqk&export=download;1985–2025;2026-10-07T18:19:30.573244+00:00;ha
4109401;Guarapuava;25;4.6. Outras Áreas não Vegetadas;2;11;2014;244.0488392822274;0.077135617191298;Rede MapBiomas;https://drive.google.com/uc?id=1otOqymHuixvkRGVl65zTTNyfaHo46Gqk&export=download;1985–2025;2026-10-07T18:19:30.573244+00:00;ha
4109401;Guarapuava;25;4.6. Outras Áreas não Vegetadas;2;11;2015;272.0646021545418;0.08599045611041263;Rede MapBiomas;https://drive.google.com/uc?id=1otOqymHuixvkRGVl65zTTNyfaHo46Gqk&export=download;1985–2025;2026-10-07T18:19:30.573244+00:00;ha
4109401;Guarapuava;25;4.6. Outras Áreas não Vegetadas;2;11;2016;284.2077211120616;0.08982848696591877;Rede MapBiomas;https://drive.google.com/uc?id=1otOqymHuixvkRGVl65zTTNyfaHo46Gqk&export=download;1985–2025;2026-10-07T18:19:30.573244+00:00;ha
4109401;Guarapuava;25;4.6. Outras Áreas não Vegetadas;2;11;2017;275.0492612182627;0.08693380630073859;Rede MapBiomas;https://drive.google.com/uc?id=1otOqymHuixvkRGVl65zTTNyfaHo46Gqk&export=download;1985–2025;2026-10-07T18:19:30.573244+00:00;ha
4109401;Guarapuava;25;4.6. Outras Áreas não Vegetadas;2;11;2018;289.4624611694346;0.09148933328953748;Rede MapBiomas;https://drive.google.com/uc?id=1otOqymHuixvkRGVl65zTTNyfaHo46Gqk&export=download;1985–2025;2026-10-07T18:19:30.573244+00:00;ha
4109401;Guarapuava;25;4.6. Outras Áreas não Vegetadas;2;11;2019;291.7384262817392;0.09220868919452686;Rede MapBiomas;https://drive.google.com/uc?id=1otOqymHuixvkRGVl65zTTNyfaHo46Gqk&export=download;1985–2025;2026-10-07T18:19:30.573244+00:00;ha
4109401;Guarapuava;25;4.6. Outras Áreas não Vegetadas;2;11;2020;284.8679194763193;0.0900371534297523;Rede MapBiomas;https://drive.google.com/uc?id=1otOqymHuixvkRGVl65zTTNyfaHo46Gqk&export=download;1985–2025;2026-10-07T18:19:30.573244+00:00;ha
4109401;Guarapuava;25;4.6. Outras Áreas não Vegetadas;2;11;2021;307.8667207397461;0.09730629978312987;Rede MapBiomas;https://drive.google.com/uc?id=1otOqymHuixvkRGVl65zTTNyfaHo46Gqk&export=download;1985–2025;2026-10-07T18:19:30.573244+00:00;ha
4109401;Guarapuava;25;4.6. Outras Áreas não Vegetadas;2;11;2022;325.1920836181649;0.10278226337558345;Rede MapBiomas;https://drive.google.com/uc?id=1otOqymHuixvkRGVl65zTTNyfaHo46Gqk&export=download;1985–2025;2026-10-07T18:19:30.573244+00:00;ha
4109401;Guarapuava;25;4.6. Outras Áreas não Vegetadas;2;11;2023;377.1737503601078;0.11921191720456661;Rede MapBiomas;https://drive.google.com/uc?id=1otOqymHuixvkRGVl65zTTNyfaHo46Gqk&export=download;1985–2025;2026-10-07T18:19:30.573244+00:00;ha
4109401;Guarapuava;25;4.6. Outras Áreas não Vegetadas;2;11;2024;370.1319395935063;0.11698623802812115;Rede MapBiomas;https://drive.google.com/uc?id=1otOqymHuixvkRGVl65zTTNyfaHo46Gqk&export=download;1985–2025;2026-10-07T18:19:30.573244+00:00;ha
4109401;Guarapuava;25;4.6. Outras Áreas não Vegetadas;2;11;2025;387.6279929931644;0.1225161511445439;Rede MapBiomas;https://drive.google.com/uc?id=1otOqymHuixvkRGVl65zTTNyfaHo46Gqk&export=download;1985–2025;2026-10-07T18:19:30.573244+00:00;ha
4109401;Guarapuava;33;5.1 Rio, Lago e Oceano;2;11;1985;1137.802753552247;0.35962112294955834;Rede MapBiomas;https://drive.google.com/uc?id=1otOqymHuixvkRGVl65zTTNyfaHo46Gqk&export=download;1985–2025;2026-10-07T18:19:30.573244+00:00;ha
4109401;Guarapuava;33;5.1 Rio, Lago e Oceano;2;11;1986;1260.256679656981;0.39832468407022015;Rede MapBiomas;https://drive.google.com/uc?id=1otOqymHuixvkRGVl65zTTNyfaHo46Gqk&export=download;1985–2025;2026-10-07T18:19:30.573244+00:00;ha
4109401;Guarapuava;33;5.1 Rio, Lago e Oceano;2;11;1987;1279.668913360597;0.404460237233243;Rede MapBiomas;https://drive.google.com/uc?id=1otOqymHuixvkRGVl65zTTNyfaHo46Gqk&export=download;1985–2025;2026-10-07T18:19:30.573244+00:00;ha
4109401;Guarapuava;33;5.1 Rio, Lago e Oceano;2;11;1988;1258.077019207763;0.3976357668251622;Rede MapBiomas;https://drive.google.com/uc?id=1otOqymHuixvkRGVl65zTTNyfaHo46Gqk&export=download;1985–2025;2026-10-07T18:19:30.573244+00:00;ha
4109401;Guarapuava;33;5.1 Rio, Lago e Oceano;2;11;1989;1283.107588464357;0.40554708660007055;Rede MapBiomas;https://drive.google.com/uc?id=1otOqymHuixvkRGVl65zTTNyfaHo46Gqk&export=download;1985–2025;2026-10-07T18:19:30.573244+00:00;ha
4109401;Guarapuava;33;5.1 Rio, Lago e Oceano;2;11;1990;1285.261502630614;0.40622786631236074;Rede MapBiomas;https://drive.google.com/uc?id=1otOqymHuixvkRGVl65zTTNyfaHo46Gqk&export=download;1985–2025;2026-10-07T18:19:30.573244+00:00;ha
4109401;Guarapuava;33;5.1 Rio, Lago e Oceano;2;11;1991;1327.342329150389;0.4195281980618147;Rede MapBiomas;https://drive.google.com/uc?id=1otOqymHuixvkRGVl65zTTNyfaHo46Gqk&export=download;1985–2025;2026-10-07T18:19:30.573244+00:00;ha
4109401;Guarapuava;33;5.1 Rio, Lago e Oceano;2;11;1992;1398.245793060303;0.44193839458550055;Rede MapBiomas;https://drive.google.com/uc?id=1otOqymHuixvkRGVl65zTTNyfaHo46Gqk&export=download;1985–2025;2026-10-07T18:19:30.573244+00:00;ha
4109401;Guarapuava;33;5.1 Rio, Lago e Oceano;2;11;1993;1348.547739190675;0.4262305138608275;Rede MapBiomas;https://drive.google.com/uc?id=1otOqymHuixvkRGVl65zTTNyfaHo46Gqk&export=download;1985–2025;2026-10-07T18:19:30.573244+00:00;ha
4109401;Guarapuava;33;5.1 Rio, Lago e Oceano;2;11;1994;1304.9518342041;0.4124513168441853;Rede MapBiomas;https://drive.google.com/uc?id=1otOqymHuixvkRGVl65zTTNyfaHo46Gqk&export=download;1985–2025;2026-10-07T18:19:30.573244+00:00;ha
4109401;Guarapuava;33;5.1 Rio, Lago e Oceano;2;11;1995;1242.183898730468;0.39261248680991045;Rede MapBiomas;https://drive.google.com/uc?id=1otOqymHuixvkRGVl65zTTNyfaHo46Gqk&export=download;1985–2025;2026-10-07T18:19:30.573244+00:00;ha
4109401;Guarapuava;33;5.1 Rio, Lago e Oceano;2;11;1996;1252.519521453857;0.3958792289922121;Rede MapBiomas;https://drive.google.com/uc?id=1otOqymHuixvkRGVl65zTTNyfaHo46Gqk&export=download;1985–2025;2026-10-07T18:19:30.573244+00:00;ha
4109401;Guarapuava;33;5.1 Rio, Lago e Oceano;2;11;1997;1311.619127618407;0.4145586237013727;Rede MapBiomas;https://drive.google.com/uc?id=1otOqymHuixvkRGVl65zTTNyfaHo46Gqk&export=download;1985–2025;2026-10-07T18:19:30.573244+00:00;ha
4109401;Guarapuava;33;5.1 Rio, Lago e Oceano;2;11;1998;1370.289987548827;0.4331025061684536;Rede MapBiomas;https://drive.google.com/uc?id=1otOqymHuixvkRGVl65zTTNyfaHo46Gqk&export=download;1985–2025;2026-10-07T18:19:30.573244+00:00;ha
4109401;Guarapuava;33;5.1 Rio, Lago e Oceano;2;11;1999;1273.766262591551;0.40259460815885717;Rede MapBiomas;https://drive.google.com/uc?id=1otOqymHuixvkRGVl65zTTNyfaHo46Gqk&export=download;1985–2025;2026-10-07T18:19:30.573244+00:00;ha
4109401;Guarapuava;33;5.1 Rio, Lago e Oceano;2;11;2000;1171.608102532957;0.37030585501246627;Rede MapBiomas;https://drive.google.com/uc?id=1otOqymHuixvkRGVl65zTTNyfaHo46Gqk&export=download;1985–2025;2026-10-07T18:19:30.573244+00:00;ha
4109401;Guarapuava;33;5.1 Rio, Lago e Oceano;2;11;2001;1158.557279003905;0.36618092931837615;Rede MapBiomas;https://drive.google.com/uc?id=1otOqymHuixvkRGVl65zTTNyfaHo46Gqk&export=download;1985–2025;2026-10-07T18:19:30.573244+00:00;ha
4109401;Guarapuava;33;5.1 Rio, Lago e Oceano;2;11;2002;1133.73316144409;0.3583348619703922;Rede MapBiomas;https://drive.google.com/uc?id=1otOqymHuixvkRGVl65zTTNyfaHo46Gqk&export=download;1985–2025;2026-10-07T18:19:30.573244+00:00;ha
4109401;Guarapuava;33;5.1 Rio, Lago e Oceano;2;11;2003;1166.871893792724;0.3688088989712117;Rede MapBiomas;https://drive.google.com/uc?id=1otOqymHuixvkRGVl65zTTNyfaHo46Gqk&export=download;1985–2025;2026-10-07T18:19:30.573244+00:00;ha
4109401;Guarapuava;33;5.1 Rio, Lago e Oceano;2;11;2004;1160.399175482177;0.3667630907499644;Rede MapBiomas;https://drive.google.com/uc?id=1otOqymHuixvkRGVl65zTTNyfaHo46Gqk&export=download;1985–2025;2026-10-07T18:19:30.573244+00:00;ha
4109401;Guarapuava;33;5.1 Rio, Lago e Oceano;2;11;2005;1083.96948338623;0.3426062396504022;Rede MapBiomas;https://drive.google.com/uc?id=1otOqymHuixvkRGVl65zTTNyfaHo46Gqk&export=download;1985–2025;2026-10-07T18:19:30.573244+00:00;ha
4109401;Guarapuava;33;5.1 Rio, Lago e Oceano;2;11;2006;1099.854379986571;0.34762692037517423;Rede MapBiomas;https://drive.google.com/uc?id=1otOqymHuixvkRGVl65zTTNyfaHo46Gqk&export=download;1985–2025;2026-10-07T18:19:30.573244+00:00;ha
4109401;Guarapuava;33;5.1 Rio, Lago e Oceano;2;11;2007;1153.537539971921;0.36459435890275715;Rede MapBiomas;https://drive.google.com/uc?id=1otOqymHuixvkRGVl65zTTNyfaHo46Gqk&export=download;1985–2025;2026-10-07T18:19:30.573244+00:00;ha
4109401;Guarapuava;33;5.1 Rio, Lago e Oceano;2;11;2008;1160.682079107664;0.36685250705623235;Rede MapBiomas;https://drive.google.com/uc?id=1otOqymHuixvkRGVl65zTTNyfaHo46Gqk&export=download;1985–2025;2026-10-07T18:19:30.573244+00:00;ha
4109401;Guarapuava;33;5.1 Rio, Lago e Oceano;2;11;2009;1188.183545031736;0.37554479403435453;Rede MapBiomas;https://drive.google.com/uc?id=1otOqymHuixvkRGVl65zTTNyfaHo46Gqk&export=download;1985–2025;2026-10-07T18:19:30.573244+00:00;ha
4109401;Guarapuava;33;5.1 Rio, Lago e Oceano;2;11;2010;1186.569357354734;0.3750346036843642;Rede MapBiomas;https://drive.google.com/uc?id=1otOqymHuixvkRGVl65zTTNyfaHo46Gqk&export=download;1985–2025;2026-10-07T18:19:30.573244+00:00;ha
4109401;Guarapuava;33;5.1 Rio, Lago e Oceano;2;11;2011;1069.723945092772;0.3381037048638409;Rede MapBiomas;https://drive.google.com/uc?id=1otOqymHuixvkRGVl65zTTNyfaHo46Gqk&export=download;1985–2025;2026-10-07T18:19:30.573244+00:00;ha
4109401;Guarapuava;33;5.1 Rio, Lago e Oceano;2;11;2012;1120.62937524414;0.3541931965601049;Rede MapBiomas;https://drive.google.com/uc?id=1otOqymHuixvkRGVl65zTTNyfaHo46Gqk&export=download;1985–2025;2026-10-07T18:19:30.573244+00:00;ha
4109401;Guarapuava;33;5.1 Rio, Lago e Oceano;2;11;2013;1120.365273693848;0.3541097229564489;Rede MapBiomas;https://drive.google.com/uc?id=1otOqymHuixvkRGVl65zTTNyfaHo46Gqk&export=download;1985–2025;2026-10-07T18:19:30.573244+00:00;ha
4109401;Guarapuava;33;5.1 Rio, Lago e Oceano;2;11;2014;1156.693363702392;0.3655918084784764;Rede MapBiomas;https://drive.google.com/uc?id=1otOqymHuixvkRGVl65zTTNyfaHo46Gqk&export=download;1985–2025;2026-10-07T18:19:30.573244+00:00;ha
4109401;Guarapuava;33;5.1 Rio, Lago e Oceano;2;11;2015;1126.500808093262;0.3560489587015939;Rede MapBiomas;https://drive.google.com/uc?id=1otOqymHuixvkRGVl65zTTNyfaHo46Gqk&export=download;1985–2025;2026-10-07T18:19:30.573244+00:00;ha
4109401;Guarapuava;33;5.1 Rio, Lago e Oceano;2;11;2016;1140.014602020263;0.36032021374308904;Rede MapBiomas;https://drive.google.com/uc?id=1otOqymHuixvkRGVl65zTTNyfaHo46Gqk&export=download;1985–2025;2026-10-07T18:19:30.573244+00:00;ha
4109401;Guarapuava;33;5.1 Rio, Lago e Oceano;2;11;2017;1153.796623260496;0.36467624640292706;Rede MapBiomas;https://drive.google.com/uc?id=1otOqymHuixvkRGVl65zTTNyfaHo46Gqk&export=download;1985–2025;2026-10-07T18:19:30.573244+00:00;ha
4109401;Guarapuava;33;5.1 Rio, Lago e Oceano;2;11;2018;1158.566739062499;0.36618391932423094;Rede MapBiomas;https://drive.google.com/uc?id=1otOqymHuixvkRGVl65zTTNyfaHo46Gqk&export=download;1985–2025;2026-10-07T18:19:30.573244+00:00;ha
4109401;Guarapuava;33;5.1 Rio, Lago e Oceano;2;11;2019;1128.567086761473;0.35670203978499687;Rede MapBiomas;https://drive.google.com/uc?id=1otOqymHuixvkRGVl65zTTNyfaHo46Gqk&export=download;1985–2025;2026-10-07T18:19:30.573244+00:00;ha
4109401;Guarapuava;33;5.1 Rio, Lago e Oceano;2;11;2020;1130.479561212156;0.3573065085362104;Rede MapBiomas;https://drive.google.com/uc?id=1otOqymHuixvkRGVl65zTTNyfaHo46Gqk&export=download;1985–2025;2026-10-07T18:19:30.573244+00:00;ha
4109401;Guarapuava;33;5.1 Rio, Lago e Oceano;2;11;2021;1105.950304211424;0.3495536366784288;Rede MapBiomas;https://drive.google.com/uc?id=1otOqymHuixvkRGVl65zTTNyfaHo46Gqk&export=download;1985–2025;2026-10-07T18:19:30.573244+00:00;ha
4109401;Guarapuava;33;5.1 Rio, Lago e Oceano;2;11;2022;1142.002032373045;0.36094837353002934;Rede MapBiomas;https://drive.google.com/uc?id=1otOqymHuixvkRGVl65zTTNyfaHo46Gqk&export=download;1985–2025;2026-10-07T18:19:30.573244+00:00;ha
4109401;Guarapuava;33;5.1 Rio, Lago e Oceano;2;11;2023;1130.662193072507;0.3573642323152228;Rede MapBiomas;https://drive.google.com/uc?id=1otOqymHuixvkRGVl65zTTNyfaHo46Gqk&export=download;1985–2025;2026-10-07T18:19:30.573244+00:00;ha
4109401;Guarapuava;33;5.1 Rio, Lago e Oceano;2;11;2024;1126.153524365232;0.3559391940135877;Rede MapBiomas;https://drive.google.com/uc?id=1otOqymHuixvkRGVl65zTTNyfaHo46Gqk&export=download;1985–2025;2026-10-07T18:19:30.573244+00:00;ha
4109401;Guarapuava;33;5.1 Rio, Lago e Oceano;2;11;2025;1105.682284979246;0.3494689248274977;Rede MapBiomas;https://drive.google.com/uc?id=1otOqymHuixvkRGVl65zTTNyfaHo46Gqk&export=download;1985–2025;2026-10-07T18:19:30.573244+00:00;ha
4109401;Guarapuava;39;3.2.1.1. Soja;4;11;1985;41999.81200620667;13.274725790728912;Rede MapBiomas;https://drive.google.com/uc?id=1otOqymHuixvkRGVl65zTTNyfaHo46Gqk&export=download;1985–2025;2026-10-07T18:19:30.573244+00:00;ha
4109401;Guarapuava;39;3.2.1.1. Soja;4;11;1986;59906.51040277266;18.934429957894487;Rede MapBiomas;https://drive.google.com/uc?id=1otOqymHuixvkRGVl65zTTNyfaHo46Gqk&export=download;1985–2025;2026-10-07T18:19:30.573244+00:00;ha
4109401;Guarapuava;39;3.2.1.1. Soja;4;11;1987;64275.26065035444;20.315244747642996;Rede MapBiomas;https://drive.google.com/uc?id=1otOqymHuixvkRGVl65zTTNyfaHo46Gqk&export=download;1985–2025;2026-10-07T18:19:30.573244+00:00;ha
4109401;Guarapuava;39;3.2.1.1. Soja;4;11;1988;65880.35265160492;20.822560260920618;Rede MapBiomas;https://drive.google.com/uc?id=1otOqymHuixvkRGVl65zTTNyfaHo46Gqk&export=download;1985–2025;2026-10-07T18:19:30.573244+00:00;ha
4109401;Guarapuava;39;3.2.1.1. Soja;4;11;1989;64801.09354418407;20.48144281244153;Rede MapBiomas;https://drive.google.com/uc?id=1otOqymHuixvkRGVl65zTTNyfaHo46Gqk&export=download;1985–2025;2026-10-07T18:19:30.573244+00:00;ha
4109401;Guarapuava;39;3.2.1.1. Soja;4;11;1990;66117.22399047682;20.897427312009864;Rede MapBiomas;https://drive.google.com/uc?id=1otOqymHuixvkRGVl65zTTNyfaHo46Gqk&export=download;1985–2025;2026-10-07T18:19:30.573244+00:00;ha
4109401;Guarapuava;39;3.2.1.1. Soja;4;11;1991;60796.16740390693;19.215620567417083;Rede MapBiomas;https://drive.google.com/uc?id=1otOqymHuixvkRGVl65zTTNyfaHo46Gqk&export=download;1985–2025;2026-10-07T18:19:30.573244+00:00;ha
4109401;Guarapuava;39;3.2.1.1. Soja;4;11;1992;63916.46921759351;20.20184286181407;Rede MapBiomas;https://drive.google.com/uc?id=1otOqymHuixvkRGVl65zTTNyfaHo46Gqk&export=download;1985–2025;2026-10-07T18:19:30.573244+00:00;ha
4109401;Guarapuava;39;3.2.1.1. Soja;4;11;1993;65226.01828874825;20.615747210398155;Rede MapBiomas;https://drive.google.com/uc?id=1otOqymHuixvkRGVl65zTTNyfaHo46Gqk&export=download;1985–2025;2026-10-07T18:19:30.573244+00:00;ha
4109401;Guarapuava;39;3.2.1.1. Soja;4;11;1994;69795.03883137493;22.059860694206453;Rede MapBiomas;https://drive.google.com/uc?id=1otOqymHuixvkRGVl65zTTNyfaHo46Gqk&export=download;1985–2025;2026-10-07T18:19:30.573244+00:00;ha
4109401;Guarapuava;39;3.2.1.1. Soja;4;11;1995;70515.8323913033;22.287679258212368;Rede MapBiomas;https://drive.google.com/uc?id=1otOqymHuixvkRGVl65zTTNyfaHo46Gqk&export=download;1985–2025;2026-10-07T18:19:30.573244+00:00;ha
4109401;Guarapuava;39;3.2.1.1. Soja;4;11;1996;71538.667647064;22.610963027847024;Rede MapBiomas;https://drive.google.com/uc?id=1otOqymHuixvkRGVl65zTTNyfaHo46Gqk&export=download;1985–2025;2026-10-07T18:19:30.573244+00:00;ha
4109401;Guarapuava;39;3.2.1.1. Soja;4;11;1997;71144.78061324504;22.486468604736327;Rede MapBiomas;https://drive.google.com/uc?id=1otOqymHuixvkRGVl65zTTNyfaHo46Gqk&export=download;1985–2025;2026-10-07T18:19:30.573244+00:00;ha
4109401;Guarapuava;39;3.2.1.1. Soja;4;11;1998;75603.7758031291;23.89580678080109;Rede MapBiomas;https://drive.google.com/uc?id=1otOqymHuixvkRGVl65zTTNyfaHo46Gqk&export=download;1985–2025;2026-10-07T18:19:30.573244+00:00;ha
4109401;Guarapuava;39;3.2.1.1. Soja;4;11;1999;79435.25861491982;25.106809432215254;Rede MapBiomas;https://drive.google.com/uc?id=1otOqymHuixvkRGVl65zTTNyfaHo46Gqk&export=download;1985–2025;2026-10-07T18:19:30.573244+00:00;ha
4109401;Guarapuava;39;3.2.1.1. Soja;4;11;2000;85139.1091132782;26.9096044377222;Rede MapBiomas;https://drive.google.com/uc?id=1otOqymHuixvkRGVl65zTTNyfaHo46Gqk&export=download;1985–2025;2026-10-07T18:19:30.573244+00:00;ha
4109401;Guarapuava;39;3.2.1.1. Soja;4;11;2001;81742.67247994809;25.836105228573814;Rede MapBiomas;https://drive.google.com/uc?id=1otOqymHuixvkRGVl65zTTNyfaHo46Gqk&export=download;1985–2025;2026-10-07T18:19:30.573244+00:00;ha
4109401;Guarapuava;39;3.2.1.1. Soja;4;11;2002;83702.70020980603;26.45560396947875;Rede MapBiomas;https://drive.google.com/uc?id=1otOqymHuixvkRGVl65zTTNyfaHo46Gqk&export=download;1985–2025;2026-10-07T18:19:30.573244+00:00;ha
4109401;Guarapuava;39;3.2.1.1. Soja;4;11;2003;85128.92884004286;26.906386796280046;Rede MapBiomas;https://drive.google.com/uc?id=1otOqymHuixvkRGVl65zTTNyfaHo46Gqk&export=download;1985–2025;2026-10-07T18:19:30.573244+00:00;ha
4109401;Guarapuava;39;3.2.1.1. Soja;4;11;2004;87160.32437097991;27.548442495046427;Rede MapBiomas;https://drive.google.com/uc?id=1otOqymHuixvkRGVl65zTTNyfaHo46Gqk&export=download;1985–2025;2026-10-07T18:19:30.573244+00:00;ha
4109401;Guarapuava;39;3.2.1.1. Soja;4;11;2005;87681.9063215808;27.713296979885477;Rede MapBiomas;https://drive.google.com/uc?id=1otOqymHuixvkRGVl65zTTNyfaHo46Gqk&export=download;1985–2025;2026-10-07T18:19:30.573244+00:00;ha
4109401;Guarapuava;39;3.2.1.1. Soja;4;11;2006;89442.57769555294;28.269785892112324;Rede MapBiomas;https://drive.google.com/uc?id=1otOqymHuixvkRGVl65zTTNyfaHo46Gqk&export=download;1985–2025;2026-10-07T18:19:30.573244+00:00;ha
4109401;Guarapuava;39;3.2.1.1. Soja;4;11;2007;91018.59863390742;28.76791302168165;Rede MapBiomas;https://drive.google.com/uc?id=1otOqymHuixvkRGVl65zTTNyfaHo46Gqk&export=download;1985–2025;2026-10-07T18:19:30.573244+00:00;ha
4109401;Guarapuava;39;3.2.1.1. Soja;4;11;2008;89870.04547213914;28.40489405682782;Rede MapBiomas;https://drive.google.com/uc?id=1otOqymHuixvkRGVl65zTTNyfaHo46Gqk&export=download;1985–2025;2026-10-07T18:19:30.573244+00:00;ha
4109401;Guarapuava;39;3.2.1.1. Soja;4;11;2009;91277.24825125934;28.849663452986352;Rede MapBiomas;https://drive.google.com/uc?id=1otOqymHuixvkRGVl65zTTNyfaHo46Gqk&export=download;1985–2025;2026-10-07T18:19:30.573244+00:00;ha
4109401;Guarapuava;39;3.2.1.1. Soja;4;11;2010;89921.7710955062;28.42124278397095;Rede MapBiomas;https://drive.google.com/uc?id=1otOqymHuixvkRGVl65zTTNyfaHo46Gqk&export=download;1985–2025;2026-10-07T18:19:30.573244+00:00;ha
4109401;Guarapuava;39;3.2.1.1. Soja;4;11;2011;91265.3461440272;28.845901597818635;Rede MapBiomas;https://drive.google.com/uc?id=1otOqymHuixvkRGVl65zTTNyfaHo46Gqk&export=download;1985–2025;2026-10-07T18:19:30.573244+00:00;ha
4109401;Guarapuava;39;3.2.1.1. Soja;4;11;2012;94150.69485432965;29.75786313074736;Rede MapBiomas;https://drive.google.com/uc?id=1otOqymHuixvkRGVl65zTTNyfaHo46Gqk&export=download;1985–2025;2026-10-07T18:19:30.573244+00:00;ha
4109401;Guarapuava;39;3.2.1.1. Soja;4;11;2013;91147.11713516011;28.808533390718367;Rede MapBiomas;https://drive.google.com/uc?id=1otOqymHuixvkRGVl65zTTNyfaHo46Gqk&export=download;1985–2025;2026-10-07T18:19:30.573244+00:00;ha
4109401;Guarapuava;39;3.2.1.1. Soja;4;11;2014;93640.21298674689;29.59651700823855;Rede MapBiomas;https://drive.google.com/uc?id=1otOqymHuixvkRGVl65zTTNyfaHo46Gqk&export=download;1985–2025;2026-10-07T18:19:30.573244+00:00;ha
4109401;Guarapuava;39;3.2.1.1. Soja;4;11;2015;95266.16403012718;30.110425362086264;Rede MapBiomas;https://drive.google.com/uc?id=1otOqymHuixvkRGVl65zTTNyfaHo46Gqk&export=download;1985–2025;2026-10-07T18:19:30.573244+00:00;ha
4109401;Guarapuava;39;3.2.1.1. Soja;4;11;2016;93586.29469545453;29.579475252625336;Rede MapBiomas;https://drive.google.com/uc?id=1otOqymHuixvkRGVl65zTTNyfaHo46Gqk&export=download;1985–2025;2026-10-07T18:19:30.573244+00:00;ha
4109401;Guarapuava;39;3.2.1.1. Soja;4;11;2017;95749.5194258725;30.26319772061587;Rede MapBiomas;https://drive.google.com/uc?id=1otOqymHuixvkRGVl65zTTNyfaHo46Gqk&export=download;1985–2025;2026-10-07T18:19:30.573244+00:00;ha
4109401;Guarapuava;39;3.2.1.1. Soja;4;11;2018;97946.36962956381;30.95754806801741;Rede MapBiomas;https://drive.google.com/uc?id=1otOqymHuixvkRGVl65zTTNyfaHo46Gqk&export=download;1985–2025;2026-10-07T18:19:30.573244+00:00;ha
4109401;Guarapuava;39;3.2.1.1. Soja;4;11;2019;100365.0939359712;31.72202534534866;Rede MapBiomas;https://drive.google.com/uc?id=1otOqymHuixvkRGVl65zTTNyfaHo46Gqk&export=download;1985–2025;2026-10-07T18:19:30.573244+00:00;ha
4109401;Guarapuava;39;3.2.1.1. Soja;4;11;2020;100696.2374185585;31.82668864546257;Rede MapBiomas;https://drive.google.com/uc?id=1otOqymHuixvkRGVl65zTTNyfaHo46Gqk&export=download;1985–2025;2026-10-07T18:19:30.573244+00:00;ha
4109401;Guarapuava;39;3.2.1.1. Soja;4;11;2021;100805.0685388527;31.861086496557473;Rede MapBiomas;https://drive.google.com/uc?id=1otOqymHuixvkRGVl65zTTNyfaHo46Gqk&export=download;1985–2025;2026-10-07T18:19:30.573244+00:00;ha
4109401;Guarapuava;39;3.2.1.1. Soja;4;11;2022;101719.9098758752;32.15023702630753;Rede MapBiomas;https://drive.google.com/uc?id=1otOqymHuixvkRGVl65zTTNyfaHo46Gqk&export=download;1985–2025;2026-10-07T18:19:30.573244+00:00;ha
4109401;Guarapuava;39;3.2.1.1. Soja;4;11;2023;102426.3053291093;32.373504833794726;Rede MapBiomas;https://drive.google.com/uc?id=1otOqymHuixvkRGVl65zTTNyfaHo46Gqk&export=download;1985–2025;2026-10-07T18:19:30.573244+00:00;ha
4109401;Guarapuava;39;3.2.1.1. Soja;4;11;2024;103015.2253035182;32.55964259964487;Rede MapBiomas;https://drive.google.com/uc?id=1otOqymHuixvkRGVl65zTTNyfaHo46Gqk&export=download;1985–2025;2026-10-07T18:19:30.573244+00:00;ha
4109401;Guarapuava;39;3.2.1.1. Soja;4;11;2025;103017.0312785122;32.56021340750531;Rede MapBiomas;https://drive.google.com/uc?id=1otOqymHuixvkRGVl65zTTNyfaHo46Gqk&export=download;1985–2025;2026-10-07T18:19:30.573244+00:00;ha
4109401;Guarapuava;41;3.2.1.5. Outras Lavouras Temporárias;4;11;1985;27945.13918297671;8.832517149908897;Rede MapBiomas;https://drive.google.com/uc?id=1otOqymHuixvkRGVl65zTTNyfaHo46Gqk&export=download;1985–2025;2026-10-07T18:19:30.573244+00:00;ha
4109401;Guarapuava;41;3.2.1.5. Outras Lavouras Temporárias;4;11;1986;10422.14145311262;3.294087838341126;Rede MapBiomas;https://drive.google.com/uc?id=1otOqymHuixvkRGVl65zTTNyfaHo46Gqk&export=download;1985–2025;2026-10-07T18:19:30.573244+00:00;ha
4109401;Guarapuava;41;3.2.1.5. Outras Lavouras Temporárias;4;11;1987;8602.127310876389;2.7188426760564877;Rede MapBiomas;https://drive.google.com/uc?id=1otOqymHuixvkRGVl65zTTNyfaHo46Gqk&export=download;1985–2025;2026-10-07T18:19:30.573244+00:00;ha
4109401;Guarapuava;41;3.2.1.5. Outras Lavouras Temporárias;4;11;1988;10170.11922620841;3.214432101910023;Rede MapBiomas;https://drive.google.com/uc?id=1otOqymHuixvkRGVl65zTTNyfaHo46Gqk&export=download;1985–2025;2026-10-07T18:19:30.573244+00:00;ha
4109401;Guarapuava;41;3.2.1.5. Outras Lavouras Temporárias;4;11;1989;14807.14963478414;4.680041213398854;Rede MapBiomas;https://drive.google.com/uc?id=1otOqymHuixvkRGVl65zTTNyfaHo46Gqk&export=download;1985–2025;2026-10-07T18:19:30.573244+00:00;ha
4109401;Guarapuava;41;3.2.1.5. Outras Lavouras Temporárias;4;11;1990;17567.43145713535;5.552473315986144;Rede MapBiomas;https://drive.google.com/uc?id=1otOqymHuixvkRGVl65zTTNyfaHo46Gqk&export=download;1985–2025;2026-10-07T18:19:30.573244+00:00;ha
4109401;Guarapuava;41;3.2.1.5. Outras Lavouras Temporárias;4;11;1991;25949.92063955055;8.201895778255002;Rede MapBiomas;https://drive.google.com/uc?id=1otOqymHuixvkRGVl65zTTNyfaHo46Gqk&export=download;1985–2025;2026-10-07T18:19:30.573244+00:00;ha
4109401;Guarapuava;41;3.2.1.5. Outras Lavouras Temporárias;4;11;1992;23396.37561301221;7.394806212792977;Rede MapBiomas;https://drive.google.com/uc?id=1otOqymHuixvkRGVl65zTTNyfaHo46Gqk&export=download;1985–2025;2026-10-07T18:19:30.573244+00:00;ha
4109401;Guarapuava;41;3.2.1.5. Outras Lavouras Temporárias;4;11;1993;25524.9673888607;8.067582370472296;Rede MapBiomas;https://drive.google.com/uc?id=1otOqymHuixvkRGVl65zTTNyfaHo46Gqk&export=download;1985–2025;2026-10-07T18:19:30.573244+00:00;ha
4109401;Guarapuava;41;3.2.1.5. Outras Lavouras Temporárias;4;11;1994;22841.12957447491;7.21931164374867;Rede MapBiomas;https://drive.google.com/uc?id=1otOqymHuixvkRGVl65zTTNyfaHo46Gqk&export=download;1985–2025;2026-10-07T18:19:30.573244+00:00;ha
4109401;Guarapuava;41;3.2.1.5. Outras Lavouras Temporárias;4;11;1995;23706.96915270956;7.492974368194361;Rede MapBiomas;https://drive.google.com/uc?id=1otOqymHuixvkRGVl65zTTNyfaHo46Gqk&export=download;1985–2025;2026-10-07T18:19:30.573244+00:00;ha
4109401;Guarapuava;41;3.2.1.5. Outras Lavouras Temporárias;4;11;1996;23859.82501813302;7.541286958229314;Rede MapBiomas;https://drive.google.com/uc?id=1otOqymHuixvkRGVl65zTTNyfaHo46Gqk&export=download;1985–2025;2026-10-07T18:19:30.573244+00:00;ha
4109401;Guarapuava;41;3.2.1.5. Outras Lavouras Temporárias;4;11;1997;24535.37908377065;7.754806842004661;Rede MapBiomas;https://drive.google.com/uc?id=1otOqymHuixvkRGVl65zTTNyfaHo46Gqk&export=download;1985–2025;2026-10-07T18:19:30.573244+00:00;ha
4109401;Guarapuava;41;3.2.1.5. Outras Lavouras Temporárias;4;11;1998;19662.63042362085;6.214695131479115;Rede MapBiomas;https://drive.google.com/uc?id=1otOqymHuixvkRGVl65zTTNyfaHo46Gqk&export=download;1985–2025;2026-10-07T18:19:30.573244+00:00;ha
4109401;Guarapuava;41;3.2.1.5. Outras Lavouras Temporárias;4;11;1999;16717.488933545;5.283835115013371;Rede MapBiomas;https://drive.google.com/uc?id=1otOqymHuixvkRGVl65zTTNyfaHo46Gqk&export=download;1985–2025;2026-10-07T18:19:30.573244+00:00;ha
4109401;Guarapuava;41;3.2.1.5. Outras Lavouras Temporárias;4;11;2000;11853.28637914427;3.7464245406353096;Rede MapBiomas;https://drive.google.com/uc?id=1otOqymHuixvkRGVl65zTTNyfaHo46Gqk&export=download;1985–2025;2026-10-07T18:19:30.573244+00:00;ha
4109401;Guarapuava;41;3.2.1.5. Outras Lavouras Temporárias;4;11;2001;15861.70668876351;5.013351174885974;Rede MapBiomas;https://drive.google.com/uc?id=1otOqymHuixvkRGVl65zTTNyfaHo46Gqk&export=download;1985–2025;2026-10-07T18:19:30.573244+00:00;ha
4109401;Guarapuava;41;3.2.1.5. Outras Lavouras Temporárias;4;11;2002;14366.32647965706;4.540711863409117;Rede MapBiomas;https://drive.google.com/uc?id=1otOqymHuixvkRGVl65zTTNyfaHo46Gqk&export=download;1985–2025;2026-10-07T18:19:30.573244+00:00;ha
4109401;Guarapuava;41;3.2.1.5. Outras Lavouras Temporárias;4;11;2003;12088.29866785253;3.82070400859085;Rede MapBiomas;https://drive.google.com/uc?id=1otOqymHuixvkRGVl65zTTNyfaHo46Gqk&export=download;1985–2025;2026-10-07T18:19:30.573244+00:00;ha
4109401;Guarapuava;41;3.2.1.5. Outras Lavouras Temporárias;4;11;2004;9881.79660067752;3.123303032269903;Rede MapBiomas;https://drive.google.com/uc?id=1otOqymHuixvkRGVl65zTTNyfaHo46Gqk&export=download;1985–2025;2026-10-07T18:19:30.573244+00:00;ha
4109401;Guarapuava;41;3.2.1.5. Outras Lavouras Temporárias;4;11;2005;9841.708732757525;3.1106326076000435;Rede MapBiomas;https://drive.google.com/uc?id=1otOqymHuixvkRGVl65zTTNyfaHo46Gqk&export=download;1985–2025;2026-10-07T18:19:30.573244+00:00;ha
4109401;Guarapuava;41;3.2.1.5. Outras Lavouras Temporárias;4;11;2006;10760.31962423093;3.400974566532727;Rede MapBiomas;https://drive.google.com/uc?id=1otOqymHuixvkRGVl65zTTNyfaHo46Gqk&export=download;1985–2025;2026-10-07T18:19:30.573244+00:00;ha
4109401;Guarapuava;41;3.2.1.5. Outras Lavouras Temporárias;4;11;2007;10934.55016798699;3.456042972372008;Rede MapBiomas;https://drive.google.com/uc?id=1otOqymHuixvkRGVl65zTTNyfaHo46Gqk&export=download;1985–2025;2026-10-07T18:19:30.573244+00:00;ha
4109401;Guarapuava;41;3.2.1.5. Outras Lavouras Temporárias;4;11;2008;13677.34136842058;4.322946878551386;Rede MapBiomas;https://drive.google.com/uc?id=1otOqymHuixvkRGVl65zTTNyfaHo46Gqk&export=download;1985–2025;2026-10-07T18:19:30.573244+00:00;ha
4109401;Guarapuava;41;3.2.1.5. Outras Lavouras Temporárias;4;11;2009;13417.3927703735;4.240785883205754;Rede MapBiomas;https://drive.google.com/uc?id=1otOqymHuixvkRGVl65zTTNyfaHo46Gqk&export=download;1985–2025;2026-10-07T18:19:30.573244+00:00;ha
4109401;Guarapuava;41;3.2.1.5. Outras Lavouras Temporárias;4;11;2010;15275.61937788685;4.828108718558703;Rede MapBiomas;https://drive.google.com/uc?id=1otOqymHuixvkRGVl65zTTNyfaHo46Gqk&export=download;1985–2025;2026-10-07T18:19:30.573244+00:00;ha
4109401;Guarapuava;41;3.2.1.5. Outras Lavouras Temporárias;4;11;2011;13486.56777089246;4.2626497706757025;Rede MapBiomas;https://drive.google.com/uc?id=1otOqymHuixvkRGVl65zTTNyfaHo46Gqk&export=download;1985–2025;2026-10-07T18:19:30.573244+00:00;ha
4109401;Guarapuava;41;3.2.1.5. Outras Lavouras Temporárias;4;11;2012;9319.648103881931;2.94562682868287;Rede MapBiomas;https://drive.google.com/uc?id=1otOqymHuixvkRGVl65zTTNyfaHo46Gqk&export=download;1985–2025;2026-10-07T18:19:30.573244+00:00;ha
4109401;Guarapuava;41;3.2.1.5. Outras Lavouras Temporárias;4;11;2013;12258.00208755487;3.8743415430151624;Rede MapBiomas;https://drive.google.com/uc?id=1otOqymHuixvkRGVl65zTTNyfaHo46Gqk&export=download;1985–2025;2026-10-07T18:19:30.573244+00:00;ha
4109401;Guarapuava;41;3.2.1.5. Outras Lavouras Temporárias;4;11;2014;9580.471607623378;3.028064352246861;Rede MapBiomas;https://drive.google.com/uc?id=1otOqymHuixvkRGVl65zTTNyfaHo46Gqk&export=download;1985–2025;2026-10-07T18:19:30.573244+00:00;ha
4109401;Guarapuava;41;3.2.1.5. Outras Lavouras Temporárias;4;11;2015;7470.413830944906;2.3611461673782603;Rede MapBiomas;https://drive.google.com/uc?id=1otOqymHuixvkRGVl65zTTNyfaHo46Gqk&export=download;1985–2025;2026-10-07T18:19:30.573244+00:00;ha
4109401;Guarapuava;41;3.2.1.5. Outras Lavouras Temporárias;4;11;2016;9153.885222473265;2.8932347656742077;Rede MapBiomas;https://drive.google.com/uc?id=1otOqymHuixvkRGVl65zTTNyfaHo46Gqk&export=download;1985–2025;2026-10-07T18:19:30.573244+00:00;ha
4109401;Guarapuava;41;3.2.1.5. Outras Lavouras Temporárias;4;11;2017;7248.552048620712;2.2910231315094136;Rede MapBiomas;https://drive.google.com/uc?id=1otOqymHuixvkRGVl65zTTNyfaHo46Gqk&export=download;1985–2025;2026-10-07T18:19:30.573244+00:00;ha
4109401;Guarapuava;41;3.2.1.5. Outras Lavouras Temporárias;4;11;2018;4815.411950781275;1.5219895081095585;Rede MapBiomas;https://drive.google.com/uc?id=1otOqymHuixvkRGVl65zTTNyfaHo46Gqk&export=download;1985–2025;2026-10-07T18:19:30.573244+00:00;ha
4109401;Guarapuava;41;3.2.1.5. Outras Lavouras Temporárias;4;11;2019;3424.968165185552;1.082517065269133;Rede MapBiomas;https://drive.google.com/uc?id=1otOqymHuixvkRGVl65zTTNyfaHo46Gqk&export=download;1985–2025;2026-10-07T18:19:30.573244+00:00;ha
4109401;Guarapuava;41;3.2.1.5. Outras Lavouras Temporárias;4;11;2020;3105.50127634278;0.9815443431060342;Rede MapBiomas;https://drive.google.com/uc?id=1otOqymHuixvkRGVl65zTTNyfaHo46Gqk&export=download;1985–2025;2026-10-07T18:19:30.573244+00:00;ha
4109401;Guarapuava;41;3.2.1.5. Outras Lavouras Temporárias;4;11;2021;3023.069944030767;0.9554905757023916;Rede MapBiomas;https://drive.google.com/uc?id=1otOqymHuixvkRGVl65zTTNyfaHo46Gqk&export=download;1985–2025;2026-10-07T18:19:30.573244+00:00;ha
4109401;Guarapuava;41;3.2.1.5. Outras Lavouras Temporárias;4;11;2022;2347.530145526119;0.7419752012871862;Rede MapBiomas;https://drive.google.com/uc?id=1otOqymHuixvkRGVl65zTTNyfaHo46Gqk&export=download;1985–2025;2026-10-07T18:19:30.573244+00:00;ha
4109401;Guarapuava;41;3.2.1.5. Outras Lavouras Temporárias;4;11;2023;1900.963233660885;0.6008304432738037;Rede MapBiomas;https://drive.google.com/uc?id=1otOqymHuixvkRGVl65zTTNyfaHo46Gqk&export=download;1985–2025;2026-10-07T18:19:30.573244+00:00;ha
4109401;Guarapuava;41;3.2.1.5. Outras Lavouras Temporárias;4;11;2024;1556.843686224363;0.49206584616621457;Rede MapBiomas;https://drive.google.com/uc?id=1otOqymHuixvkRGVl65zTTNyfaHo46Gqk&export=download;1985–2025;2026-10-07T18:19:30.573244+00:00;ha
4109401;Guarapuava;41;3.2.1.5. Outras Lavouras Temporárias;4;11;2025;1558.376406988523;0.49255028756930885;Rede MapBiomas;https://drive.google.com/uc?id=1otOqymHuixvkRGVl65zTTNyfaHo46Gqk&export=download;1985–2025;2026-10-07T18:19:30.573244+00:00;ha
4109401;Guarapuava;46;3.2.2.1. Café;4;11;1985;4.784669665527345;0.0015122729073098696;Rede MapBiomas;https://drive.google.com/uc?id=1otOqymHuixvkRGVl65zTTNyfaHo46Gqk&export=download;1985–2025;2026-10-07T18:19:30.573244+00:00;ha
4109401;Guarapuava;46;3.2.2.1. Café;4;11;1986;8.919931420898438;0.0028192898498458825;Rede MapBiomas;https://drive.google.com/uc?id=1otOqymHuixvkRGVl65zTTNyfaHo46Gqk&export=download;1985–2025;2026-10-07T18:19:30.573244+00:00;ha
4109401;Guarapuava;46;3.2.2.1. Café;4;11;1987;10.21653832397461;0.0032291036150636607;Rede MapBiomas;https://drive.google.com/uc?id=1otOqymHuixvkRGVl65zTTNyfaHo46Gqk&export=download;1985–2025;2026-10-07T18:19:30.573244+00:00;ha
4109401;Guarapuava;46;3.2.2.1. Café;4;11;1988;9.24307534790039;0.0029214247599082493;Rede MapBiomas;https://drive.google.com/uc?id=1otOqymHuixvkRGVl65zTTNyfaHo46Gqk&export=download;1985–2025;2026-10-07T18:19:30.573244+00:00;ha
4109401;Guarapuava;46;3.2.2.1. Café;4;11;1989;9.080196954345704;0.0028699443863448304;Rede MapBiomas;https://drive.google.com/uc?id=1otOqymHuixvkRGVl65zTTNyfaHo46Gqk&export=download;1985–2025;2026-10-07T18:19:30.573244+00:00;ha
4109401;Guarapuava;46;3.2.2.1. Café;4;11;1990;7.702305401611327;0.002434439281483706;Rede MapBiomas;https://drive.google.com/uc?id=1otOqymHuixvkRGVl65zTTNyfaHo46Gqk&export=download;1985–2025;2026-10-07T18:19:30.573244+00:00;ha
4109401;Guarapuava;46;3.2.2.1. Café;4;11;1991;4.215525750732422;0.0013323856877373612;Rede MapBiomas;https://drive.google.com/uc?id=1otOqymHuixvkRGVl65zTTNyfaHo46Gqk&export=download;1985–2025;2026-10-07T18:19:30.573244+00:00;ha
4109401;Guarapuava;46;3.2.2.1. Café;4;11;1992;2.269416833496094;0.0007172862146400318;Rede MapBiomas;https://drive.google.com/uc?id=1otOqymHuixvkRGVl65zTTNyfaHo46Gqk&export=download;1985–2025;2026-10-07T18:19:30.573244+00:00;ha
4109401;Guarapuava;46;3.2.2.1. Café;4;11;1993;3.809818054199219;0.0012041551513275635;Rede MapBiomas;https://drive.google.com/uc?id=1otOqymHuixvkRGVl65zTTNyfaHo46Gqk&export=download;1985–2025;2026-10-07T18:19:30.573244+00:00;ha
4109401;Guarapuava;46;3.2.2.1. Café;4;11;1994;3.809818054199219;0.0012041551513275635;Rede MapBiomas;https://drive.google.com/uc?id=1otOqymHuixvkRGVl65zTTNyfaHo46Gqk&export=download;1985–2025;2026-10-07T18:19:30.573244+00:00;ha
4109401;Guarapuava;46;3.2.2.1. Café;4;11;1995;2.756300012207031;0.0008711735865299588;Rede MapBiomas;https://drive.google.com/uc?id=1otOqymHuixvkRGVl65zTTNyfaHo46Gqk&export=download;1985–2025;2026-10-07T18:19:30.573244+00:00;ha
4109401;Guarapuava;46;3.2.2.1. Café;4;11;1996;0.0;0.0;Rede MapBiomas;https://drive.google.com/uc?id=1otOqymHuixvkRGVl65zTTNyfaHo46Gqk&export=download;1985–2025;2026-10-07T18:19:30.573244+00:00;ha
4109401;Guarapuava;46;3.2.2.1. Café;4;11;1997;1.216601214599609;0.0003845266621215095;Rede MapBiomas;https://drive.google.com/uc?id=1otOqymHuixvkRGVl65zTTNyfaHo46Gqk&export=download;1985–2025;2026-10-07T18:19:30.573244+00:00;ha
4109401;Guarapuava;46;3.2.2.1. Café;4;11;1998;2.757237884521484;0.0008714700163758648;Rede MapBiomas;https://drive.google.com/uc?id=1otOqymHuixvkRGVl65zTTNyfaHo46Gqk&export=download;1985–2025;2026-10-07T18:19:30.573244+00:00;ha
4109401;Guarapuava;46;3.2.2.1. Café;4;11;1999;3.973061614990234;0.001255750941953547;Rede MapBiomas;https://drive.google.com/uc?id=1otOqymHuixvkRGVl65zTTNyfaHo46Gqk&export=download;1985–2025;2026-10-07T18:19:30.573244+00:00;ha
4109401;Guarapuava;46;3.2.2.1. Café;4;11;2000;6.162774804687499;0.0019478455196454175;Rede MapBiomas;https://drive.google.com/uc?id=1otOqymHuixvkRGVl65zTTNyfaHo46Gqk&export=download;1985–2025;2026-10-07T18:19:30.573244+00:00;ha
4109401;Guarapuava;46;3.2.2.1. Café;4;11;2001;6.162715447998046;0.001947826758995341;Rede MapBiomas;https://drive.google.com/uc?id=1otOqymHuixvkRGVl65zTTNyfaHo46Gqk&export=download;1985–2025;2026-10-07T18:19:30.573244+00:00;ha
4109401;Guarapuava;46;3.2.2.1. Café;4;11;2002;5.91854610595703;0.0018706530549411847;Rede MapBiomas;https://drive.google.com/uc?id=1otOqymHuixvkRGVl65zTTNyfaHo46Gqk&export=download;1985–2025;2026-10-07T18:19:30.573244+00:00;ha
4109401;Guarapuava;46;3.2.2.1. Café;4;11;2003;9.242109173583984;0.002921119384752893;Rede MapBiomas;https://drive.google.com/uc?id=1otOqymHuixvkRGVl65zTTNyfaHo46Gqk&export=download;1985–2025;2026-10-07T18:19:30.573244+00:00;ha
4109401;Guarapuava;46;3.2.2.1. Café;4;11;2004;20.91807763671875;0.006611499705179267;Rede MapBiomas;https://drive.google.com/uc?id=1otOqymHuixvkRGVl65zTTNyfaHo46Gqk&export=download;1985–2025;2026-10-07T18:19:30.573244+00:00;ha
4109401;Guarapuava;46;3.2.2.1. Café;4;11;2005;30.07969370117188;0.009507177929586077;Rede MapBiomas;https://drive.google.com/uc?id=1otOqymHuixvkRGVl65zTTNyfaHo46Gqk&export=download;1985–2025;2026-10-07T18:19:30.573244+00:00;ha
4109401;Guarapuava;46;3.2.2.1. Café;4;11;2006;27.24213353271485;0.008610320744954034;Rede MapBiomas;https://drive.google.com/uc?id=1otOqymHuixvkRGVl65zTTNyfaHo46Gqk&export=download;1985–2025;2026-10-07T18:19:30.573244+00:00;ha
4109401;Guarapuava;46;3.2.2.1. Café;4;11;2007;16.05358362426758;0.005073997010729371;Rede MapBiomas;https://drive.google.com/uc?id=1otOqymHuixvkRGVl65zTTNyfaHo46Gqk&export=download;1985–2025;2026-10-07T18:19:30.573244+00:00;ha
4109401;Guarapuava;46;3.2.2.1. Café;4;11;2008;5.675283496093749;0.0017937659383846889;Rede MapBiomas;https://drive.google.com/uc?id=1otOqymHuixvkRGVl65zTTNyfaHo46Gqk&export=download;1985–2025;2026-10-07T18:19:30.573244+00:00;ha
4109401;Guarapuava;46;3.2.2.1. Café;4;11;2009;9.88764568481445;0.003125151730736295;Rede MapBiomas;https://drive.google.com/uc?id=1otOqymHuixvkRGVl65zTTNyfaHo46Gqk&export=download;1985–2025;2026-10-07T18:19:30.573244+00:00;ha
4109401;Guarapuava;46;3.2.2.1. Café;4;11;2010;10.04891248779297;0.0031761227348058134;Rede MapBiomas;https://drive.google.com/uc?id=1otOqymHuixvkRGVl65zTTNyfaHo46Gqk&export=download;1985–2025;2026-10-07T18:19:30.573244+00:00;ha
4109401;Guarapuava;46;3.2.2.1. Café;4;11;2011;8.590659320068358;0.0027152180304670097;Rede MapBiomas;https://drive.google.com/uc?id=1otOqymHuixvkRGVl65zTTNyfaHo46Gqk&export=download;1985–2025;2026-10-07T18:19:30.573244+00:00;ha
4109401;Guarapuava;46;3.2.2.1. Café;4;11;2012;9.321077087402346;0.002946078482237657;Rede MapBiomas;https://drive.google.com/uc?id=1otOqymHuixvkRGVl65zTTNyfaHo46Gqk&export=download;1985–2025;2026-10-07T18:19:30.573244+00:00;ha
4109401;Guarapuava;46;3.2.2.1. Café;4;11;2013;12.64594460449219;0.003996957104583559;Rede MapBiomas;https://drive.google.com/uc?id=1otOqymHuixvkRGVl65zTTNyfaHo46Gqk&export=download;1985–2025;2026-10-07T18:19:30.573244+00:00;ha
4109401;Guarapuava;46;3.2.2.1. Café;4;11;2014;15.2404803100586;0.004817002442895067;Rede MapBiomas;https://drive.google.com/uc?id=1otOqymHuixvkRGVl65zTTNyfaHo46Gqk&export=download;1985–2025;2026-10-07T18:19:30.573244+00:00;ha
4109401;Guarapuava;46;3.2.2.1. Café;4;11;2015;8.915741668701171;0.0028179656103102008;Rede MapBiomas;https://drive.google.com/uc?id=1otOqymHuixvkRGVl65zTTNyfaHo46Gqk&export=download;1985–2025;2026-10-07T18:19:30.573244+00:00;ha
4109401;Guarapuava;46;3.2.2.1. Café;4;11;2016;8.672544042968749;0.0027410990330484467;Rede MapBiomas;https://drive.google.com/uc?id=1otOqymHuixvkRGVl65zTTNyfaHo46Gqk&export=download;1985–2025;2026-10-07T18:19:30.573244+00:00;ha
4109401;Guarapuava;46;3.2.2.1. Café;4;11;2017;10.45645503540039;0.003304933205832305;Rede MapBiomas;https://drive.google.com/uc?id=1otOqymHuixvkRGVl65zTTNyfaHo46Gqk&export=download;1985–2025;2026-10-07T18:19:30.573244+00:00;ha
4109401;Guarapuava;46;3.2.2.1. Café;4;11;2018;10.05118215942383;0.0031768401015533176;Rede MapBiomas;https://drive.google.com/uc?id=1otOqymHuixvkRGVl65zTTNyfaHo46Gqk&export=download;1985–2025;2026-10-07T18:19:30.573244+00:00;ha
4109401;Guarapuava;46;3.2.2.1. Café;4;11;2019;10.4565211303711;0.0033049540962261053;Rede MapBiomas;https://drive.google.com/uc?id=1otOqymHuixvkRGVl65zTTNyfaHo46Gqk&export=download;1985–2025;2026-10-07T18:19:30.573244+00:00;ha
4109401;Guarapuava;46;3.2.2.1. Café;4;11;2020;10.37545678100586;0.0032793323860844416;Rede MapBiomas;https://drive.google.com/uc?id=1otOqymHuixvkRGVl65zTTNyfaHo46Gqk&export=download;1985–2025;2026-10-07T18:19:30.573244+00:00;ha
4109401;Guarapuava;46;3.2.2.1. Café;4;11;2021;13.94366307373047;0.004407122198421523;Rede MapBiomas;https://drive.google.com/uc?id=1otOqymHuixvkRGVl65zTTNyfaHo46Gqk&export=download;1985–2025;2026-10-07T18:19:30.573244+00:00;ha
4109401;Guarapuava;46;3.2.2.1. Café;4;11;2022;13.94370728149415;0.004407136171006463;Rede MapBiomas;https://drive.google.com/uc?id=1otOqymHuixvkRGVl65zTTNyfaHo46Gqk&export=download;1985–2025;2026-10-07T18:19:30.573244+00:00;ha
4109401;Guarapuava;46;3.2.2.1. Café;4;11;2023;13.94366307373047;0.004407122198421523;Rede MapBiomas;https://drive.google.com/uc?id=1otOqymHuixvkRGVl65zTTNyfaHo46Gqk&export=download;1985–2025;2026-10-07T18:19:30.573244+00:00;ha
4109401;Guarapuava;46;3.2.2.1. Café;4;11;2024;14.83480971679688;0.004688783633579542;Rede MapBiomas;https://drive.google.com/uc?id=1otOqymHuixvkRGVl65zTTNyfaHo46Gqk&export=download;1985–2025;2026-10-07T18:19:30.573244+00:00;ha
4109401;Guarapuava;46;3.2.2.1. Café;4;11;2025;14.83480971679688;0.004688783633579542;Rede MapBiomas;https://drive.google.com/uc?id=1otOqymHuixvkRGVl65zTTNyfaHo46Gqk&export=download;1985–2025;2026-10-07T18:19:30.573244+00:00;ha
4109401;Guarapuava;48;3.2.1.4. Outras Lavouras Perenes;4;11;1985;8.50958092651367;0.0026895918814301466;Rede MapBiomas;https://drive.google.com/uc?id=1otOqymHuixvkRGVl65zTTNyfaHo46Gqk&export=download;1985–2025;2026-10-07T18:19:30.573244+00:00;ha
4109401;Guarapuava;48;3.2.1.4. Outras Lavouras Perenes;4;11;1986;8.50958092651367;0.0026895918814301466;Rede MapBiomas;https://drive.google.com/uc?id=1otOqymHuixvkRGVl65zTTNyfaHo46Gqk&export=download;1985–2025;2026-10-07T18:19:30.573244+00:00;ha
4109401;Guarapuava;48;3.2.1.4. Outras Lavouras Perenes;4;11;1987;5.429000708007814;0.0017159242452282094;Rede MapBiomas;https://drive.google.com/uc?id=1otOqymHuixvkRGVl65zTTNyfaHo46Gqk&export=download;1985–2025;2026-10-07T18:19:30.573244+00:00;ha
4109401;Guarapuava;48;3.2.1.4. Outras Lavouras Perenes;4;11;1988;0.0;0.0;Rede MapBiomas;https://drive.google.com/uc?id=1otOqymHuixvkRGVl65zTTNyfaHo46Gqk&export=download;1985–2025;2026-10-07T18:19:30.573244+00:00;ha
4109401;Guarapuava;48;3.2.1.4. Outras Lavouras Perenes;4;11;1989;0.0;0.0;Rede MapBiomas;https://drive.google.com/uc?id=1otOqymHuixvkRGVl65zTTNyfaHo46Gqk&export=download;1985–2025;2026-10-07T18:19:30.573244+00:00;ha
4109401;Guarapuava;48;3.2.1.4. Outras Lavouras Perenes;4;11;1990;0.0;0.0;Rede MapBiomas;https://drive.google.com/uc?id=1otOqymHuixvkRGVl65zTTNyfaHo46Gqk&export=download;1985–2025;2026-10-07T18:19:30.573244+00:00;ha
4109401;Guarapuava;48;3.2.1.4. Outras Lavouras Perenes;4;11;1991;0.0;0.0;Rede MapBiomas;https://drive.google.com/uc?id=1otOqymHuixvkRGVl65zTTNyfaHo46Gqk&export=download;1985–2025;2026-10-07T18:19:30.573244+00:00;ha
4109401;Guarapuava;48;3.2.1.4. Outras Lavouras Perenes;4;11;1992;0.0;0.0;Rede MapBiomas;https://drive.google.com/uc?id=1otOqymHuixvkRGVl65zTTNyfaHo46Gqk&export=download;1985–2025;2026-10-07T18:19:30.573244+00:00;ha
4109401;Guarapuava;48;3.2.1.4. Outras Lavouras Perenes;4;11;1993;0.0;0.0;Rede MapBiomas;https://drive.google.com/uc?id=1otOqymHuixvkRGVl65zTTNyfaHo46Gqk&export=download;1985–2025;2026-10-07T18:19:30.573244+00:00;ha
4109401;Guarapuava;48;3.2.1.4. Outras Lavouras Perenes;4;11;1994;0.0;0.0;Rede MapBiomas;https://drive.google.com/uc?id=1otOqymHuixvkRGVl65zTTNyfaHo46Gqk&export=download;1985–2025;2026-10-07T18:19:30.573244+00:00;ha
4109401;Guarapuava;48;3.2.1.4. Outras Lavouras Perenes;4;11;1995;0.0;0.0;Rede MapBiomas;https://drive.google.com/uc?id=1otOqymHuixvkRGVl65zTTNyfaHo46Gqk&export=download;1985–2025;2026-10-07T18:19:30.573244+00:00;ha
4109401;Guarapuava;48;3.2.1.4. Outras Lavouras Perenes;4;11;1996;0.0;0.0;Rede MapBiomas;https://drive.google.com/uc?id=1otOqymHuixvkRGVl65zTTNyfaHo46Gqk&export=download;1985–2025;2026-10-07T18:19:30.573244+00:00;ha
4109401;Guarapuava;48;3.2.1.4. Outras Lavouras Perenes;4;11;1997;0.0;0.0;Rede MapBiomas;https://drive.google.com/uc?id=1otOqymHuixvkRGVl65zTTNyfaHo46Gqk&export=download;1985–2025;2026-10-07T18:19:30.573244+00:00;ha
4109401;Guarapuava;48;3.2.1.4. Outras Lavouras Perenes;4;11;1998;0.0;0.0;Rede MapBiomas;https://drive.google.com/uc?id=1otOqymHuixvkRGVl65zTTNyfaHo46Gqk&export=download;1985–2025;2026-10-07T18:19:30.573244+00:00;ha
4109401;Guarapuava;48;3.2.1.4. Outras Lavouras Perenes;4;11;1999;0.0;0.0;Rede MapBiomas;https://drive.google.com/uc?id=1otOqymHuixvkRGVl65zTTNyfaHo46Gqk&export=download;1985–2025;2026-10-07T18:19:30.573244+00:00;ha
4109401;Guarapuava;48;3.2.1.4. Outras Lavouras Perenes;4;11;2000;0.0;0.0;Rede MapBiomas;https://drive.google.com/uc?id=1otOqymHuixvkRGVl65zTTNyfaHo46Gqk&export=download;1985–2025;2026-10-07T18:19:30.573244+00:00;ha
4109401;Guarapuava;48;3.2.1.4. Outras Lavouras Perenes;4;11;2001;0.0;0.0;Rede MapBiomas;https://drive.google.com/uc?id=1otOqymHuixvkRGVl65zTTNyfaHo46Gqk&export=download;1985–2025;2026-10-07T18:19:30.573244+00:00;ha
4109401;Guarapuava;48;3.2.1.4. Outras Lavouras Perenes;4;11;2002;0.0;0.0;Rede MapBiomas;https://drive.google.com/uc?id=1otOqymHuixvkRGVl65zTTNyfaHo46Gqk&export=download;1985–2025;2026-10-07T18:19:30.573244+00:00;ha
4109401;Guarapuava;48;3.2.1.4. Outras Lavouras Perenes;4;11;2003;0.0;0.0;Rede MapBiomas;https://drive.google.com/uc?id=1otOqymHuixvkRGVl65zTTNyfaHo46Gqk&export=download;1985–2025;2026-10-07T18:19:30.573244+00:00;ha
4109401;Guarapuava;48;3.2.1.4. Outras Lavouras Perenes;4;11;2004;0.0;0.0;Rede MapBiomas;https://drive.google.com/uc?id=1otOqymHuixvkRGVl65zTTNyfaHo46Gqk&export=download;1985–2025;2026-10-07T18:19:30.573244+00:00;ha
4109401;Guarapuava;48;3.2.1.4. Outras Lavouras Perenes;4;11;2005;0.0;0.0;Rede MapBiomas;https://drive.google.com/uc?id=1otOqymHuixvkRGVl65zTTNyfaHo46Gqk&export=download;1985–2025;2026-10-07T18:19:30.573244+00:00;ha
4109401;Guarapuava;48;3.2.1.4. Outras Lavouras Perenes;4;11;2006;0.0;0.0;Rede MapBiomas;https://drive.google.com/uc?id=1otOqymHuixvkRGVl65zTTNyfaHo46Gqk&export=download;1985–2025;2026-10-07T18:19:30.573244+00:00;ha
4109401;Guarapuava;48;3.2.1.4. Outras Lavouras Perenes;4;11;2007;0.0;0.0;Rede MapBiomas;https://drive.google.com/uc?id=1otOqymHuixvkRGVl65zTTNyfaHo46Gqk&export=download;1985–2025;2026-10-07T18:19:30.573244+00:00;ha
4109401;Guarapuava;48;3.2.1.4. Outras Lavouras Perenes;4;11;2008;0.0;0.0;Rede MapBiomas;https://drive.google.com/uc?id=1otOqymHuixvkRGVl65zTTNyfaHo46Gqk&export=download;1985–2025;2026-10-07T18:19:30.573244+00:00;ha
4109401;Guarapuava;48;3.2.1.4. Outras Lavouras Perenes;4;11;2009;0.0;0.0;Rede MapBiomas;https://drive.google.com/uc?id=1otOqymHuixvkRGVl65zTTNyfaHo46Gqk&export=download;1985–2025;2026-10-07T18:19:30.573244+00:00;ha
4109401;Guarapuava;48;3.2.1.4. Outras Lavouras Perenes;4;11;2010;0.0;0.0;Rede MapBiomas;https://drive.google.com/uc?id=1otOqymHuixvkRGVl65zTTNyfaHo46Gqk&export=download;1985–2025;2026-10-07T18:19:30.573244+00:00;ha
4109401;Guarapuava;48;3.2.1.4. Outras Lavouras Perenes;4;11;2011;0.0;0.0;Rede MapBiomas;https://drive.google.com/uc?id=1otOqymHuixvkRGVl65zTTNyfaHo46Gqk&export=download;1985–2025;2026-10-07T18:19:30.573244+00:00;ha
4109401;Guarapuava;48;3.2.1.4. Outras Lavouras Perenes;4;11;2012;0.0;0.0;Rede MapBiomas;https://drive.google.com/uc?id=1otOqymHuixvkRGVl65zTTNyfaHo46Gqk&export=download;1985–2025;2026-10-07T18:19:30.573244+00:00;ha
4109401;Guarapuava;48;3.2.1.4. Outras Lavouras Perenes;4;11;2013;0.0;0.0;Rede MapBiomas;https://drive.google.com/uc?id=1otOqymHuixvkRGVl65zTTNyfaHo46Gqk&export=download;1985–2025;2026-10-07T18:19:30.573244+00:00;ha
4109401;Guarapuava;48;3.2.1.4. Outras Lavouras Perenes;4;11;2014;0.0;0.0;Rede MapBiomas;https://drive.google.com/uc?id=1otOqymHuixvkRGVl65zTTNyfaHo46Gqk&export=download;1985–2025;2026-10-07T18:19:30.573244+00:00;ha
4109401;Guarapuava;48;3.2.1.4. Outras Lavouras Perenes;4;11;2015;0.0;0.0;Rede MapBiomas;https://drive.google.com/uc?id=1otOqymHuixvkRGVl65zTTNyfaHo46Gqk&export=download;1985–2025;2026-10-07T18:19:30.573244+00:00;ha
4109401;Guarapuava;48;3.2.1.4. Outras Lavouras Perenes;4;11;2016;0.0;0.0;Rede MapBiomas;https://drive.google.com/uc?id=1otOqymHuixvkRGVl65zTTNyfaHo46Gqk&export=download;1985–2025;2026-10-07T18:19:30.573244+00:00;ha
4109401;Guarapuava;48;3.2.1.4. Outras Lavouras Perenes;4;11;2017;0.0;0.0;Rede MapBiomas;https://drive.google.com/uc?id=1otOqymHuixvkRGVl65zTTNyfaHo46Gqk&export=download;1985–2025;2026-10-07T18:19:30.573244+00:00;ha
4109401;Guarapuava;48;3.2.1.4. Outras Lavouras Perenes;4;11;2018;0.0;0.0;Rede MapBiomas;https://drive.google.com/uc?id=1otOqymHuixvkRGVl65zTTNyfaHo46Gqk&export=download;1985–2025;2026-10-07T18:19:30.573244+00:00;ha
4109401;Guarapuava;48;3.2.1.4. Outras Lavouras Perenes;4;11;2019;0.0;0.0;Rede MapBiomas;https://drive.google.com/uc?id=1otOqymHuixvkRGVl65zTTNyfaHo46Gqk&export=download;1985–2025;2026-10-07T18:19:30.573244+00:00;ha
4109401;Guarapuava;48;3.2.1.4. Outras Lavouras Perenes;4;11;2020;0.0;0.0;Rede MapBiomas;https://drive.google.com/uc?id=1otOqymHuixvkRGVl65zTTNyfaHo46Gqk&export=download;1985–2025;2026-10-07T18:19:30.573244+00:00;ha
4109401;Guarapuava;48;3.2.1.4. Outras Lavouras Perenes;4;11;2021;0.0;0.0;Rede MapBiomas;https://drive.google.com/uc?id=1otOqymHuixvkRGVl65zTTNyfaHo46Gqk&export=download;1985–2025;2026-10-07T18:19:30.573244+00:00;ha
4109401;Guarapuava;48;3.2.1.4. Outras Lavouras Perenes;4;11;2022;0.0;0.0;Rede MapBiomas;https://drive.google.com/uc?id=1otOqymHuixvkRGVl65zTTNyfaHo46Gqk&export=download;1985–2025;2026-10-07T18:19:30.573244+00:00;ha
4109401;Guarapuava;48;3.2.1.4. Outras Lavouras Perenes;4;11;2023;0.0;0.0;Rede MapBiomas;https://drive.google.com/uc?id=1otOqymHuixvkRGVl65zTTNyfaHo46Gqk&export=download;1985–2025;2026-10-07T18:19:30.573244+00:00;ha
4109401;Guarapuava;48;3.2.1.4. Outras Lavouras Perenes;4;11;2024;0.0;0.0;Rede MapBiomas;https://drive.google.com/uc?id=1otOqymHuixvkRGVl65zTTNyfaHo46Gqk&export=download;1985–2025;2026-10-07T18:19:30.573244+00:00;ha
4109401;Guarapuava;48;3.2.1.4. Outras Lavouras Perenes;4;11;2025;0.0;0.0;Rede MapBiomas;https://drive.google.com/uc?id=1otOqymHuixvkRGVl65zTTNyfaHo46Gqk&export=download;1985–2025;2026-10-07T18:19:30.573244+00:00;ha
4119608;Pitanga;3;1.1 Formação Florestal;2;11;1985;32721.33873684124;19.390951538140442;Rede MapBiomas;https://drive.google.com/uc?id=1otOqymHuixvkRGVl65zTTNyfaHo46Gqk&export=download;1985–2025;2026-10-07T18:19:30.573244+00:00;ha
4119608;Pitanga;3;1.1 Formação Florestal;2;11;1986;32790.45196459974;19.43190864142059;Rede MapBiomas;https://drive.google.com/uc?id=1otOqymHuixvkRGVl65zTTNyfaHo46Gqk&export=download;1985–2025;2026-10-07T18:19:30.573244+00:00;ha
4119608;Pitanga;3;1.1 Formação Florestal;2;11;1987;31471.26612088051;18.650147571951894;Rede MapBiomas;https://drive.google.com/uc?id=1otOqymHuixvkRGVl65zTTNyfaHo46Gqk&export=download;1985–2025;2026-10-07T18:19:30.573244+00:00;ha
4119608;Pitanga;3;1.1 Formação Florestal;2;11;1988;29105.91118801305;17.2484175497602;Rede MapBiomas;https://drive.google.com/uc?id=1otOqymHuixvkRGVl65zTTNyfaHo46Gqk&export=download;1985–2025;2026-10-07T18:19:30.573244+00:00;ha
4119608;Pitanga;3;1.1 Formação Florestal;2;11;1989;27556.44832780765;16.330192306165177;Rede MapBiomas;https://drive.google.com/uc?id=1otOqymHuixvkRGVl65zTTNyfaHo46Gqk&export=download;1985–2025;2026-10-07T18:19:30.573244+00:00;ha
4119608;Pitanga;3;1.1 Formação Florestal;2;11;1990;27057.59414624047;16.03456695485653;Rede MapBiomas;https://drive.google.com/uc?id=1otOqymHuixvkRGVl65zTTNyfaHo46Gqk&export=download;1985–2025;2026-10-07T18:19:30.573244+00:00;ha
4119608;Pitanga;3;1.1 Formação Florestal;2;11;1991;26285.63421435585;15.577096747144425;Rede MapBiomas;https://drive.google.com/uc?id=1otOqymHuixvkRGVl65zTTNyfaHo46Gqk&export=download;1985–2025;2026-10-07T18:19:30.573244+00:00;ha
4119608;Pitanga;3;1.1 Formação Florestal;2;11;1992;25808.95625758092;15.294613220615746;Rede MapBiomas;https://drive.google.com/uc?id=1otOqymHuixvkRGVl65zTTNyfaHo46Gqk&export=download;1985–2025;2026-10-07T18:19:30.573244+00:00;ha
4119608;Pitanga;3;1.1 Formação Florestal;2;11;1993;25761.574480805;15.26653436526566;Rede MapBiomas;https://drive.google.com/uc?id=1otOqymHuixvkRGVl65zTTNyfaHo46Gqk&export=download;1985–2025;2026-10-07T18:19:30.573244+00:00;ha
4119608;Pitanga;3;1.1 Formação Florestal;2;11;1994;25933.21400036068;15.36824944582826;Rede MapBiomas;https://drive.google.com/uc?id=1otOqymHuixvkRGVl65zTTNyfaHo46Gqk&export=download;1985–2025;2026-10-07T18:19:30.573244+00:00;ha
4119608;Pitanga;3;1.1 Formação Florestal;2;11;1995;26038.46330216135;15.430621102656044;Rede MapBiomas;https://drive.google.com/uc?id=1otOqymHuixvkRGVl65zTTNyfaHo46Gqk&export=download;1985–2025;2026-10-07T18:19:30.573244+00:00;ha
4119608;Pitanga;3;1.1 Formação Florestal;2;11;1996;26883.81979715605;15.931586755642554;Rede MapBiomas;https://drive.google.com/uc?id=1otOqymHuixvkRGVl65zTTNyfaHo46Gqk&export=download;1985–2025;2026-10-07T18:19:30.573244+00:00;ha
4119608;Pitanga;3;1.1 Formação Florestal;2;11;1997;26871.70604480021;15.924408040041513;Rede MapBiomas;https://drive.google.com/uc?id=1otOqymHuixvkRGVl65zTTNyfaHo46Gqk&export=download;1985–2025;2026-10-07T18:19:30.573244+00:00;ha
4119608;Pitanga;3;1.1 Formação Florestal;2;11;1998;25362.88912473196;15.030269936088308;Rede MapBiomas;https://drive.google.com/uc?id=1otOqymHuixvkRGVl65zTTNyfaHo46Gqk&export=download;1985–2025;2026-10-07T18:19:30.573244+00:00;ha
4119608;Pitanga;3;1.1 Formação Florestal;2;11;1999;26392.44060603061;15.640391149050945;Rede MapBiomas;https://drive.google.com/uc?id=1otOqymHuixvkRGVl65zTTNyfaHo46Gqk&export=download;1985–2025;2026-10-07T18:19:30.573244+00:00;ha
4119608;Pitanga;3;1.1 Formação Florestal;2;11;2000;26636.07866410538;15.784773193287272;Rede MapBiomas;https://drive.google.com/uc?id=1otOqymHuixvkRGVl65zTTNyfaHo46Gqk&export=download;1985–2025;2026-10-07T18:19:30.573244+00:00;ha
4119608;Pitanga;3;1.1 Formação Florestal;2;11;2001;27320.2803350953;16.1902370880008;Rede MapBiomas;https://drive.google.com/uc?id=1otOqymHuixvkRGVl65zTTNyfaHo46Gqk&export=download;1985–2025;2026-10-07T18:19:30.573244+00:00;ha
4119608;Pitanga;3;1.1 Formação Florestal;2;11;2002;28565.9844487429;16.928452241508747;Rede MapBiomas;https://drive.google.com/uc?id=1otOqymHuixvkRGVl65zTTNyfaHo46Gqk&export=download;1985–2025;2026-10-07T18:19:30.573244+00:00;ha
4119608;Pitanga;3;1.1 Formação Florestal;2;11;2003;29623.57150454721;17.5551875811413;Rede MapBiomas;https://drive.google.com/uc?id=1otOqymHuixvkRGVl65zTTNyfaHo46Gqk&export=download;1985–2025;2026-10-07T18:19:30.573244+00:00;ha
4119608;Pitanga;3;1.1 Formação Florestal;2;11;2004;31633.63208195814;18.746367060647664;Rede MapBiomas;https://drive.google.com/uc?id=1otOqymHuixvkRGVl65zTTNyfaHo46Gqk&export=download;1985–2025;2026-10-07T18:19:30.573244+00:00;ha
4119608;Pitanga;3;1.1 Formação Florestal;2;11;2005;34674.0212724796;20.548128288225694;Rede MapBiomas;https://drive.google.com/uc?id=1otOqymHuixvkRGVl65zTTNyfaHo46Gqk&export=download;1985–2025;2026-10-07T18:19:30.573244+00:00;ha
4119608;Pitanga;3;1.1 Formação Florestal;2;11;2006;36593.12405238097;21.68540538135023;Rede MapBiomas;https://drive.google.com/uc?id=1otOqymHuixvkRGVl65zTTNyfaHo46Gqk&export=download;1985–2025;2026-10-07T18:19:30.573244+00:00;ha
4119608;Pitanga;3;1.1 Formação Florestal;2;11;2007;37885.63093280736;22.451356263819555;Rede MapBiomas;https://drive.google.com/uc?id=1otOqymHuixvkRGVl65zTTNyfaHo46Gqk&export=download;1985–2025;2026-10-07T18:19:30.573244+00:00;ha
4119608;Pitanga;3;1.1 Formação Florestal;2;11;2008;38975.8478746763;23.09742835933679;Rede MapBiomas;https://drive.google.com/uc?id=1otOqymHuixvkRGVl65zTTNyfaHo46Gqk&export=download;1985–2025;2026-10-07T18:19:30.573244+00:00;ha
4119608;Pitanga;3;1.1 Formação Florestal;2;11;2009;39772.00008540662;23.569235123094685;Rede MapBiomas;https://drive.google.com/uc?id=1otOqymHuixvkRGVl65zTTNyfaHo46Gqk&export=download;1985–2025;2026-10-07T18:19:30.573244+00:00;ha
4119608;Pitanga;3;1.1 Formação Florestal;2;11;2010;40104.36468885542;23.766197294181307;Rede MapBiomas;https://drive.google.com/uc?id=1otOqymHuixvkRGVl65zTTNyfaHo46Gqk&export=download;1985–2025;2026-10-07T18:19:30.573244+00:00;ha
4119608;Pitanga;3;1.1 Formação Florestal;2;11;2011;40682.04340422896;24.108534753675634;Rede MapBiomas;https://drive.google.com/uc?id=1otOqymHuixvkRGVl65zTTNyfaHo46Gqk&export=download;1985–2025;2026-10-07T18:19:30.573244+00:00;ha
4119608;Pitanga;3;1.1 Formação Florestal;2;11;2012;41262.67150284997;24.452620043479687;Rede MapBiomas;https://drive.google.com/uc?id=1otOqymHuixvkRGVl65zTTNyfaHo46Gqk&export=download;1985–2025;2026-10-07T18:19:30.573244+00:00;ha
4119608;Pitanga;3;1.1 Formação Florestal;2;11;2013;41516.75502577407;24.603192161548744;Rede MapBiomas;https://drive.google.com/uc?id=1otOqymHuixvkRGVl65zTTNyfaHo46Gqk&export=download;1985–2025;2026-10-07T18:19:30.573244+00:00;ha
4119608;Pitanga;3;1.1 Formação Florestal;2;11;2014;41677.91710497969;24.698698219317205;Rede MapBiomas;https://drive.google.com/uc?id=1otOqymHuixvkRGVl65zTTNyfaHo46Gqk&export=download;1985–2025;2026-10-07T18:19:30.573244+00:00;ha
4119608;Pitanga;3;1.1 Formação Florestal;2;11;2015;41773.43777411325;24.755304603333336;Rede MapBiomas;https://drive.google.com/uc?id=1otOqymHuixvkRGVl65zTTNyfaHo46Gqk&export=download;1985–2025;2026-10-07T18:19:30.573244+00:00;ha
4119608;Pitanga;3;1.1 Formação Florestal;2;11;2016;41894.60882389961;24.82711162727968;Rede MapBiomas;https://drive.google.com/uc?id=1otOqymHuixvkRGVl65zTTNyfaHo46Gqk&export=download;1985–2025;2026-10-07T18:19:30.573244+00:00;ha
4119608;Pitanga;3;1.1 Formação Florestal;2;11;2017;42228.81441355497;25.025164782894805;Rede MapBiomas;https://drive.google.com/uc?id=1otOqymHuixvkRGVl65zTTNyfaHo46Gqk&export=download;1985–2025;2026-10-07T18:19:30.573244+00:00;ha
4119608;Pitanga;3;1.1 Formação Florestal;2;11;2018;42609.03905079199;25.25048922862015;Rede MapBiomas;https://drive.google.com/uc?id=1otOqymHuixvkRGVl65zTTNyfaHo46Gqk&export=download;1985–2025;2026-10-07T18:19:30.573244+00:00;ha
4119608;Pitanga;3;1.1 Formação Florestal;2;11;2019;42735.11288613196;25.325201686168608;Rede MapBiomas;https://drive.google.com/uc?id=1otOqymHuixvkRGVl65zTTNyfaHo46Gqk&export=download;1985–2025;2026-10-07T18:19:30.573244+00:00;ha
4119608;Pitanga;3;1.1 Formação Florestal;2;11;2020;42827.36347697014;25.379870193184605;Rede MapBiomas;https://drive.google.com/uc?id=1otOqymHuixvkRGVl65zTTNyfaHo46Gqk&export=download;1985–2025;2026-10-07T18:19:30.573244+00:00;ha
4119608;Pitanga;3;1.1 Formação Florestal;2;11;2021;43004.65502448633;25.484934714953024;Rede MapBiomas;https://drive.google.com/uc?id=1otOqymHuixvkRGVl65zTTNyfaHo46Gqk&export=download;1985–2025;2026-10-07T18:19:30.573244+00:00;ha
4119608;Pitanga;3;1.1 Formação Florestal;2;11;2022;43111.4806374387;25.54824050755677;Rede MapBiomas;https://drive.google.com/uc?id=1otOqymHuixvkRGVl65zTTNyfaHo46Gqk&export=download;1985–2025;2026-10-07T18:19:30.573244+00:00;ha
4119608;Pitanga;3;1.1 Formação Florestal;2;11;2023;43071.98593162184;25.524835599442618;Rede MapBiomas;https://drive.google.com/uc?id=1otOqymHuixvkRGVl65zTTNyfaHo46Gqk&export=download;1985–2025;2026-10-07T18:19:30.573244+00:00;ha
4119608;Pitanga;3;1.1 Formação Florestal;2;11;2024;42995.4281117611;25.479466765767306;Rede MapBiomas;https://drive.google.com/uc?id=1otOqymHuixvkRGVl65zTTNyfaHo46Gqk&export=download;1985–2025;2026-10-07T18:19:30.573244+00:00;ha
4119608;Pitanga;3;1.1 Formação Florestal;2;11;2025;43061.36935992971;25.518544126198233;Rede MapBiomas;https://drive.google.com/uc?id=1otOqymHuixvkRGVl65zTTNyfaHo46Gqk&export=download;1985–2025;2026-10-07T18:19:30.573244+00:00;ha
4119608;Pitanga;9;3.3. Silvicultura;2;11;1985;2169.172829150388;1.2854707915892156;Rede MapBiomas;https://drive.google.com/uc?id=1otOqymHuixvkRGVl65zTTNyfaHo46Gqk&export=download;1985–2025;2026-10-07T18:19:30.573244+00:00;ha
4119608;Pitanga;9;3.3. Silvicultura;2;11;1986;3800.942398815879;2.2524717111197576;Rede MapBiomas;https://drive.google.com/uc?id=1otOqymHuixvkRGVl65zTTNyfaHo46Gqk&export=download;1985–2025;2026-10-07T18:19:30.573244+00:00;ha
4119608;Pitanga;9;3.3. Silvicultura;2;11;1987;4175.821073687702;2.4746280927881306;Rede MapBiomas;https://drive.google.com/uc?id=1otOqymHuixvkRGVl65zTTNyfaHo46Gqk&export=download;1985–2025;2026-10-07T18:19:30.573244+00:00;ha
4119608;Pitanga;9;3.3. Silvicultura;2;11;1988;4238.650806134015;2.5118615417866295;Rede MapBiomas;https://drive.google.com/uc?id=1otOqymHuixvkRGVl65zTTNyfaHo46Gqk&export=download;1985–2025;2026-10-07T18:19:30.573244+00:00;ha
4119608;Pitanga;9;3.3. Silvicultura;2;11;1989;4036.025415441869;2.3917839629654316;Rede MapBiomas;https://drive.google.com/uc?id=1otOqymHuixvkRGVl65zTTNyfaHo46Gqk&export=download;1985–2025;2026-10-07T18:19:30.573244+00:00;ha
4119608;Pitanga;9;3.3. Silvicultura;2;11;1990;2972.668052825878;1.761629089045318;Rede MapBiomas;https://drive.google.com/uc?id=1otOqymHuixvkRGVl65zTTNyfaHo46Gqk&export=download;1985–2025;2026-10-07T18:19:30.573244+00:00;ha
4119608;Pitanga;9;3.3. Silvicultura;2;11;1991;1901.302017309571;1.126728205515274;Rede MapBiomas;https://drive.google.com/uc?id=1otOqymHuixvkRGVl65zTTNyfaHo46Gqk&export=download;1985–2025;2026-10-07T18:19:30.573244+00:00;ha
4119608;Pitanga;9;3.3. Silvicultura;2;11;1992;1931.056589031987;1.1443610249713398;Rede MapBiomas;https://drive.google.com/uc?id=1otOqymHuixvkRGVl65zTTNyfaHo46Gqk&export=download;1985–2025;2026-10-07T18:19:30.573244+00:00;ha
4119608;Pitanga;9;3.3. Silvicultura;2;11;1993;1907.309126623538;1.1302880710369219;Rede MapBiomas;https://drive.google.com/uc?id=1otOqymHuixvkRGVl65zTTNyfaHo46Gqk&export=download;1985–2025;2026-10-07T18:19:30.573244+00:00;ha
4119608;Pitanga;9;3.3. Silvicultura;2;11;1994;1965.807238964849;1.1649545640739534;Rede MapBiomas;https://drive.google.com/uc?id=1otOqymHuixvkRGVl65zTTNyfaHo46Gqk&export=download;1985–2025;2026-10-07T18:19:30.573244+00:00;ha
4119608;Pitanga;9;3.3. Silvicultura;2;11;1995;2046.053890563972;1.2125094317024179;Rede MapBiomas;https://drive.google.com/uc?id=1otOqymHuixvkRGVl65zTTNyfaHo46Gqk&export=download;1985–2025;2026-10-07T18:19:30.573244+00:00;ha
4119608;Pitanga;9;3.3. Silvicultura;2;11;1996;1996.574343023691;1.1831874190488696;Rede MapBiomas;https://drive.google.com/uc?id=1otOqymHuixvkRGVl65zTTNyfaHo46Gqk&export=download;1985–2025;2026-10-07T18:19:30.573244+00:00;ha
4119608;Pitanga;9;3.3. Silvicultura;2;11;1997;2128.416576007102;1.2613182794950866;Rede MapBiomas;https://drive.google.com/uc?id=1otOqymHuixvkRGVl65zTTNyfaHo46Gqk&export=download;1985–2025;2026-10-07T18:19:30.573244+00:00;ha
4119608;Pitanga;9;3.3. Silvicultura;2;11;1998;1959.116178881851;1.1609893833442873;Rede MapBiomas;https://drive.google.com/uc?id=1otOqymHuixvkRGVl65zTTNyfaHo46Gqk&export=download;1985–2025;2026-10-07T18:19:30.573244+00:00;ha
4119608;Pitanga;9;3.3. Silvicultura;2;11;1999;1975.932956640645;1.1709551529349216;Rede MapBiomas;https://drive.google.com/uc?id=1otOqymHuixvkRGVl65zTTNyfaHo46Gqk&export=download;1985–2025;2026-10-07T18:19:30.573244+00:00;ha
4119608;Pitanga;9;3.3. Silvicultura;2;11;2000;1995.004110803241;1.182256885700731;Rede MapBiomas;https://drive.google.com/uc?id=1otOqymHuixvkRGVl65zTTNyfaHo46Gqk&export=download;1985–2025;2026-10-07T18:19:30.573244+00:00;ha
4119608;Pitanga;9;3.3. Silvicultura;2;11;2001;2004.219898950207;1.1877182423640626;Rede MapBiomas;https://drive.google.com/uc?id=1otOqymHuixvkRGVl65zTTNyfaHo46Gqk&export=download;1985–2025;2026-10-07T18:19:30.573244+00:00;ha
4119608;Pitanga;9;3.3. Silvicultura;2;11;2002;2063.583218273941;1.2228974646265565;Rede MapBiomas;https://drive.google.com/uc?id=1otOqymHuixvkRGVl65zTTNyfaHo46Gqk&export=download;1985–2025;2026-10-07T18:19:30.573244+00:00;ha
4119608;Pitanga;9;3.3. Silvicultura;2;11;2003;2094.616145190445;1.2412878485519874;Rede MapBiomas;https://drive.google.com/uc?id=1otOqymHuixvkRGVl65zTTNyfaHo46Gqk&export=download;1985–2025;2026-10-07T18:19:30.573244+00:00;ha
4119608;Pitanga;9;3.3. Silvicultura;2;11;2004;2109.675617987073;1.2502122238514788;Rede MapBiomas;https://drive.google.com/uc?id=1otOqymHuixvkRGVl65zTTNyfaHo46Gqk&export=download;1985–2025;2026-10-07T18:19:30.573244+00:00;ha
4119608;Pitanga;9;3.3. Silvicultura;2;11;2005;2193.183189855976;1.299699541354002;Rede MapBiomas;https://drive.google.com/uc?id=1otOqymHuixvkRGVl65zTTNyfaHo46Gqk&export=download;1985–2025;2026-10-07T18:19:30.573244+00:00;ha
4119608;Pitanga;9;3.3. Silvicultura;2;11;2006;2229.71012195437;1.3213457208044606;Rede MapBiomas;https://drive.google.com/uc?id=1otOqymHuixvkRGVl65zTTNyfaHo46Gqk&export=download;1985–2025;2026-10-07T18:19:30.573244+00:00;ha
4119608;Pitanga;9;3.3. Silvicultura;2;11;2007;2333.829825769059;1.3830479679855325;Rede MapBiomas;https://drive.google.com/uc?id=1otOqymHuixvkRGVl65zTTNyfaHo46Gqk&export=download;1985–2025;2026-10-07T18:19:30.573244+00:00;ha
4119608;Pitanga;9;3.3. Silvicultura;2;11;2008;2437.293853759779;1.4443616559383419;Rede MapBiomas;https://drive.google.com/uc?id=1otOqymHuixvkRGVl65zTTNyfaHo46Gqk&export=download;1985–2025;2026-10-07T18:19:30.573244+00:00;ha
4119608;Pitanga;9;3.3. Silvicultura;2;11;2009;2563.164754211438;1.5189538524969795;Rede MapBiomas;https://drive.google.com/uc?id=1otOqymHuixvkRGVl65zTTNyfaHo46Gqk&export=download;1985–2025;2026-10-07T18:19:30.573244+00:00;ha
4119608;Pitanga;9;3.3. Silvicultura;2;11;2010;2992.944056396489;1.7736448261087348;Rede MapBiomas;https://drive.google.com/uc?id=1otOqymHuixvkRGVl65zTTNyfaHo46Gqk&export=download;1985–2025;2026-10-07T18:19:30.573244+00:00;ha
4119608;Pitanga;9;3.3. Silvicultura;2;11;2011;3378.517107739255;2.00213878881395;Rede MapBiomas;https://drive.google.com/uc?id=1otOqymHuixvkRGVl65zTTNyfaHo46Gqk&export=download;1985–2025;2026-10-07T18:19:30.573244+00:00;ha
4119608;Pitanga;9;3.3. Silvicultura;2;11;2012;3872.204124664286;2.2947020331601844;Rede MapBiomas;https://drive.google.com/uc?id=1otOqymHuixvkRGVl65zTTNyfaHo46Gqk&export=download;1985–2025;2026-10-07T18:19:30.573244+00:00;ha
4119608;Pitanga;9;3.3. Silvicultura;2;11;2013;4246.491557311957;2.516508039515126;Rede MapBiomas;https://drive.google.com/uc?id=1otOqymHuixvkRGVl65zTTNyfaHo46Gqk&export=download;1985–2025;2026-10-07T18:19:30.573244+00:00;ha
4119608;Pitanga;9;3.3. Silvicultura;2;11;2014;4444.155776464777;2.6336455846883986;Rede MapBiomas;https://drive.google.com/uc?id=1otOqymHuixvkRGVl65zTTNyfaHo46Gqk&export=download;1985–2025;2026-10-07T18:19:30.573244+00:00;ha
4119608;Pitanga;9;3.3. Silvicultura;2;11;2015;4645.164754223562;2.75276526306706;Rede MapBiomas;https://drive.google.com/uc?id=1otOqymHuixvkRGVl65zTTNyfaHo46Gqk&export=download;1985–2025;2026-10-07T18:19:30.573244+00:00;ha
4119608;Pitanga;9;3.3. Silvicultura;2;11;2016;4528.416146832242;2.6835790171656484;Rede MapBiomas;https://drive.google.com/uc?id=1otOqymHuixvkRGVl65zTTNyfaHo46Gqk&export=download;1985–2025;2026-10-07T18:19:30.573244+00:00;ha
4119608;Pitanga;9;3.3. Silvicultura;2;11;2017;4494.805365240451;2.663660974012003;Rede MapBiomas;https://drive.google.com/uc?id=1otOqymHuixvkRGVl65zTTNyfaHo46Gqk&export=download;1985–2025;2026-10-07T18:19:30.573244+00:00;ha
4119608;Pitanga;9;3.3. Silvicultura;2;11;2018;4600.029575091532;2.726017761130989;Rede MapBiomas;https://drive.google.com/uc?id=1otOqymHuixvkRGVl65zTTNyfaHo46Gqk&export=download;1985–2025;2026-10-07T18:19:30.573244+00:00;ha
4119608;Pitanga;9;3.3. Silvicultura;2;11;2019;4611.825466351307;2.7330081094662773;Rede MapBiomas;https://drive.google.com/uc?id=1otOqymHuixvkRGVl65zTTNyfaHo46Gqk&export=download;1985–2025;2026-10-07T18:19:30.573244+00:00;ha
4119608;Pitanga;9;3.3. Silvicultura;2;11;2020;4591.653005560285;2.721053732759699;Rede MapBiomas;https://drive.google.com/uc?id=1otOqymHuixvkRGVl65zTTNyfaHo46Gqk&export=download;1985–2025;2026-10-07T18:19:30.573244+00:00;ha
4119608;Pitanga;9;3.3. Silvicultura;2;11;2021;4586.776409399402;2.7181638192207918;Rede MapBiomas;https://drive.google.com/uc?id=1otOqymHuixvkRGVl65zTTNyfaHo46Gqk&export=download;1985–2025;2026-10-07T18:19:30.573244+00:00;ha
4119608;Pitanga;9;3.3. Silvicultura;2;11;2022;4640.983123352042;2.7502871920372596;Rede MapBiomas;https://drive.google.com/uc?id=1otOqymHuixvkRGVl65zTTNyfaHo46Gqk&export=download;1985–2025;2026-10-07T18:19:30.573244+00:00;ha
4119608;Pitanga;9;3.3. Silvicultura;2;11;2023;4625.592580114733;2.7411666214988575;Rede MapBiomas;https://drive.google.com/uc?id=1otOqymHuixvkRGVl65zTTNyfaHo46Gqk&export=download;1985–2025;2026-10-07T18:19:30.573244+00:00;ha
4119608;Pitanga;9;3.3. Silvicultura;2;11;2024;4552.149227862532;2.69764344856958;Rede MapBiomas;https://drive.google.com/uc?id=1otOqymHuixvkRGVl65zTTNyfaHo46Gqk&export=download;1985–2025;2026-10-07T18:19:30.573244+00:00;ha
4119608;Pitanga;9;3.3. Silvicultura;2;11;2025;4496.391771276838;2.6646010921049332;Rede MapBiomas;https://drive.google.com/uc?id=1otOqymHuixvkRGVl65zTTNyfaHo46Gqk&export=download;1985–2025;2026-10-07T18:19:30.573244+00:00;ha
4119608;Pitanga;11;2.3. Campo Alagado e Área Pantanosa;2;11;1985;0.0;0.0;Rede MapBiomas;https://drive.google.com/uc?id=1otOqymHuixvkRGVl65zTTNyfaHo46Gqk&export=download;1985–2025;2026-10-07T18:19:30.573244+00:00;ha
4119608;Pitanga;11;2.3. Campo Alagado e Área Pantanosa;2;11;1986;0.0;0.0;Rede MapBiomas;https://drive.google.com/uc?id=1otOqymHuixvkRGVl65zTTNyfaHo46Gqk&export=download;1985–2025;2026-10-07T18:19:30.573244+00:00;ha
4119608;Pitanga;11;2.3. Campo Alagado e Área Pantanosa;2;11;1987;0.0;0.0;Rede MapBiomas;https://drive.google.com/uc?id=1otOqymHuixvkRGVl65zTTNyfaHo46Gqk&export=download;1985–2025;2026-10-07T18:19:30.573244+00:00;ha
4119608;Pitanga;11;2.3. Campo Alagado e Área Pantanosa;2;11;1988;0.0;0.0;Rede MapBiomas;https://drive.google.com/uc?id=1otOqymHuixvkRGVl65zTTNyfaHo46Gqk&export=download;1985–2025;2026-10-07T18:19:30.573244+00:00;ha
4119608;Pitanga;11;2.3. Campo Alagado e Área Pantanosa;2;11;1989;0.0;0.0;Rede MapBiomas;https://drive.google.com/uc?id=1otOqymHuixvkRGVl65zTTNyfaHo46Gqk&export=download;1985–2025;2026-10-07T18:19:30.573244+00:00;ha
4119608;Pitanga;11;2.3. Campo Alagado e Área Pantanosa;2;11;1990;0.0;0.0;Rede MapBiomas;https://drive.google.com/uc?id=1otOqymHuixvkRGVl65zTTNyfaHo46Gqk&export=download;1985–2025;2026-10-07T18:19:30.573244+00:00;ha
4119608;Pitanga;11;2.3. Campo Alagado e Área Pantanosa;2;11;1991;0.0;0.0;Rede MapBiomas;https://drive.google.com/uc?id=1otOqymHuixvkRGVl65zTTNyfaHo46Gqk&export=download;1985–2025;2026-10-07T18:19:30.573244+00:00;ha
4119608;Pitanga;11;2.3. Campo Alagado e Área Pantanosa;2;11;1992;0.0;0.0;Rede MapBiomas;https://drive.google.com/uc?id=1otOqymHuixvkRGVl65zTTNyfaHo46Gqk&export=download;1985–2025;2026-10-07T18:19:30.573244+00:00;ha
4119608;Pitanga;11;2.3. Campo Alagado e Área Pantanosa;2;11;1993;0.0;0.0;Rede MapBiomas;https://drive.google.com/uc?id=1otOqymHuixvkRGVl65zTTNyfaHo46Gqk&export=download;1985–2025;2026-10-07T18:19:30.573244+00:00;ha
4119608;Pitanga;11;2.3. Campo Alagado e Área Pantanosa;2;11;1994;0.0;0.0;Rede MapBiomas;https://drive.google.com/uc?id=1otOqymHuixvkRGVl65zTTNyfaHo46Gqk&export=download;1985–2025;2026-10-07T18:19:30.573244+00:00;ha
4119608;Pitanga;11;2.3. Campo Alagado e Área Pantanosa;2;11;1995;0.0;0.0;Rede MapBiomas;https://drive.google.com/uc?id=1otOqymHuixvkRGVl65zTTNyfaHo46Gqk&export=download;1985–2025;2026-10-07T18:19:30.573244+00:00;ha
4119608;Pitanga;11;2.3. Campo Alagado e Área Pantanosa;2;11;1996;0.0;0.0;Rede MapBiomas;https://drive.google.com/uc?id=1otOqymHuixvkRGVl65zTTNyfaHo46Gqk&export=download;1985–2025;2026-10-07T18:19:30.573244+00:00;ha
4119608;Pitanga;11;2.3. Campo Alagado e Área Pantanosa;2;11;1997;0.0;0.0;Rede MapBiomas;https://drive.google.com/uc?id=1otOqymHuixvkRGVl65zTTNyfaHo46Gqk&export=download;1985–2025;2026-10-07T18:19:30.573244+00:00;ha
4119608;Pitanga;11;2.3. Campo Alagado e Área Pantanosa;2;11;1998;0.0;0.0;Rede MapBiomas;https://drive.google.com/uc?id=1otOqymHuixvkRGVl65zTTNyfaHo46Gqk&export=download;1985–2025;2026-10-07T18:19:30.573244+00:00;ha
4119608;Pitanga;11;2.3. Campo Alagado e Área Pantanosa;2;11;1999;0.0;0.0;Rede MapBiomas;https://drive.google.com/uc?id=1otOqymHuixvkRGVl65zTTNyfaHo46Gqk&export=download;1985–2025;2026-10-07T18:19:30.573244+00:00;ha
4119608;Pitanga;11;2.3. Campo Alagado e Área Pantanosa;2;11;2000;0.0;0.0;Rede MapBiomas;https://drive.google.com/uc?id=1otOqymHuixvkRGVl65zTTNyfaHo46Gqk&export=download;1985–2025;2026-10-07T18:19:30.573244+00:00;ha
4119608;Pitanga;11;2.3. Campo Alagado e Área Pantanosa;2;11;2001;0.0;0.0;Rede MapBiomas;https://drive.google.com/uc?id=1otOqymHuixvkRGVl65zTTNyfaHo46Gqk&export=download;1985–2025;2026-10-07T18:19:30.573244+00:00;ha
4119608;Pitanga;11;2.3. Campo Alagado e Área Pantanosa;2;11;2002;0.0;0.0;Rede MapBiomas;https://drive.google.com/uc?id=1otOqymHuixvkRGVl65zTTNyfaHo46Gqk&export=download;1985–2025;2026-10-07T18:19:30.573244+00:00;ha
4119608;Pitanga;11;2.3. Campo Alagado e Área Pantanosa;2;11;2003;0.0;0.0;Rede MapBiomas;https://drive.google.com/uc?id=1otOqymHuixvkRGVl65zTTNyfaHo46Gqk&export=download;1985–2025;2026-10-07T18:19:30.573244+00:00;ha
4119608;Pitanga;11;2.3. Campo Alagado e Área Pantanosa;2;11;2004;0.0;0.0;Rede MapBiomas;https://drive.google.com/uc?id=1otOqymHuixvkRGVl65zTTNyfaHo46Gqk&export=download;1985–2025;2026-10-07T18:19:30.573244+00:00;ha
4119608;Pitanga;11;2.3. Campo Alagado e Área Pantanosa;2;11;2005;0.0;0.0;Rede MapBiomas;https://drive.google.com/uc?id=1otOqymHuixvkRGVl65zTTNyfaHo46Gqk&export=download;1985–2025;2026-10-07T18:19:30.573244+00:00;ha
4119608;Pitanga;11;2.3. Campo Alagado e Área Pantanosa;2;11;2006;0.0;0.0;Rede MapBiomas;https://drive.google.com/uc?id=1otOqymHuixvkRGVl65zTTNyfaHo46Gqk&export=download;1985–2025;2026-10-07T18:19:30.573244+00:00;ha
4119608;Pitanga;11;2.3. Campo Alagado e Área Pantanosa;2;11;2007;0.0;0.0;Rede MapBiomas;https://drive.google.com/uc?id=1otOqymHuixvkRGVl65zTTNyfaHo46Gqk&export=download;1985–2025;2026-10-07T18:19:30.573244+00:00;ha
4119608;Pitanga;11;2.3. Campo Alagado e Área Pantanosa;2;11;2008;0.0;0.0;Rede MapBiomas;https://drive.google.com/uc?id=1otOqymHuixvkRGVl65zTTNyfaHo46Gqk&export=download;1985–2025;2026-10-07T18:19:30.573244+00:00;ha
4119608;Pitanga;11;2.3. Campo Alagado e Área Pantanosa;2;11;2009;0.0;0.0;Rede MapBiomas;https://drive.google.com/uc?id=1otOqymHuixvkRGVl65zTTNyfaHo46Gqk&export=download;1985–2025;2026-10-07T18:19:30.573244+00:00;ha
4119608;Pitanga;11;2.3. Campo Alagado e Área Pantanosa;2;11;2010;0.0;0.0;Rede MapBiomas;https://drive.google.com/uc?id=1otOqymHuixvkRGVl65zTTNyfaHo46Gqk&export=download;1985–2025;2026-10-07T18:19:30.573244+00:00;ha
4119608;Pitanga;11;2.3. Campo Alagado e Área Pantanosa;2;11;2011;1.22129584350586;0.0007237505991309156;Rede MapBiomas;https://drive.google.com/uc?id=1otOqymHuixvkRGVl65zTTNyfaHo46Gqk&export=download;1985–2025;2026-10-07T18:19:30.573244+00:00;ha
4119608;Pitanga;11;2.3. Campo Alagado e Área Pantanosa;2;11;2012;3.095741003417969;0.0018345631960444368;Rede MapBiomas;https://drive.google.com/uc?id=1otOqymHuixvkRGVl65zTTNyfaHo46Gqk&export=download;1985–2025;2026-10-07T18:19:30.573244+00:00;ha
4119608;Pitanga;11;2.3. Campo Alagado e Área Pantanosa;2;11;2013;3.014243194580078;0.001786266881692821;Rede MapBiomas;https://drive.google.com/uc?id=1otOqymHuixvkRGVl65zTTNyfaHo46Gqk&export=download;1985–2025;2026-10-07T18:19:30.573244+00:00;ha
4119608;Pitanga;11;2.3. Campo Alagado e Área Pantanosa;2;11;2014;5.618678405761719;0.0033296779679693315;Rede MapBiomas;https://drive.google.com/uc?id=1otOqymHuixvkRGVl65zTTNyfaHo46Gqk&export=download;1985–2025;2026-10-07T18:19:30.573244+00:00;ha
4119608;Pitanga;11;2.3. Campo Alagado e Área Pantanosa;2;11;2015;7.980861364746095;0.004729528250693705;Rede MapBiomas;https://drive.google.com/uc?id=1otOqymHuixvkRGVl65zTTNyfaHo46Gqk&export=download;1985–2025;2026-10-07T18:19:30.573244+00:00;ha
4119608;Pitanga;11;2.3. Campo Alagado e Área Pantanosa;2;11;2016;10.66733001098633;0.006321553068105163;Rede MapBiomas;https://drive.google.com/uc?id=1otOqymHuixvkRGVl65zTTNyfaHo46Gqk&export=download;1985–2025;2026-10-07T18:19:30.573244+00:00;ha
4119608;Pitanga;11;2.3. Campo Alagado e Área Pantanosa;2;11;2017;13.27112269897461;0.00786458338951735;Rede MapBiomas;https://drive.google.com/uc?id=1otOqymHuixvkRGVl65zTTNyfaHo46Gqk&export=download;1985–2025;2026-10-07T18:19:30.573244+00:00;ha
4119608;Pitanga;11;2.3. Campo Alagado e Área Pantanosa;2;11;2018;12.13136770019531;0.007189154608182096;Rede MapBiomas;https://drive.google.com/uc?id=1otOqymHuixvkRGVl65zTTNyfaHo46Gqk&export=download;1985–2025;2026-10-07T18:19:30.573244+00:00;ha
4119608;Pitanga;11;2.3. Campo Alagado e Área Pantanosa;2;11;2019;12.21416032104493;0.007238218239457153;Rede MapBiomas;https://drive.google.com/uc?id=1otOqymHuixvkRGVl65zTTNyfaHo46Gqk&export=download;1985–2025;2026-10-07T18:19:30.573244+00:00;ha
4119608;Pitanga;11;2.3. Campo Alagado e Área Pantanosa;2;11;2020;15.39001224365234;0.00912025586691687;Rede MapBiomas;https://drive.google.com/uc?id=1otOqymHuixvkRGVl65zTTNyfaHo46Gqk&export=download;1985–2025;2026-10-07T18:19:30.573244+00:00;ha
4119608;Pitanga;11;2.3. Campo Alagado e Área Pantanosa;2;11;2021;22.63571459960937;0.013414122458810355;Rede MapBiomas;https://drive.google.com/uc?id=1otOqymHuixvkRGVl65zTTNyfaHo46Gqk&export=download;1985–2025;2026-10-07T18:19:30.573244+00:00;ha
4119608;Pitanga;11;2.3. Campo Alagado e Área Pantanosa;2;11;2022;26.46176029052735;0.015681470600399983;Rede MapBiomas;https://drive.google.com/uc?id=1otOqymHuixvkRGVl65zTTNyfaHo46Gqk&export=download;1985–2025;2026-10-07T18:19:30.573244+00:00;ha
4119608;Pitanga;11;2.3. Campo Alagado e Área Pantanosa;2;11;2023;33.22242642822268;0.01968790048690079;Rede MapBiomas;https://drive.google.com/uc?id=1otOqymHuixvkRGVl65zTTNyfaHo46Gqk&export=download;1985–2025;2026-10-07T18:19:30.573244+00:00;ha
4119608;Pitanga;11;2.3. Campo Alagado e Área Pantanosa;2;11;2024;39.41077688598635;0.023355171095618816;Rede MapBiomas;https://drive.google.com/uc?id=1otOqymHuixvkRGVl65zTTNyfaHo46Gqk&export=download;1985–2025;2026-10-07T18:19:30.573244+00:00;ha
4119608;Pitanga;11;2.3. Campo Alagado e Área Pantanosa;2;11;2025;39.32939148559572;0.023306941395496245;Rede MapBiomas;https://drive.google.com/uc?id=1otOqymHuixvkRGVl65zTTNyfaHo46Gqk&export=download;1985–2025;2026-10-07T18:19:30.573244+00:00;ha
4119608;Pitanga;15;3.1. Pastagem;2;11;1985;53734.11776545372;31.843308182299324;Rede MapBiomas;https://drive.google.com/uc?id=1otOqymHuixvkRGVl65zTTNyfaHo46Gqk&export=download;1985–2025;2026-10-07T18:19:30.573244+00:00;ha
4119608;Pitanga;15;3.1. Pastagem;2;11;1986;55957.12375482768;33.16068097549781;Rede MapBiomas;https://drive.google.com/uc?id=1otOqymHuixvkRGVl65zTTNyfaHo46Gqk&export=download;1985–2025;2026-10-07T18:19:30.573244+00:00;ha
4119608;Pitanga;15;3.1. Pastagem;2;11;1987;56893.22075069568;33.71542024297888;Rede MapBiomas;https://drive.google.com/uc?id=1otOqymHuixvkRGVl65zTTNyfaHo46Gqk&export=download;1985–2025;2026-10-07T18:19:30.573244+00:00;ha
4119608;Pitanga;15;3.1. Pastagem;2;11;1988;54834.67161117503;32.49550601745294;Rede MapBiomas;https://drive.google.com/uc?id=1otOqymHuixvkRGVl65zTTNyfaHo46Gqk&export=download;1985–2025;2026-10-07T18:19:30.573244+00:00;ha
4119608;Pitanga;15;3.1. Pastagem;2;11;1989;52684.38344549488;31.221226442614068;Rede MapBiomas;https://drive.google.com/uc?id=1otOqymHuixvkRGVl65zTTNyfaHo46Gqk&export=download;1985–2025;2026-10-07T18:19:30.573244+00:00;ha
4119608;Pitanga;15;3.1. Pastagem;2;11;1990;52574.95404475596;31.156377622593546;Rede MapBiomas;https://drive.google.com/uc?id=1otOqymHuixvkRGVl65zTTNyfaHo46Gqk&export=download;1985–2025;2026-10-07T18:19:30.573244+00:00;ha
4119608;Pitanga;15;3.1. Pastagem;2;11;1991;52732.89992758066;31.249977734255662;Rede MapBiomas;https://drive.google.com/uc?id=1otOqymHuixvkRGVl65zTTNyfaHo46Gqk&export=download;1985–2025;2026-10-07T18:19:30.573244+00:00;ha
4119608;Pitanga;15;3.1. Pastagem;2;11;1992;53956.67501157736;31.97519755298655;Rede MapBiomas;https://drive.google.com/uc?id=1otOqymHuixvkRGVl65zTTNyfaHo46Gqk&export=download;1985–2025;2026-10-07T18:19:30.573244+00:00;ha
4119608;Pitanga;15;3.1. Pastagem;2;11;1993;56993.8305672047;33.77504250024279;Rede MapBiomas;https://drive.google.com/uc?id=1otOqymHuixvkRGVl65zTTNyfaHo46Gqk&export=download;1985–2025;2026-10-07T18:19:30.573244+00:00;ha
4119608;Pitanga;15;3.1. Pastagem;2;11;1994;59378.79603959854;35.1883938996847;Rede MapBiomas;https://drive.google.com/uc?id=1otOqymHuixvkRGVl65zTTNyfaHo46Gqk&export=download;1985–2025;2026-10-07T18:19:30.573244+00:00;ha
4119608;Pitanga;15;3.1. Pastagem;2;11;1995;60257.24856374288;35.70897254902527;Rede MapBiomas;https://drive.google.com/uc?id=1otOqymHuixvkRGVl65zTTNyfaHo46Gqk&export=download;1985–2025;2026-10-07T18:19:30.573244+00:00;ha
4119608;Pitanga;15;3.1. Pastagem;2;11;1996;61024.0630884807;36.16339354345701;Rede MapBiomas;https://drive.google.com/uc?id=1otOqymHuixvkRGVl65zTTNyfaHo46Gqk&export=download;1985–2025;2026-10-07T18:19:30.573244+00:00;ha
4119608;Pitanga;15;3.1. Pastagem;2;11;1997;59343.89524653331;35.167711384448594;Rede MapBiomas;https://drive.google.com/uc?id=1otOqymHuixvkRGVl65zTTNyfaHo46Gqk&export=download;1985–2025;2026-10-07T18:19:30.573244+00:00;ha
4119608;Pitanga;15;3.1. Pastagem;2;11;1998;57993.3420230031;34.36736173134385;Rede MapBiomas;https://drive.google.com/uc?id=1otOqymHuixvkRGVl65zTTNyfaHo46Gqk&export=download;1985–2025;2026-10-07T18:19:30.573244+00:00;ha
4119608;Pitanga;15;3.1. Pastagem;2;11;1999;57851.2299603761;34.28314488002405;Rede MapBiomas;https://drive.google.com/uc?id=1otOqymHuixvkRGVl65zTTNyfaHo46Gqk&export=download;1985–2025;2026-10-07T18:19:30.573244+00:00;ha
4119608;Pitanga;15;3.1. Pastagem;2;11;2000;57771.78638035955;34.236065919639614;Rede MapBiomas;https://drive.google.com/uc?id=1otOqymHuixvkRGVl65zTTNyfaHo46Gqk&export=download;1985–2025;2026-10-07T18:19:30.573244+00:00;ha
4119608;Pitanga;15;3.1. Pastagem;2;11;2001;55154.59898301971;32.68509777630662;Rede MapBiomas;https://drive.google.com/uc?id=1otOqymHuixvkRGVl65zTTNyfaHo46Gqk&export=download;1985–2025;2026-10-07T18:19:30.573244+00:00;ha
4119608;Pitanga;15;3.1. Pastagem;2;11;2002;54298.56488090077;32.1778044799448;Rede MapBiomas;https://drive.google.com/uc?id=1otOqymHuixvkRGVl65zTTNyfaHo46Gqk&export=download;1985–2025;2026-10-07T18:19:30.573244+00:00;ha
4119608;Pitanga;15;3.1. Pastagem;2;11;2003;52689.5361270436;31.224279966768638;Rede MapBiomas;https://drive.google.com/uc?id=1otOqymHuixvkRGVl65zTTNyfaHo46Gqk&export=download;1985–2025;2026-10-07T18:19:30.573244+00:00;ha
4119608;Pitanga;15;3.1. Pastagem;2;11;2004;51236.07476301071;30.362946049498657;Rede MapBiomas;https://drive.google.com/uc?id=1otOqymHuixvkRGVl65zTTNyfaHo46Gqk&export=download;1985–2025;2026-10-07T18:19:30.573244+00:00;ha
4119608;Pitanga;15;3.1. Pastagem;2;11;2005;49663.28916340729;29.430899546540108;Rede MapBiomas;https://drive.google.com/uc?id=1otOqymHuixvkRGVl65zTTNyfaHo46Gqk&export=download;1985–2025;2026-10-07T18:19:30.573244+00:00;ha
4119608;Pitanga;15;3.1. Pastagem;2;11;2006;47944.40164863751;28.41227177074902;Rede MapBiomas;https://drive.google.com/uc?id=1otOqymHuixvkRGVl65zTTNyfaHo46Gqk&export=download;1985–2025;2026-10-07T18:19:30.573244+00:00;ha
4119608;Pitanga;15;3.1. Pastagem;2;11;2007;46035.77985438157;27.281205801391668;Rede MapBiomas;https://drive.google.com/uc?id=1otOqymHuixvkRGVl65zTTNyfaHo46Gqk&export=download;1985–2025;2026-10-07T18:19:30.573244+00:00;ha
4119608;Pitanga;15;3.1. Pastagem;2;11;2008;44551.2434991328;26.401456572524523;Rede MapBiomas;https://drive.google.com/uc?id=1otOqymHuixvkRGVl65zTTNyfaHo46Gqk&export=download;1985–2025;2026-10-07T18:19:30.573244+00:00;ha
4119608;Pitanga;15;3.1. Pastagem;2;11;2009;43788.75434819314;25.949598832438188;Rede MapBiomas;https://drive.google.com/uc?id=1otOqymHuixvkRGVl65zTTNyfaHo46Gqk&export=download;1985–2025;2026-10-07T18:19:30.573244+00:00;ha
4119608;Pitanga;15;3.1. Pastagem;2;11;2010;43006.14182951632;25.48581580861838;Rede MapBiomas;https://drive.google.com/uc?id=1otOqymHuixvkRGVl65zTTNyfaHo46Gqk&export=download;1985–2025;2026-10-07T18:19:30.573244+00:00;ha
4119608;Pitanga;15;3.1. Pastagem;2;11;2011;42468.34029065583;25.167109912718118;Rede MapBiomas;https://drive.google.com/uc?id=1otOqymHuixvkRGVl65zTTNyfaHo46Gqk&export=download;1985–2025;2026-10-07T18:19:30.573244+00:00;ha
4119608;Pitanga;15;3.1. Pastagem;2;11;2012;42439.74691447769;25.15016522789818;Rede MapBiomas;https://drive.google.com/uc?id=1otOqymHuixvkRGVl65zTTNyfaHo46Gqk&export=download;1985–2025;2026-10-07T18:19:30.573244+00:00;ha
4119608;Pitanga;15;3.1. Pastagem;2;11;2013;41667.21634483602;24.69235685526007;Rede MapBiomas;https://drive.google.com/uc?id=1otOqymHuixvkRGVl65zTTNyfaHo46Gqk&export=download;1985–2025;2026-10-07T18:19:30.573244+00:00;ha
4119608;Pitanga;15;3.1. Pastagem;2;11;2014;40868.00388266007;24.218736559728487;Rede MapBiomas;https://drive.google.com/uc?id=1otOqymHuixvkRGVl65zTTNyfaHo46Gqk&export=download;1985–2025;2026-10-07T18:19:30.573244+00:00;ha
4119608;Pitanga;15;3.1. Pastagem;2;11;2015;39831.85204531201;23.604703918039846;Rede MapBiomas;https://drive.google.com/uc?id=1otOqymHuixvkRGVl65zTTNyfaHo46Gqk&export=download;1985–2025;2026-10-07T18:19:30.573244+00:00;ha
4119608;Pitanga;15;3.1. Pastagem;2;11;2016;38225.53341899408;22.652785450148023;Rede MapBiomas;https://drive.google.com/uc?id=1otOqymHuixvkRGVl65zTTNyfaHo46Gqk&export=download;1985–2025;2026-10-07T18:19:30.573244+00:00;ha
4119608;Pitanga;15;3.1. Pastagem;2;11;2017;36754.62279751543;21.781110950292828;Rede MapBiomas;https://drive.google.com/uc?id=1otOqymHuixvkRGVl65zTTNyfaHo46Gqk&export=download;1985–2025;2026-10-07T18:19:30.573244+00:00;ha
4119608;Pitanga;15;3.1. Pastagem;2;11;2018;35540.61656725421;21.061680239730514;Rede MapBiomas;https://drive.google.com/uc?id=1otOqymHuixvkRGVl65zTTNyfaHo46Gqk&export=download;1985–2025;2026-10-07T18:19:30.573244+00:00;ha
4119608;Pitanga;15;3.1. Pastagem;2;11;2019;34384.05977770374;20.376294570224577;Rede MapBiomas;https://drive.google.com/uc?id=1otOqymHuixvkRGVl65zTTNyfaHo46Gqk&export=download;1985–2025;2026-10-07T18:19:30.573244+00:00;ha
4119608;Pitanga;15;3.1. Pastagem;2;11;2020;33265.03836972061;19.71315269614497;Rede MapBiomas;https://drive.google.com/uc?id=1otOqymHuixvkRGVl65zTTNyfaHo46Gqk&export=download;1985–2025;2026-10-07T18:19:30.573244+00:00;ha
4119608;Pitanga;15;3.1. Pastagem;2;11;2021;32138.08650886821;19.04531116632999;Rede MapBiomas;https://drive.google.com/uc?id=1otOqymHuixvkRGVl65zTTNyfaHo46Gqk&export=download;1985–2025;2026-10-07T18:19:30.573244+00:00;ha
4119608;Pitanga;15;3.1. Pastagem;2;11;2022;31407.43533630329;18.612320890704748;Rede MapBiomas;https://drive.google.com/uc?id=1otOqymHuixvkRGVl65zTTNyfaHo46Gqk&export=download;1985–2025;2026-10-07T18:19:30.573244+00:00;ha
4119608;Pitanga;15;3.1. Pastagem;2;11;2023;30930.37405032933;18.329610199939868;Rede MapBiomas;https://drive.google.com/uc?id=1otOqymHuixvkRGVl65zTTNyfaHo46Gqk&export=download;1985–2025;2026-10-07T18:19:30.573244+00:00;ha
4119608;Pitanga;15;3.1. Pastagem;2;11;2024;30125.07517711192;17.8523830439893;Rede MapBiomas;https://drive.google.com/uc?id=1otOqymHuixvkRGVl65zTTNyfaHo46Gqk&export=download;1985–2025;2026-10-07T18:19:30.573244+00:00;ha
4119608;Pitanga;15;3.1. Pastagem;2;11;2025;29763.8601760674;17.638323874942603;Rede MapBiomas;https://drive.google.com/uc?id=1otOqymHuixvkRGVl65zTTNyfaHo46Gqk&export=download;1985–2025;2026-10-07T18:19:30.573244+00:00;ha
4119608;Pitanga;21;3.4. Mosaico de Usos;2;11;1985;49694.5595305465;29.449430639618328;Rede MapBiomas;https://drive.google.com/uc?id=1otOqymHuixvkRGVl65zTTNyfaHo46Gqk&export=download;1985–2025;2026-10-07T18:19:30.573244+00:00;ha
4119608;Pitanga;21;3.4. Mosaico de Usos;2;11;1986;44969.85169435077;26.649527450437628;Rede MapBiomas;https://drive.google.com/uc?id=1otOqymHuixvkRGVl65zTTNyfaHo46Gqk&export=download;1985–2025;2026-10-07T18:19:30.573244+00:00;ha
4119608;Pitanga;21;3.4. Mosaico de Usos;2;11;1987;42786.89412626143;25.35588770198265;Rede MapBiomas;https://drive.google.com/uc?id=1otOqymHuixvkRGVl65zTTNyfaHo46Gqk&export=download;1985–2025;2026-10-07T18:19:30.573244+00:00;ha
4119608;Pitanga;21;3.4. Mosaico de Usos;2;11;1988;44161.96779566536;26.17076838578436;Rede MapBiomas;https://drive.google.com/uc?id=1otOqymHuixvkRGVl65zTTNyfaHo46Gqk&export=download;1985–2025;2026-10-07T18:19:30.573244+00:00;ha
4119608;Pitanga;21;3.4. Mosaico de Usos;2;11;1989;44818.73394271792;26.559973749043188;Rede MapBiomas;https://drive.google.com/uc?id=1otOqymHuixvkRGVl65zTTNyfaHo46Gqk&export=download;1985–2025;2026-10-07T18:19:30.573244+00:00;ha
4119608;Pitanga;21;3.4. Mosaico de Usos;2;11;1990;43805.14638610759;25.959312897482;Rede MapBiomas;https://drive.google.com/uc?id=1otOqymHuixvkRGVl65zTTNyfaHo46Gqk&export=download;1985–2025;2026-10-07T18:19:30.573244+00:00;ha
4119608;Pitanga;21;3.4. Mosaico de Usos;2;11;1991;42926.36452346735;25.438539079268146;Rede MapBiomas;https://drive.google.com/uc?id=1otOqymHuixvkRGVl65zTTNyfaHo46Gqk&export=download;1985–2025;2026-10-07T18:19:30.573244+00:00;ha
4119608;Pitanga;21;3.4. Mosaico de Usos;2;11;1992;40495.65896611877;23.998081705408723;Rede MapBiomas;https://drive.google.com/uc?id=1otOqymHuixvkRGVl65zTTNyfaHo46Gqk&export=download;1985–2025;2026-10-07T18:19:30.573244+00:00;ha
4119608;Pitanga;21;3.4. Mosaico de Usos;2;11;1993;35534.98595997412;21.058343492607275;Rede MapBiomas;https://drive.google.com/uc?id=1otOqymHuixvkRGVl65zTTNyfaHo46Gqk&export=download;1985–2025;2026-10-07T18:19:30.573244+00:00;ha
4119608;Pitanga;21;3.4. Mosaico de Usos;2;11;1994;33027.62750644008;19.572460942010913;Rede MapBiomas;https://drive.google.com/uc?id=1otOqymHuixvkRGVl65zTTNyfaHo46Gqk&export=download;1985–2025;2026-10-07T18:19:30.573244+00:00;ha
4119608;Pitanga;21;3.4. Mosaico de Usos;2;11;1995;31812.51743145148;18.85237608340819;Rede MapBiomas;https://drive.google.com/uc?id=1otOqymHuixvkRGVl65zTTNyfaHo46Gqk&export=download;1985–2025;2026-10-07T18:19:30.573244+00:00;ha
4119608;Pitanga;21;3.4. Mosaico de Usos;2;11;1996;29589.56765811229;17.535036604323608;Rede MapBiomas;https://drive.google.com/uc?id=1otOqymHuixvkRGVl65zTTNyfaHo46Gqk&export=download;1985–2025;2026-10-07T18:19:30.573244+00:00;ha
4119608;Pitanga;21;3.4. Mosaico de Usos;2;11;1997;29542.91775936974;17.507391466297594;Rede MapBiomas;https://drive.google.com/uc?id=1otOqymHuixvkRGVl65zTTNyfaHo46Gqk&export=download;1985–2025;2026-10-07T18:19:30.573244+00:00;ha
4119608;Pitanga;21;3.4. Mosaico de Usos;2;11;1998;32617.82655859507;19.329609315925097;Rede MapBiomas;https://drive.google.com/uc?id=1otOqymHuixvkRGVl65zTTNyfaHo46Gqk&export=download;1985–2025;2026-10-07T18:19:30.573244+00:00;ha
4119608;Pitanga;21;3.4. Mosaico de Usos;2;11;1999;32122.34074382478;19.035980088242276;Rede MapBiomas;https://drive.google.com/uc?id=1otOqymHuixvkRGVl65zTTNyfaHo46Gqk&export=download;1985–2025;2026-10-07T18:19:30.573244+00:00;ha
4119608;Pitanga;21;3.4. Mosaico de Usos;2;11;2000;31628.85259641137;18.74353469570807;Rede MapBiomas;https://drive.google.com/uc?id=1otOqymHuixvkRGVl65zTTNyfaHo46Gqk&export=download;1985–2025;2026-10-07T18:19:30.573244+00:00;ha
4119608;Pitanga;21;3.4. Mosaico de Usos;2;11;2001;31117.98754580698;18.44079159835289;Rede MapBiomas;https://drive.google.com/uc?id=1otOqymHuixvkRGVl65zTTNyfaHo46Gqk&export=download;1985–2025;2026-10-07T18:19:30.573244+00:00;ha
4119608;Pitanga;21;3.4. Mosaico de Usos;2;11;2002;29937.12151801254;17.741000061638744;Rede MapBiomas;https://drive.google.com/uc?id=1otOqymHuixvkRGVl65zTTNyfaHo46Gqk&export=download;1985–2025;2026-10-07T18:19:30.573244+00:00;ha
4119608;Pitanga;21;3.4. Mosaico de Usos;2;11;2003;31373.36149997018;18.59212843726121;Rede MapBiomas;https://drive.google.com/uc?id=1otOqymHuixvkRGVl65zTTNyfaHo46Gqk&export=download;1985–2025;2026-10-07T18:19:30.573244+00:00;ha
4119608;Pitanga;21;3.4. Mosaico de Usos;2;11;2004;30511.98301600392;18.081668013471138;Rede MapBiomas;https://drive.google.com/uc?id=1otOqymHuixvkRGVl65zTTNyfaHo46Gqk&export=download;1985–2025;2026-10-07T18:19:30.573244+00:00;ha
4119608;Pitanga;21;3.4. Mosaico de Usos;2;11;2005;27691.43984333538;16.410189458992885;Rede MapBiomas;https://drive.google.com/uc?id=1otOqymHuixvkRGVl65zTTNyfaHo46Gqk&export=download;1985–2025;2026-10-07T18:19:30.573244+00:00;ha
4119608;Pitanga;21;3.4. Mosaico de Usos;2;11;2006;23415.80815729393;13.87641272431363;Rede MapBiomas;https://drive.google.com/uc?id=1otOqymHuixvkRGVl65zTTNyfaHo46Gqk&export=download;1985–2025;2026-10-07T18:19:30.573244+00:00;ha
4119608;Pitanga;21;3.4. Mosaico de Usos;2;11;2007;21958.29201101697;13.012675907619982;Rede MapBiomas;https://drive.google.com/uc?id=1otOqymHuixvkRGVl65zTTNyfaHo46Gqk&export=download;1985–2025;2026-10-07T18:19:30.573244+00:00;ha
4119608;Pitanga;21;3.4. Mosaico de Usos;2;11;2008;21366.40554569092;12.661918811233324;Rede MapBiomas;https://drive.google.com/uc?id=1otOqymHuixvkRGVl65zTTNyfaHo46Gqk&export=download;1985–2025;2026-10-07T18:19:30.573244+00:00;ha
4119608;Pitanga;21;3.4. Mosaico de Usos;2;11;2009;20672.35876332395;12.250620617405838;Rede MapBiomas;https://drive.google.com/uc?id=1otOqymHuixvkRGVl65zTTNyfaHo46Gqk&export=download;1985–2025;2026-10-07T18:19:30.573244+00:00;ha
4119608;Pitanga;21;3.4. Mosaico de Usos;2;11;2010;20255.91137791144;12.003830254283342;Rede MapBiomas;https://drive.google.com/uc?id=1otOqymHuixvkRGVl65zTTNyfaHo46Gqk&export=download;1985–2025;2026-10-07T18:19:30.573244+00:00;ha
4119608;Pitanga;21;3.4. Mosaico de Usos;2;11;2011;19809.30626239008;11.739168156518685;Rede MapBiomas;https://drive.google.com/uc?id=1otOqymHuixvkRGVl65zTTNyfaHo46Gqk&export=download;1985–2025;2026-10-07T18:19:30.573244+00:00;ha
4119608;Pitanga;21;3.4. Mosaico de Usos;2;11;2012;19001.8549342774;11.26066543697037;Rede MapBiomas;https://drive.google.com/uc?id=1otOqymHuixvkRGVl65zTTNyfaHo46Gqk&export=download;1985–2025;2026-10-07T18:19:30.573244+00:00;ha
4119608;Pitanga;21;3.4. Mosaico de Usos;2;11;2013;18602.93831456314;11.024263958936444;Rede MapBiomas;https://drive.google.com/uc?id=1otOqymHuixvkRGVl65zTTNyfaHo46Gqk&export=download;1985–2025;2026-10-07T18:19:30.573244+00:00;ha
4119608;Pitanga;21;3.4. Mosaico de Usos;2;11;2014;18973.81265162977;11.244047334996848;Rede MapBiomas;https://drive.google.com/uc?id=1otOqymHuixvkRGVl65zTTNyfaHo46Gqk&export=download;1985–2025;2026-10-07T18:19:30.573244+00:00;ha
4119608;Pitanga;21;3.4. Mosaico de Usos;2;11;2015;19325.75633057866;11.452612237476496;Rede MapBiomas;https://drive.google.com/uc?id=1otOqymHuixvkRGVl65zTTNyfaHo46Gqk&export=download;1985–2025;2026-10-07T18:19:30.573244+00:00;ha
4119608;Pitanga;21;3.4. Mosaico de Usos;2;11;2016;20586.74182973663;12.199883273699093;Rede MapBiomas;https://drive.google.com/uc?id=1otOqymHuixvkRGVl65zTTNyfaHo46Gqk&export=download;1985–2025;2026-10-07T18:19:30.573244+00:00;ha
4119608;Pitanga;21;3.4. Mosaico de Usos;2;11;2017;21375.41395827052;12.667257275321592;Rede MapBiomas;https://drive.google.com/uc?id=1otOqymHuixvkRGVl65zTTNyfaHo46Gqk&export=download;1985–2025;2026-10-07T18:19:30.573244+00:00;ha
4119608;Pitanga;21;3.4. Mosaico de Usos;2;11;2018;22523.19325427257;13.347441325376911;Rede MapBiomas;https://drive.google.com/uc?id=1otOqymHuixvkRGVl65zTTNyfaHo46Gqk&export=download;1985–2025;2026-10-07T18:19:30.573244+00:00;ha
4119608;Pitanga;21;3.4. Mosaico de Usos;2;11;2019;22984.41215318629;13.620763679001794;Rede MapBiomas;https://drive.google.com/uc?id=1otOqymHuixvkRGVl65zTTNyfaHo46Gqk&export=download;1985–2025;2026-10-07T18:19:30.573244+00:00;ha
4119608;Pitanga;21;3.4. Mosaico de Usos;2;11;2020;23873.80071718762;14.147823121215525;Rede MapBiomas;https://drive.google.com/uc?id=1otOqymHuixvkRGVl65zTTNyfaHo46Gqk&export=download;1985–2025;2026-10-07T18:19:30.573244+00:00;ha
4119608;Pitanga;21;3.4. Mosaico de Usos;2;11;2021;24769.66909834005;14.678722559749808;Rede MapBiomas;https://drive.google.com/uc?id=1otOqymHuixvkRGVl65zTTNyfaHo46Gqk&export=download;1985–2025;2026-10-07T18:19:30.573244+00:00;ha
4119608;Pitanga;21;3.4. Mosaico de Usos;2;11;2022;25051.35471362938;14.845651919180835;Rede MapBiomas;https://drive.google.com/uc?id=1otOqymHuixvkRGVl65zTTNyfaHo46Gqk&export=download;1985–2025;2026-10-07T18:19:30.573244+00:00;ha
4119608;Pitanga;21;3.4. Mosaico de Usos;2;11;2023;25311.34644870624;14.99972529544879;Rede MapBiomas;https://drive.google.com/uc?id=1otOqymHuixvkRGVl65zTTNyfaHo46Gqk&export=download;1985–2025;2026-10-07T18:19:30.573244+00:00;ha
4119608;Pitanga;21;3.4. Mosaico de Usos;2;11;2024;25749.71493295322;15.259506293477168;Rede MapBiomas;https://drive.google.com/uc?id=1otOqymHuixvkRGVl65zTTNyfaHo46Gqk&export=download;1985–2025;2026-10-07T18:19:30.573244+00:00;ha
4119608;Pitanga;21;3.4. Mosaico de Usos;2;11;2025;26064.28050492548;15.44592060282857;Rede MapBiomas;https://drive.google.com/uc?id=1otOqymHuixvkRGVl65zTTNyfaHo46Gqk&export=download;1985–2025;2026-10-07T18:19:30.573244+00:00;ha
4119608;Pitanga;24;4.2. Área Urbanizada;2;11;1985;462.3616362487846;0.27399954976478447;Rede MapBiomas;https://drive.google.com/uc?id=1otOqymHuixvkRGVl65zTTNyfaHo46Gqk&export=download;1985–2025;2026-10-07T18:19:30.573244+00:00;ha
4119608;Pitanga;24;4.2. Área Urbanizada;2;11;1986;476.602028942876;0.28243853103129096;Rede MapBiomas;https://drive.google.com/uc?id=1otOqymHuixvkRGVl65zTTNyfaHo46Gqk&export=download;1985–2025;2026-10-07T18:19:30.573244+00:00;ha
4119608;Pitanga;24;4.2. Área Urbanizada;2;11;1987;481.2401402587922;0.285187116365123;Rede MapBiomas;https://drive.google.com/uc?id=1otOqymHuixvkRGVl65zTTNyfaHo46Gqk&export=download;1985–2025;2026-10-07T18:19:30.573244+00:00;ha
4119608;Pitanga;24;4.2. Área Urbanizada;2;11;1988;492.063775469974;0.29160129726201367;Rede MapBiomas;https://drive.google.com/uc?id=1otOqymHuixvkRGVl65zTTNyfaHo46Gqk&export=download;1985–2025;2026-10-07T18:19:30.573244+00:00;ha
4119608;Pitanga;24;4.2. Área Urbanizada;2;11;1989;500.3635397155801;0.29651981014924267;Rede MapBiomas;https://drive.google.com/uc?id=1otOqymHuixvkRGVl65zTTNyfaHo46Gqk&export=download;1985–2025;2026-10-07T18:19:30.573244+00:00;ha
4119608;Pitanga;24;4.2. Área Urbanizada;2;11;1990;502.2350429931682;0.29762887936095933;Rede MapBiomas;https://drive.google.com/uc?id=1otOqymHuixvkRGVl65zTTNyfaHo46Gqk&export=download;1985–2025;2026-10-07T18:19:30.573244+00:00;ha
4119608;Pitanga;24;4.2. Área Urbanizada;2;11;1991;511.756147869877;0.3032711693888408;Rede MapBiomas;https://drive.google.com/uc?id=1otOqymHuixvkRGVl65zTTNyfaHo46Gqk&export=download;1985–2025;2026-10-07T18:19:30.573244+00:00;ha
4119608;Pitanga;24;4.2. Área Urbanizada;2;11;1992;514.7667314575231;0.3050552675554552;Rede MapBiomas;https://drive.google.com/uc?id=1otOqymHuixvkRGVl65zTTNyfaHo46Gqk&export=download;1985–2025;2026-10-07T18:19:30.573244+00:00;ha
4119608;Pitanga;24;4.2. Área Urbanizada;2;11;1993;540.8872867431672;0.32053453708555446;Rede MapBiomas;https://drive.google.com/uc?id=1otOqymHuixvkRGVl65zTTNyfaHo46Gqk&export=download;1985–2025;2026-10-07T18:19:30.573244+00:00;ha
4119608;Pitanga;24;4.2. Área Urbanizada;2;11;1994;554.0708972595243;0.32834725999021264;Rede MapBiomas;https://drive.google.com/uc?id=1otOqymHuixvkRGVl65zTTNyfaHo46Gqk&export=download;1985–2025;2026-10-07T18:19:30.573244+00:00;ha
4119608;Pitanga;24;4.2. Área Urbanizada;2;11;1995;567.8237892272962;0.33649734406229515;Rede MapBiomas;https://drive.google.com/uc?id=1otOqymHuixvkRGVl65zTTNyfaHo46Gqk&export=download;1985–2025;2026-10-07T18:19:30.573244+00:00;ha
4119608;Pitanga;24;4.2. Área Urbanizada;2;11;1996;596.1408825561482;0.3532783012491885;Rede MapBiomas;https://drive.google.com/uc?id=1otOqymHuixvkRGVl65zTTNyfaHo46Gqk&export=download;1985–2025;2026-10-07T18:19:30.573244+00:00;ha
4119608;Pitanga;24;4.2. Área Urbanizada;2;11;1997;615.6715457336394;0.3648523430763976;Rede MapBiomas;https://drive.google.com/uc?id=1otOqymHuixvkRGVl65zTTNyfaHo46Gqk&export=download;1985–2025;2026-10-07T18:19:30.573244+00:00;ha
4119608;Pitanga;24;4.2. Área Urbanizada;2;11;1998;626.4938480346663;0.371265734079072;Rede MapBiomas;https://drive.google.com/uc?id=1otOqymHuixvkRGVl65zTTNyfaHo46Gqk&export=download;1985–2025;2026-10-07T18:19:30.573244+00:00;ha
4119608;Pitanga;24;4.2. Área Urbanizada;2;11;1999;635.1195924682598;0.3763774256769428;Rede MapBiomas;https://drive.google.com/uc?id=1otOqymHuixvkRGVl65zTTNyfaHo46Gqk&export=download;1985–2025;2026-10-07T18:19:30.573244+00:00;ha
4119608;Pitanga;24;4.2. Área Urbanizada;2;11;2000;640.5715722167923;0.3796083165625803;Rede MapBiomas;https://drive.google.com/uc?id=1otOqymHuixvkRGVl65zTTNyfaHo46Gqk&export=download;1985–2025;2026-10-07T18:19:30.573244+00:00;ha
4119608;Pitanga;24;4.2. Área Urbanizada;2;11;2001;641.3855481567349;0.3800906858241676;Rede MapBiomas;https://drive.google.com/uc?id=1otOqymHuixvkRGVl65zTTNyfaHo46Gqk&export=download;1985–2025;2026-10-07T18:19:30.573244+00:00;ha
4119608;Pitanga;24;4.2. Área Urbanizada;2;11;2002;642.1188643798791;0.38052525543207644;Rede MapBiomas;https://drive.google.com/uc?id=1otOqymHuixvkRGVl65zTTNyfaHo46Gqk&export=download;1985–2025;2026-10-07T18:19:30.573244+00:00;ha
4119608;Pitanga;24;4.2. Área Urbanizada;2;11;2003;649.5229950561436;0.3849130080323041;Rede MapBiomas;https://drive.google.com/uc?id=1otOqymHuixvkRGVl65zTTNyfaHo46Gqk&export=download;1985–2025;2026-10-07T18:19:30.573244+00:00;ha
4119608;Pitanga;24;4.2. Área Urbanizada;2;11;2004;655.7878517394935;0.388625616899479;Rede MapBiomas;https://drive.google.com/uc?id=1otOqymHuixvkRGVl65zTTNyfaHo46Gqk&export=download;1985–2025;2026-10-07T18:19:30.573244+00:00;ha
4119608;Pitanga;24;4.2. Área Urbanizada;2;11;2005;661.8906859558045;0.39224220983553004;Rede MapBiomas;https://drive.google.com/uc?id=1otOqymHuixvkRGVl65zTTNyfaHo46Gqk&export=download;1985–2025;2026-10-07T18:19:30.573244+00:00;ha
4119608;Pitanga;24;4.2. Área Urbanizada;2;11;2006;667.5867433959934;0.39561774329610966;Rede MapBiomas;https://drive.google.com/uc?id=1otOqymHuixvkRGVl65zTTNyfaHo46Gqk&export=download;1985–2025;2026-10-07T18:19:30.573244+00:00;ha
4119608;Pitanga;24;4.2. Área Urbanizada;2;11;2007;671.7366553588852;0.3980770174232217;Rede MapBiomas;https://drive.google.com/uc?id=1otOqymHuixvkRGVl65zTTNyfaHo46Gqk&export=download;1985–2025;2026-10-07T18:19:30.573244+00:00;ha
4119608;Pitanga;24;4.2. Área Urbanizada;2;11;2008;676.7813801635733;0.40106656546701325;Rede MapBiomas;https://drive.google.com/uc?id=1otOqymHuixvkRGVl65zTTNyfaHo46Gqk&export=download;1985–2025;2026-10-07T18:19:30.573244+00:00;ha
4119608;Pitanga;24;4.2. Área Urbanizada;2;11;2009;678.4088636596672;0.4020310264218564;Rede MapBiomas;https://drive.google.com/uc?id=1otOqymHuixvkRGVl65zTTNyfaHo46Gqk&export=download;1985–2025;2026-10-07T18:19:30.573244+00:00;ha
4119608;Pitanga;24;4.2. Área Urbanizada;2;11;2010;682.6401038146971;0.4045384963469802;Rede MapBiomas;https://drive.google.com/uc?id=1otOqymHuixvkRGVl65zTTNyfaHo46Gqk&export=download;1985–2025;2026-10-07T18:19:30.573244+00:00;ha
4119608;Pitanga;24;4.2. Área Urbanizada;2;11;2011;691.5909386535669;0.4098428393624756;Rede MapBiomas;https://drive.google.com/uc?id=1otOqymHuixvkRGVl65zTTNyfaHo46Gqk&export=download;1985–2025;2026-10-07T18:19:30.573244+00:00;ha
4119608;Pitanga;24;4.2. Área Urbanizada;2;11;2012;698.4259079162621;0.4138933019307561;Rede MapBiomas;https://drive.google.com/uc?id=1otOqymHuixvkRGVl65zTTNyfaHo46Gqk&export=download;1985–2025;2026-10-07T18:19:30.573244+00:00;ha
4119608;Pitanga;24;4.2. Área Urbanizada;2;11;2013;709.4110070922861;0.42040316778548403;Rede MapBiomas;https://drive.google.com/uc?id=1otOqymHuixvkRGVl65zTTNyfaHo46Gqk&export=download;1985–2025;2026-10-07T18:19:30.573244+00:00;ha
4119608;Pitanga;24;4.2. Área Urbanizada;2;11;2014;719.1758946105983;0.4261899255390656;Rede MapBiomas;https://drive.google.com/uc?id=1otOqymHuixvkRGVl65zTTNyfaHo46Gqk&export=download;1985–2025;2026-10-07T18:19:30.573244+00:00;ha
4119608;Pitanga;24;4.2. Área Urbanizada;2;11;2015;730.7301448059105;0.43303707526599866;Rede MapBiomas;https://drive.google.com/uc?id=1otOqymHuixvkRGVl65zTTNyfaHo46Gqk&export=download;1985–2025;2026-10-07T18:19:30.573244+00:00;ha
4119608;Pitanga;24;4.2. Área Urbanizada;2;11;2016;738.7055978881879;0.437763398521197;Rede MapBiomas;https://drive.google.com/uc?id=1otOqymHuixvkRGVl65zTTNyfaHo46Gqk&export=download;1985–2025;2026-10-07T18:19:30.573244+00:00;ha
4119608;Pitanga;24;4.2. Área Urbanizada;2;11;2017;749.2833810607967;0.4440318853496432;Rede MapBiomas;https://drive.google.com/uc?id=1otOqymHuixvkRGVl65zTTNyfaHo46Gqk&export=download;1985–2025;2026-10-07T18:19:30.573244+00:00;ha
4119608;Pitanga;24;4.2. Área Urbanizada;2;11;2018;761.0822168884308;0.45102397866159954;Rede MapBiomas;https://drive.google.com/uc?id=1otOqymHuixvkRGVl65zTTNyfaHo46Gqk&export=download;1985–2025;2026-10-07T18:19:30.573244+00:00;ha
4119608;Pitanga;24;4.2. Área Urbanizada;2;11;2019;775.8084996520998;0.45975090263325685;Rede MapBiomas;https://drive.google.com/uc?id=1otOqymHuixvkRGVl65zTTNyfaHo46Gqk&export=download;1985–2025;2026-10-07T18:19:30.573244+00:00;ha
4119608;Pitanga;24;4.2. Área Urbanizada;2;11;2020;799.4037301452618;0.4737336426031535;Rede MapBiomas;https://drive.google.com/uc?id=1otOqymHuixvkRGVl65zTTNyfaHo46Gqk&export=download;1985–2025;2026-10-07T18:19:30.573244+00:00;ha
4119608;Pitanga;24;4.2. Área Urbanizada;2;11;2021;811.7718648315391;0.4810631073982101;Rede MapBiomas;https://drive.google.com/uc?id=1otOqymHuixvkRGVl65zTTNyfaHo46Gqk&export=download;1985–2025;2026-10-07T18:19:30.573244+00:00;ha
4119608;Pitanga;24;4.2. Área Urbanizada;2;11;2022;817.2233687316852;0.48429371629193163;Rede MapBiomas;https://drive.google.com/uc?id=1otOqymHuixvkRGVl65zTTNyfaHo46Gqk&export=download;1985–2025;2026-10-07T18:19:30.573244+00:00;ha
4119608;Pitanga;24;4.2. Área Urbanizada;2;11;2023;828.9426437011697;0.4912386611434562;Rede MapBiomas;https://drive.google.com/uc?id=1otOqymHuixvkRGVl65zTTNyfaHo46Gqk&export=download;1985–2025;2026-10-07T18:19:30.573244+00:00;ha
4119608;Pitanga;24;4.2. Área Urbanizada;2;11;2024;848.3909129150293;0.5027638755871444;Rede MapBiomas;https://drive.google.com/uc?id=1otOqymHuixvkRGVl65zTTNyfaHo46Gqk&export=download;1985–2025;2026-10-07T18:19:30.573244+00:00;ha
4119608;Pitanga;24;4.2. Área Urbanizada;2;11;2025;877.6867059875347;0.5201248188024887;Rede MapBiomas;https://drive.google.com/uc?id=1otOqymHuixvkRGVl65zTTNyfaHo46Gqk&export=download;1985–2025;2026-10-07T18:19:30.573244+00:00;ha
4119608;Pitanga;25;4.6. Outras Áreas não Vegetadas;2;11;1985;19.20595295410155;0.011381615708695794;Rede MapBiomas;https://drive.google.com/uc?id=1otOqymHuixvkRGVl65zTTNyfaHo46Gqk&export=download;1985–2025;2026-10-07T18:19:30.573244+00:00;ha
4119608;Pitanga;25;4.6. Outras Áreas não Vegetadas;2;11;1986;15.29986821899414;0.009066835729444559;Rede MapBiomas;https://drive.google.com/uc?id=1otOqymHuixvkRGVl65zTTNyfaHo46Gqk&export=download;1985–2025;2026-10-07T18:19:30.573244+00:00;ha
4119608;Pitanga;25;4.6. Outras Áreas não Vegetadas;2;11;1987;16.0297600769043;0.009499376028563919;Rede MapBiomas;https://drive.google.com/uc?id=1otOqymHuixvkRGVl65zTTNyfaHo46Gqk&export=download;1985–2025;2026-10-07T18:19:30.573244+00:00;ha
4119608;Pitanga;25;4.6. Outras Áreas não Vegetadas;2;11;1988;10.82193914794922;0.006413175794984171;Rede MapBiomas;https://drive.google.com/uc?id=1otOqymHuixvkRGVl65zTTNyfaHo46Gqk&export=download;1985–2025;2026-10-07T18:19:30.573244+00:00;ha
4119608;Pitanga;25;4.6. Outras Áreas não Vegetadas;2;11;1989;9.439495709228511;0.0055939277214244135;Rede MapBiomas;https://drive.google.com/uc?id=1otOqymHuixvkRGVl65zTTNyfaHo46Gqk&export=download;1985–2025;2026-10-07T18:19:30.573244+00:00;ha
4119608;Pitanga;25;4.6. Outras Áreas não Vegetadas;2;11;1990;9.357906323242187;0.0055455771376536405;Rede MapBiomas;https://drive.google.com/uc?id=1otOqymHuixvkRGVl65zTTNyfaHo46Gqk&export=download;1985–2025;2026-10-07T18:19:30.573244+00:00;ha
4119608;Pitanga;25;4.6. Outras Áreas não Vegetadas;2;11;1991;7.40500849609375;0.004388272803936433;Rede MapBiomas;https://drive.google.com/uc?id=1otOqymHuixvkRGVl65zTTNyfaHo46Gqk&export=download;1985–2025;2026-10-07T18:19:30.573244+00:00;ha
4119608;Pitanga;25;4.6. Outras Áreas não Vegetadas;2;11;1992;3.824348242187497;0.002266342218624921;Rede MapBiomas;https://drive.google.com/uc?id=1otOqymHuixvkRGVl65zTTNyfaHo46Gqk&export=download;1985–2025;2026-10-07T18:19:30.573244+00:00;ha
4119608;Pitanga;25;4.6. Outras Áreas não Vegetadas;2;11;1993;3.905735369873045;0.0023145729423575665;Rede MapBiomas;https://drive.google.com/uc?id=1otOqymHuixvkRGVl65zTTNyfaHo46Gqk&export=download;1985–2025;2026-10-07T18:19:30.573244+00:00;ha
4119608;Pitanga;25;4.6. Outras Áreas não Vegetadas;2;11;1994;3.580186169433593;0.0021216496387063545;Rede MapBiomas;https://drive.google.com/uc?id=1otOqymHuixvkRGVl65zTTNyfaHo46Gqk&export=download;1985–2025;2026-10-07T18:19:30.573244+00:00;ha
4119608;Pitanga;25;4.6. Outras Áreas não Vegetadas;2;11;1995;2.278309588623047;0.0013501461898357211;Rede MapBiomas;https://drive.google.com/uc?id=1otOqymHuixvkRGVl65zTTNyfaHo46Gqk&export=download;1985–2025;2026-10-07T18:19:30.573244+00:00;ha
4119608;Pitanga;25;4.6. Outras Áreas não Vegetadas;2;11;1996;2.115571240234375;0.0012537060211622807;Rede MapBiomas;https://drive.google.com/uc?id=1otOqymHuixvkRGVl65zTTNyfaHo46Gqk&export=download;1985–2025;2026-10-07T18:19:30.573244+00:00;ha
4119608;Pitanga;25;4.6. Outras Áreas não Vegetadas;2;11;1997;2.115571240234375;0.0012537060211622807;Rede MapBiomas;https://drive.google.com/uc?id=1otOqymHuixvkRGVl65zTTNyfaHo46Gqk&export=download;1985–2025;2026-10-07T18:19:30.573244+00:00;ha
4119608;Pitanga;25;4.6. Outras Áreas não Vegetadas;2;11;1998;2.115571240234375;0.0012537060211622807;Rede MapBiomas;https://drive.google.com/uc?id=1otOqymHuixvkRGVl65zTTNyfaHo46Gqk&export=download;1985–2025;2026-10-07T18:19:30.573244+00:00;ha
4119608;Pitanga;25;4.6. Outras Áreas não Vegetadas;2;11;1999;12.11894290771484;0.0071817915674826345;Rede MapBiomas;https://drive.google.com/uc?id=1otOqymHuixvkRGVl65zTTNyfaHo46Gqk&export=download;1985–2025;2026-10-07T18:19:30.573244+00:00;ha
4119608;Pitanga;25;4.6. Outras Áreas não Vegetadas;2;11;2000;19.2801428588867;0.011425581295185942;Rede MapBiomas;https://drive.google.com/uc?id=1otOqymHuixvkRGVl65zTTNyfaHo46Gqk&export=download;1985–2025;2026-10-07T18:19:30.573244+00:00;ha
4119608;Pitanga;25;4.6. Outras Áreas não Vegetadas;2;11;2001;19.28067860107419;0.011425898780692209;Rede MapBiomas;https://drive.google.com/uc?id=1otOqymHuixvkRGVl65zTTNyfaHo46Gqk&export=download;1985–2025;2026-10-07T18:19:30.573244+00:00;ha
4119608;Pitanga;25;4.6. Outras Áreas não Vegetadas;2;11;2002;22.37252580566405;0.013258154477493345;Rede MapBiomas;https://drive.google.com/uc?id=1otOqymHuixvkRGVl65zTTNyfaHo46Gqk&export=download;1985–2025;2026-10-07T18:19:30.573244+00:00;ha
4119608;Pitanga;25;4.6. Outras Áreas não Vegetadas;2;11;2003;23.43515206909178;0.013887876095639812;Rede MapBiomas;https://drive.google.com/uc?id=1otOqymHuixvkRGVl65zTTNyfaHo46Gqk&export=download;1985–2025;2026-10-07T18:19:30.573244+00:00;ha
4119608;Pitanga;25;4.6. Outras Áreas não Vegetadas;2;11;2004;26.93551421508789;0.015962221319862874;Rede MapBiomas;https://drive.google.com/uc?id=1otOqymHuixvkRGVl65zTTNyfaHo46Gqk&export=download;1985–2025;2026-10-07T18:19:30.573244+00:00;ha
4119608;Pitanga;25;4.6. Outras Áreas não Vegetadas;2;11;2005;25.47056206054688;0.015094077859631658;Rede MapBiomas;https://drive.google.com/uc?id=1otOqymHuixvkRGVl65zTTNyfaHo46Gqk&export=download;1985–2025;2026-10-07T18:19:30.573244+00:00;ha
4119608;Pitanga;25;4.6. Outras Áreas não Vegetadas;2;11;2006;26.11918925781253;0.01547846001005807;Rede MapBiomas;https://drive.google.com/uc?id=1otOqymHuixvkRGVl65zTTNyfaHo46Gqk&export=download;1985–2025;2026-10-07T18:19:30.573244+00:00;ha
4119608;Pitanga;25;4.6. Outras Áreas não Vegetadas;2;11;2007;21.39672505493166;0.012679886417604072;Rede MapBiomas;https://drive.google.com/uc?id=1otOqymHuixvkRGVl65zTTNyfaHo46Gqk&export=download;1985–2025;2026-10-07T18:19:30.573244+00:00;ha
4119608;Pitanga;25;4.6. Outras Áreas não Vegetadas;2;11;2008;19.85011935424806;0.011763354351732291;Rede MapBiomas;https://drive.google.com/uc?id=1otOqymHuixvkRGVl65zTTNyfaHo46Gqk&export=download;1985–2025;2026-10-07T18:19:30.573244+00:00;ha
4119608;Pitanga;25;4.6. Outras Áreas não Vegetadas;2;11;2009;19.68811286010743;0.011667347886287528;Rede MapBiomas;https://drive.google.com/uc?id=1otOqymHuixvkRGVl65zTTNyfaHo46Gqk&export=download;1985–2025;2026-10-07T18:19:30.573244+00:00;ha
4119608;Pitanga;25;4.6. Outras Áreas não Vegetadas;2;11;2010;19.52573191528321;0.01157111951809247;Rede MapBiomas;https://drive.google.com/uc?id=1otOqymHuixvkRGVl65zTTNyfaHo46Gqk&export=download;1985–2025;2026-10-07T18:19:30.573244+00:00;ha
4119608;Pitanga;25;4.6. Outras Áreas não Vegetadas;2;11;2011;22.12865052490236;0.013113631853017834;Rede MapBiomas;https://drive.google.com/uc?id=1otOqymHuixvkRGVl65zTTNyfaHo46Gqk&export=download;1985–2025;2026-10-07T18:19:30.573244+00:00;ha
4119608;Pitanga;25;4.6. Outras Áreas não Vegetadas;2;11;2012;27.41859329223633;0.016248498206313376;Rede MapBiomas;https://drive.google.com/uc?id=1otOqymHuixvkRGVl65zTTNyfaHo46Gqk&export=download;1985–2025;2026-10-07T18:19:30.573244+00:00;ha
4119608;Pitanga;25;4.6. Outras Áreas não Vegetadas;2;11;2013;32.95518925170899;0.019529533398663895;Rede MapBiomas;https://drive.google.com/uc?id=1otOqymHuixvkRGVl65zTTNyfaHo46Gqk&export=download;1985–2025;2026-10-07T18:19:30.573244+00:00;ha
4119608;Pitanga;25;4.6. Outras Áreas não Vegetadas;2;11;2014;39.38639706420901;0.023340723399991353;Rede MapBiomas;https://drive.google.com/uc?id=1otOqymHuixvkRGVl65zTTNyfaHo46Gqk&export=download;1985–2025;2026-10-07T18:19:30.573244+00:00;ha
4119608;Pitanga;25;4.6. Outras Áreas não Vegetadas;2;11;2015;50.29818520507813;0.029807144494059176;Rede MapBiomas;https://drive.google.com/uc?id=1otOqymHuixvkRGVl65zTTNyfaHo46Gqk&export=download;1985–2025;2026-10-07T18:19:30.573244+00:00;ha
4119608;Pitanga;25;4.6. Outras Áreas não Vegetadas;2;11;2016;55.50896668701171;0.03289509917722896;Rede MapBiomas;https://drive.google.com/uc?id=1otOqymHuixvkRGVl65zTTNyfaHo46Gqk&export=download;1985–2025;2026-10-07T18:19:30.573244+00:00;ha
4119608;Pitanga;25;4.6. Outras Áreas não Vegetadas;2;11;2017;55.34619696044921;0.032798640413575254;Rede MapBiomas;https://drive.google.com/uc?id=1otOqymHuixvkRGVl65zTTNyfaHo46Gqk&export=download;1985–2025;2026-10-07T18:19:30.573244+00:00;ha
4119608;Pitanga;25;4.6. Outras Áreas não Vegetadas;2;11;2018;57.87092893066406;0.034294818662117046;Rede MapBiomas;https://drive.google.com/uc?id=1otOqymHuixvkRGVl65zTTNyfaHo46Gqk&export=download;1985–2025;2026-10-07T18:19:30.573244+00:00;ha
4119608;Pitanga;25;4.6. Outras Áreas não Vegetadas;2;11;2019;60.23206989135742;0.035694051447540155;Rede MapBiomas;https://drive.google.com/uc?id=1otOqymHuixvkRGVl65zTTNyfaHo46Gqk&export=download;1985–2025;2026-10-07T18:19:30.573244+00:00;ha
4119608;Pitanga;25;4.6. Outras Áreas não Vegetadas;2;11;2020;70.80756384887687;0.04196118166710137;Rede MapBiomas;https://drive.google.com/uc?id=1otOqymHuixvkRGVl65zTTNyfaHo46Gqk&export=download;1985–2025;2026-10-07T18:19:30.573244+00:00;ha
4119608;Pitanga;25;4.6. Outras Áreas não Vegetadas;2;11;2021;76.66683330688461;0.04543343599700177;Rede MapBiomas;https://drive.google.com/uc?id=1otOqymHuixvkRGVl65zTTNyfaHo46Gqk&export=download;1985–2025;2026-10-07T18:19:30.573244+00:00;ha
4119608;Pitanga;25;4.6. Outras Áreas não Vegetadas;2;11;2022;92.62203819580066;0.05488862996905436;Rede MapBiomas;https://drive.google.com/uc?id=1otOqymHuixvkRGVl65zTTNyfaHo46Gqk&export=download;1985–2025;2026-10-07T18:19:30.573244+00:00;ha
4119608;Pitanga;25;4.6. Outras Áreas não Vegetadas;2;11;2023;129.6527788146971;0.0768333707554085;Rede MapBiomas;https://drive.google.com/uc?id=1otOqymHuixvkRGVl65zTTNyfaHo46Gqk&export=download;1985–2025;2026-10-07T18:19:30.573244+00:00;ha
4119608;Pitanga;25;4.6. Outras Áreas não Vegetadas;2;11;2024;173.4460949035643;0.10278567291527017;Rede MapBiomas;https://drive.google.com/uc?id=1otOqymHuixvkRGVl65zTTNyfaHo46Gqk&export=download;1985–2025;2026-10-07T18:19:30.573244+00:00;ha
4119608;Pitanga;25;4.6. Outras Áreas não Vegetadas;2;11;2025;174.912277038574;0.10365454527268536;Rede MapBiomas;https://drive.google.com/uc?id=1otOqymHuixvkRGVl65zTTNyfaHo46Gqk&export=download;1985–2025;2026-10-07T18:19:30.573244+00:00;ha
4119608;Pitanga;33;5.1 Rio, Lago e Oceano;2;11;1985;291.4085452636718;0.1726912527770664;Rede MapBiomas;https://drive.google.com/uc?id=1otOqymHuixvkRGVl65zTTNyfaHo46Gqk&export=download;1985–2025;2026-10-07T18:19:30.573244+00:00;ha
4119608;Pitanga;33;5.1 Rio, Lago e Oceano;2;11;1986;298.2435394165037;0.17674173009545963;Rede MapBiomas;https://drive.google.com/uc?id=1otOqymHuixvkRGVl65zTTNyfaHo46Gqk&export=download;1985–2025;2026-10-07T18:19:30.573244+00:00;ha
4119608;Pitanga;33;5.1 Rio, Lago e Oceano;2;11;1987;329.6704582946775;0.1953655971034929;Rede MapBiomas;https://drive.google.com/uc?id=1otOqymHuixvkRGVl65zTTNyfaHo46Gqk&export=download;1985–2025;2026-10-07T18:19:30.573244+00:00;ha
4119608;Pitanga;33;5.1 Rio, Lago e Oceano;2;11;1988;304.1110516113279;0.18021886914329394;Rede MapBiomas;https://drive.google.com/uc?id=1otOqymHuixvkRGVl65zTTNyfaHo46Gqk&export=download;1985–2025;2026-10-07T18:19:30.573244+00:00;ha
4119608;Pitanga;33;5.1 Rio, Lago e Oceano;2;11;1989;320.1463984252926;0.18972155592110518;Rede MapBiomas;https://drive.google.com/uc?id=1otOqymHuixvkRGVl65zTTNyfaHo46Gqk&export=download;1985–2025;2026-10-07T18:19:30.573244+00:00;ha
4119608;Pitanga;33;5.1 Rio, Lago e Oceano;2;11;1990;304.1827149841305;0.18026133748483247;Rede MapBiomas;https://drive.google.com/uc?id=1otOqymHuixvkRGVl65zTTNyfaHo46Gqk&export=download;1985–2025;2026-10-07T18:19:30.573244+00:00;ha
4119608;Pitanga;33;5.1 Rio, Lago e Oceano;2;11;1991;298.2389643920894;0.17673901889597549;Rede MapBiomas;https://drive.google.com/uc?id=1otOqymHuixvkRGVl65zTTNyfaHo46Gqk&export=download;1985–2025;2026-10-07T18:19:30.573244+00:00;ha
4119608;Pitanga;33;5.1 Rio, Lago e Oceano;2;11;1992;305.0691832824702;0.18078666635207252;Rede MapBiomas;https://drive.google.com/uc?id=1otOqymHuixvkRGVl65zTTNyfaHo46Gqk&export=download;1985–2025;2026-10-07T18:19:30.573244+00:00;ha
4119608;Pitanga;33;5.1 Rio, Lago e Oceano;2;11;1993;310.2046817321775;0.18383000765186933;Rede MapBiomas;https://drive.google.com/uc?id=1otOqymHuixvkRGVl65zTTNyfaHo46Gqk&export=download;1985–2025;2026-10-07T18:19:30.573244+00:00;ha
4119608;Pitanga;33;5.1 Rio, Lago e Oceano;2;11;1994;305.3166989807127;0.1809333463197887;Rede MapBiomas;https://drive.google.com/uc?id=1otOqymHuixvkRGVl65zTTNyfaHo46Gqk&export=download;1985–2025;2026-10-07T18:19:30.573244+00:00;ha
4119608;Pitanga;33;5.1 Rio, Lago e Oceano;2;11;1995;289.3543165039059;0.17147389884637207;Rede MapBiomas;https://drive.google.com/uc?id=1otOqymHuixvkRGVl65zTTNyfaHo46Gqk&export=download;1985–2025;2026-10-07T18:19:30.573244+00:00;ha
4119608;Pitanga;33;5.1 Rio, Lago e Oceano;2;11;1996;275.8379400573727;0.16346397594089837;Rede MapBiomas;https://drive.google.com/uc?id=1otOqymHuixvkRGVl65zTTNyfaHo46Gqk&export=download;1985–2025;2026-10-07T18:19:30.573244+00:00;ha
4119608;Pitanga;33;5.1 Rio, Lago e Oceano;2;11;1997;324.7685693054197;0.1924606948132629;Rede MapBiomas;https://drive.google.com/uc?id=1otOqymHuixvkRGVl65zTTNyfaHo46Gqk&export=download;1985–2025;2026-10-07T18:19:30.573244+00:00;ha
4119608;Pitanga;33;5.1 Rio, Lago e Oceano;2;11;1998;300.6660732055661;0.17817734480795688;Rede MapBiomas;https://drive.google.com/uc?id=1otOqymHuixvkRGVl65zTTNyfaHo46Gqk&export=download;1985–2025;2026-10-07T18:19:30.573244+00:00;ha
4119608;Pitanga;33;5.1 Rio, Lago e Oceano;2;11;1999;297.3278059509275;0.1761990584341425;Rede MapBiomas;https://drive.google.com/uc?id=1otOqymHuixvkRGVl65zTTNyfaHo46Gqk&export=download;1985–2025;2026-10-07T18:19:30.573244+00:00;ha
4119608;Pitanga;33;5.1 Rio, Lago e Oceano;2;11;2000;269.9668602722163;0.15998472270782868;Rede MapBiomas;https://drive.google.com/uc?id=1otOqymHuixvkRGVl65zTTNyfaHo46Gqk&export=download;1985–2025;2026-10-07T18:19:30.573244+00:00;ha
4119608;Pitanga;33;5.1 Rio, Lago e Oceano;2;11;2001;275.8379360656734;0.16346397357538245;Rede MapBiomas;https://drive.google.com/uc?id=1otOqymHuixvkRGVl65zTTNyfaHo46Gqk&export=download;1985–2025;2026-10-07T18:19:30.573244+00:00;ha
4119608;Pitanga;33;5.1 Rio, Lago e Oceano;2;11;2002;259.9537957031245;0.15405089306323286;Rede MapBiomas;https://drive.google.com/uc?id=1otOqymHuixvkRGVl65zTTNyfaHo46Gqk&export=download;1985–2025;2026-10-07T18:19:30.573244+00:00;ha
4119608;Pitanga;33;5.1 Rio, Lago e Oceano;2;11;2003;279.9071453369136;0.16587542258154211;Rede MapBiomas;https://drive.google.com/uc?id=1otOqymHuixvkRGVl65zTTNyfaHo46Gqk&export=download;1985–2025;2026-10-07T18:19:30.573244+00:00;ha
4119608;Pitanga;33;5.1 Rio, Lago e Oceano;2;11;2004;285.4512304931636;0.16916089593740846;Rede MapBiomas;https://drive.google.com/uc?id=1otOqymHuixvkRGVl65zTTNyfaHo46Gqk&export=download;1985–2025;2026-10-07T18:19:30.573244+00:00;ha
4119608;Pitanga;33;5.1 Rio, Lago e Oceano;2;11;2005;267.1259646301265;0.15830118310195507;Rede MapBiomas;https://drive.google.com/uc?id=1otOqymHuixvkRGVl65zTTNyfaHo46Gqk&export=download;1985–2025;2026-10-07T18:19:30.573244+00:00;ha
4119608;Pitanga;33;5.1 Rio, Lago e Oceano;2;11;2006;271.7633792419429;0.16104935556284375;Rede MapBiomas;https://drive.google.com/uc?id=1otOqymHuixvkRGVl65zTTNyfaHo46Gqk&export=download;1985–2025;2026-10-07T18:19:30.573244+00:00;ha
4119608;Pitanga;33;5.1 Rio, Lago e Oceano;2;11;2007;283.4107401550286;0.16795168351553796;Rede MapBiomas;https://drive.google.com/uc?id=1otOqymHuixvkRGVl65zTTNyfaHo46Gqk&export=download;1985–2025;2026-10-07T18:19:30.573244+00:00;ha
4119608;Pitanga;33;5.1 Rio, Lago e Oceano;2;11;2008;272.9872681518548;0.16177464283580756;Rede MapBiomas;https://drive.google.com/uc?id=1otOqymHuixvkRGVl65zTTNyfaHo46Gqk&export=download;1985–2025;2026-10-07T18:19:30.573244+00:00;ha
4119608;Pitanga;33;5.1 Rio, Lago e Oceano;2;11;2009;276.3205734008783;0.16374998868169344;Rede MapBiomas;https://drive.google.com/uc?id=1otOqymHuixvkRGVl65zTTNyfaHo46Gqk&export=download;1985–2025;2026-10-07T18:19:30.573244+00:00;ha
4119608;Pitanga;33;5.1 Rio, Lago e Oceano;2;11;2010;280.6350270507807;0.16630677165171953;Rede MapBiomas;https://drive.google.com/uc?id=1otOqymHuixvkRGVl65zTTNyfaHo46Gqk&export=download;1985–2025;2026-10-07T18:19:30.573244+00:00;ha
4119608;Pitanga;33;5.1 Rio, Lago e Oceano;2;11;2011;264.7571931335444;0.15689742839422252;Rede MapBiomas;https://drive.google.com/uc?id=1otOqymHuixvkRGVl65zTTNyfaHo46Gqk&export=download;1985–2025;2026-10-07T18:19:30.573244+00:00;ha
4119608;Pitanga;33;5.1 Rio, Lago e Oceano;2;11;2012;285.2812268981929;0.1690601503200638;Rede MapBiomas;https://drive.google.com/uc?id=1otOqymHuixvkRGVl65zTTNyfaHo46Gqk&export=download;1985–2025;2026-10-07T18:19:30.573244+00:00;ha
4119608;Pitanga;33;5.1 Rio, Lago e Oceano;2;11;2013;295.6238164367672;0.17518925934382046;Rede MapBiomas;https://drive.google.com/uc?id=1otOqymHuixvkRGVl65zTTNyfaHo46Gqk&export=download;1985–2025;2026-10-07T18:19:30.573244+00:00;ha
4119608;Pitanga;33;5.1 Rio, Lago e Oceano;2;11;2014;310.7764834594723;0.18416886235682411;Rede MapBiomas;https://drive.google.com/uc?id=1otOqymHuixvkRGVl65zTTNyfaHo46Gqk&export=download;1985–2025;2026-10-07T18:19:30.573244+00:00;ha
4119608;Pitanga;33;5.1 Rio, Lago e Oceano;2;11;2015;305.0729075805661;0.18078887340369937;Rede MapBiomas;https://drive.google.com/uc?id=1otOqymHuixvkRGVl65zTTNyfaHo46Gqk&export=download;1985–2025;2026-10-07T18:19:30.573244+00:00;ha
4119608;Pitanga;33;5.1 Rio, Lago e Oceano;2;11;2016;294.8957317382808;0.17475778998318225;Rede MapBiomas;https://drive.google.com/uc?id=1otOqymHuixvkRGVl65zTTNyfaHo46Gqk&export=download;1985–2025;2026-10-07T18:19:30.573244+00:00;ha
4119608;Pitanga;33;5.1 Rio, Lago e Oceano;2;11;2017;291.2226454040522;0.17258108689425145;Rede MapBiomas;https://drive.google.com/uc?id=1otOqymHuixvkRGVl65zTTNyfaHo46Gqk&export=download;1985–2025;2026-10-07T18:19:30.573244+00:00;ha
4119608;Pitanga;33;5.1 Rio, Lago e Oceano;2;11;2018;290.2422594055172;0.17200010157640871;Rede MapBiomas;https://drive.google.com/uc?id=1otOqymHuixvkRGVl65zTTNyfaHo46Gqk&export=download;1985–2025;2026-10-07T18:19:30.573244+00:00;ha
4119608;Pitanga;33;5.1 Rio, Lago e Oceano;2;11;2019;279.4151731689448;0.1655838755716866;Rede MapBiomas;https://drive.google.com/uc?id=1otOqymHuixvkRGVl65zTTNyfaHo46Gqk&export=download;1985–2025;2026-10-07T18:19:30.573244+00:00;ha
4119608;Pitanga;33;5.1 Rio, Lago e Oceano;2;11;2020;285.7595970642087;0.16934363666458982;Rede MapBiomas;https://drive.google.com/uc?id=1otOqymHuixvkRGVl65zTTNyfaHo46Gqk&export=download;1985–2025;2026-10-07T18:19:30.573244+00:00;ha
4119608;Pitanga;33;5.1 Rio, Lago e Oceano;2;11;2021;285.758081311035;0.16934273841600128;Rede MapBiomas;https://drive.google.com/uc?id=1otOqymHuixvkRGVl65zTTNyfaHo46Gqk&export=download;1985–2025;2026-10-07T18:19:30.573244+00:00;ha
4119608;Pitanga;33;5.1 Rio, Lago e Oceano;2;11;2022;304.2553182922359;0.1803043628402528;Rede MapBiomas;https://drive.google.com/uc?id=1otOqymHuixvkRGVl65zTTNyfaHo46Gqk&export=download;1985–2025;2026-10-07T18:19:30.573244+00:00;ha
4119608;Pitanga;33;5.1 Rio, Lago e Oceano;2;11;2023;295.5455554626459;0.1751428812060334;Rede MapBiomas;https://drive.google.com/uc?id=1otOqymHuixvkRGVl65zTTNyfaHo46Gqk&export=download;1985–2025;2026-10-07T18:19:30.573244+00:00;ha
4119608;Pitanga;33;5.1 Rio, Lago e Oceano;2;11;2024;306.1287529541012;0.18141457660718524;Rede MapBiomas;https://drive.google.com/uc?id=1otOqymHuixvkRGVl65zTTNyfaHo46Gqk&export=download;1985–2025;2026-10-07T18:19:30.573244+00:00;ha
4119608;Pitanga;33;5.1 Rio, Lago e Oceano;2;11;2025;308.1615143615716;0.1826192087971415;Rede MapBiomas;https://drive.google.com/uc?id=1otOqymHuixvkRGVl65zTTNyfaHo46Gqk&export=download;1985–2025;2026-10-07T18:19:30.573244+00:00;ha
4119608;Pitanga;39;3.2.1.1. Soja;4;11;1985;16020.53903051155;9.493911555818144;Rede MapBiomas;https://drive.google.com/uc?id=1otOqymHuixvkRGVl65zTTNyfaHo46Gqk&export=download;1985–2025;2026-10-07T18:19:30.573244+00:00;ha
4119608;Pitanga;39;3.2.1.1. Soja;4;11;1986;23995.0585129818;14.219681551604843;Rede MapBiomas;https://drive.google.com/uc?id=1otOqymHuixvkRGVl65zTTNyfaHo46Gqk&export=download;1985–2025;2026-10-07T18:19:30.573244+00:00;ha
4119608;Pitanga;39;3.2.1.1. Soja;4;11;1987;22278.24999125324;13.202285805274242;Rede MapBiomas;https://drive.google.com/uc?id=1otOqymHuixvkRGVl65zTTNyfaHo46Gqk&export=download;1985–2025;2026-10-07T18:19:30.573244+00:00;ha
4119608;Pitanga;39;3.2.1.1. Soja;4;11;1988;24951.78867399328;14.786648213221387;Rede MapBiomas;https://drive.google.com/uc?id=1otOqymHuixvkRGVl65zTTNyfaHo46Gqk&export=download;1985–2025;2026-10-07T18:19:30.573244+00:00;ha
4119608;Pitanga;39;3.2.1.1. Soja;4;11;1989;23806.16158349588;14.107739578972748;Rede MapBiomas;https://drive.google.com/uc?id=1otOqymHuixvkRGVl65zTTNyfaHo46Gqk&export=download;1985–2025;2026-10-07T18:19:30.573244+00:00;ha
4119608;Pitanga;39;3.2.1.1. Soja;4;11;1990;27678.83400053066;16.402719126287685;Rede MapBiomas;https://drive.google.com/uc?id=1otOqymHuixvkRGVl65zTTNyfaHo46Gqk&export=download;1985–2025;2026-10-07T18:19:30.573244+00:00;ha
4119608;Pitanga;39;3.2.1.1. Soja;4;11;1991;20915.42884132066;12.394666071679975;Rede MapBiomas;https://drive.google.com/uc?id=1otOqymHuixvkRGVl65zTTNyfaHo46Gqk&export=download;1985–2025;2026-10-07T18:19:30.573244+00:00;ha
4119608;Pitanga;39;3.2.1.1. Soja;4;11;1992;19161.16315952156;11.355072884666225;Rede MapBiomas;https://drive.google.com/uc?id=1otOqymHuixvkRGVl65zTTNyfaHo46Gqk&export=download;1985–2025;2026-10-07T18:19:30.573244+00:00;ha
4119608;Pitanga;39;3.2.1.1. Soja;4;11;1993;16222.40781043072;9.613540760477452;Rede MapBiomas;https://drive.google.com/uc?id=1otOqymHuixvkRGVl65zTTNyfaHo46Gqk&export=download;1985–2025;2026-10-07T18:19:30.573244+00:00;ha
4119608;Pitanga;39;3.2.1.1. Soja;4;11;1994;26192.65680890602;15.521997523432354;Rede MapBiomas;https://drive.google.com/uc?id=1otOqymHuixvkRGVl65zTTNyfaHo46Gqk&export=download;1985–2025;2026-10-07T18:19:30.573244+00:00;ha
4119608;Pitanga;39;3.2.1.1. Soja;4;11;1995;25296.77686439865;14.991091232352794;Rede MapBiomas;https://drive.google.com/uc?id=1otOqymHuixvkRGVl65zTTNyfaHo46Gqk&export=download;1985–2025;2026-10-07T18:19:30.573244+00:00;ha
4119608;Pitanga;39;3.2.1.1. Soja;4;11;1996;26404.33770777054;15.647441475602026;Rede MapBiomas;https://drive.google.com/uc?id=1otOqymHuixvkRGVl65zTTNyfaHo46Gqk&export=download;1985–2025;2026-10-07T18:19:30.573244+00:00;ha
4119608;Pitanga;39;3.2.1.1. Soja;4;11;1997;21843.61669462279;12.944718312097864;Rede MapBiomas;https://drive.google.com/uc?id=1otOqymHuixvkRGVl65zTTNyfaHo46Gqk&export=download;1985–2025;2026-10-07T18:19:30.573244+00:00;ha
4119608;Pitanga;39;3.2.1.1. Soja;4;11;1998;20386.13585802645;12.081002420229796;Rede MapBiomas;https://drive.google.com/uc?id=1otOqymHuixvkRGVl65zTTNyfaHo46Gqk&export=download;1985–2025;2026-10-07T18:19:30.573244+00:00;ha
4119608;Pitanga;39;3.2.1.1. Soja;4;11;1999;24451.49650802666;14.490170699780059;Rede MapBiomas;https://drive.google.com/uc?id=1otOqymHuixvkRGVl65zTTNyfaHo46Gqk&export=download;1985–2025;2026-10-07T18:19:30.573244+00:00;ha
4119608;Pitanga;39;3.2.1.1. Soja;4;11;2000;26803.97174727757;15.884268102880181;Rede MapBiomas;https://drive.google.com/uc?id=1otOqymHuixvkRGVl65zTTNyfaHo46Gqk&export=download;1985–2025;2026-10-07T18:19:30.573244+00:00;ha
4119608;Pitanga;39;3.2.1.1. Soja;4;11;2001;22513.81190753823;13.341881857246616;Rede MapBiomas;https://drive.google.com/uc?id=1otOqymHuixvkRGVl65zTTNyfaHo46Gqk&export=download;1985–2025;2026-10-07T18:19:30.573244+00:00;ha
4119608;Pitanga;39;3.2.1.1. Soja;4;11;2002;29390.14290120319;17.416855749077126;Rede MapBiomas;https://drive.google.com/uc?id=1otOqymHuixvkRGVl65zTTNyfaHo46Gqk&export=download;1985–2025;2026-10-07T18:19:30.573244+00:00;ha
4119608;Pitanga;39;3.2.1.1. Soja;4;11;2003;33333.97448413765;19.75400484050982;Rede MapBiomas;https://drive.google.com/uc?id=1otOqymHuixvkRGVl65zTTNyfaHo46Gqk&export=download;1985–2025;2026-10-07T18:19:30.573244+00:00;ha
4119608;Pitanga;39;3.2.1.1. Soja;4;11;2004;37376.75055913555;22.149789303373932;Rede MapBiomas;https://drive.google.com/uc?id=1otOqymHuixvkRGVl65zTTNyfaHo46Gqk&export=download;1985–2025;2026-10-07T18:19:30.573244+00:00;ha
4119608;Pitanga;39;3.2.1.1. Soja;4;11;2005;38799.6564407025;22.99301577447593;Rede MapBiomas;https://drive.google.com/uc?id=1otOqymHuixvkRGVl65zTTNyfaHo46Gqk&export=download;1985–2025;2026-10-07T18:19:30.573244+00:00;ha
4119608;Pitanga;39;3.2.1.1. Soja;4;11;2006;41880.23931012412;24.81859612773096;Rede MapBiomas;https://drive.google.com/uc?id=1otOqymHuixvkRGVl65zTTNyfaHo46Gqk&export=download;1985–2025;2026-10-07T18:19:30.573244+00:00;ha
4119608;Pitanga;39;3.2.1.1. Soja;4;11;2007;42480.81816782077;25.174504411865904;Rede MapBiomas;https://drive.google.com/uc?id=1otOqymHuixvkRGVl65zTTNyfaHo46Gqk&export=download;1985–2025;2026-10-07T18:19:30.573244+00:00;ha
4119608;Pitanga;39;3.2.1.1. Soja;4;11;2008;42316.04359334486;25.076857557802974;Rede MapBiomas;https://drive.google.com/uc?id=1otOqymHuixvkRGVl65zTTNyfaHo46Gqk&export=download;1985–2025;2026-10-07T18:19:30.573244+00:00;ha
4119608;Pitanga;39;3.2.1.1. Soja;4;11;2009;42459.37098863279;25.16179462588775;Rede MapBiomas;https://drive.google.com/uc?id=1otOqymHuixvkRGVl65zTTNyfaHo46Gqk&export=download;1985–2025;2026-10-07T18:19:30.573244+00:00;ha
4119608;Pitanga;39;3.2.1.1. Soja;4;11;2010;46768.14814675794;27.715213657236255;Rede MapBiomas;https://drive.google.com/uc?id=1otOqymHuixvkRGVl65zTTNyfaHo46Gqk&export=download;1985–2025;2026-10-07T18:19:30.573244+00:00;ha
4119608;Pitanga;39;3.2.1.1. Soja;4;11;2011;50232.32504559443;29.768115187492185;Rede MapBiomas;https://drive.google.com/uc?id=1otOqymHuixvkRGVl65zTTNyfaHo46Gqk&export=download;1985–2025;2026-10-07T18:19:30.573244+00:00;ha
4119608;Pitanga;39;3.2.1.1. Soja;4;11;2012;53231.30733658115;31.545338324233523;Rede MapBiomas;https://drive.google.com/uc?id=1otOqymHuixvkRGVl65zTTNyfaHo46Gqk&export=download;1985–2025;2026-10-07T18:19:30.573244+00:00;ha
4119608;Pitanga;39;3.2.1.1. Soja;4;11;2013;51077.48972886834;30.26896717117524;Rede MapBiomas;https://drive.google.com/uc?id=1otOqymHuixvkRGVl65zTTNyfaHo46Gqk&export=download;1985–2025;2026-10-07T18:19:30.573244+00:00;ha
4119608;Pitanga;39;3.2.1.1. Soja;4;11;2014;54525.48716249625;32.31228060883215;Rede MapBiomas;https://drive.google.com/uc?id=1otOqymHuixvkRGVl65zTTNyfaHo46Gqk&export=download;1985–2025;2026-10-07T18:19:30.573244+00:00;ha
4119608;Pitanga;39;3.2.1.1. Soja;4;11;2015;56323.41749166575;33.37774984779778;Rede MapBiomas;https://drive.google.com/uc?id=1otOqymHuixvkRGVl65zTTNyfaHo46Gqk&export=download;1985–2025;2026-10-07T18:19:30.573244+00:00;ha
4119608;Pitanga;39;3.2.1.1. Soja;4;11;2016;57126.18516807626;33.85347699438104;Rede MapBiomas;https://drive.google.com/uc?id=1otOqymHuixvkRGVl65zTTNyfaHo46Gqk&export=download;1985–2025;2026-10-07T18:19:30.573244+00:00;ha
4119608;Pitanga;39;3.2.1.1. Soja;4;11;2017;58962.23721659507;34.94153749767109;Rede MapBiomas;https://drive.google.com/uc?id=1otOqymHuixvkRGVl65zTTNyfaHo46Gqk&export=download;1985–2025;2026-10-07T18:19:30.573244+00:00;ha
4119608;Pitanga;39;3.2.1.1. Soja;4;11;2018;59107.84821944708;35.0278278515723;Rede MapBiomas;https://drive.google.com/uc?id=1otOqymHuixvkRGVl65zTTNyfaHo46Gqk&export=download;1985–2025;2026-10-07T18:19:30.573244+00:00;ha
4119608;Pitanga;39;3.2.1.1. Soja;4;11;2019;59897.76983362857;35.4959423093184;Rede MapBiomas;https://drive.google.com/uc?id=1otOqymHuixvkRGVl65zTTNyfaHo46Gqk&export=download;1985–2025;2026-10-07T18:19:30.573244+00:00;ha
4119608;Pitanga;39;3.2.1.1. Soja;4;11;2020;61299.22748591319;36.326458372147144;Rede MapBiomas;https://drive.google.com/uc?id=1otOqymHuixvkRGVl65zTTNyfaHo46Gqk&export=download;1985–2025;2026-10-07T18:19:30.573244+00:00;ha
4119608;Pitanga;39;3.2.1.1. Soja;4;11;2021;61354.81882471446;36.35940228575977;Rede MapBiomas;https://drive.google.com/uc?id=1otOqymHuixvkRGVl65zTTNyfaHo46Gqk&export=download;1985–2025;2026-10-07T18:19:30.573244+00:00;ha
4119608;Pitanga;39;3.2.1.1. Soja;4;11;2022;62036.28976213584;36.76324792387576;Rede MapBiomas;https://drive.google.com/uc?id=1otOqymHuixvkRGVl65zTTNyfaHo46Gqk&export=download;1985–2025;2026-10-07T18:19:30.573244+00:00;ha
4119608;Pitanga;39;3.2.1.1. Soja;4;11;2023;62675.02807263938;37.141769833512136;Rede MapBiomas;https://drive.google.com/uc?id=1otOqymHuixvkRGVl65zTTNyfaHo46Gqk&export=download;1985–2025;2026-10-07T18:19:30.573244+00:00;ha
4119608;Pitanga;39;3.2.1.1. Soja;4;11;2024;63559.16762208543;37.665718663789015;Rede MapBiomas;https://drive.google.com/uc?id=1otOqymHuixvkRGVl65zTTNyfaHo46Gqk&export=download;1985–2025;2026-10-07T18:19:30.573244+00:00;ha
4119608;Pitanga;39;3.2.1.1. Soja;4;11;2025;63559.33778235137;37.665819502250955;Rede MapBiomas;https://drive.google.com/uc?id=1otOqymHuixvkRGVl65zTTNyfaHo46Gqk&export=download;1985–2025;2026-10-07T18:19:30.573244+00:00;ha
4119608;Pitanga;41;3.2.1.5. Outras Lavouras Temporárias;4;11;1985;14197.27818768886;8.413431232904044;Rede MapBiomas;https://drive.google.com/uc?id=1otOqymHuixvkRGVl65zTTNyfaHo46Gqk&export=download;1985–2025;2026-10-07T18:19:30.573244+00:00;ha
4119608;Pitanga;41;3.2.1.5. Outras Lavouras Temporárias;4;11;1986;6978.820959533667;4.135710342050015;Rede MapBiomas;https://drive.google.com/uc?id=1otOqymHuixvkRGVl65zTTNyfaHo46Gqk&export=download;1985–2025;2026-10-07T18:19:30.573244+00:00;ha
4119608;Pitanga;41;3.2.1.5. Outras Lavouras Temporárias;4;11;1987;10849.35831288428;6.429424631951022;Rede MapBiomas;https://drive.google.com/uc?id=1otOqymHuixvkRGVl65zTTNyfaHo46Gqk&export=download;1985–2025;2026-10-07T18:19:30.573244+00:00;ha
4119608;Pitanga;41;3.2.1.5. Outras Lavouras Temporárias;4;11;1988;11190.96388157318;6.63186307986658;Rede MapBiomas;https://drive.google.com/uc?id=1otOqymHuixvkRGVl65zTTNyfaHo46Gqk&export=download;1985–2025;2026-10-07T18:19:30.573244+00:00;ha
4119608;Pitanga;41;3.2.1.5. Outras Lavouras Temporárias;4;11;1989;15562.41898823831;9.222425611743082;Rede MapBiomas;https://drive.google.com/uc?id=1otOqymHuixvkRGVl65zTTNyfaHo46Gqk&export=download;1985–2025;2026-10-07T18:19:30.573244+00:00;ha
4119608;Pitanga;41;3.2.1.5. Outras Lavouras Temporárias;4;11;1990;14398.75052415139;8.532825501703389;Rede MapBiomas;https://drive.google.com/uc?id=1otOqymHuixvkRGVl65zTTNyfaHo46Gqk&export=download;1985–2025;2026-10-07T18:19:30.573244+00:00;ha
4119608;Pitanga;41;3.2.1.5. Outras Lavouras Temporárias;4;11;1991;23735.35571069336;14.065779399434508;Rede MapBiomas;https://drive.google.com/uc?id=1otOqymHuixvkRGVl65zTTNyfaHo46Gqk&export=download;1985–2025;2026-10-07T18:19:30.573244+00:00;ha
4119608;Pitanga;41;3.2.1.5. Outras Lavouras Temporárias;4;11;1992;27139.25102556757;16.082957535771385;Rede MapBiomas;https://drive.google.com/uc?id=1otOqymHuixvkRGVl65zTTNyfaHo46Gqk&export=download;1985–2025;2026-10-07T18:19:30.573244+00:00;ha
4119608;Pitanga;41;3.2.1.5. Outras Lavouras Temporárias;4;11;1993;32039.03884794284;18.986614656128605;Rede MapBiomas;https://drive.google.com/uc?id=1otOqymHuixvkRGVl65zTTNyfaHo46Gqk&export=download;1985–2025;2026-10-07T18:19:30.573244+00:00;ha
4119608;Pitanga;41;3.2.1.5. Outras Lavouras Temporárias;4;11;1994;21953.97022377329;13.01011477869814;Rede MapBiomas;https://drive.google.com/uc?id=1otOqymHuixvkRGVl65zTTNyfaHo46Gqk&export=download;1985–2025;2026-10-07T18:19:30.573244+00:00;ha
4119608;Pitanga;41;3.2.1.5. Outras Lavouras Temporárias;4;11;1995;23006.22884072865;13.633692438862719;Rede MapBiomas;https://drive.google.com/uc?id=1otOqymHuixvkRGVl65zTTNyfaHo46Gqk&export=download;1985–2025;2026-10-07T18:19:30.573244+00:00;ha
4119608;Pitanga;41;3.2.1.5. Outras Lavouras Temporárias;4;11;1996;22545.99763385614;13.360955400180474;Rede MapBiomas;https://drive.google.com/uc?id=1otOqymHuixvkRGVl65zTTNyfaHo46Gqk&export=download;1985–2025;2026-10-07T18:19:30.573244+00:00;ha
4119608;Pitanga;41;3.2.1.5. Outras Lavouras Temporárias;4;11;1997;28648.76397737931;16.977508114223742;Rede MapBiomas;https://drive.google.com/uc?id=1otOqymHuixvkRGVl65zTTNyfaHo46Gqk&export=download;1985–2025;2026-10-07T18:19:30.573244+00:00;ha
4119608;Pitanga;41;3.2.1.5. Outras Lavouras Temporárias;4;11;1998;30069.62510812982;17.819522848107162;Rede MapBiomas;https://drive.google.com/uc?id=1otOqymHuixvkRGVl65zTTNyfaHo46Gqk&export=download;1985–2025;2026-10-07T18:19:30.573244+00:00;ha
4119608;Pitanga;41;3.2.1.5. Outras Lavouras Temporárias;4;11;1999;25579.46861458114;15.158616836121839;Rede MapBiomas;https://drive.google.com/uc?id=1otOqymHuixvkRGVl65zTTNyfaHo46Gqk&export=download;1985–2025;2026-10-07T18:19:30.573244+00:00;ha
4119608;Pitanga;41;3.2.1.5. Outras Lavouras Temporárias;4;11;2000;23539.92089776619;13.949963019890433;Rede MapBiomas;https://drive.google.com/uc?id=1otOqymHuixvkRGVl65zTTNyfaHo46Gqk&export=download;1985–2025;2026-10-07T18:19:30.573244+00:00;ha
4119608;Pitanga;41;3.2.1.5. Outras Lavouras Temporárias;4;11;2001;30249.32346818879;17.926013668040014;Rede MapBiomas;https://drive.google.com/uc?id=1otOqymHuixvkRGVl65zTTNyfaHo46Gqk&export=download;1985–2025;2026-10-07T18:19:30.573244+00:00;ha
4119608;Pitanga;41;3.2.1.5. Outras Lavouras Temporárias;4;11;2002;24112.32558239741;14.289175042636664;Rede MapBiomas;https://drive.google.com/uc?id=1otOqymHuixvkRGVl65zTTNyfaHo46Gqk&export=download;1985–2025;2026-10-07T18:19:30.573244+00:00;ha
4119608;Pitanga;41;3.2.1.5. Outras Lavouras Temporárias;4;11;2003;19212.52298301966;11.385509165298528;Rede MapBiomas;https://drive.google.com/uc?id=1otOqymHuixvkRGVl65zTTNyfaHo46Gqk&export=download;1985–2025;2026-10-07T18:19:30.573244+00:00;ha
4119608;Pitanga;41;3.2.1.5. Outras Lavouras Temporárias;4;11;2004;15395.90400653066;9.123747377131856;Rede MapBiomas;https://drive.google.com/uc?id=1otOqymHuixvkRGVl65zTTNyfaHo46Gqk&export=download;1985–2025;2026-10-07T18:19:30.573244+00:00;ha
4119608;Pitanga;41;3.2.1.5. Outras Lavouras Temporárias;4;11;2005;15225.93259507418;9.023020832019233;Rede MapBiomas;https://drive.google.com/uc?id=1otOqymHuixvkRGVl65zTTNyfaHo46Gqk&export=download;1985–2025;2026-10-07T18:19:30.573244+00:00;ha
4119608;Pitanga;41;3.2.1.5. Outras Lavouras Temporárias;4;11;2006;16189.53890557226;9.59406235996493;Rede MapBiomas;https://drive.google.com/uc?id=1otOqymHuixvkRGVl65zTTNyfaHo46Gqk&export=download;1985–2025;2026-10-07T18:19:30.573244+00:00;ha
4119608;Pitanga;41;3.2.1.5. Outras Lavouras Temporárias;4;11;2007;17573.10887177122;10.413978023561661;Rede MapBiomas;https://drive.google.com/uc?id=1otOqymHuixvkRGVl65zTTNyfaHo46Gqk&export=download;1985–2025;2026-10-07T18:19:30.573244+00:00;ha
4119608;Pitanga;41;3.2.1.5. Outras Lavouras Temporárias;4;11;2008;18657.00088237254;11.056301909487631;Rede MapBiomas;https://drive.google.com/uc?id=1otOqymHuixvkRGVl65zTTNyfaHo46Gqk&export=download;1985–2025;2026-10-07T18:19:30.573244+00:00;ha
4119608;Pitanga;41;3.2.1.5. Outras Lavouras Temporárias;4;11;2009;19059.57829035007;11.29487280266607;Rede MapBiomas;https://drive.google.com/uc?id=1otOqymHuixvkRGVl65zTTNyfaHo46Gqk&export=download;1985–2025;2026-10-07T18:19:30.573244+00:00;ha
4119608;Pitanga;41;3.2.1.5. Outras Lavouras Temporárias;4;11;2010;15194.7932717527;9.004567396653599;Rede MapBiomas;https://drive.google.com/uc?id=1otOqymHuixvkRGVl65zTTNyfaHo46Gqk&export=download;1985–2025;2026-10-07T18:19:30.573244+00:00;ha
4119608;Pitanga;41;3.2.1.5. Outras Lavouras Temporárias;4;11;2011;11765.85890307622;6.972550898025203;Rede MapBiomas;https://drive.google.com/uc?id=1otOqymHuixvkRGVl65zTTNyfaHo46Gqk&export=download;1985–2025;2026-10-07T18:19:30.573244+00:00;ha
4119608;Pitanga;41;3.2.1.5. Outras Lavouras Temporárias;4;11;2012;8494.575267242399;5.033959602597996;Rede MapBiomas;https://drive.google.com/uc?id=1otOqymHuixvkRGVl65zTTNyfaHo46Gqk&export=download;1985–2025;2026-10-07T18:19:30.573244+00:00;ha
4119608;Pitanga;41;3.2.1.5. Outras Lavouras Temporárias;4;11;2013;11176.40476041889;6.623235217326749;Rede MapBiomas;https://drive.google.com/uc?id=1otOqymHuixvkRGVl65zTTNyfaHo46Gqk&export=download;1985–2025;2026-10-07T18:19:30.573244+00:00;ha
4119608;Pitanga;41;3.2.1.5. Outras Lavouras Temporárias;4;11;2014;7763.560919372541;4.600754106110473;Rede MapBiomas;https://drive.google.com/uc?id=1otOqymHuixvkRGVl65zTTNyfaHo46Gqk&export=download;1985–2025;2026-10-07T18:19:30.573244+00:00;ha
4119608;Pitanga;41;3.2.1.5. Outras Lavouras Temporárias;4;11;2015;6338.25686864616;3.756106458988607;Rede MapBiomas;https://drive.google.com/uc?id=1otOqymHuixvkRGVl65zTTNyfaHo46Gqk&export=download;1985–2025;2026-10-07T18:19:30.573244+00:00;ha
4119608;Pitanga;41;3.2.1.5. Outras Lavouras Temporárias;4;11;2016;5872.16982066031;3.4798991976434968;Rede MapBiomas;https://drive.google.com/uc?id=1otOqymHuixvkRGVl65zTTNyfaHo46Gqk&export=download;1985–2025;2026-10-07T18:19:30.573244+00:00;ha
4119608;Pitanga;41;3.2.1.5. Outras Lavouras Temporárias;4;11;2017;4410.448536535619;2.613670379480341;Rede MapBiomas;https://drive.google.com/uc?id=1otOqymHuixvkRGVl65zTTNyfaHo46Gqk&export=download;1985–2025;2026-10-07T18:19:30.573244+00:00;ha
4119608;Pitanga;41;3.2.1.5. Outras Lavouras Temporárias;4;11;2018;3833.981307672107;2.272050857488327;Rede MapBiomas;https://drive.google.com/uc?id=1otOqymHuixvkRGVl65zTTNyfaHo46Gqk&export=download;1985–2025;2026-10-07T18:19:30.573244+00:00;ha
4119608;Pitanga;41;3.2.1.5. Outras Lavouras Temporárias;4;11;2019;3594.452604339605;2.130104052815428;Rede MapBiomas;https://drive.google.com/uc?id=1otOqymHuixvkRGVl65zTTNyfaHo46Gqk&export=download;1985–2025;2026-10-07T18:19:30.573244+00:00;ha
4119608;Pitanga;41;3.2.1.5. Outras Lavouras Temporárias;4;11;2020;2306.614756573492;1.366920079939063;Rede MapBiomas;https://drive.google.com/uc?id=1otOqymHuixvkRGVl65zTTNyfaHo46Gqk&export=download;1985–2025;2026-10-07T18:19:30.573244+00:00;ha
4119608;Pitanga;41;3.2.1.5. Outras Lavouras Temporárias;4;11;2021;2284.220355371098;1.3536489619101308;Rede MapBiomas;https://drive.google.com/uc?id=1otOqymHuixvkRGVl65zTTNyfaHo46Gqk&export=download;1985–2025;2026-10-07T18:19:30.573244+00:00;ha
4119608;Pitanga;41;3.2.1.5. Outras Lavouras Temporárias;4;11;2022;1847.115241082769;1.0946166479695263;Rede MapBiomas;https://drive.google.com/uc?id=1otOqymHuixvkRGVl65zTTNyfaHo46Gqk&export=download;1985–2025;2026-10-07T18:19:30.573244+00:00;ha
4119608;Pitanga;41;3.2.1.5. Outras Lavouras Temporárias;4;11;2023;1433.042994714356;0.8492338130191139;Rede MapBiomas;https://drive.google.com/uc?id=1otOqymHuixvkRGVl65zTTNyfaHo46Gqk&export=download;1985–2025;2026-10-07T18:19:30.573244+00:00;ha
4119608;Pitanga;41;3.2.1.5. Outras Lavouras Temporárias;4;11;2024;985.9845205383313;0.5843030509503259;Rede MapBiomas;https://drive.google.com/uc?id=1otOqymHuixvkRGVl65zTTNyfaHo46Gqk&export=download;1985–2025;2026-10-07T18:19:30.573244+00:00;ha
4119608;Pitanga;41;3.2.1.5. Outras Lavouras Temporárias;4;11;2025;989.5666465454108;0.5864258501537883;Rede MapBiomas;https://drive.google.com/uc?id=1otOqymHuixvkRGVl65zTTNyfaHo46Gqk&export=download;1985–2025;2026-10-07T18:19:30.573244+00:00;ha
4119608;Pitanga;46;3.2.2.1. Café;4;11;1985;25.14817892456056;0.01490303079346789;Rede MapBiomas;https://drive.google.com/uc?id=1otOqymHuixvkRGVl65zTTNyfaHo46Gqk&export=download;1985–2025;2026-10-07T18:19:30.573244+00:00;ha
4119608;Pitanga;46;3.2.2.1. Café;4;11;1986;51.02809586791994;0.030239695937145507;Rede MapBiomas;https://drive.google.com/uc?id=1otOqymHuixvkRGVl65zTTNyfaHo46Gqk&export=download;1985–2025;2026-10-07T18:19:30.573244+00:00;ha
4119608;Pitanga;46;3.2.2.1. Café;4;11;1987;58.02531688232418;0.034386310312651;Rede MapBiomas;https://drive.google.com/uc?id=1otOqymHuixvkRGVl65zTTNyfaHo46Gqk&export=download;1985–2025;2026-10-07T18:19:30.573244+00:00;ha
4119608;Pitanga;46;3.2.2.1. Café;4;11;1988;48.82532839355464;0.02893431666496073;Rede MapBiomas;https://drive.google.com/uc?id=1otOqymHuixvkRGVl65zTTNyfaHo46Gqk&export=download;1985–2025;2026-10-07T18:19:30.573244+00:00;ha
4119608;Pitanga;46;3.2.2.1. Café;4;11;1989;45.65491412963868;0.027055501441602958;Rede MapBiomas;https://drive.google.com/uc?id=1otOqymHuixvkRGVl65zTTNyfaHo46Gqk&export=download;1985–2025;2026-10-07T18:19:30.573244+00:00;ha
4119608;Pitanga;46;3.2.2.1. Café;4;11;1990;38.00522012329105;0.02252222586410714;Rede MapBiomas;https://drive.google.com/uc?id=1otOqymHuixvkRGVl65zTTNyfaHo46Gqk&export=download;1985–2025;2026-10-07T18:19:30.573244+00:00;ha
4119608;Pitanga;46;3.2.2.1. Café;4;11;1991;27.34268355102539;0.016203513429714465;Rede MapBiomas;https://drive.google.com/uc?id=1otOqymHuixvkRGVl65zTTNyfaHo46Gqk&export=download;1985–2025;2026-10-07T18:19:30.573244+00:00;ha
4119608;Pitanga;46;3.2.2.1. Café;4;11;1992;25.30676665649415;0.014997011270525985;Rede MapBiomas;https://drive.google.com/uc?id=1otOqymHuixvkRGVl65zTTNyfaHo46Gqk&export=download;1985–2025;2026-10-07T18:19:30.573244+00:00;ha
4119608;Pitanga;46;3.2.2.1. Café;4;11;1993;27.58354221191409;0.01634624837886786;Rede MapBiomas;https://drive.google.com/uc?id=1otOqymHuixvkRGVl65zTTNyfaHo46Gqk&export=download;1985–2025;2026-10-07T18:19:30.573244+00:00;ha
4119608;Pitanga;46;3.2.2.1. Café;4;11;1994;26.6884385864258;0.015815802141229216;Rede MapBiomas;https://drive.google.com/uc?id=1otOqymHuixvkRGVl65zTTNyfaHo46Gqk&export=download;1985–2025;2026-10-07T18:19:30.573244+00:00;ha
4119608;Pitanga;46;3.2.2.1. Café;4;11;1995;24.98273067016601;0.014804984710792717;Rede MapBiomas;https://drive.google.com/uc?id=1otOqymHuixvkRGVl65zTTNyfaHo46Gqk&export=download;1985–2025;2026-10-07T18:19:30.573244+00:00;ha
4119608;Pitanga;46;3.2.2.1. Café;4;11;1996;23.27341678466798;0.01379203035144542;Rede MapBiomas;https://drive.google.com/uc?id=1otOqymHuixvkRGVl65zTTNyfaHo46Gqk&export=download;1985–2025;2026-10-07T18:19:30.573244+00:00;ha
4119608;Pitanga;46;3.2.2.1. Café;4;11;1997;19.85605404663085;0.011766871302347116;Rede MapBiomas;https://drive.google.com/uc?id=1otOqymHuixvkRGVl65zTTNyfaHo46Gqk&export=download;1985–2025;2026-10-07T18:19:30.573244+00:00;ha
4119608;Pitanga;46;3.2.2.1. Café;4;11;1998;23.51769519042968;0.013936791871321932;Rede MapBiomas;https://drive.google.com/uc?id=1otOqymHuixvkRGVl65zTTNyfaHo46Gqk&export=download;1985–2025;2026-10-07T18:19:30.573244+00:00;ha
4119608;Pitanga;46;3.2.2.1. Café;4;11;1999;24.25230823364258;0.014372129986146337;Rede MapBiomas;https://drive.google.com/uc?id=1otOqymHuixvkRGVl65zTTNyfaHo46Gqk&export=download;1985–2025;2026-10-07T18:19:30.573244+00:00;ha
4119608;Pitanga;46;3.2.2.1. Café;4;11;2000;36.29506696777352;0.021508774146005473;Rede MapBiomas;https://drive.google.com/uc?id=1otOqymHuixvkRGVl65zTTNyfaHo46Gqk&export=download;1985–2025;2026-10-07T18:19:30.573244+00:00;ha
4119608;Pitanga;46;3.2.2.1. Café;4;11;2001;45.00173761596683;0.026668423326482872;Rede MapBiomas;https://drive.google.com/uc?id=1otOqymHuixvkRGVl65zTTNyfaHo46Gqk&export=download;1985–2025;2026-10-07T18:19:30.573244+00:00;ha
4119608;Pitanga;46;3.2.2.1. Café;4;11;2002;49.5603036193848;0.02936986941237201;Rede MapBiomas;https://drive.google.com/uc?id=1otOqymHuixvkRGVl65zTTNyfaHo46Gqk&export=download;1985–2025;2026-10-07T18:19:30.573244+00:00;ha
4119608;Pitanga;46;3.2.2.1. Café;4;11;2003;61.28000266723635;0.03631506557644615;Rede MapBiomas;https://drive.google.com/uc?id=1otOqymHuixvkRGVl65zTTNyfaHo46Gqk&export=download;1985–2025;2026-10-07T18:19:30.573244+00:00;ha
4119608;Pitanga;46;3.2.2.1. Café;4;11;2004;109.5333979614258;0.0649104496842141;Rede MapBiomas;https://drive.google.com/uc?id=1otOqymHuixvkRGVl65zTTNyfaHo46Gqk&export=download;1985–2025;2026-10-07T18:19:30.573244+00:00;ha
4119608;Pitanga;46;3.2.2.1. Café;4;11;2005;139.7183215332034;0.08279829941035632;Rede MapBiomas;https://drive.google.com/uc?id=1otOqymHuixvkRGVl65zTTNyfaHo46Gqk&export=download;1985–2025;2026-10-07T18:19:30.573244+00:00;ha
4119608;Pitanga;46;3.2.2.1. Café;4;11;2006;123.4365311767579;0.07314956803371109;Rede MapBiomas;https://drive.google.com/uc?id=1otOqymHuixvkRGVl65zTTNyfaHo46Gqk&export=download;1985–2025;2026-10-07T18:19:30.573244+00:00;ha
4119608;Pitanga;46;3.2.2.1. Café;4;11;2007;97.72425490112292;0.05791224821602421;Rede MapBiomas;https://drive.google.com/uc?id=1otOqymHuixvkRGVl65zTTNyfaHo46Gqk&export=download;1985–2025;2026-10-07T18:19:30.573244+00:00;ha
4119608;Pitanga;46;3.2.2.1. Café;4;11;2008;68.27402238769534;0.04045978283715902;Rede MapBiomas;https://drive.google.com/uc?id=1otOqymHuixvkRGVl65zTTNyfaHo46Gqk&export=download;1985–2025;2026-10-07T18:19:30.573244+00:00;ha
4119608;Pitanga;46;3.2.2.1. Café;4;11;2009;52.08325899658208;0.030864994836352327;Rede MapBiomas;https://drive.google.com/uc?id=1otOqymHuixvkRGVl65zTTNyfaHo46Gqk&export=download;1985–2025;2026-10-07T18:19:30.573244+00:00;ha
4119608;Pitanga;46;3.2.2.1. Café;4;11;2010;36.62380506591801;0.021703587218328924;Rede MapBiomas;https://drive.google.com/uc?id=1otOqymHuixvkRGVl65zTTNyfaHo46Gqk&export=download;1985–2025;2026-10-07T18:19:30.573244+00:00;ha
4119608;Pitanga;46;3.2.2.1. Café;4;11;2011;25.63894719238279;0.015193864361566473;Rede MapBiomas;https://drive.google.com/uc?id=1otOqymHuixvkRGVl65zTTNyfaHo46Gqk&export=download;1985–2025;2026-10-07T18:19:30.573244+00:00;ha
4119608;Pitanga;46;3.2.2.1. Café;4;11;2012;25.14648983154296;0.014902029822171724;Rede MapBiomas;https://drive.google.com/uc?id=1otOqymHuixvkRGVl65zTTNyfaHo46Gqk&export=download;1985–2025;2026-10-07T18:19:30.573244+00:00;ha
4119608;Pitanga;46;3.2.2.1. Café;4;11;2013;13.42805128173828;0.007957580640265324;Rede MapBiomas;https://drive.google.com/uc?id=1otOqymHuixvkRGVl65zTTNyfaHo46Gqk&export=download;1985–2025;2026-10-07T18:19:30.573244+00:00;ha
4119608;Pitanga;46;3.2.2.1. Café;4;11;2014;13.833087890625;0.008197608877412362;Rede MapBiomas;https://drive.google.com/uc?id=1otOqymHuixvkRGVl65zTTNyfaHo46Gqk&export=download;1985–2025;2026-10-07T18:19:30.573244+00:00;ha
4119608;Pitanga;46;3.2.2.1. Café;4;11;2015;9.76067553710937;0.0057842616966799505;Rede MapBiomas;https://drive.google.com/uc?id=1otOqymHuixvkRGVl65zTTNyfaHo46Gqk&export=download;1985–2025;2026-10-07T18:19:30.573244+00:00;ha
4119608;Pitanga;46;3.2.2.1. Café;4;11;2016;8.295204510498044;0.004915810748321462;Rede MapBiomas;https://drive.google.com/uc?id=1otOqymHuixvkRGVl65zTTNyfaHo46Gqk&export=download;1985–2025;2026-10-07T18:19:30.573244+00:00;ha
4119608;Pitanga;46;3.2.2.1. Café;4;11;2017;6.262405194091795;0.0037111560931982713;Rede MapBiomas;https://drive.google.com/uc?id=1otOqymHuixvkRGVl65zTTNyfaHo46Gqk&export=download;1985–2025;2026-10-07T18:19:30.573244+00:00;ha
4119608;Pitanga;46;3.2.2.1. Café;4;11;2018;5.693291577148437;0.0033738943859497423;Rede MapBiomas;https://drive.google.com/uc?id=1otOqymHuixvkRGVl65zTTNyfaHo46Gqk&export=download;1985–2025;2026-10-07T18:19:30.573244+00:00;ha
4119608;Pitanga;46;3.2.2.1. Café;4;11;2019;6.425414654541016;0.0038077569252501203;Rede MapBiomas;https://drive.google.com/uc?id=1otOqymHuixvkRGVl65zTTNyfaHo46Gqk&export=download;1985–2025;2026-10-07T18:19:30.573244+00:00;ha
4119608;Pitanga;46;3.2.2.1. Café;4;11;2020;6.669323803710937;0.003952299620440579;Rede MapBiomas;https://drive.google.com/uc?id=1otOqymHuixvkRGVl65zTTNyfaHo46Gqk&export=download;1985–2025;2026-10-07T18:19:30.573244+00:00;ha
4119608;Pitanga;46;3.2.2.1. Café;4;11;2021;6.669323803710937;0.003952299620440579;Rede MapBiomas;https://drive.google.com/uc?id=1otOqymHuixvkRGVl65zTTNyfaHo46Gqk&export=download;1985–2025;2026-10-07T18:19:30.573244+00:00;ha
4119608;Pitanga;46;3.2.2.1. Café;4;11;2022;6.506739581298829;0.003855950788168939;Rede MapBiomas;https://drive.google.com/uc?id=1otOqymHuixvkRGVl65zTTNyfaHo46Gqk&export=download;1985–2025;2026-10-07T18:19:30.573244+00:00;ha
4119608;Pitanga;46;3.2.2.1. Café;4;11;2023;6.994556500244141;0.004145035361108594;Rede MapBiomas;https://drive.google.com/uc?id=1otOqymHuixvkRGVl65zTTNyfaHo46Gqk&export=download;1985–2025;2026-10-07T18:19:30.573244+00:00;ha
4119608;Pitanga;46;3.2.2.1. Café;4;11;2024;6.831909063720704;0.004048649067601668;Rede MapBiomas;https://drive.google.com/uc?id=1otOqymHuixvkRGVl65zTTNyfaHo46Gqk&export=download;1985–2025;2026-10-07T18:19:30.573244+00:00;ha
4119608;Pitanga;46;3.2.2.1. Café;4;11;2025;6.831909063720704;0.004048649067601668;Rede MapBiomas;https://drive.google.com/uc?id=1otOqymHuixvkRGVl65zTTNyfaHo46Gqk&export=download;1985–2025;2026-10-07T18:19:30.573244+00:00;ha
4119608;Pitanga;48;3.2.1.4. Outras Lavouras Perenes;4;11;1985;6.597645452880858;0.003909822402791933;Rede MapBiomas;https://drive.google.com/uc?id=1otOqymHuixvkRGVl65zTTNyfaHo46Gqk&export=download;1985–2025;2026-10-07T18:19:30.573244+00:00;ha
4119608;Pitanga;48;3.2.1.4. Outras Lavouras Perenes;4;11;1986;8.305221478271482;0.0049217468910390935;Rede MapBiomas;https://drive.google.com/uc?id=1otOqymHuixvkRGVl65zTTNyfaHo46Gqk&export=download;1985–2025;2026-10-07T18:19:30.573244+00:00;ha
4119608;Pitanga;48;3.2.1.4. Outras Lavouras Perenes;4;11;1987;1.951987860107422;0.0011567650792895228;Rede MapBiomas;https://drive.google.com/uc?id=1otOqymHuixvkRGVl65zTTNyfaHo46Gqk&export=download;1985–2025;2026-10-07T18:19:30.573244+00:00;ha
4119608;Pitanga;48;3.2.1.4. Outras Lavouras Perenes;4;11;1988;1.951987860107422;0.0011567650792895228;Rede MapBiomas;https://drive.google.com/uc?id=1otOqymHuixvkRGVl65zTTNyfaHo46Gqk&export=download;1985–2025;2026-10-07T18:19:30.573244+00:00;ha
4119608;Pitanga;48;3.2.1.4. Outras Lavouras Perenes;4;11;1989;1.951987860107422;0.0011567650792895228;Rede MapBiomas;https://drive.google.com/uc?id=1otOqymHuixvkRGVl65zTTNyfaHo46Gqk&export=download;1985–2025;2026-10-07T18:19:30.573244+00:00;ha
4119608;Pitanga;48;3.2.1.4. Outras Lavouras Perenes;4;11;1990;0.0;0.0;Rede MapBiomas;https://drive.google.com/uc?id=1otOqymHuixvkRGVl65zTTNyfaHo46Gqk&export=download;1985–2025;2026-10-07T18:19:30.573244+00:00;ha
4119608;Pitanga;48;3.2.1.4. Outras Lavouras Perenes;4;11;1991;0.0;0.0;Rede MapBiomas;https://drive.google.com/uc?id=1otOqymHuixvkRGVl65zTTNyfaHo46Gqk&export=download;1985–2025;2026-10-07T18:19:30.573244+00:00;ha
4119608;Pitanga;48;3.2.1.4. Outras Lavouras Perenes;4;11;1992;0.0;0.0;Rede MapBiomas;https://drive.google.com/uc?id=1otOqymHuixvkRGVl65zTTNyfaHo46Gqk&export=download;1985–2025;2026-10-07T18:19:30.573244+00:00;ha
4119608;Pitanga;48;3.2.1.4. Outras Lavouras Perenes;4;11;1993;0.0;0.0;Rede MapBiomas;https://drive.google.com/uc?id=1otOqymHuixvkRGVl65zTTNyfaHo46Gqk&export=download;1985–2025;2026-10-07T18:19:30.573244+00:00;ha
4119608;Pitanga;48;3.2.1.4. Outras Lavouras Perenes;4;11;1994;0.0;0.0;Rede MapBiomas;https://drive.google.com/uc?id=1otOqymHuixvkRGVl65zTTNyfaHo46Gqk&export=download;1985–2025;2026-10-07T18:19:30.573244+00:00;ha
4119608;Pitanga;48;3.2.1.4. Outras Lavouras Perenes;4;11;1995;0.0;0.0;Rede MapBiomas;https://drive.google.com/uc?id=1otOqymHuixvkRGVl65zTTNyfaHo46Gqk&export=download;1985–2025;2026-10-07T18:19:30.573244+00:00;ha
4119608;Pitanga;48;3.2.1.4. Outras Lavouras Perenes;4;11;1996;0.0;0.0;Rede MapBiomas;https://drive.google.com/uc?id=1otOqymHuixvkRGVl65zTTNyfaHo46Gqk&export=download;1985–2025;2026-10-07T18:19:30.573244+00:00;ha
4119608;Pitanga;48;3.2.1.4. Outras Lavouras Perenes;4;11;1997;0.0;0.0;Rede MapBiomas;https://drive.google.com/uc?id=1otOqymHuixvkRGVl65zTTNyfaHo46Gqk&export=download;1985–2025;2026-10-07T18:19:30.573244+00:00;ha
4119608;Pitanga;48;3.2.1.4. Outras Lavouras Perenes;4;11;1998;0.0;0.0;Rede MapBiomas;https://drive.google.com/uc?id=1otOqymHuixvkRGVl65zTTNyfaHo46Gqk&export=download;1985–2025;2026-10-07T18:19:30.573244+00:00;ha
4119608;Pitanga;48;3.2.1.4. Outras Lavouras Perenes;4;11;1999;0.0;0.0;Rede MapBiomas;https://drive.google.com/uc?id=1otOqymHuixvkRGVl65zTTNyfaHo46Gqk&export=download;1985–2025;2026-10-07T18:19:30.573244+00:00;ha
4119608;Pitanga;48;3.2.1.4. Outras Lavouras Perenes;4;11;2000;0.0;0.0;Rede MapBiomas;https://drive.google.com/uc?id=1otOqymHuixvkRGVl65zTTNyfaHo46Gqk&export=download;1985–2025;2026-10-07T18:19:30.573244+00:00;ha
4119608;Pitanga;48;3.2.1.4. Outras Lavouras Perenes;4;11;2001;0.0;0.0;Rede MapBiomas;https://drive.google.com/uc?id=1otOqymHuixvkRGVl65zTTNyfaHo46Gqk&export=download;1985–2025;2026-10-07T18:19:30.573244+00:00;ha
4119608;Pitanga;48;3.2.1.4. Outras Lavouras Perenes;4;11;2002;0.0;0.0;Rede MapBiomas;https://drive.google.com/uc?id=1otOqymHuixvkRGVl65zTTNyfaHo46Gqk&export=download;1985–2025;2026-10-07T18:19:30.573244+00:00;ha
4119608;Pitanga;48;3.2.1.4. Outras Lavouras Perenes;4;11;2003;0.0;0.0;Rede MapBiomas;https://drive.google.com/uc?id=1otOqymHuixvkRGVl65zTTNyfaHo46Gqk&export=download;1985–2025;2026-10-07T18:19:30.573244+00:00;ha
4119608;Pitanga;48;3.2.1.4. Outras Lavouras Perenes;4;11;2004;0.0;0.0;Rede MapBiomas;https://drive.google.com/uc?id=1otOqymHuixvkRGVl65zTTNyfaHo46Gqk&export=download;1985–2025;2026-10-07T18:19:30.573244+00:00;ha
4119608;Pitanga;48;3.2.1.4. Outras Lavouras Perenes;4;11;2005;0.0;0.0;Rede MapBiomas;https://drive.google.com/uc?id=1otOqymHuixvkRGVl65zTTNyfaHo46Gqk&export=download;1985–2025;2026-10-07T18:19:30.573244+00:00;ha
4119608;Pitanga;48;3.2.1.4. Outras Lavouras Perenes;4;11;2006;0.0;0.0;Rede MapBiomas;https://drive.google.com/uc?id=1otOqymHuixvkRGVl65zTTNyfaHo46Gqk&export=download;1985–2025;2026-10-07T18:19:30.573244+00:00;ha
4119608;Pitanga;48;3.2.1.4. Outras Lavouras Perenes;4;11;2007;0.0;0.0;Rede MapBiomas;https://drive.google.com/uc?id=1otOqymHuixvkRGVl65zTTNyfaHo46Gqk&export=download;1985–2025;2026-10-07T18:19:30.573244+00:00;ha
4119608;Pitanga;48;3.2.1.4. Outras Lavouras Perenes;4;11;2008;0.0;0.0;Rede MapBiomas;https://drive.google.com/uc?id=1otOqymHuixvkRGVl65zTTNyfaHo46Gqk&export=download;1985–2025;2026-10-07T18:19:30.573244+00:00;ha
4119608;Pitanga;48;3.2.1.4. Outras Lavouras Perenes;4;11;2009;0.0;0.0;Rede MapBiomas;https://drive.google.com/uc?id=1otOqymHuixvkRGVl65zTTNyfaHo46Gqk&export=download;1985–2025;2026-10-07T18:19:30.573244+00:00;ha
4119608;Pitanga;48;3.2.1.4. Outras Lavouras Perenes;4;11;2010;0.0;0.0;Rede MapBiomas;https://drive.google.com/uc?id=1otOqymHuixvkRGVl65zTTNyfaHo46Gqk&export=download;1985–2025;2026-10-07T18:19:30.573244+00:00;ha
4119608;Pitanga;48;3.2.1.4. Outras Lavouras Perenes;4;11;2011;0.0;0.0;Rede MapBiomas;https://drive.google.com/uc?id=1otOqymHuixvkRGVl65zTTNyfaHo46Gqk&export=download;1985–2025;2026-10-07T18:19:30.573244+00:00;ha
4119608;Pitanga;48;3.2.1.4. Outras Lavouras Perenes;4;11;2012;0.0;0.0;Rede MapBiomas;https://drive.google.com/uc?id=1otOqymHuixvkRGVl65zTTNyfaHo46Gqk&export=download;1985–2025;2026-10-07T18:19:30.573244+00:00;ha
4119608;Pitanga;48;3.2.1.4. Outras Lavouras Perenes;4;11;2013;0.0;0.0;Rede MapBiomas;https://drive.google.com/uc?id=1otOqymHuixvkRGVl65zTTNyfaHo46Gqk&export=download;1985–2025;2026-10-07T18:19:30.573244+00:00;ha
4119608;Pitanga;48;3.2.1.4. Outras Lavouras Perenes;4;11;2014;0.0;0.0;Rede MapBiomas;https://drive.google.com/uc?id=1otOqymHuixvkRGVl65zTTNyfaHo46Gqk&export=download;1985–2025;2026-10-07T18:19:30.573244+00:00;ha
4119608;Pitanga;48;3.2.1.4. Outras Lavouras Perenes;4;11;2015;0.0;0.0;Rede MapBiomas;https://drive.google.com/uc?id=1otOqymHuixvkRGVl65zTTNyfaHo46Gqk&export=download;1985–2025;2026-10-07T18:19:30.573244+00:00;ha
4119608;Pitanga;48;3.2.1.4. Outras Lavouras Perenes;4;11;2016;0.0;0.0;Rede MapBiomas;https://drive.google.com/uc?id=1otOqymHuixvkRGVl65zTTNyfaHo46Gqk&export=download;1985–2025;2026-10-07T18:19:30.573244+00:00;ha
4119608;Pitanga;48;3.2.1.4. Outras Lavouras Perenes;4;11;2017;0.0;0.0;Rede MapBiomas;https://drive.google.com/uc?id=1otOqymHuixvkRGVl65zTTNyfaHo46Gqk&export=download;1985–2025;2026-10-07T18:19:30.573244+00:00;ha
4119608;Pitanga;48;3.2.1.4. Outras Lavouras Perenes;4;11;2018;0.0;0.0;Rede MapBiomas;https://drive.google.com/uc?id=1otOqymHuixvkRGVl65zTTNyfaHo46Gqk&export=download;1985–2025;2026-10-07T18:19:30.573244+00:00;ha
4119608;Pitanga;48;3.2.1.4. Outras Lavouras Perenes;4;11;2019;0.0;0.0;Rede MapBiomas;https://drive.google.com/uc?id=1otOqymHuixvkRGVl65zTTNyfaHo46Gqk&export=download;1985–2025;2026-10-07T18:19:30.573244+00:00;ha
4119608;Pitanga;48;3.2.1.4. Outras Lavouras Perenes;4;11;2020;0.0;0.0;Rede MapBiomas;https://drive.google.com/uc?id=1otOqymHuixvkRGVl65zTTNyfaHo46Gqk&export=download;1985–2025;2026-10-07T18:19:30.573244+00:00;ha
4119608;Pitanga;48;3.2.1.4. Outras Lavouras Perenes;4;11;2021;0.0;0.0;Rede MapBiomas;https://drive.google.com/uc?id=1otOqymHuixvkRGVl65zTTNyfaHo46Gqk&export=download;1985–2025;2026-10-07T18:19:30.573244+00:00;ha
4119608;Pitanga;48;3.2.1.4. Outras Lavouras Perenes;4;11;2022;0.0;0.0;Rede MapBiomas;https://drive.google.com/uc?id=1otOqymHuixvkRGVl65zTTNyfaHo46Gqk&export=download;1985–2025;2026-10-07T18:19:30.573244+00:00;ha
4119608;Pitanga;48;3.2.1.4. Outras Lavouras Perenes;4;11;2023;0.0;0.0;Rede MapBiomas;https://drive.google.com/uc?id=1otOqymHuixvkRGVl65zTTNyfaHo46Gqk&export=download;1985–2025;2026-10-07T18:19:30.573244+00:00;ha
4119608;Pitanga;48;3.2.1.4. Outras Lavouras Perenes;4;11;2024;0.0;0.0;Rede MapBiomas;https://drive.google.com/uc?id=1otOqymHuixvkRGVl65zTTNyfaHo46Gqk&export=download;1985–2025;2026-10-07T18:19:30.573244+00:00;ha
4119608;Pitanga;48;3.2.1.4. Outras Lavouras Perenes;4;11;2025;0.0;0.0;Rede MapBiomas;https://drive.google.com/uc?id=1otOqymHuixvkRGVl65zTTNyfaHo46Gqk&export=download;1985–2025;2026-10-07T18:19:30.573244+00:00;ha
4113254;Laranjal;3;1.1 Formação Florestal;2;11;1985;11110.71587740491;19.860459991893507;Rede MapBiomas;https://drive.google.com/uc?id=1otOqymHuixvkRGVl65zTTNyfaHo46Gqk&export=download;1985–2025;2026-10-07T18:19:30.573244+00:00;ha
4113254;Laranjal;3;1.1 Formação Florestal;2;11;1986;11123.23727712414;19.882842056281635;Rede MapBiomas;https://drive.google.com/uc?id=1otOqymHuixvkRGVl65zTTNyfaHo46Gqk&export=download;1985–2025;2026-10-07T18:19:30.573244+00:00;ha
4113254;Laranjal;3;1.1 Formação Florestal;2;11;1987;10178.42068085937;18.193977682748915;Rede MapBiomas;https://drive.google.com/uc?id=1otOqymHuixvkRGVl65zTTNyfaHo46Gqk&export=download;1985–2025;2026-10-07T18:19:30.573244+00:00;ha
4113254;Laranjal;3;1.1 Formação Florestal;2;11;1988;10192.13466474604;18.218491497278595;Rede MapBiomas;https://drive.google.com/uc?id=1otOqymHuixvkRGVl65zTTNyfaHo46Gqk&export=download;1985–2025;2026-10-07T18:19:30.573244+00:00;ha
4113254;Laranjal;3;1.1 Formação Florestal;2;11;1989;10103.85235922842;18.060686436284243;Rede MapBiomas;https://drive.google.com/uc?id=1otOqymHuixvkRGVl65zTTNyfaHo46Gqk&export=download;1985–2025;2026-10-07T18:19:30.573244+00:00;ha
4113254;Laranjal;3;1.1 Formação Florestal;2;11;1990;10318.8642491699;18.445021260887962;Rede MapBiomas;https://drive.google.com/uc?id=1otOqymHuixvkRGVl65zTTNyfaHo46Gqk&export=download;1985–2025;2026-10-07T18:19:30.573244+00:00;ha
4113254;Laranjal;3;1.1 Formação Florestal;2;11;1991;10170.07287582392;18.17905593965369;Rede MapBiomas;https://drive.google.com/uc?id=1otOqymHuixvkRGVl65zTTNyfaHo46Gqk&export=download;1985–2025;2026-10-07T18:19:30.573244+00:00;ha
4113254;Laranjal;3;1.1 Formação Florestal;2;11;1992;9790.370888616992;17.500336745591554;Rede MapBiomas;https://drive.google.com/uc?id=1otOqymHuixvkRGVl65zTTNyfaHo46Gqk&export=download;1985–2025;2026-10-07T18:19:30.573244+00:00;ha
4113254;Laranjal;3;1.1 Formação Florestal;2;11;1993;9831.408431726086;17.573691558375597;Rede MapBiomas;https://drive.google.com/uc?id=1otOqymHuixvkRGVl65zTTNyfaHo46Gqk&export=download;1985–2025;2026-10-07T18:19:30.573244+00:00;ha
4113254;Laranjal;3;1.1 Formação Florestal;2;11;1994;9564.613690203912;17.096794628554523;Rede MapBiomas;https://drive.google.com/uc?id=1otOqymHuixvkRGVl65zTTNyfaHo46Gqk&export=download;1985–2025;2026-10-07T18:19:30.573244+00:00;ha
4113254;Laranjal;3;1.1 Formação Florestal;2;11;1995;9650.267924072323;17.249901998381098;Rede MapBiomas;https://drive.google.com/uc?id=1otOqymHuixvkRGVl65zTTNyfaHo46Gqk&export=download;1985–2025;2026-10-07T18:19:30.573244+00:00;ha
4113254;Laranjal;3;1.1 Formação Florestal;2;11;1996;9521.074357470794;17.018967854351942;Rede MapBiomas;https://drive.google.com/uc?id=1otOqymHuixvkRGVl65zTTNyfaHo46Gqk&export=download;1985–2025;2026-10-07T18:19:30.573244+00:00;ha
4113254;Laranjal;3;1.1 Formação Florestal;2;11;1997;9499.580043151944;16.980546660407917;Rede MapBiomas;https://drive.google.com/uc?id=1otOqymHuixvkRGVl65zTTNyfaHo46Gqk&export=download;1985–2025;2026-10-07T18:19:30.573244+00:00;ha
4113254;Laranjal;3;1.1 Formação Florestal;2;11;1998;9312.337290661717;16.645849307362763;Rede MapBiomas;https://drive.google.com/uc?id=1otOqymHuixvkRGVl65zTTNyfaHo46Gqk&export=download;1985–2025;2026-10-07T18:19:30.573244+00:00;ha
4113254;Laranjal;3;1.1 Formação Florestal;2;11;1999;8806.649775238093;15.741930353868955;Rede MapBiomas;https://drive.google.com/uc?id=1otOqymHuixvkRGVl65zTTNyfaHo46Gqk&export=download;1985–2025;2026-10-07T18:19:30.573244+00:00;ha
4113254;Laranjal;3;1.1 Formação Florestal;2;11;2000;8147.846193212915;14.564315668398011;Rede MapBiomas;https://drive.google.com/uc?id=1otOqymHuixvkRGVl65zTTNyfaHo46Gqk&export=download;1985–2025;2026-10-07T18:19:30.573244+00:00;ha
4113254;Laranjal;3;1.1 Formação Florestal;2;11;2001;7999.487708789101;14.299124138269054;Rede MapBiomas;https://drive.google.com/uc?id=1otOqymHuixvkRGVl65zTTNyfaHo46Gqk&export=download;1985–2025;2026-10-07T18:19:30.573244+00:00;ha
4113254;Laranjal;3;1.1 Formação Florestal;2;11;2002;7851.437394976809;14.034483464643705;Rede MapBiomas;https://drive.google.com/uc?id=1otOqymHuixvkRGVl65zTTNyfaHo46Gqk&export=download;1985–2025;2026-10-07T18:19:30.573244+00:00;ha
4113254;Laranjal;3;1.1 Formação Florestal;2;11;2003;7830.325791796898;13.99674636876746;Rede MapBiomas;https://drive.google.com/uc?id=1otOqymHuixvkRGVl65zTTNyfaHo46Gqk&export=download;1985–2025;2026-10-07T18:19:30.573244+00:00;ha
4113254;Laranjal;3;1.1 Formação Florestal;2;11;2004;8093.278953948983;14.46677645632318;Rede MapBiomas;https://drive.google.com/uc?id=1otOqymHuixvkRGVl65zTTNyfaHo46Gqk&export=download;1985–2025;2026-10-07T18:19:30.573244+00:00;ha
4113254;Laranjal;3;1.1 Formação Florestal;2;11;2005;8721.032428296;15.588888919606964;Rede MapBiomas;https://drive.google.com/uc?id=1otOqymHuixvkRGVl65zTTNyfaHo46Gqk&export=download;1985–2025;2026-10-07T18:19:30.573244+00:00;ha
4113254;Laranjal;3;1.1 Formação Florestal;2;11;2006;9013.396485626283;16.111491128838505;Rede MapBiomas;https://drive.google.com/uc?id=1otOqymHuixvkRGVl65zTTNyfaHo46Gqk&export=download;1985–2025;2026-10-07T18:19:30.573244+00:00;ha
4113254;Laranjal;3;1.1 Formação Florestal;2;11;2007;9206.066029461761;16.455888898453203;Rede MapBiomas;https://drive.google.com/uc?id=1otOqymHuixvkRGVl65zTTNyfaHo46Gqk&export=download;1985–2025;2026-10-07T18:19:30.573244+00:00;ha
4113254;Laranjal;3;1.1 Formação Florestal;2;11;2008;9623.496253668336;17.20204750413957;Rede MapBiomas;https://drive.google.com/uc?id=1otOqymHuixvkRGVl65zTTNyfaHo46Gqk&export=download;1985–2025;2026-10-07T18:19:30.573244+00:00;ha
4113254;Laranjal;3;1.1 Formação Florestal;2;11;2009;9795.012163537756;17.508633047638362;Rede MapBiomas;https://drive.google.com/uc?id=1otOqymHuixvkRGVl65zTTNyfaHo46Gqk&export=download;1985–2025;2026-10-07T18:19:30.573244+00:00;ha
4113254;Laranjal;3;1.1 Formação Florestal;2;11;2010;9917.75710938733;17.72804024994205;Rede MapBiomas;https://drive.google.com/uc?id=1otOqymHuixvkRGVl65zTTNyfaHo46Gqk&export=download;1985–2025;2026-10-07T18:19:30.573244+00:00;ha
4113254;Laranjal;3;1.1 Formação Florestal;2;11;2011;10059.44965059821;17.981316373363693;Rede MapBiomas;https://drive.google.com/uc?id=1otOqymHuixvkRGVl65zTTNyfaHo46Gqk&export=download;1985–2025;2026-10-07T18:19:30.573244+00:00;ha
4113254;Laranjal;3;1.1 Formação Florestal;2;11;2012;10111.6100901612;18.074553418980805;Rede MapBiomas;https://drive.google.com/uc?id=1otOqymHuixvkRGVl65zTTNyfaHo46Gqk&export=download;1985–2025;2026-10-07T18:19:30.573244+00:00;ha
4113254;Laranjal;3;1.1 Formação Florestal;2;11;2013;10112.34437736823;18.07586596102208;Rede MapBiomas;https://drive.google.com/uc?id=1otOqymHuixvkRGVl65zTTNyfaHo46Gqk&export=download;1985–2025;2026-10-07T18:19:30.573244+00:00;ha
4113254;Laranjal;3;1.1 Formação Florestal;2;11;2014;10285.15898388063;18.384772931241177;Rede MapBiomas;https://drive.google.com/uc?id=1otOqymHuixvkRGVl65zTTNyfaHo46Gqk&export=download;1985–2025;2026-10-07T18:19:30.573244+00:00;ha
4113254;Laranjal;3;1.1 Formação Florestal;2;11;2015;10381.88299540402;18.55766758378308;Rede MapBiomas;https://drive.google.com/uc?id=1otOqymHuixvkRGVl65zTTNyfaHo46Gqk&export=download;1985–2025;2026-10-07T18:19:30.573244+00:00;ha
4113254;Laranjal;3;1.1 Formação Florestal;2;11;2016;10432.30153017576;18.64779096590649;Rede MapBiomas;https://drive.google.com/uc?id=1otOqymHuixvkRGVl65zTTNyfaHo46Gqk&export=download;1985–2025;2026-10-07T18:19:30.573244+00:00;ha
4113254;Laranjal;3;1.1 Formação Florestal;2;11;2017;10669.12784047849;19.071119175600003;Rede MapBiomas;https://drive.google.com/uc?id=1otOqymHuixvkRGVl65zTTNyfaHo46Gqk&export=download;1985–2025;2026-10-07T18:19:30.573244+00:00;ha
4113254;Laranjal;3;1.1 Formação Florestal;2;11;2018;10896.36092476199;19.477299445984265;Rede MapBiomas;https://drive.google.com/uc?id=1otOqymHuixvkRGVl65zTTNyfaHo46Gqk&export=download;1985–2025;2026-10-07T18:19:30.573244+00:00;ha
4113254;Laranjal;3;1.1 Formação Florestal;2;11;2019;10942.75671559457;19.560232153272423;Rede MapBiomas;https://drive.google.com/uc?id=1otOqymHuixvkRGVl65zTTNyfaHo46Gqk&export=download;1985–2025;2026-10-07T18:19:30.573244+00:00;ha
4113254;Laranjal;3;1.1 Formação Florestal;2;11;2020;10920.04536618654;19.519635503042405;Rede MapBiomas;https://drive.google.com/uc?id=1otOqymHuixvkRGVl65zTTNyfaHo46Gqk&export=download;1985–2025;2026-10-07T18:19:30.573244+00:00;ha
4113254;Laranjal;3;1.1 Formação Florestal;2;11;2021;10898.73396877442;19.48154127398058;Rede MapBiomas;https://drive.google.com/uc?id=1otOqymHuixvkRGVl65zTTNyfaHo46Gqk&export=download;1985–2025;2026-10-07T18:19:30.573244+00:00;ha
4113254;Laranjal;3;1.1 Formação Florestal;2;11;2022;11019.90330286866;19.698132062420857;Rede MapBiomas;https://drive.google.com/uc?id=1otOqymHuixvkRGVl65zTTNyfaHo46Gqk&export=download;1985–2025;2026-10-07T18:19:30.573244+00:00;ha
4113254;Laranjal;3;1.1 Formação Florestal;2;11;2023;11064.75054825437;19.778296737006844;Rede MapBiomas;https://drive.google.com/uc?id=1otOqymHuixvkRGVl65zTTNyfaHo46Gqk&export=download;1985–2025;2026-10-07T18:19:30.573244+00:00;ha
4113254;Laranjal;3;1.1 Formação Florestal;2;11;2024;11081.86669850466;19.80889194086337;Rede MapBiomas;https://drive.google.com/uc?id=1otOqymHuixvkRGVl65zTTNyfaHo46Gqk&export=download;1985–2025;2026-10-07T18:19:30.573244+00:00;ha
4113254;Laranjal;3;1.1 Formação Florestal;2;11;2025;11101.21582890017;19.843478607855676;Rede MapBiomas;https://drive.google.com/uc?id=1otOqymHuixvkRGVl65zTTNyfaHo46Gqk&export=download;1985–2025;2026-10-07T18:19:30.573244+00:00;ha
4113254;Laranjal;9;3.3. Silvicultura;2;11;1985;0.0;0.0;Rede MapBiomas;https://drive.google.com/uc?id=1otOqymHuixvkRGVl65zTTNyfaHo46Gqk&export=download;1985–2025;2026-10-07T18:19:30.573244+00:00;ha
4113254;Laranjal;9;3.3. Silvicultura;2;11;1986;5.042378277587892;0.00901327629569603;Rede MapBiomas;https://drive.google.com/uc?id=1otOqymHuixvkRGVl65zTTNyfaHo46Gqk&export=download;1985–2025;2026-10-07T18:19:30.573244+00:00;ha
4113254;Laranjal;9;3.3. Silvicultura;2;11;1987;7.236784259033207;0.01293578792153069;Rede MapBiomas;https://drive.google.com/uc?id=1otOqymHuixvkRGVl65zTTNyfaHo46Gqk&export=download;1985–2025;2026-10-07T18:19:30.573244+00:00;ha
4113254;Laranjal;9;3.3. Silvicultura;2;11;1988;7.074237890625003;0.01264523547808609;Rede MapBiomas;https://drive.google.com/uc?id=1otOqymHuixvkRGVl65zTTNyfaHo46Gqk&export=download;1985–2025;2026-10-07T18:19:30.573244+00:00;ha
4113254;Laranjal;9;3.3. Silvicultura;2;11;1989;8.29335314331055;0.014824410066710671;Rede MapBiomas;https://drive.google.com/uc?id=1otOqymHuixvkRGVl65zTTNyfaHo46Gqk&export=download;1985–2025;2026-10-07T18:19:30.573244+00:00;ha
4113254;Laranjal;9;3.3. Silvicultura;2;11;1990;1.462940106201172;0.002615012729182578;Rede MapBiomas;https://drive.google.com/uc?id=1otOqymHuixvkRGVl65zTTNyfaHo46Gqk&export=download;1985–2025;2026-10-07T18:19:30.573244+00:00;ha
4113254;Laranjal;9;3.3. Silvicultura;2;11;1991;1.462940106201172;0.002615012729182578;Rede MapBiomas;https://drive.google.com/uc?id=1otOqymHuixvkRGVl65zTTNyfaHo46Gqk&export=download;1985–2025;2026-10-07T18:19:30.573244+00:00;ha
4113254;Laranjal;9;3.3. Silvicultura;2;11;1992;0.0;0.0;Rede MapBiomas;https://drive.google.com/uc?id=1otOqymHuixvkRGVl65zTTNyfaHo46Gqk&export=download;1985–2025;2026-10-07T18:19:30.573244+00:00;ha
4113254;Laranjal;9;3.3. Silvicultura;2;11;1993;1.544215118408204;0.002760292218469224;Rede MapBiomas;https://drive.google.com/uc?id=1otOqymHuixvkRGVl65zTTNyfaHo46Gqk&export=download;1985–2025;2026-10-07T18:19:30.573244+00:00;ha
4113254;Laranjal;9;3.3. Silvicultura;2;11;1994;1.544215118408204;0.002760292218469224;Rede MapBiomas;https://drive.google.com/uc?id=1otOqymHuixvkRGVl65zTTNyfaHo46Gqk&export=download;1985–2025;2026-10-07T18:19:30.573244+00:00;ha
4113254;Laranjal;9;3.3. Silvicultura;2;11;1995;1.137843194580078;0.0020339003798091984;Rede MapBiomas;https://drive.google.com/uc?id=1otOqymHuixvkRGVl65zTTNyfaHo46Gqk&export=download;1985–2025;2026-10-07T18:19:30.573244+00:00;ha
4113254;Laranjal;9;3.3. Silvicultura;2;11;1996;0.0;0.0;Rede MapBiomas;https://drive.google.com/uc?id=1otOqymHuixvkRGVl65zTTNyfaHo46Gqk&export=download;1985–2025;2026-10-07T18:19:30.573244+00:00;ha
4113254;Laranjal;9;3.3. Silvicultura;2;11;1997;1.137720062255859;0.0020336802801661294;Rede MapBiomas;https://drive.google.com/uc?id=1otOqymHuixvkRGVl65zTTNyfaHo46Gqk&export=download;1985–2025;2026-10-07T18:19:30.573244+00:00;ha
4113254;Laranjal;9;3.3. Silvicultura;2;11;1998;0.08126511230468751;0.0001452617931618774;Rede MapBiomas;https://drive.google.com/uc?id=1otOqymHuixvkRGVl65zTTNyfaHo46Gqk&export=download;1985–2025;2026-10-07T18:19:30.573244+00:00;ha
4113254;Laranjal;9;3.3. Silvicultura;2;11;1999;0.0;0.0;Rede MapBiomas;https://drive.google.com/uc?id=1otOqymHuixvkRGVl65zTTNyfaHo46Gqk&export=download;1985–2025;2026-10-07T18:19:30.573244+00:00;ha
4113254;Laranjal;9;3.3. Silvicultura;2;11;2000;0.0;0.0;Rede MapBiomas;https://drive.google.com/uc?id=1otOqymHuixvkRGVl65zTTNyfaHo46Gqk&export=download;1985–2025;2026-10-07T18:19:30.573244+00:00;ha
4113254;Laranjal;9;3.3. Silvicultura;2;11;2001;0.0;0.0;Rede MapBiomas;https://drive.google.com/uc?id=1otOqymHuixvkRGVl65zTTNyfaHo46Gqk&export=download;1985–2025;2026-10-07T18:19:30.573244+00:00;ha
4113254;Laranjal;9;3.3. Silvicultura;2;11;2002;1.13775546875;0.0020337435694508252;Rede MapBiomas;https://drive.google.com/uc?id=1otOqymHuixvkRGVl65zTTNyfaHo46Gqk&export=download;1985–2025;2026-10-07T18:19:30.573244+00:00;ha
4113254;Laranjal;9;3.3. Silvicultura;2;11;2003;1.13775546875;0.0020337435694508252;Rede MapBiomas;https://drive.google.com/uc?id=1otOqymHuixvkRGVl65zTTNyfaHo46Gqk&export=download;1985–2025;2026-10-07T18:19:30.573244+00:00;ha
4113254;Laranjal;9;3.3. Silvicultura;2;11;2004;1.13775546875;0.0020337435694508252;Rede MapBiomas;https://drive.google.com/uc?id=1otOqymHuixvkRGVl65zTTNyfaHo46Gqk&export=download;1985–2025;2026-10-07T18:19:30.573244+00:00;ha
4113254;Laranjal;9;3.3. Silvicultura;2;11;2005;1.13775546875;0.0020337435694508252;Rede MapBiomas;https://drive.google.com/uc?id=1otOqymHuixvkRGVl65zTTNyfaHo46Gqk&export=download;1985–2025;2026-10-07T18:19:30.573244+00:00;ha
4113254;Laranjal;9;3.3. Silvicultura;2;11;2006;1.13775546875;0.0020337435694508252;Rede MapBiomas;https://drive.google.com/uc?id=1otOqymHuixvkRGVl65zTTNyfaHo46Gqk&export=download;1985–2025;2026-10-07T18:19:30.573244+00:00;ha
4113254;Laranjal;9;3.3. Silvicultura;2;11;2007;2.601696014404297;0.0046505445891407236;Rede MapBiomas;https://drive.google.com/uc?id=1otOqymHuixvkRGVl65zTTNyfaHo46Gqk&export=download;1985–2025;2026-10-07T18:19:30.573244+00:00;ha
4113254;Laranjal;9;3.3. Silvicultura;2;11;2008;3.415030462646485;0.006104383967950903;Rede MapBiomas;https://drive.google.com/uc?id=1otOqymHuixvkRGVl65zTTNyfaHo46Gqk&export=download;1985–2025;2026-10-07T18:19:30.573244+00:00;ha
4113254;Laranjal;9;3.3. Silvicultura;2;11;2009;10.49175384521484;0.01875406227527012;Rede MapBiomas;https://drive.google.com/uc?id=1otOqymHuixvkRGVl65zTTNyfaHo46Gqk&export=download;1985–2025;2026-10-07T18:19:30.573244+00:00;ha
4113254;Laranjal;9;3.3. Silvicultura;2;11;2010;40.75110686035157;0.07284280656220173;Rede MapBiomas;https://drive.google.com/uc?id=1otOqymHuixvkRGVl65zTTNyfaHo46Gqk&export=download;1985–2025;2026-10-07T18:19:30.573244+00:00;ha
4113254;Laranjal;9;3.3. Silvicultura;2;11;2011;95.97999570922863;0.17156472056690478;Rede MapBiomas;https://drive.google.com/uc?id=1otOqymHuixvkRGVl65zTTNyfaHo46Gqk&export=download;1985–2025;2026-10-07T18:19:30.573244+00:00;ha
4113254;Laranjal;9;3.3. Silvicultura;2;11;2012;113.224280548096;0.20238896563896336;Rede MapBiomas;https://drive.google.com/uc?id=1otOqymHuixvkRGVl65zTTNyfaHo46Gqk&export=download;1985–2025;2026-10-07T18:19:30.573244+00:00;ha
4113254;Laranjal;9;3.3. Silvicultura;2;11;2013;149.4839167541506;0.26720324602709256;Rede MapBiomas;https://drive.google.com/uc?id=1otOqymHuixvkRGVl65zTTNyfaHo46Gqk&export=download;1985–2025;2026-10-07T18:19:30.573244+00:00;ha
4113254;Laranjal;9;3.3. Silvicultura;2;11;2014;160.4553201538088;0.28681468427086565;Rede MapBiomas;https://drive.google.com/uc?id=1otOqymHuixvkRGVl65zTTNyfaHo46Gqk&export=download;1985–2025;2026-10-07T18:19:30.573244+00:00;ha
4113254;Laranjal;9;3.3. Silvicultura;2;11;2015;184.2699041564942;0.3293833718358824;Rede MapBiomas;https://drive.google.com/uc?id=1otOqymHuixvkRGVl65zTTNyfaHo46Gqk&export=download;1985–2025;2026-10-07T18:19:30.573244+00:00;ha
4113254;Laranjal;9;3.3. Silvicultura;2;11;2016;198.575222027588;0.3549541988091428;Rede MapBiomas;https://drive.google.com/uc?id=1otOqymHuixvkRGVl65zTTNyfaHo46Gqk&export=download;1985–2025;2026-10-07T18:19:30.573244+00:00;ha
4113254;Laranjal;9;3.3. Silvicultura;2;11;2017;208.8936186462405;0.37339838417815086;Rede MapBiomas;https://drive.google.com/uc?id=1otOqymHuixvkRGVl65zTTNyfaHo46Gqk&export=download;1985–2025;2026-10-07T18:19:30.573244+00:00;ha
4113254;Laranjal;9;3.3. Silvicultura;2;11;2018;231.652032702637;0.4140791627016297;Rede MapBiomas;https://drive.google.com/uc?id=1otOqymHuixvkRGVl65zTTNyfaHo46Gqk&export=download;1985–2025;2026-10-07T18:19:30.573244+00:00;ha
4113254;Laranjal;9;3.3. Silvicultura;2;11;2019;236.2016345336915;0.42221159864380486;Rede MapBiomas;https://drive.google.com/uc?id=1otOqymHuixvkRGVl65zTTNyfaHo46Gqk&export=download;1985–2025;2026-10-07T18:19:30.573244+00:00;ha
4113254;Laranjal;9;3.3. Silvicultura;2;11;2020;243.5972481811525;0.43543129488854465;Rede MapBiomas;https://drive.google.com/uc?id=1otOqymHuixvkRGVl65zTTNyfaHo46Gqk&export=download;1985–2025;2026-10-07T18:19:30.573244+00:00;ha
4113254;Laranjal;9;3.3. Silvicultura;2;11;2021;247.4153255859376;0.4422561272738183;Rede MapBiomas;https://drive.google.com/uc?id=1otOqymHuixvkRGVl65zTTNyfaHo46Gqk&export=download;1985–2025;2026-10-07T18:19:30.573244+00:00;ha
4113254;Laranjal;9;3.3. Silvicultura;2;11;2022;251.316937463379;0.4492302779451898;Rede MapBiomas;https://drive.google.com/uc?id=1otOqymHuixvkRGVl65zTTNyfaHo46Gqk&export=download;1985–2025;2026-10-07T18:19:30.573244+00:00;ha
4113254;Laranjal;9;3.3. Silvicultura;2;11;2023;249.1210414855958;0.445305102943477;Rede MapBiomas;https://drive.google.com/uc?id=1otOqymHuixvkRGVl65zTTNyfaHo46Gqk&export=download;1985–2025;2026-10-07T18:19:30.573244+00:00;ha
4113254;Laranjal;9;3.3. Silvicultura;2;11;2024;245.7868711364748;0.4393452568313521;Rede MapBiomas;https://drive.google.com/uc?id=1otOqymHuixvkRGVl65zTTNyfaHo46Gqk&export=download;1985–2025;2026-10-07T18:19:30.573244+00:00;ha
4113254;Laranjal;9;3.3. Silvicultura;2;11;2025;237.575881085205;0.4246680712020524;Rede MapBiomas;https://drive.google.com/uc?id=1otOqymHuixvkRGVl65zTTNyfaHo46Gqk&export=download;1985–2025;2026-10-07T18:19:30.573244+00:00;ha
4113254;Laranjal;11;2.3. Campo Alagado e Área Pantanosa;2;11;1985;0.0;0.0;Rede MapBiomas;https://drive.google.com/uc?id=1otOqymHuixvkRGVl65zTTNyfaHo46Gqk&export=download;1985–2025;2026-10-07T18:19:30.573244+00:00;ha
4113254;Laranjal;11;2.3. Campo Alagado e Área Pantanosa;2;11;1986;0.0;0.0;Rede MapBiomas;https://drive.google.com/uc?id=1otOqymHuixvkRGVl65zTTNyfaHo46Gqk&export=download;1985–2025;2026-10-07T18:19:30.573244+00:00;ha
4113254;Laranjal;11;2.3. Campo Alagado e Área Pantanosa;2;11;1987;0.0;0.0;Rede MapBiomas;https://drive.google.com/uc?id=1otOqymHuixvkRGVl65zTTNyfaHo46Gqk&export=download;1985–2025;2026-10-07T18:19:30.573244+00:00;ha
4113254;Laranjal;11;2.3. Campo Alagado e Área Pantanosa;2;11;1988;0.0;0.0;Rede MapBiomas;https://drive.google.com/uc?id=1otOqymHuixvkRGVl65zTTNyfaHo46Gqk&export=download;1985–2025;2026-10-07T18:19:30.573244+00:00;ha
4113254;Laranjal;11;2.3. Campo Alagado e Área Pantanosa;2;11;1989;0.0;0.0;Rede MapBiomas;https://drive.google.com/uc?id=1otOqymHuixvkRGVl65zTTNyfaHo46Gqk&export=download;1985–2025;2026-10-07T18:19:30.573244+00:00;ha
4113254;Laranjal;11;2.3. Campo Alagado e Área Pantanosa;2;11;1990;0.0;0.0;Rede MapBiomas;https://drive.google.com/uc?id=1otOqymHuixvkRGVl65zTTNyfaHo46Gqk&export=download;1985–2025;2026-10-07T18:19:30.573244+00:00;ha
4113254;Laranjal;11;2.3. Campo Alagado e Área Pantanosa;2;11;1991;0.0;0.0;Rede MapBiomas;https://drive.google.com/uc?id=1otOqymHuixvkRGVl65zTTNyfaHo46Gqk&export=download;1985–2025;2026-10-07T18:19:30.573244+00:00;ha
4113254;Laranjal;11;2.3. Campo Alagado e Área Pantanosa;2;11;1992;0.0;0.0;Rede MapBiomas;https://drive.google.com/uc?id=1otOqymHuixvkRGVl65zTTNyfaHo46Gqk&export=download;1985–2025;2026-10-07T18:19:30.573244+00:00;ha
4113254;Laranjal;11;2.3. Campo Alagado e Área Pantanosa;2;11;1993;0.0;0.0;Rede MapBiomas;https://drive.google.com/uc?id=1otOqymHuixvkRGVl65zTTNyfaHo46Gqk&export=download;1985–2025;2026-10-07T18:19:30.573244+00:00;ha
4113254;Laranjal;11;2.3. Campo Alagado e Área Pantanosa;2;11;1994;0.0;0.0;Rede MapBiomas;https://drive.google.com/uc?id=1otOqymHuixvkRGVl65zTTNyfaHo46Gqk&export=download;1985–2025;2026-10-07T18:19:30.573244+00:00;ha
4113254;Laranjal;11;2.3. Campo Alagado e Área Pantanosa;2;11;1995;0.0;0.0;Rede MapBiomas;https://drive.google.com/uc?id=1otOqymHuixvkRGVl65zTTNyfaHo46Gqk&export=download;1985–2025;2026-10-07T18:19:30.573244+00:00;ha
4113254;Laranjal;11;2.3. Campo Alagado e Área Pantanosa;2;11;1996;0.0;0.0;Rede MapBiomas;https://drive.google.com/uc?id=1otOqymHuixvkRGVl65zTTNyfaHo46Gqk&export=download;1985–2025;2026-10-07T18:19:30.573244+00:00;ha
4113254;Laranjal;11;2.3. Campo Alagado e Área Pantanosa;2;11;1997;0.0;0.0;Rede MapBiomas;https://drive.google.com/uc?id=1otOqymHuixvkRGVl65zTTNyfaHo46Gqk&export=download;1985–2025;2026-10-07T18:19:30.573244+00:00;ha
4113254;Laranjal;11;2.3. Campo Alagado e Área Pantanosa;2;11;1998;0.0;0.0;Rede MapBiomas;https://drive.google.com/uc?id=1otOqymHuixvkRGVl65zTTNyfaHo46Gqk&export=download;1985–2025;2026-10-07T18:19:30.573244+00:00;ha
4113254;Laranjal;11;2.3. Campo Alagado e Área Pantanosa;2;11;1999;0.0;0.0;Rede MapBiomas;https://drive.google.com/uc?id=1otOqymHuixvkRGVl65zTTNyfaHo46Gqk&export=download;1985–2025;2026-10-07T18:19:30.573244+00:00;ha
4113254;Laranjal;11;2.3. Campo Alagado e Área Pantanosa;2;11;2000;0.0;0.0;Rede MapBiomas;https://drive.google.com/uc?id=1otOqymHuixvkRGVl65zTTNyfaHo46Gqk&export=download;1985–2025;2026-10-07T18:19:30.573244+00:00;ha
4113254;Laranjal;11;2.3. Campo Alagado e Área Pantanosa;2;11;2001;0.0;0.0;Rede MapBiomas;https://drive.google.com/uc?id=1otOqymHuixvkRGVl65zTTNyfaHo46Gqk&export=download;1985–2025;2026-10-07T18:19:30.573244+00:00;ha
4113254;Laranjal;11;2.3. Campo Alagado e Área Pantanosa;2;11;2002;0.0;0.0;Rede MapBiomas;https://drive.google.com/uc?id=1otOqymHuixvkRGVl65zTTNyfaHo46Gqk&export=download;1985–2025;2026-10-07T18:19:30.573244+00:00;ha
4113254;Laranjal;11;2.3. Campo Alagado e Área Pantanosa;2;11;2003;2.193604510498047;0.0039210789925229516;Rede MapBiomas;https://drive.google.com/uc?id=1otOqymHuixvkRGVl65zTTNyfaHo46Gqk&export=download;1985–2025;2026-10-07T18:19:30.573244+00:00;ha
4113254;Laranjal;11;2.3. Campo Alagado e Área Pantanosa;2;11;2004;2.193604510498047;0.0039210789925229516;Rede MapBiomas;https://drive.google.com/uc?id=1otOqymHuixvkRGVl65zTTNyfaHo46Gqk&export=download;1985–2025;2026-10-07T18:19:30.573244+00:00;ha
4113254;Laranjal;11;2.3. Campo Alagado e Área Pantanosa;2;11;2005;1.136693560791016;0.002031845403683004;Rede MapBiomas;https://drive.google.com/uc?id=1otOqymHuixvkRGVl65zTTNyfaHo46Gqk&export=download;1985–2025;2026-10-07T18:19:30.573244+00:00;ha
4113254;Laranjal;11;2.3. Campo Alagado e Área Pantanosa;2;11;2006;1.136693560791016;0.002031845403683004;Rede MapBiomas;https://drive.google.com/uc?id=1otOqymHuixvkRGVl65zTTNyfaHo46Gqk&export=download;1985–2025;2026-10-07T18:19:30.573244+00:00;ha
4113254;Laranjal;11;2.3. Campo Alagado e Área Pantanosa;2;11;2007;1.136693560791016;0.002031845403683004;Rede MapBiomas;https://drive.google.com/uc?id=1otOqymHuixvkRGVl65zTTNyfaHo46Gqk&export=download;1985–2025;2026-10-07T18:19:30.573244+00:00;ha
4113254;Laranjal;11;2.3. Campo Alagado e Área Pantanosa;2;11;2008;2.435746850585938;0.004353909631945464;Rede MapBiomas;https://drive.google.com/uc?id=1otOqymHuixvkRGVl65zTTNyfaHo46Gqk&export=download;1985–2025;2026-10-07T18:19:30.573244+00:00;ha
4113254;Laranjal;11;2.3. Campo Alagado e Área Pantanosa;2;11;2009;2.435746850585938;0.004353909631945464;Rede MapBiomas;https://drive.google.com/uc?id=1otOqymHuixvkRGVl65zTTNyfaHo46Gqk&export=download;1985–2025;2026-10-07T18:19:30.573244+00:00;ha
4113254;Laranjal;11;2.3. Campo Alagado e Área Pantanosa;2;11;2010;0.0;0.0;Rede MapBiomas;https://drive.google.com/uc?id=1otOqymHuixvkRGVl65zTTNyfaHo46Gqk&export=download;1985–2025;2026-10-07T18:19:30.573244+00:00;ha
4113254;Laranjal;11;2.3. Campo Alagado e Área Pantanosa;2;11;2011;2.274804718017578;0.004066224768057961;Rede MapBiomas;https://drive.google.com/uc?id=1otOqymHuixvkRGVl65zTTNyfaHo46Gqk&export=download;1985–2025;2026-10-07T18:19:30.573244+00:00;ha
4113254;Laranjal;11;2.3. Campo Alagado e Área Pantanosa;2;11;2012;3.250102221679688;0.005809573915439732;Rede MapBiomas;https://drive.google.com/uc?id=1otOqymHuixvkRGVl65zTTNyfaHo46Gqk&export=download;1985–2025;2026-10-07T18:19:30.573244+00:00;ha
4113254;Laranjal;11;2.3. Campo Alagado e Área Pantanosa;2;11;2013;5.442573803710939;0.009728627792683277;Rede MapBiomas;https://drive.google.com/uc?id=1otOqymHuixvkRGVl65zTTNyfaHo46Gqk&export=download;1985–2025;2026-10-07T18:19:30.573244+00:00;ha
4113254;Laranjal;11;2.3. Campo Alagado e Área Pantanosa;2;11;2014;4.467276300048829;0.007985278645301509;Rede MapBiomas;https://drive.google.com/uc?id=1otOqymHuixvkRGVl65zTTNyfaHo46Gqk&export=download;1985–2025;2026-10-07T18:19:30.573244+00:00;ha
4113254;Laranjal;11;2.3. Campo Alagado e Área Pantanosa;2;11;2015;5.605484118652345;0.010019830792369401;Rede MapBiomas;https://drive.google.com/uc?id=1otOqymHuixvkRGVl65zTTNyfaHo46Gqk&export=download;1985–2025;2026-10-07T18:19:30.573244+00:00;ha
4113254;Laranjal;11;2.3. Campo Alagado e Área Pantanosa;2;11;2016;4.468495416259765;0.007987457821603008;Rede MapBiomas;https://drive.google.com/uc?id=1otOqymHuixvkRGVl65zTTNyfaHo46Gqk&export=download;1985–2025;2026-10-07T18:19:30.573244+00:00;ha
4113254;Laranjal;11;2.3. Campo Alagado e Área Pantanosa;2;11;2017;7.475665521240235;0.013362789367992286;Rede MapBiomas;https://drive.google.com/uc?id=1otOqymHuixvkRGVl65zTTNyfaHo46Gqk&export=download;1985–2025;2026-10-07T18:19:30.573244+00:00;ha
4113254;Laranjal;11;2.3. Campo Alagado e Área Pantanosa;2;11;2018;8.61463734741211;0.01539870718239542;Rede MapBiomas;https://drive.google.com/uc?id=1otOqymHuixvkRGVl65zTTNyfaHo46Gqk&export=download;1985–2025;2026-10-07T18:19:30.573244+00:00;ha
4113254;Laranjal;11;2.3. Campo Alagado e Área Pantanosa;2;11;2019;9.589966961669923;0.017142113727627004;Rede MapBiomas;https://drive.google.com/uc?id=1otOqymHuixvkRGVl65zTTNyfaHo46Gqk&export=download;1985–2025;2026-10-07T18:19:30.573244+00:00;ha
4113254;Laranjal;11;2.3. Campo Alagado e Área Pantanosa;2;11;2020;10.24024229125977;0.018304484119376324;Rede MapBiomas;https://drive.google.com/uc?id=1otOqymHuixvkRGVl65zTTNyfaHo46Gqk&export=download;1985–2025;2026-10-07T18:19:30.573244+00:00;ha
4113254;Laranjal;11;2.3. Campo Alagado e Área Pantanosa;2;11;2021;11.29701578979492;0.02019347201356166;Rede MapBiomas;https://drive.google.com/uc?id=1otOqymHuixvkRGVl65zTTNyfaHo46Gqk&export=download;1985–2025;2026-10-07T18:19:30.573244+00:00;ha
4113254;Laranjal;11;2.3. Campo Alagado e Área Pantanosa;2;11;2022;16.57840474243165;0.029633981081818844;Rede MapBiomas;https://drive.google.com/uc?id=1otOqymHuixvkRGVl65zTTNyfaHo46Gqk&export=download;1985–2025;2026-10-07T18:19:30.573244+00:00;ha
4113254;Laranjal;11;2.3. Campo Alagado e Área Pantanosa;2;11;2023;17.63369439697267;0.03152031659747116;Rede MapBiomas;https://drive.google.com/uc?id=1otOqymHuixvkRGVl65zTTNyfaHo46Gqk&export=download;1985–2025;2026-10-07T18:19:30.573244+00:00;ha
4113254;Laranjal;11;2.3. Campo Alagado e Área Pantanosa;2;11;2024;19.99068723144532;0.035733453033208844;Rede MapBiomas;https://drive.google.com/uc?id=1otOqymHuixvkRGVl65zTTNyfaHo46Gqk&export=download;1985–2025;2026-10-07T18:19:30.573244+00:00;ha
4113254;Laranjal;11;2.3. Campo Alagado e Área Pantanosa;2;11;2025;20.5595615600586;0.03675031873011821;Rede MapBiomas;https://drive.google.com/uc?id=1otOqymHuixvkRGVl65zTTNyfaHo46Gqk&export=download;1985–2025;2026-10-07T18:19:30.573244+00:00;ha
4113254;Laranjal;15;3.1. Pastagem;2;11;1985;18890.2148432985;33.7663531561055;Rede MapBiomas;https://drive.google.com/uc?id=1otOqymHuixvkRGVl65zTTNyfaHo46Gqk&export=download;1985–2025;2026-10-07T18:19:30.573244+00:00;ha
4113254;Laranjal;15;3.1. Pastagem;2;11;1986;21338.39406967196;38.14248572171758;Rede MapBiomas;https://drive.google.com/uc?id=1otOqymHuixvkRGVl65zTTNyfaHo46Gqk&export=download;1985–2025;2026-10-07T18:19:30.573244+00:00;ha
4113254;Laranjal;15;3.1. Pastagem;2;11;1987;24324.57032078902;43.48029064972056;Rede MapBiomas;https://drive.google.com/uc?id=1otOqymHuixvkRGVl65zTTNyfaHo46Gqk&export=download;1985–2025;2026-10-07T18:19:30.573244+00:00;ha
4113254;Laranjal;15;3.1. Pastagem;2;11;1988;25955.26499213257;46.3951654999608;Rede MapBiomas;https://drive.google.com/uc?id=1otOqymHuixvkRGVl65zTTNyfaHo46Gqk&export=download;1985–2025;2026-10-07T18:19:30.573244+00:00;ha
4113254;Laranjal;15;3.1. Pastagem;2;11;1989;28128.21544808373;50.279325267068856;Rede MapBiomas;https://drive.google.com/uc?id=1otOqymHuixvkRGVl65zTTNyfaHo46Gqk&export=download;1985–2025;2026-10-07T18:19:30.573244+00:00;ha
4113254;Laranjal;15;3.1. Pastagem;2;11;1990;29735.11011028447;53.151657482378724;Rede MapBiomas;https://drive.google.com/uc?id=1otOqymHuixvkRGVl65zTTNyfaHo46Gqk&export=download;1985–2025;2026-10-07T18:19:30.573244+00:00;ha
4113254;Laranjal;15;3.1. Pastagem;2;11;1991;31163.92508916547;55.70567137644225;Rede MapBiomas;https://drive.google.com/uc?id=1otOqymHuixvkRGVl65zTTNyfaHo46Gqk&export=download;1985–2025;2026-10-07T18:19:30.573244+00:00;ha
4113254;Laranjal;15;3.1. Pastagem;2;11;1992;32391.98349702025;57.90083189949262;Rede MapBiomas;https://drive.google.com/uc?id=1otOqymHuixvkRGVl65zTTNyfaHo46Gqk&export=download;1985–2025;2026-10-07T18:19:30.573244+00:00;ha
4113254;Laranjal;15;3.1. Pastagem;2;11;1993;33460.31329783302;59.810476741580445;Rede MapBiomas;https://drive.google.com/uc?id=1otOqymHuixvkRGVl65zTTNyfaHo46Gqk&export=download;1985–2025;2026-10-07T18:19:30.573244+00:00;ha
4113254;Laranjal;15;3.1. Pastagem;2;11;1994;33731.32967332728;60.29491986316163;Rede MapBiomas;https://drive.google.com/uc?id=1otOqymHuixvkRGVl65zTTNyfaHo46Gqk&export=download;1985–2025;2026-10-07T18:19:30.573244+00:00;ha
4113254;Laranjal;15;3.1. Pastagem;2;11;1995;33606.19988770633;60.07124974788375;Rede MapBiomas;https://drive.google.com/uc?id=1otOqymHuixvkRGVl65zTTNyfaHo46Gqk&export=download;1985–2025;2026-10-07T18:19:30.573244+00:00;ha
4113254;Laranjal;15;3.1. Pastagem;2;11;1996;32004.35931812028;57.207951748305504;Rede MapBiomas;https://drive.google.com/uc?id=1otOqymHuixvkRGVl65zTTNyfaHo46Gqk&export=download;1985–2025;2026-10-07T18:19:30.573244+00:00;ha
4113254;Laranjal;15;3.1. Pastagem;2;11;1997;29710.85302899772;53.108297828713624;Rede MapBiomas;https://drive.google.com/uc?id=1otOqymHuixvkRGVl65zTTNyfaHo46Gqk&export=download;1985–2025;2026-10-07T18:19:30.573244+00:00;ha
4113254;Laranjal;15;3.1. Pastagem;2;11;1998;28626.62865314894;51.17024135455151;Rede MapBiomas;https://drive.google.com/uc?id=1otOqymHuixvkRGVl65zTTNyfaHo46Gqk&export=download;1985–2025;2026-10-07T18:19:30.573244+00:00;ha
4113254;Laranjal;15;3.1. Pastagem;2;11;1999;29033.37769794833;51.897307298826746;Rede MapBiomas;https://drive.google.com/uc?id=1otOqymHuixvkRGVl65zTTNyfaHo46Gqk&export=download;1985–2025;2026-10-07T18:19:30.573244+00:00;ha
4113254;Laranjal;15;3.1. Pastagem;2;11;2000;30098.18306910306;53.80065220533975;Rede MapBiomas;https://drive.google.com/uc?id=1otOqymHuixvkRGVl65zTTNyfaHo46Gqk&export=download;1985–2025;2026-10-07T18:19:30.573244+00:00;ha
4113254;Laranjal;15;3.1. Pastagem;2;11;2001;31399.24262232001;56.12630263946563;Rede MapBiomas;https://drive.google.com/uc?id=1otOqymHuixvkRGVl65zTTNyfaHo46Gqk&export=download;1985–2025;2026-10-07T18:19:30.573244+00:00;ha
4113254;Laranjal;15;3.1. Pastagem;2;11;2002;33107.16692983438;59.17922584917101;Rede MapBiomas;https://drive.google.com/uc?id=1otOqymHuixvkRGVl65zTTNyfaHo46Gqk&export=download;1985–2025;2026-10-07T18:19:30.573244+00:00;ha
4113254;Laranjal;15;3.1. Pastagem;2;11;2003;34924.93540322808;62.428496052702954;Rede MapBiomas;https://drive.google.com/uc?id=1otOqymHuixvkRGVl65zTTNyfaHo46Gqk&export=download;1985–2025;2026-10-07T18:19:30.573244+00:00;ha
4113254;Laranjal;15;3.1. Pastagem;2;11;2004;35980.11187582414;64.31462925506472;Rede MapBiomas;https://drive.google.com/uc?id=1otOqymHuixvkRGVl65zTTNyfaHo46Gqk&export=download;1985–2025;2026-10-07T18:19:30.573244+00:00;ha
4113254;Laranjal;15;3.1. Pastagem;2;11;2005;36186.4680205265;64.68349189192479;Rede MapBiomas;https://drive.google.com/uc?id=1otOqymHuixvkRGVl65zTTNyfaHo46Gqk&export=download;1985–2025;2026-10-07T18:19:30.573244+00:00;ha
4113254;Laranjal;15;3.1. Pastagem;2;11;2006;35580.09696318296;63.599600605576235;Rede MapBiomas;https://drive.google.com/uc?id=1otOqymHuixvkRGVl65zTTNyfaHo46Gqk&export=download;1985–2025;2026-10-07T18:19:30.573244+00:00;ha
4113254;Laranjal;15;3.1. Pastagem;2;11;2007;34743.57943552797;62.10432135680204;Rede MapBiomas;https://drive.google.com/uc?id=1otOqymHuixvkRGVl65zTTNyfaHo46Gqk&export=download;1985–2025;2026-10-07T18:19:30.573244+00:00;ha
4113254;Laranjal;15;3.1. Pastagem;2;11;2008;34339.67934562886;61.382347933606454;Rede MapBiomas;https://drive.google.com/uc?id=1otOqymHuixvkRGVl65zTTNyfaHo46Gqk&export=download;1985–2025;2026-10-07T18:19:30.573244+00:00;ha
4113254;Laranjal;15;3.1. Pastagem;2;11;2009;33834.17553708401;60.47875735707381;Rede MapBiomas;https://drive.google.com/uc?id=1otOqymHuixvkRGVl65zTTNyfaHo46Gqk&export=download;1985–2025;2026-10-07T18:19:30.573244+00:00;ha
4113254;Laranjal;15;3.1. Pastagem;2;11;2010;33714.92964042901;60.26560472264002;Rede MapBiomas;https://drive.google.com/uc?id=1otOqymHuixvkRGVl65zTTNyfaHo46Gqk&export=download;1985–2025;2026-10-07T18:19:30.573244+00:00;ha
4113254;Laranjal;15;3.1. Pastagem;2;11;2011;33827.9270627494;60.4675881780666;Rede MapBiomas;https://drive.google.com/uc?id=1otOqymHuixvkRGVl65zTTNyfaHo46Gqk&export=download;1985–2025;2026-10-07T18:19:30.573244+00:00;ha
4113254;Laranjal;15;3.1. Pastagem;2;11;2012;33906.38329191248;60.60782907861713;Rede MapBiomas;https://drive.google.com/uc?id=1otOqymHuixvkRGVl65zTTNyfaHo46Gqk&export=download;1985–2025;2026-10-07T18:19:30.573244+00:00;ha
4113254;Laranjal;15;3.1. Pastagem;2;11;2013;34089.59189694181;60.9353153729751;Rede MapBiomas;https://drive.google.com/uc?id=1otOqymHuixvkRGVl65zTTNyfaHo46Gqk&export=download;1985–2025;2026-10-07T18:19:30.573244+00:00;ha
4113254;Laranjal;15;3.1. Pastagem;2;11;2014;34812.24803192133;62.22706681500812;Rede MapBiomas;https://drive.google.com/uc?id=1otOqymHuixvkRGVl65zTTNyfaHo46Gqk&export=download;1985–2025;2026-10-07T18:19:30.573244+00:00;ha
4113254;Laranjal;15;3.1. Pastagem;2;11;2015;35086.78986101042;62.71781170245625;Rede MapBiomas;https://drive.google.com/uc?id=1otOqymHuixvkRGVl65zTTNyfaHo46Gqk&export=download;1985–2025;2026-10-07T18:19:30.573244+00:00;ha
4113254;Laranjal;15;3.1. Pastagem;2;11;2016;35176.05402731284;62.877371844495734;Rede MapBiomas;https://drive.google.com/uc?id=1otOqymHuixvkRGVl65zTTNyfaHo46Gqk&export=download;1985–2025;2026-10-07T18:19:30.573244+00:00;ha
4113254;Laranjal;15;3.1. Pastagem;2;11;2017;34989.25542397496;62.54346841027344;Rede MapBiomas;https://drive.google.com/uc?id=1otOqymHuixvkRGVl65zTTNyfaHo46Gqk&export=download;1985–2025;2026-10-07T18:19:30.573244+00:00;ha
4113254;Laranjal;15;3.1. Pastagem;2;11;2018;34582.66730187366;61.81669011612287;Rede MapBiomas;https://drive.google.com/uc?id=1otOqymHuixvkRGVl65zTTNyfaHo46Gqk&export=download;1985–2025;2026-10-07T18:19:30.573244+00:00;ha
4113254;Laranjal;15;3.1. Pastagem;2;11;2019;34139.03204282872;61.023689880091894;Rede MapBiomas;https://drive.google.com/uc?id=1otOqymHuixvkRGVl65zTTNyfaHo46Gqk&export=download;1985–2025;2026-10-07T18:19:30.573244+00:00;ha
4113254;Laranjal;15;3.1. Pastagem;2;11;2020;33655.22372787446;60.15888010645389;Rede MapBiomas;https://drive.google.com/uc?id=1otOqymHuixvkRGVl65zTTNyfaHo46Gqk&export=download;1985–2025;2026-10-07T18:19:30.573244+00:00;ha
4113254;Laranjal;15;3.1. Pastagem;2;11;2021;33312.92791722376;59.547024639368665;Rede MapBiomas;https://drive.google.com/uc?id=1otOqymHuixvkRGVl65zTTNyfaHo46Gqk&export=download;1985–2025;2026-10-07T18:19:30.573244+00:00;ha
4113254;Laranjal;15;3.1. Pastagem;2;11;2022;34630.19840182403;61.901652194115954;Rede MapBiomas;https://drive.google.com/uc?id=1otOqymHuixvkRGVl65zTTNyfaHo46Gqk&export=download;1985–2025;2026-10-07T18:19:30.573244+00:00;ha
4113254;Laranjal;15;3.1. Pastagem;2;11;2023;34481.87279537281;61.63651943352683;Rede MapBiomas;https://drive.google.com/uc?id=1otOqymHuixvkRGVl65zTTNyfaHo46Gqk&export=download;1985–2025;2026-10-07T18:19:30.573244+00:00;ha
4113254;Laranjal;15;3.1. Pastagem;2;11;2024;33511.44168279387;59.90186898445384;Rede MapBiomas;https://drive.google.com/uc?id=1otOqymHuixvkRGVl65zTTNyfaHo46Gqk&export=download;1985–2025;2026-10-07T18:19:30.573244+00:00;ha
4113254;Laranjal;15;3.1. Pastagem;2;11;2025;32483.89744563062;58.065128540610544;Rede MapBiomas;https://drive.google.com/uc?id=1otOqymHuixvkRGVl65zTTNyfaHo46Gqk&export=download;1985–2025;2026-10-07T18:19:30.573244+00:00;ha
4113254;Laranjal;21;3.4. Mosaico de Usos;2;11;1985;23601.29557412689;42.18743343622252;Rede MapBiomas;https://drive.google.com/uc?id=1otOqymHuixvkRGVl65zTTNyfaHo46Gqk&export=download;1985–2025;2026-10-07T18:19:30.573244+00:00;ha
4113254;Laranjal;21;3.4. Mosaico de Usos;2;11;1986;21160.91580777614;37.82524244426316;Rede MapBiomas;https://drive.google.com/uc?id=1otOqymHuixvkRGVl65zTTNyfaHo46Gqk&export=download;1985–2025;2026-10-07T18:19:30.573244+00:00;ha
4113254;Laranjal;21;3.4. Mosaico de Usos;2;11;1987;18927.89315612777;33.833703328026424;Rede MapBiomas;https://drive.google.com/uc?id=1otOqymHuixvkRGVl65zTTNyfaHo46Gqk&export=download;1985–2025;2026-10-07T18:19:30.573244+00:00;ha
4113254;Laranjal;21;3.4. Mosaico de Usos;2;11;1988;16774.97356151733;29.985348825372082;Rede MapBiomas;https://drive.google.com/uc?id=1otOqymHuixvkRGVl65zTTNyfaHo46Gqk&export=download;1985–2025;2026-10-07T18:19:30.573244+00:00;ha
4113254;Laranjal;21;3.4. Mosaico de Usos;2;11;1989;14214.95698323343;25.409306435971445;Rede MapBiomas;https://drive.google.com/uc?id=1otOqymHuixvkRGVl65zTTNyfaHo46Gqk&export=download;1985–2025;2026-10-07T18:19:30.573244+00:00;ha
4113254;Laranjal;21;3.4. Mosaico de Usos;2;11;1990;11770.29703109116;21.039464590583;Rede MapBiomas;https://drive.google.com/uc?id=1otOqymHuixvkRGVl65zTTNyfaHo46Gqk&export=download;1985–2025;2026-10-07T18:19:30.573244+00:00;ha
4113254;Laranjal;21;3.4. Mosaico de Usos;2;11;1991;9610.018297857716;17.17795559097188;Rede MapBiomas;https://drive.google.com/uc?id=1otOqymHuixvkRGVl65zTTNyfaHo46Gqk&export=download;1985–2025;2026-10-07T18:19:30.573244+00:00;ha
4113254;Laranjal;21;3.4. Mosaico de Usos;2;11;1992;8362.507911474655;14.948024559379405;Rede MapBiomas;https://drive.google.com/uc?id=1otOqymHuixvkRGVl65zTTNyfaHo46Gqk&export=download;1985–2025;2026-10-07T18:19:30.573244+00:00;ha
4113254;Laranjal;21;3.4. Mosaico de Usos;2;11;1993;7159.507011676113;12.797654456832852;Rede MapBiomas;https://drive.google.com/uc?id=1otOqymHuixvkRGVl65zTTNyfaHo46Gqk&export=download;1985–2025;2026-10-07T18:19:30.573244+00:00;ha
4113254;Laranjal;21;3.4. Mosaico de Usos;2;11;1994;7425.298014880437;13.272757199409476;Rede MapBiomas;https://drive.google.com/uc?id=1otOqymHuixvkRGVl65zTTNyfaHo46Gqk&export=download;1985–2025;2026-10-07T18:19:30.573244+00:00;ha
4113254;Laranjal;21;3.4. Mosaico de Usos;2;11;1995;7619.810117706321;13.620448552400392;Rede MapBiomas;https://drive.google.com/uc?id=1otOqymHuixvkRGVl65zTTNyfaHo46Gqk&export=download;1985–2025;2026-10-07T18:19:30.573244+00:00;ha
4113254;Laranjal;21;3.4. Mosaico de Usos;2;11;1996;8931.748840741053;15.965545556782873;Rede MapBiomas;https://drive.google.com/uc?id=1otOqymHuixvkRGVl65zTTNyfaHo46Gqk&export=download;1985–2025;2026-10-07T18:19:30.573244+00:00;ha
4113254;Laranjal;21;3.4. Mosaico de Usos;2;11;1997;10612.52025248413;18.96993283000315;Rede MapBiomas;https://drive.google.com/uc?id=1otOqymHuixvkRGVl65zTTNyfaHo46Gqk&export=download;1985–2025;2026-10-07T18:19:30.573244+00:00;ha
4113254;Laranjal;21;3.4. Mosaico de Usos;2;11;1998;11842.06593006587;21.16775185510104;Rede MapBiomas;https://drive.google.com/uc?id=1otOqymHuixvkRGVl65zTTNyfaHo46Gqk&export=download;1985–2025;2026-10-07T18:19:30.573244+00:00;ha
4113254;Laranjal;21;3.4. Mosaico de Usos;2;11;1999;12782.44754363397;22.848688674965405;Rede MapBiomas;https://drive.google.com/uc?id=1otOqymHuixvkRGVl65zTTNyfaHo46Gqk&export=download;1985–2025;2026-10-07T18:19:30.573244+00:00;ha
4113254;Laranjal;21;3.4. Mosaico de Usos;2;11;2000;12979.56617429185;23.20103920944348;Rede MapBiomas;https://drive.google.com/uc?id=1otOqymHuixvkRGVl65zTTNyfaHo46Gqk&export=download;1985–2025;2026-10-07T18:19:30.573244+00:00;ha
4113254;Laranjal;21;3.4. Mosaico de Usos;2;11;2001;11788.14560483403;21.071369005081934;Rede MapBiomas;https://drive.google.com/uc?id=1otOqymHuixvkRGVl65zTTNyfaHo46Gqk&export=download;1985–2025;2026-10-07T18:19:30.573244+00:00;ha
4113254;Laranjal;21;3.4. Mosaico de Usos;2;11;2002;10668.04500661023;19.069183604665085;Rede MapBiomas;https://drive.google.com/uc?id=1otOqymHuixvkRGVl65zTTNyfaHo46Gqk&export=download;1985–2025;2026-10-07T18:19:30.573244+00:00;ha
4113254;Laranjal;21;3.4. Mosaico de Usos;2;11;2003;9772.042396545476;17.467574474688888;Rede MapBiomas;https://drive.google.com/uc?id=1otOqymHuixvkRGVl65zTTNyfaHo46Gqk&export=download;1985–2025;2026-10-07T18:19:30.573244+00:00;ha
4113254;Laranjal;21;3.4. Mosaico de Usos;2;11;2004;8922.12846130985;15.94834908061442;Rede MapBiomas;https://drive.google.com/uc?id=1otOqymHuixvkRGVl65zTTNyfaHo46Gqk&export=download;1985–2025;2026-10-07T18:19:30.573244+00:00;ha
4113254;Laranjal;21;3.4. Mosaico de Usos;2;11;2005;8173.083257147308;14.609427045928705;Rede MapBiomas;https://drive.google.com/uc?id=1otOqymHuixvkRGVl65zTTNyfaHo46Gqk&export=download;1985–2025;2026-10-07T18:19:30.573244+00:00;ha
4113254;Laranjal;21;3.4. Mosaico de Usos;2;11;2006;7570.81087061171;13.532862154071687;Rede MapBiomas;https://drive.google.com/uc?id=1otOqymHuixvkRGVl65zTTNyfaHo46Gqk&export=download;1985–2025;2026-10-07T18:19:30.573244+00:00;ha
4113254;Laranjal;21;3.4. Mosaico de Usos;2;11;2007;7846.035022528183;14.024826696973546;Rede MapBiomas;https://drive.google.com/uc?id=1otOqymHuixvkRGVl65zTTNyfaHo46Gqk&export=download;1985–2025;2026-10-07T18:19:30.573244+00:00;ha
4113254;Laranjal;21;3.4. Mosaico de Usos;2;11;2008;7988.604261822603;14.279669922587813;Rede MapBiomas;https://drive.google.com/uc?id=1otOqymHuixvkRGVl65zTTNyfaHo46Gqk&export=download;1985–2025;2026-10-07T18:19:30.573244+00:00;ha
4113254;Laranjal;21;3.4. Mosaico de Usos;2;11;2009;8422.101774365356;15.054548886233096;Rede MapBiomas;https://drive.google.com/uc?id=1otOqymHuixvkRGVl65zTTNyfaHo46Gqk&export=download;1985–2025;2026-10-07T18:19:30.573244+00:00;ha
4113254;Laranjal;21;3.4. Mosaico de Usos;2;11;2010;8420.876431445462;15.052358579658307;Rede MapBiomas;https://drive.google.com/uc?id=1otOqymHuixvkRGVl65zTTNyfaHo46Gqk&export=download;1985–2025;2026-10-07T18:19:30.573244+00:00;ha
4113254;Laranjal;21;3.4. Mosaico de Usos;2;11;2011;8165.792486657842;14.59639475735128;Rede MapBiomas;https://drive.google.com/uc?id=1otOqymHuixvkRGVl65zTTNyfaHo46Gqk&export=download;1985–2025;2026-10-07T18:19:30.573244+00:00;ha
4113254;Laranjal;21;3.4. Mosaico de Usos;2;11;2012;8385.817191076732;14.989690012810572;Rede MapBiomas;https://drive.google.com/uc?id=1otOqymHuixvkRGVl65zTTNyfaHo46Gqk&export=download;1985–2025;2026-10-07T18:19:30.573244+00:00;ha
4113254;Laranjal;21;3.4. Mosaico de Usos;2;11;2013;8014.716951666283;14.32634648579431;Rede MapBiomas;https://drive.google.com/uc?id=1otOqymHuixvkRGVl65zTTNyfaHo46Gqk&export=download;1985–2025;2026-10-07T18:19:30.573244+00:00;ha
4113254;Laranjal;21;3.4. Mosaico de Usos;2;11;2014;7071.272423425251;12.639934690690588;Rede MapBiomas;https://drive.google.com/uc?id=1otOqymHuixvkRGVl65zTTNyfaHo46Gqk&export=download;1985–2025;2026-10-07T18:19:30.573244+00:00;ha
4113254;Laranjal;21;3.4. Mosaico de Usos;2;11;2015;6312.747634771705;11.284067851493559;Rede MapBiomas;https://drive.google.com/uc?id=1otOqymHuixvkRGVl65zTTNyfaHo46Gqk&export=download;1985–2025;2026-10-07T18:19:30.573244+00:00;ha
4113254;Laranjal;21;3.4. Mosaico de Usos;2;11;2016;6155.93913604736;11.00377187869877;Rede MapBiomas;https://drive.google.com/uc?id=1otOqymHuixvkRGVl65zTTNyfaHo46Gqk&export=download;1985–2025;2026-10-07T18:19:30.573244+00:00;ha
4113254;Laranjal;21;3.4. Mosaico de Usos;2;11;2017;6096.067060559054;10.896750245440618;Rede MapBiomas;https://drive.google.com/uc?id=1otOqymHuixvkRGVl65zTTNyfaHo46Gqk&export=download;1985–2025;2026-10-07T18:19:30.573244+00:00;ha
4113254;Laranjal;21;3.4. Mosaico de Usos;2;11;2018;6571.206533111531;11.746064420091434;Rede MapBiomas;https://drive.google.com/uc?id=1otOqymHuixvkRGVl65zTTNyfaHo46Gqk&export=download;1985–2025;2026-10-07T18:19:30.573244+00:00;ha
4113254;Laranjal;21;3.4. Mosaico de Usos;2;11;2019;6966.537189453099;12.452719938104243;Rede MapBiomas;https://drive.google.com/uc?id=1otOqymHuixvkRGVl65zTTNyfaHo46Gqk&export=download;1985–2025;2026-10-07T18:19:30.573244+00:00;ha
4113254;Laranjal;21;3.4. Mosaico de Usos;2;11;2020;7466.865770886188;13.347059770388173;Rede MapBiomas;https://drive.google.com/uc?id=1otOqymHuixvkRGVl65zTTNyfaHo46Gqk&export=download;1985–2025;2026-10-07T18:19:30.573244+00:00;ha
4113254;Laranjal;21;3.4. Mosaico de Usos;2;11;2021;7838.281522619644;14.010967277253902;Rede MapBiomas;https://drive.google.com/uc?id=1otOqymHuixvkRGVl65zTTNyfaHo46Gqk&export=download;1985–2025;2026-10-07T18:19:30.573244+00:00;ha
4113254;Laranjal;21;3.4. Mosaico de Usos;2;11;2022;6309.495288110318;11.27825426563096;Rede MapBiomas;https://drive.google.com/uc?id=1otOqymHuixvkRGVl65zTTNyfaHo46Gqk&export=download;1985–2025;2026-10-07T18:19:30.573244+00:00;ha
4113254;Laranjal;21;3.4. Mosaico de Usos;2;11;2023;6375.830979473851;11.396829644472144;Rede MapBiomas;https://drive.google.com/uc?id=1otOqymHuixvkRGVl65zTTNyfaHo46Gqk&export=download;1985–2025;2026-10-07T18:19:30.573244+00:00;ha
4113254;Laranjal;21;3.4. Mosaico de Usos;2;11;2024;7333.789281964058;13.109184883363618;Rede MapBiomas;https://drive.google.com/uc?id=1otOqymHuixvkRGVl65zTTNyfaHo46Gqk&export=download;1985–2025;2026-10-07T18:19:30.573244+00:00;ha
4113254;Laranjal;21;3.4. Mosaico de Usos;2;11;2025;8351.980141809174;14.929206118645954;Rede MapBiomas;https://drive.google.com/uc?id=1otOqymHuixvkRGVl65zTTNyfaHo46Gqk&export=download;1985–2025;2026-10-07T18:19:30.573244+00:00;ha
4113254;Laranjal;24;4.2. Área Urbanizada;2;11;1985;8.94164307250977;0.01598323154536915;Rede MapBiomas;https://drive.google.com/uc?id=1otOqymHuixvkRGVl65zTTNyfaHo46Gqk&export=download;1985–2025;2026-10-07T18:19:30.573244+00:00;ha
4113254;Laranjal;24;4.2. Área Urbanizada;2;11;1986;10.81125842895509;0.01932517831069177;Rede MapBiomas;https://drive.google.com/uc?id=1otOqymHuixvkRGVl65zTTNyfaHo46Gqk&export=download;1985–2025;2026-10-07T18:19:30.573244+00:00;ha
4113254;Laranjal;24;4.2. Área Urbanizada;2;11;1987;11.1364106994629;0.019906389614350983;Rede MapBiomas;https://drive.google.com/uc?id=1otOqymHuixvkRGVl65zTTNyfaHo46Gqk&export=download;1985–2025;2026-10-07T18:19:30.573244+00:00;ha
4113254;Laranjal;24;4.2. Área Urbanizada;2;11;1988;11.46155932006837;0.020487594393791584;Rede MapBiomas;https://drive.google.com/uc?id=1otOqymHuixvkRGVl65zTTNyfaHo46Gqk&export=download;1985–2025;2026-10-07T18:19:30.573244+00:00;ha
4113254;Laranjal;24;4.2. Área Urbanizada;2;11;1989;13.41241915283206;0.023974766065347715;Rede MapBiomas;https://drive.google.com/uc?id=1otOqymHuixvkRGVl65zTTNyfaHo46Gqk&export=download;1985–2025;2026-10-07T18:19:30.573244+00:00;ha
4113254;Laranjal;24;4.2. Área Urbanizada;2;11;1990;13.90015370483402;0.024846594007271607;Rede MapBiomas;https://drive.google.com/uc?id=1otOqymHuixvkRGVl65zTTNyfaHo46Gqk&export=download;1985–2025;2026-10-07T18:19:30.573244+00:00;ha
4113254;Laranjal;24;4.2. Área Urbanizada;2;11;1991;13.73757332763675;0.0245559807729471;Rede MapBiomas;https://drive.google.com/uc?id=1otOqymHuixvkRGVl65zTTNyfaHo46Gqk&export=download;1985–2025;2026-10-07T18:19:30.573244+00:00;ha
4113254;Laranjal;24;4.2. Área Urbanizada;2;11;1992;14.55045149536135;0.026009004548058597;Rede MapBiomas;https://drive.google.com/uc?id=1otOqymHuixvkRGVl65zTTNyfaHo46Gqk&export=download;1985–2025;2026-10-07T18:19:30.573244+00:00;ha
4113254;Laranjal;24;4.2. Área Urbanizada;2;11;1993;16.33876772460939;0.029205628718429338;Rede MapBiomas;https://drive.google.com/uc?id=1otOqymHuixvkRGVl65zTTNyfaHo46Gqk&export=download;1985–2025;2026-10-07T18:19:30.573244+00:00;ha
4113254;Laranjal;24;4.2. Área Urbanizada;2;11;1994;21.94760787353512;0.039231458431634406;Rede MapBiomas;https://drive.google.com/uc?id=1otOqymHuixvkRGVl65zTTNyfaHo46Gqk&export=download;1985–2025;2026-10-07T18:19:30.573244+00:00;ha
4113254;Laranjal;24;4.2. Área Urbanizada;2;11;1995;28.36926371459958;0.050710200244529935;Rede MapBiomas;https://drive.google.com/uc?id=1otOqymHuixvkRGVl65zTTNyfaHo46Gqk&export=download;1985–2025;2026-10-07T18:19:30.573244+00:00;ha
4113254;Laranjal;24;4.2. Área Urbanizada;2;11;1996;30.23885391235354;0.05405210203856639;Rede MapBiomas;https://drive.google.com/uc?id=1otOqymHuixvkRGVl65zTTNyfaHo46Gqk&export=download;1985–2025;2026-10-07T18:19:30.573244+00:00;ha
4113254;Laranjal;24;4.2. Área Urbanizada;2;11;1997;35.27857503051768;0.06306062864855272;Rede MapBiomas;https://drive.google.com/uc?id=1otOqymHuixvkRGVl65zTTNyfaHo46Gqk&export=download;1985–2025;2026-10-07T18:19:30.573244+00:00;ha
4113254;Laranjal;24;4.2. Área Urbanizada;2;11;1998;38.61126830444345;0.06901783448140629;Rede MapBiomas;https://drive.google.com/uc?id=1otOqymHuixvkRGVl65zTTNyfaHo46Gqk&export=download;1985–2025;2026-10-07T18:19:30.573244+00:00;ha
4113254;Laranjal;24;4.2. Área Urbanizada;2;11;1999;39.34282199096684;0.07032549034115756;Rede MapBiomas;https://drive.google.com/uc?id=1otOqymHuixvkRGVl65zTTNyfaHo46Gqk&export=download;1985–2025;2026-10-07T18:19:30.573244+00:00;ha
4113254;Laranjal;24;4.2. Área Urbanizada;2;11;2000;40.72468438720706;0.07279557625980146;Rede MapBiomas;https://drive.google.com/uc?id=1otOqymHuixvkRGVl65zTTNyfaHo46Gqk&export=download;1985–2025;2026-10-07T18:19:30.573244+00:00;ha
4113254;Laranjal;24;4.2. Área Urbanizada;2;11;2001;44.5451229675294;0.07962462925811287;Rede MapBiomas;https://drive.google.com/uc?id=1otOqymHuixvkRGVl65zTTNyfaHo46Gqk&export=download;1985–2025;2026-10-07T18:19:30.573244+00:00;ha
4113254;Laranjal;24;4.2. Área Urbanizada;2;11;2002;46.73984774169934;0.08354771072753124;Rede MapBiomas;https://drive.google.com/uc?id=1otOqymHuixvkRGVl65zTTNyfaHo46Gqk&export=download;1985–2025;2026-10-07T18:19:30.573244+00:00;ha
4113254;Laranjal;24;4.2. Área Urbanizada;2;11;2003;53.32400070800802;0.09531691696147038;Rede MapBiomas;https://drive.google.com/uc?id=1otOqymHuixvkRGVl65zTTNyfaHo46Gqk&export=download;1985–2025;2026-10-07T18:19:30.573244+00:00;ha
4113254;Laranjal;24;4.2. Área Urbanizada;2;11;2004;53.64914569091817;0.09589811523851247;Rede MapBiomas;https://drive.google.com/uc?id=1otOqymHuixvkRGVl65zTTNyfaHo46Gqk&export=download;1985–2025;2026-10-07T18:19:30.573244+00:00;ha
4113254;Laranjal;24;4.2. Área Urbanizada;2;11;2005;55.03105787353527;0.09836829015055308;Rede MapBiomas;https://drive.google.com/uc?id=1otOqymHuixvkRGVl65zTTNyfaHo46Gqk&export=download;1985–2025;2026-10-07T18:19:30.573244+00:00;ha
4113254;Laranjal;24;4.2. Área Urbanizada;2;11;2006;56.57547777099617;0.10112894841259937;Rede MapBiomas;https://drive.google.com/uc?id=1otOqymHuixvkRGVl65zTTNyfaHo46Gqk&export=download;1985–2025;2026-10-07T18:19:30.573244+00:00;ha
4113254;Laranjal;24;4.2. Área Urbanizada;2;11;2007;61.45253137817374;0.10984670603617865;Rede MapBiomas;https://drive.google.com/uc?id=1otOqymHuixvkRGVl65zTTNyfaHo46Gqk&export=download;1985–2025;2026-10-07T18:19:30.573244+00:00;ha
4113254;Laranjal;24;4.2. Área Urbanizada;2;11;2008;62.02151716918935;0.11086377097268756;Rede MapBiomas;https://drive.google.com/uc?id=1otOqymHuixvkRGVl65zTTNyfaHo46Gqk&export=download;1985–2025;2026-10-07T18:19:30.573244+00:00;ha
4113254;Laranjal;24;4.2. Área Urbanizada;2;11;2009;62.75309134521476;0.11217146345752578;Rede MapBiomas;https://drive.google.com/uc?id=1otOqymHuixvkRGVl65zTTNyfaHo46Gqk&export=download;1985–2025;2026-10-07T18:19:30.573244+00:00;ha
4113254;Laranjal;24;4.2. Área Urbanizada;2;11;2010;63.24083737792966;0.11304331192128125;Rede MapBiomas;https://drive.google.com/uc?id=1otOqymHuixvkRGVl65zTTNyfaHo46Gqk&export=download;1985–2025;2026-10-07T18:19:30.573244+00:00;ha
4113254;Laranjal;24;4.2. Área Urbanizada;2;11;2011;64.21628637084962;0.11478693185646624;Rede MapBiomas;https://drive.google.com/uc?id=1otOqymHuixvkRGVl65zTTNyfaHo46Gqk&export=download;1985–2025;2026-10-07T18:19:30.573244+00:00;ha
4113254;Laranjal;24;4.2. Área Urbanizada;2;11;2012;65.43558313598635;0.11696643089950175;Rede MapBiomas;https://drive.google.com/uc?id=1otOqymHuixvkRGVl65zTTNyfaHo46Gqk&export=download;1985–2025;2026-10-07T18:19:30.573244+00:00;ha
4113254;Laranjal;24;4.2. Área Urbanizada;2;11;2013;65.354293548584;0.11682112535698083;Rede MapBiomas;https://drive.google.com/uc?id=1otOqymHuixvkRGVl65zTTNyfaHo46Gqk&export=download;1985–2025;2026-10-07T18:19:30.573244+00:00;ha
4113254;Laranjal;24;4.2. Área Urbanizada;2;11;2014;65.92327154541017;0.11783817636133731;Rede MapBiomas;https://drive.google.com/uc?id=1otOqymHuixvkRGVl65zTTNyfaHo46Gqk&export=download;1985–2025;2026-10-07T18:19:30.573244+00:00;ha
4113254;Laranjal;24;4.2. Área Urbanizada;2;11;2015;65.67940158081056;0.11740225758449191;Rede MapBiomas;https://drive.google.com/uc?id=1otOqymHuixvkRGVl65zTTNyfaHo46Gqk&export=download;1985–2025;2026-10-07T18:19:30.573244+00:00;ha
4113254;Laranjal;24;4.2. Área Urbanizada;2;11;2016;66.97998914184572;0.11972706433024105;Rede MapBiomas;https://drive.google.com/uc?id=1otOqymHuixvkRGVl65zTTNyfaHo46Gqk&export=download;1985–2025;2026-10-07T18:19:30.573244+00:00;ha
4113254;Laranjal;24;4.2. Área Urbanizada;2;11;2017;67.46769194335938;0.12059883551800891;Rede MapBiomas;https://drive.google.com/uc?id=1otOqymHuixvkRGVl65zTTNyfaHo46Gqk&export=download;1985–2025;2026-10-07T18:19:30.573244+00:00;ha
4113254;Laranjal;24;4.2. Área Urbanizada;2;11;2018;68.76824826049805;0.12292358641513741;Rede MapBiomas;https://drive.google.com/uc?id=1otOqymHuixvkRGVl65zTTNyfaHo46Gqk&export=download;1985–2025;2026-10-07T18:19:30.573244+00:00;ha
4113254;Laranjal;24;4.2. Área Urbanizada;2;11;2019;69.824958392334;0.12481246104103219;Rede MapBiomas;https://drive.google.com/uc?id=1otOqymHuixvkRGVl65zTTNyfaHo46Gqk&export=download;1985–2025;2026-10-07T18:19:30.573244+00:00;ha
4113254;Laranjal;24;4.2. Área Urbanizada;2;11;2020;70.637813293457;0.12626544322697741;Rede MapBiomas;https://drive.google.com/uc?id=1otOqymHuixvkRGVl65zTTNyfaHo46Gqk&export=download;1985–2025;2026-10-07T18:19:30.573244+00:00;ha
4113254;Laranjal;24;4.2. Área Urbanizada;2;11;2021;71.36938364868158;0.12757312888211508;Rede MapBiomas;https://drive.google.com/uc?id=1otOqymHuixvkRGVl65zTTNyfaHo46Gqk&export=download;1985–2025;2026-10-07T18:19:30.573244+00:00;ha
4113254;Laranjal;24;4.2. Área Urbanizada;2;11;2022;73.72668549804683;0.13178681768351302;Rede MapBiomas;https://drive.google.com/uc?id=1otOqymHuixvkRGVl65zTTNyfaHo46Gqk&export=download;1985–2025;2026-10-07T18:19:30.573244+00:00;ha
4113254;Laranjal;24;4.2. Área Urbanizada;2;11;2023;75.02723889160148;0.13411156335472052;Rede MapBiomas;https://drive.google.com/uc?id=1otOqymHuixvkRGVl65zTTNyfaHo46Gqk&export=download;1985–2025;2026-10-07T18:19:30.573244+00:00;ha
4113254;Laranjal;24;4.2. Área Urbanizada;2;11;2024;75.18980557250966;0.13440215210686002;Rede MapBiomas;https://drive.google.com/uc?id=1otOqymHuixvkRGVl65zTTNyfaHo46Gqk&export=download;1985–2025;2026-10-07T18:19:30.573244+00:00;ha
4113254;Laranjal;24;4.2. Área Urbanizada;2;11;2025;76.0839729675292;0.13600048078079865;Rede MapBiomas;https://drive.google.com/uc?id=1otOqymHuixvkRGVl65zTTNyfaHo46Gqk&export=download;1985–2025;2026-10-07T18:19:30.573244+00:00;ha
4113254;Laranjal;25;4.6. Outras Áreas não Vegetadas;2;11;1985;0.0;0.0;Rede MapBiomas;https://drive.google.com/uc?id=1otOqymHuixvkRGVl65zTTNyfaHo46Gqk&export=download;1985–2025;2026-10-07T18:19:30.573244+00:00;ha
4113254;Laranjal;25;4.6. Outras Áreas não Vegetadas;2;11;1986;0.0;0.0;Rede MapBiomas;https://drive.google.com/uc?id=1otOqymHuixvkRGVl65zTTNyfaHo46Gqk&export=download;1985–2025;2026-10-07T18:19:30.573244+00:00;ha
4113254;Laranjal;25;4.6. Outras Áreas não Vegetadas;2;11;1987;0.0;0.0;Rede MapBiomas;https://drive.google.com/uc?id=1otOqymHuixvkRGVl65zTTNyfaHo46Gqk&export=download;1985–2025;2026-10-07T18:19:30.573244+00:00;ha
4113254;Laranjal;25;4.6. Outras Áreas não Vegetadas;2;11;1988;0.0;0.0;Rede MapBiomas;https://drive.google.com/uc?id=1otOqymHuixvkRGVl65zTTNyfaHo46Gqk&export=download;1985–2025;2026-10-07T18:19:30.573244+00:00;ha
4113254;Laranjal;25;4.6. Outras Áreas não Vegetadas;2;11;1989;0.0;0.0;Rede MapBiomas;https://drive.google.com/uc?id=1otOqymHuixvkRGVl65zTTNyfaHo46Gqk&export=download;1985–2025;2026-10-07T18:19:30.573244+00:00;ha
4113254;Laranjal;25;4.6. Outras Áreas não Vegetadas;2;11;1990;0.9756464843749998;0.0017439729521449164;Rede MapBiomas;https://drive.google.com/uc?id=1otOqymHuixvkRGVl65zTTNyfaHo46Gqk&export=download;1985–2025;2026-10-07T18:19:30.573244+00:00;ha
4113254;Laranjal;25;4.6. Outras Áreas não Vegetadas;2;11;1991;0.9756464843749998;0.0017439729521449164;Rede MapBiomas;https://drive.google.com/uc?id=1otOqymHuixvkRGVl65zTTNyfaHo46Gqk&export=download;1985–2025;2026-10-07T18:19:30.573244+00:00;ha
4113254;Laranjal;25;4.6. Outras Áreas não Vegetadas;2;11;1992;0.9756464843749998;0.0017439729521449164;Rede MapBiomas;https://drive.google.com/uc?id=1otOqymHuixvkRGVl65zTTNyfaHo46Gqk&export=download;1985–2025;2026-10-07T18:19:30.573244+00:00;ha
4113254;Laranjal;25;4.6. Outras Áreas não Vegetadas;2;11;1993;0.0;0.0;Rede MapBiomas;https://drive.google.com/uc?id=1otOqymHuixvkRGVl65zTTNyfaHo46Gqk&export=download;1985–2025;2026-10-07T18:19:30.573244+00:00;ha
4113254;Laranjal;25;4.6. Outras Áreas não Vegetadas;2;11;1994;0.0;0.0;Rede MapBiomas;https://drive.google.com/uc?id=1otOqymHuixvkRGVl65zTTNyfaHo46Gqk&export=download;1985–2025;2026-10-07T18:19:30.573244+00:00;ha
4113254;Laranjal;25;4.6. Outras Áreas não Vegetadas;2;11;1995;0.0;0.0;Rede MapBiomas;https://drive.google.com/uc?id=1otOqymHuixvkRGVl65zTTNyfaHo46Gqk&export=download;1985–2025;2026-10-07T18:19:30.573244+00:00;ha
4113254;Laranjal;25;4.6. Outras Áreas não Vegetadas;2;11;1996;0.0;0.0;Rede MapBiomas;https://drive.google.com/uc?id=1otOqymHuixvkRGVl65zTTNyfaHo46Gqk&export=download;1985–2025;2026-10-07T18:19:30.573244+00:00;ha
4113254;Laranjal;25;4.6. Outras Áreas não Vegetadas;2;11;1997;0.0;0.0;Rede MapBiomas;https://drive.google.com/uc?id=1otOqymHuixvkRGVl65zTTNyfaHo46Gqk&export=download;1985–2025;2026-10-07T18:19:30.573244+00:00;ha
4113254;Laranjal;25;4.6. Outras Áreas não Vegetadas;2;11;1998;0.0;0.0;Rede MapBiomas;https://drive.google.com/uc?id=1otOqymHuixvkRGVl65zTTNyfaHo46Gqk&export=download;1985–2025;2026-10-07T18:19:30.573244+00:00;ha
4113254;Laranjal;25;4.6. Outras Áreas não Vegetadas;2;11;1999;0.0;0.0;Rede MapBiomas;https://drive.google.com/uc?id=1otOqymHuixvkRGVl65zTTNyfaHo46Gqk&export=download;1985–2025;2026-10-07T18:19:30.573244+00:00;ha
4113254;Laranjal;25;4.6. Outras Áreas não Vegetadas;2;11;2000;0.9756456298828123;0.0017439714247358736;Rede MapBiomas;https://drive.google.com/uc?id=1otOqymHuixvkRGVl65zTTNyfaHo46Gqk&export=download;1985–2025;2026-10-07T18:19:30.573244+00:00;ha
4113254;Laranjal;25;4.6. Outras Áreas não Vegetadas;2;11;2001;0.9756456298828123;0.0017439714247358736;Rede MapBiomas;https://drive.google.com/uc?id=1otOqymHuixvkRGVl65zTTNyfaHo46Gqk&export=download;1985–2025;2026-10-07T18:19:30.573244+00:00;ha
4113254;Laranjal;25;4.6. Outras Áreas não Vegetadas;2;11;2002;0.9756456298828123;0.0017439714247358736;Rede MapBiomas;https://drive.google.com/uc?id=1otOqymHuixvkRGVl65zTTNyfaHo46Gqk&export=download;1985–2025;2026-10-07T18:19:30.573244+00:00;ha
4113254;Laranjal;25;4.6. Outras Áreas não Vegetadas;2;11;2003;1.62587275390625;0.0029062556487950432;Rede MapBiomas;https://drive.google.com/uc?id=1otOqymHuixvkRGVl65zTTNyfaHo46Gqk&export=download;1985–2025;2026-10-07T18:19:30.573244+00:00;ha
4113254;Laranjal;25;4.6. Outras Áreas não Vegetadas;2;11;2004;3.006553021240234;0.005374228506128879;Rede MapBiomas;https://drive.google.com/uc?id=1otOqymHuixvkRGVl65zTTNyfaHo46Gqk&export=download;1985–2025;2026-10-07T18:19:30.573244+00:00;ha
4113254;Laranjal;25;4.6. Outras Áreas não Vegetadas;2;11;2005;2.437629870605468;0.004357275539612841;Rede MapBiomas;https://drive.google.com/uc?id=1otOqymHuixvkRGVl65zTTNyfaHo46Gqk&export=download;1985–2025;2026-10-07T18:19:30.573244+00:00;ha
4113254;Laranjal;25;4.6. Outras Áreas não Vegetadas;2;11;2006;2.518934191894531;0.004502607419029656;Rede MapBiomas;https://drive.google.com/uc?id=1otOqymHuixvkRGVl65zTTNyfaHo46Gqk&export=download;1985–2025;2026-10-07T18:19:30.573244+00:00;ha
4113254;Laranjal;25;4.6. Outras Áreas não Vegetadas;2;11;2007;2.031459747314453;0.003631244420418407;Rede MapBiomas;https://drive.google.com/uc?id=1otOqymHuixvkRGVl65zTTNyfaHo46Gqk&export=download;1985–2025;2026-10-07T18:19:30.573244+00:00;ha
4113254;Laranjal;25;4.6. Outras Áreas não Vegetadas;2;11;2008;2.031459747314453;0.003631244420418407;Rede MapBiomas;https://drive.google.com/uc?id=1otOqymHuixvkRGVl65zTTNyfaHo46Gqk&export=download;1985–2025;2026-10-07T18:19:30.573244+00:00;ha
4113254;Laranjal;25;4.6. Outras Áreas não Vegetadas;2;11;2009;2.275283068847656;0.004067079822550191;Rede MapBiomas;https://drive.google.com/uc?id=1otOqymHuixvkRGVl65zTTNyfaHo46Gqk&export=download;1985–2025;2026-10-07T18:19:30.573244+00:00;ha
4113254;Laranjal;25;4.6. Outras Áreas não Vegetadas;2;11;2010;2.275369769287109;0.004067234800017713;Rede MapBiomas;https://drive.google.com/uc?id=1otOqymHuixvkRGVl65zTTNyfaHo46Gqk&export=download;1985–2025;2026-10-07T18:19:30.573244+00:00;ha
4113254;Laranjal;25;4.6. Outras Áreas não Vegetadas;2;11;2011;3.494827465820312;0.0062470215087262635;Rede MapBiomas;https://drive.google.com/uc?id=1otOqymHuixvkRGVl65zTTNyfaHo46Gqk&export=download;1985–2025;2026-10-07T18:19:30.573244+00:00;ha
4113254;Laranjal;25;4.6. Outras Áreas não Vegetadas;2;11;2012;3.576119653320312;0.00639233169893467;Rede MapBiomas;https://drive.google.com/uc?id=1otOqymHuixvkRGVl65zTTNyfaHo46Gqk&export=download;1985–2025;2026-10-07T18:19:30.573244+00:00;ha
4113254;Laranjal;25;4.6. Outras Áreas não Vegetadas;2;11;2013;7.722367840576172;0.013803770993041553;Rede MapBiomas;https://drive.google.com/uc?id=1otOqymHuixvkRGVl65zTTNyfaHo46Gqk&export=download;1985–2025;2026-10-07T18:19:30.573244+00:00;ha
4113254;Laranjal;25;4.6. Outras Áreas não Vegetadas;2;11;2014;7.966211242675782;0.014239642289285844;Rede MapBiomas;https://drive.google.com/uc?id=1otOqymHuixvkRGVl65zTTNyfaHo46Gqk&export=download;1985–2025;2026-10-07T18:19:30.573244+00:00;ha
4113254;Laranjal;25;4.6. Outras Áreas não Vegetadas;2;11;2015;8.29145881958008;0.014821023953603667;Rede MapBiomas;https://drive.google.com/uc?id=1otOqymHuixvkRGVl65zTTNyfaHo46Gqk&export=download;1985–2025;2026-10-07T18:19:30.573244+00:00;ha
4113254;Laranjal;25;4.6. Outras Áreas não Vegetadas;2;11;2016;9.184974041748047;0.01641818686532052;Rede MapBiomas;https://drive.google.com/uc?id=1otOqymHuixvkRGVl65zTTNyfaHo46Gqk&export=download;1985–2025;2026-10-07T18:19:30.573244+00:00;ha
4113254;Laranjal;25;4.6. Outras Áreas não Vegetadas;2;11;2017;10.56681643676758;0.018888237031682777;Rede MapBiomas;https://drive.google.com/uc?id=1otOqymHuixvkRGVl65zTTNyfaHo46Gqk&export=download;1985–2025;2026-10-07T18:19:30.573244+00:00;ha
4113254;Laranjal;25;4.6. Outras Áreas não Vegetadas;2;11;2018;9.753845489501952;0.017435047412679403;Rede MapBiomas;https://drive.google.com/uc?id=1otOqymHuixvkRGVl65zTTNyfaHo46Gqk&export=download;1985–2025;2026-10-07T18:19:30.573244+00:00;ha
4113254;Laranjal;25;4.6. Outras Áreas não Vegetadas;2;11;2019;7.478258917236329;0.013367425076257341;Rede MapBiomas;https://drive.google.com/uc?id=1otOqymHuixvkRGVl65zTTNyfaHo46Gqk&export=download;1985–2025;2026-10-07T18:19:30.573244+00:00;ha
4113254;Laranjal;25;4.6. Outras Áreas não Vegetadas;2;11;2020;8.697797106933594;0.015547355666897722;Rede MapBiomas;https://drive.google.com/uc?id=1otOqymHuixvkRGVl65zTTNyfaHo46Gqk&export=download;1985–2025;2026-10-07T18:19:30.573244+00:00;ha
4113254;Laranjal;25;4.6. Outras Áreas não Vegetadas;2;11;2021;8.454083300781251;0.015111716024054906;Rede MapBiomas;https://drive.google.com/uc?id=1otOqymHuixvkRGVl65zTTNyfaHo46Gqk&export=download;1985–2025;2026-10-07T18:19:30.573244+00:00;ha
4113254;Laranjal;25;4.6. Outras Áreas não Vegetadas;2;11;2022;8.698152197265626;0.01554799039263553;Rede MapBiomas;https://drive.google.com/uc?id=1otOqymHuixvkRGVl65zTTNyfaHo46Gqk&export=download;1985–2025;2026-10-07T18:19:30.573244+00:00;ha
4113254;Laranjal;25;4.6. Outras Áreas não Vegetadas;2;11;2023;9.83729600830078;0.01758421563083872;Rede MapBiomas;https://drive.google.com/uc?id=1otOqymHuixvkRGVl65zTTNyfaHo46Gqk&export=download;1985–2025;2026-10-07T18:19:30.573244+00:00;ha
4113254;Laranjal;25;4.6. Outras Áreas não Vegetadas;2;11;2024;9.593601129150391;0.0171486098201062;Rede MapBiomas;https://drive.google.com/uc?id=1otOqymHuixvkRGVl65zTTNyfaHo46Gqk&export=download;1985–2025;2026-10-07T18:19:30.573244+00:00;ha
4113254;Laranjal;25;4.6. Outras Áreas não Vegetadas;2;11;2025;10.73175153808594;0.019183059347106547;Rede MapBiomas;https://drive.google.com/uc?id=1otOqymHuixvkRGVl65zTTNyfaHo46Gqk&export=download;1985–2025;2026-10-07T18:19:30.573244+00:00;ha
4113254;Laranjal;33;5.1 Rio, Lago e Oceano;2;11;1985;457.4833904968266;0.8177538400019067;Rede MapBiomas;https://drive.google.com/uc?id=1otOqymHuixvkRGVl65zTTNyfaHo46Gqk&export=download;1985–2025;2026-10-07T18:19:30.573244+00:00;ha
4113254;Laranjal;33;5.1 Rio, Lago e Oceano;2;11;1986;463.7404751586918;0.8289384100119797;Rede MapBiomas;https://drive.google.com/uc?id=1otOqymHuixvkRGVl65zTTNyfaHo46Gqk&export=download;1985–2025;2026-10-07T18:19:30.573244+00:00;ha
4113254;Laranjal;33;5.1 Rio, Lago e Oceano;2;11;1987;479.6617095947269;0.8573976958966518;Rede MapBiomas;https://drive.google.com/uc?id=1otOqymHuixvkRGVl65zTTNyfaHo46Gqk&export=download;1985–2025;2026-10-07T18:19:30.573244+00:00;ha
4113254;Laranjal;33;5.1 Rio, Lago e Oceano;2;11;1988;494.1247971374507;0.8832505369440649;Rede MapBiomas;https://drive.google.com/uc?id=1otOqymHuixvkRGVl65zTTNyfaHo46Gqk&export=download;1985–2025;2026-10-07T18:19:30.573244+00:00;ha
4113254;Laranjal;33;5.1 Rio, Lago e Oceano;2;11;1989;470.567247790528;0.8411413001069429;Rede MapBiomas;https://drive.google.com/uc?id=1otOqymHuixvkRGVl65zTTNyfaHo46Gqk&export=download;1985–2025;2026-10-07T18:19:30.573244+00:00;ha
4113254;Laranjal;33;5.1 Rio, Lago e Oceano;2;11;1990;466.5020653015141;0.8338747661523671;Rede MapBiomas;https://drive.google.com/uc?id=1otOqymHuixvkRGVl65zTTNyfaHo46Gqk&export=download;1985–2025;2026-10-07T18:19:30.573244+00:00;ha
4113254;Laranjal;33;5.1 Rio, Lago e Oceano;2;11;1991;482.9117092346188;0.8632070864466346;Rede MapBiomas;https://drive.google.com/uc?id=1otOqymHuixvkRGVl65zTTNyfaHo46Gqk&export=download;1985–2025;2026-10-07T18:19:30.573244+00:00;ha
4113254;Laranjal;33;5.1 Rio, Lago e Oceano;2;11;1992;489.243062115478;0.8745244112682133;Rede MapBiomas;https://drive.google.com/uc?id=1otOqymHuixvkRGVl65zTTNyfaHo46Gqk&export=download;1985–2025;2026-10-07T18:19:30.573244+00:00;ha
4113254;Laranjal;33;5.1 Rio, Lago e Oceano;2;11;1993;496.9655769714349;0.8883284450519805;Rede MapBiomas;https://drive.google.com/uc?id=1otOqymHuixvkRGVl65zTTNyfaHo46Gqk&export=download;1985–2025;2026-10-07T18:19:30.573244+00:00;ha
4113254;Laranjal;33;5.1 Rio, Lago e Oceano;2;11;1994;484.9400917236323;0.8668328302525072;Rede MapBiomas;https://drive.google.com/uc?id=1otOqymHuixvkRGVl65zTTNyfaHo46Gqk&export=download;1985–2025;2026-10-07T18:19:30.573244+00:00;ha
4113254;Laranjal;33;5.1 Rio, Lago e Oceano;2;11;1995;481.7704094421385;0.8611670073808556;Rede MapBiomas;https://drive.google.com/uc?id=1otOqymHuixvkRGVl65zTTNyfaHo46Gqk&export=download;1985–2025;2026-10-07T18:19:30.573244+00:00;ha
4113254;Laranjal;33;5.1 Rio, Lago e Oceano;2;11;1996;496.6315003601067;0.8877312814446379;Rede MapBiomas;https://drive.google.com/uc?id=1otOqymHuixvkRGVl65zTTNyfaHo46Gqk&export=download;1985–2025;2026-10-07T18:19:30.573244+00:00;ha
4113254;Laranjal;33;5.1 Rio, Lago e Oceano;2;11;1997;500.1379113586416;0.8939990085758083;Rede MapBiomas;https://drive.google.com/uc?id=1otOqymHuixvkRGVl65zTTNyfaHo46Gqk&export=download;1985–2025;2026-10-07T18:19:30.573244+00:00;ha
4113254;Laranjal;33;5.1 Rio, Lago e Oceano;2;11;1998;479.3391510314939;0.8568211208576698;Rede MapBiomas;https://drive.google.com/uc?id=1otOqymHuixvkRGVl65zTTNyfaHo46Gqk&export=download;1985–2025;2026-10-07T18:19:30.573244+00:00;ha
4113254;Laranjal;33;5.1 Rio, Lago e Oceano;2;11;1999;491.7637327697749;0.8790301226224395;Rede MapBiomas;https://drive.google.com/uc?id=1otOqymHuixvkRGVl65zTTNyfaHo46Gqk&export=download;1985–2025;2026-10-07T18:19:30.573244+00:00;ha
4113254;Laranjal;33;5.1 Rio, Lago e Oceano;2;11;2000;438.5434726013181;0.7838986423923219;Rede MapBiomas;https://drive.google.com/uc?id=1otOqymHuixvkRGVl65zTTNyfaHo46Gqk&export=download;1985–2025;2026-10-07T18:19:30.573244+00:00;ha
4113254;Laranjal;33;5.1 Rio, Lago e Oceano;2;11;2001;452.8415829833987;0.8094565859430586;Rede MapBiomas;https://drive.google.com/uc?id=1otOqymHuixvkRGVl65zTTNyfaHo46Gqk&export=download;1985–2025;2026-10-07T18:19:30.573244+00:00;ha
4113254;Laranjal;33;5.1 Rio, Lago e Oceano;2;11;2002;443.9926548400877;0.7936390827956002;Rede MapBiomas;https://drive.google.com/uc?id=1otOqymHuixvkRGVl65zTTNyfaHo46Gqk&export=download;1985–2025;2026-10-07T18:19:30.573244+00:00;ha
4113254;Laranjal;33;5.1 Rio, Lago e Oceano;2;11;2003;453.8188404724124;0.8112034385740221;Rede MapBiomas;https://drive.google.com/uc?id=1otOqymHuixvkRGVl65zTTNyfaHo46Gqk&export=download;1985–2025;2026-10-07T18:19:30.573244+00:00;ha
4113254;Laranjal;33;5.1 Rio, Lago e Oceano;2;11;2004;437.9793413330074;0.7828902549393365;Rede MapBiomas;https://drive.google.com/uc?id=1otOqymHuixvkRGVl65zTTNyfaHo46Gqk&export=download;1985–2025;2026-10-07T18:19:30.573244+00:00;ha
4113254;Laranjal;33;5.1 Rio, Lago e Oceano;2;11;2005;434.809867169189;0.7772248040790668;Rede MapBiomas;https://drive.google.com/uc?id=1otOqymHuixvkRGVl65zTTNyfaHo46Gqk&export=download;1985–2025;2026-10-07T18:19:30.573244+00:00;ha
4113254;Laranjal;33;5.1 Rio, Lago e Oceano;2;11;2006;435.4653084350581;0.7783964086076554;Rede MapBiomas;https://drive.google.com/uc?id=1otOqymHuixvkRGVl65zTTNyfaHo46Gqk&export=download;1985–2025;2026-10-07T18:19:30.573244+00:00;ha
4113254;Laranjal;33;5.1 Rio, Lago e Oceano;2;11;2007;456.7486434875487;0.8164404760618204;Rede MapBiomas;https://drive.google.com/uc?id=1otOqymHuixvkRGVl65zTTNyfaHo46Gqk&export=download;1985–2025;2026-10-07T18:19:30.573244+00:00;ha
4113254;Laranjal;33;5.1 Rio, Lago e Oceano;2;11;2008;442.6052040344233;0.7911590075672653;Rede MapBiomas;https://drive.google.com/uc?id=1otOqymHuixvkRGVl65zTTNyfaHo46Gqk&export=download;1985–2025;2026-10-07T18:19:30.573244+00:00;ha
4113254;Laranjal;33;5.1 Rio, Lago e Oceano;2;11;2009;436.5138004638665;0.7802705933334404;Rede MapBiomas;https://drive.google.com/uc?id=1otOqymHuixvkRGVl65zTTNyfaHo46Gqk&export=download;1985–2025;2026-10-07T18:19:30.573244+00:00;ha
4113254;Laranjal;33;5.1 Rio, Lago e Oceano;2;11;2010;427.6577933898922;0.7644404365621493;Rede MapBiomas;https://drive.google.com/uc?id=1otOqymHuixvkRGVl65zTTNyfaHo46Gqk&export=download;1985–2025;2026-10-07T18:19:30.573244+00:00;ha
4113254;Laranjal;33;5.1 Rio, Lago e Oceano;2;11;2011;433.8340430847165;0.7754805136658627;Rede MapBiomas;https://drive.google.com/uc?id=1otOqymHuixvkRGVl65zTTNyfaHo46Gqk&export=download;1985–2025;2026-10-07T18:19:30.573244+00:00;ha
4113254;Laranjal;33;5.1 Rio, Lago e Oceano;2;11;2012;443.9088683593746;0.793489314043845;Rede MapBiomas;https://drive.google.com/uc?id=1otOqymHuixvkRGVl65zTTNyfaHo46Gqk&export=download;1985–2025;2026-10-07T18:19:30.573244+00:00;ha
4113254;Laranjal;33;5.1 Rio, Lago e Oceano;2;11;2013;457.3170682189949;0.8174565381015535;Rede MapBiomas;https://drive.google.com/uc?id=1otOqymHuixvkRGVl65zTTNyfaHo46Gqk&export=download;1985–2025;2026-10-07T18:19:30.573244+00:00;ha
4113254;Laranjal;33;5.1 Rio, Lago e Oceano;2;11;2014;473.4791518859862;0.8463463431866319;Rede MapBiomas;https://drive.google.com/uc?id=1otOqymHuixvkRGVl65zTTNyfaHo46Gqk&export=download;1985–2025;2026-10-07T18:19:30.573244+00:00;ha
4113254;Laranjal;33;5.1 Rio, Lago e Oceano;2;11;2015;479.0166160766605;0.8562445880188199;Rede MapBiomas;https://drive.google.com/uc?id=1otOqymHuixvkRGVl65zTTNyfaHo46Gqk&export=download;1985–2025;2026-10-07T18:19:30.573244+00:00;ha
4113254;Laranjal;33;5.1 Rio, Lago e Oceano;2;11;2016;504.6754087951666;0.9021098078524498;Rede MapBiomas;https://drive.google.com/uc?id=1otOqymHuixvkRGVl65zTTNyfaHo46Gqk&export=download;1985–2025;2026-10-07T18:19:30.573244+00:00;ha
4113254;Laranjal;33;5.1 Rio, Lago e Oceano;2;11;2017;495.740887750244;0.8861393069668794;Rede MapBiomas;https://drive.google.com/uc?id=1otOqymHuixvkRGVl65zTTNyfaHo46Gqk&export=download;1985–2025;2026-10-07T18:19:30.573244+00:00;ha
4113254;Laranjal;33;5.1 Rio, Lago e Oceano;2;11;2018;499.6391767456059;0.8931075179699769;Rede MapBiomas;https://drive.google.com/uc?id=1otOqymHuixvkRGVl65zTTNyfaHo46Gqk&export=download;1985–2025;2026-10-07T18:19:30.573244+00:00;ha
4113254;Laranjal;33;5.1 Rio, Lago e Oceano;2;11;2019;498.3382382690432;0.8907820839609738;Rede MapBiomas;https://drive.google.com/uc?id=1otOqymHuixvkRGVl65zTTNyfaHo46Gqk&export=download;1985–2025;2026-10-07T18:19:30.573244+00:00;ha
4113254;Laranjal;33;5.1 Rio, Lago e Oceano;2;11;2020;508.338660339356;0.9086578882404625;Rede MapBiomas;https://drive.google.com/uc?id=1otOqymHuixvkRGVl65zTTNyfaHo46Gqk&export=download;1985–2025;2026-10-07T18:19:30.573244+00:00;ha
4113254;Laranjal;33;5.1 Rio, Lago e Oceano;2;11;2021;500.5319803283695;0.8947034088227126;Rede MapBiomas;https://drive.google.com/uc?id=1otOqymHuixvkRGVl65zTTNyfaHo46Gqk&export=download;1985–2025;2026-10-07T18:19:30.573244+00:00;ha
4113254;Laranjal;33;5.1 Rio, Lago e Oceano;2;11;2022;524.0914705993652;0.936816115071286;Rede MapBiomas;https://drive.google.com/uc?id=1otOqymHuixvkRGVl65zTTNyfaHo46Gqk&export=download;1985–2025;2026-10-07T18:19:30.573244+00:00;ha
4113254;Laranjal;33;5.1 Rio, Lago e Oceano;2;11;2023;533.9312275512691;0.9544047296510776;Rede MapBiomas;https://drive.google.com/uc?id=1otOqymHuixvkRGVl65zTTNyfaHo46Gqk&export=download;1985–2025;2026-10-07T18:19:30.573244+00:00;ha
4113254;Laranjal;33;5.1 Rio, Lago e Oceano;2;11;2024;517.5888314819338;0.9251926152483717;Rede MapBiomas;https://drive.google.com/uc?id=1otOqymHuixvkRGVl65zTTNyfaHo46Gqk&export=download;1985–2025;2026-10-07T18:19:30.573244+00:00;ha
4113254;Laranjal;33;5.1 Rio, Lago e Oceano;2;11;2025;518.4797635192874;0.9267851607043618;Rede MapBiomas;https://drive.google.com/uc?id=1otOqymHuixvkRGVl65zTTNyfaHo46Gqk&export=download;1985–2025;2026-10-07T18:19:30.573244+00:00;ha
4113254;Laranjal;39;3.2.1.1. Soja;4;11;1985;386.2699706420893;0.690459497178583;Rede MapBiomas;https://drive.google.com/uc?id=1otOqymHuixvkRGVl65zTTNyfaHo46Gqk&export=download;1985–2025;2026-10-07T18:19:30.573244+00:00;ha
4113254;Laranjal;39;3.2.1.1. Soja;4;11;1986;968.7406019165056;1.731628652840624;Rede MapBiomas;https://drive.google.com/uc?id=1otOqymHuixvkRGVl65zTTNyfaHo46Gqk&export=download;1985–2025;2026-10-07T18:19:30.573244+00:00;ha
4113254;Laranjal;39;3.2.1.1. Soja;4;11;1987;1098.34565834962;1.9632983369940602;Rede MapBiomas;https://drive.google.com/uc?id=1otOqymHuixvkRGVl65zTTNyfaHo46Gqk&export=download;1985–2025;2026-10-07T18:19:30.573244+00:00;ha
4113254;Laranjal;39;3.2.1.1. Soja;4;11;1988;1506.508784954837;2.6928919595431084;Rede MapBiomas;https://drive.google.com/uc?id=1otOqymHuixvkRGVl65zTTNyfaHo46Gqk&export=download;1985–2025;2026-10-07T18:19:30.573244+00:00;ha
4113254;Laranjal;39;3.2.1.1. Soja;4;11;1989;2168.538269970657;3.876272962683433;Rede MapBiomas;https://drive.google.com/uc?id=1otOqymHuixvkRGVl65zTTNyfaHo46Gqk&export=download;1985–2025;2026-10-07T18:19:30.573244+00:00;ha
4113254;Laranjal;39;3.2.1.1. Soja;4;11;1990;2394.410207495057;4.2800201764536565;Rede MapBiomas;https://drive.google.com/uc?id=1otOqymHuixvkRGVl65zTTNyfaHo46Gqk&export=download;1985–2025;2026-10-07T18:19:30.573244+00:00;ha
4113254;Laranjal;39;3.2.1.1. Soja;4;11;1991;1848.509885351523;3.3042206305808555;Rede MapBiomas;https://drive.google.com/uc?id=1otOqymHuixvkRGVl65zTTNyfaHo46Gqk&export=download;1985–2025;2026-10-07T18:19:30.573244+00:00;ha
4113254;Laranjal;39;3.2.1.1. Soja;4;11;1992;834.4579827941903;1.4915978020734886;Rede MapBiomas;https://drive.google.com/uc?id=1otOqymHuixvkRGVl65zTTNyfaHo46Gqk&export=download;1985–2025;2026-10-07T18:19:30.573244+00:00;ha
4113254;Laranjal;39;3.2.1.1. Soja;4;11;1993;1427.595335455319;2.551833775363032;Rede MapBiomas;https://drive.google.com/uc?id=1otOqymHuixvkRGVl65zTTNyfaHo46Gqk&export=download;1985–2025;2026-10-07T18:19:30.573244+00:00;ha
4113254;Laranjal;39;3.2.1.1. Soja;4;11;1994;1915.650125146442;3.4242341437519412;Rede MapBiomas;https://drive.google.com/uc?id=1otOqymHuixvkRGVl65zTTNyfaHo46Gqk&export=download;1985–2025;2026-10-07T18:19:30.573244+00:00;ha
4113254;Laranjal;39;3.2.1.1. Soja;4;11;1995;2123.815859820503;3.796331431703016;Rede MapBiomas;https://drive.google.com/uc?id=1otOqymHuixvkRGVl65zTTNyfaHo46Gqk&export=download;1985–2025;2026-10-07T18:19:30.573244+00:00;ha
4113254;Laranjal;39;3.2.1.1. Soja;4;11;1996;711.166470263671;1.2712136091042474;Rede MapBiomas;https://drive.google.com/uc?id=1otOqymHuixvkRGVl65zTTNyfaHo46Gqk&export=download;1985–2025;2026-10-07T18:19:30.573244+00:00;ha
4113254;Laranjal;39;3.2.1.1. Soja;4;11;1997;399.7823943664559;0.7146130219138386;Rede MapBiomas;https://drive.google.com/uc?id=1otOqymHuixvkRGVl65zTTNyfaHo46Gqk&export=download;1985–2025;2026-10-07T18:19:30.573244+00:00;ha
4113254;Laranjal;39;3.2.1.1. Soja;4;11;1998;238.6264930969235;0.42654604540785235;Rede MapBiomas;https://drive.google.com/uc?id=1otOqymHuixvkRGVl65zTTNyfaHo46Gqk&export=download;1985–2025;2026-10-07T18:19:30.573244+00:00;ha
4113254;Laranjal;39;3.2.1.1. Soja;4;11;1999;434.1615433715818;0.7760659220604603;Rede MapBiomas;https://drive.google.com/uc?id=1otOqymHuixvkRGVl65zTTNyfaHo46Gqk&export=download;1985–2025;2026-10-07T18:19:30.573244+00:00;ha
4113254;Laranjal;39;3.2.1.1. Soja;4;11;2000;440.1805071777339;0.7868248498544684;Rede MapBiomas;https://drive.google.com/uc?id=1otOqymHuixvkRGVl65zTTNyfaHo46Gqk&export=download;1985–2025;2026-10-07T18:19:30.573244+00:00;ha
4113254;Laranjal;39;3.2.1.1. Soja;4;11;2001;144.9238186645509;0.2590520479704685;Rede MapBiomas;https://drive.google.com/uc?id=1otOqymHuixvkRGVl65zTTNyfaHo46Gqk&export=download;1985–2025;2026-10-07T18:19:30.573244+00:00;ha
4113254;Laranjal;39;3.2.1.1. Soja;4;11;2002;99.56882343139654;0.17797976800222462;Rede MapBiomas;https://drive.google.com/uc?id=1otOqymHuixvkRGVl65zTTNyfaHo46Gqk&export=download;1985–2025;2026-10-07T18:19:30.573244+00:00;ha
4113254;Laranjal;39;3.2.1.1. Soja;4;11;2003;53.72470274047855;0.0960331738410775;Rede MapBiomas;https://drive.google.com/uc?id=1otOqymHuixvkRGVl65zTTNyfaHo46Gqk&export=download;1985–2025;2026-10-07T18:19:30.573244+00:00;ha
4113254;Laranjal;39;3.2.1.1. Soja;4;11;2004;157.2842160583497;0.2811463198996668;Rede MapBiomas;https://drive.google.com/uc?id=1otOqymHuixvkRGVl65zTTNyfaHo46Gqk&export=download;1985–2025;2026-10-07T18:19:30.573244+00:00;ha
4113254;Laranjal;39;3.2.1.1. Soja;4;11;2005;314.818156774902;0.5627390238701664;Rede MapBiomas;https://drive.google.com/uc?id=1otOqymHuixvkRGVl65zTTNyfaHo46Gqk&export=download;1985–2025;2026-10-07T18:19:30.573244+00:00;ha
4113254;Laranjal;39;3.2.1.1. Soja;4;11;2006;563.130450415038;1.0065984860101602;Rede MapBiomas;https://drive.google.com/uc?id=1otOqymHuixvkRGVl65zTTNyfaHo46Gqk&export=download;1985–2025;2026-10-07T18:19:30.573244+00:00;ha
4113254;Laranjal;39;3.2.1.1. Soja;4;11;2007;707.8344141601566;1.265257542216679;Rede MapBiomas;https://drive.google.com/uc?id=1otOqymHuixvkRGVl65zTTNyfaHo46Gqk&export=download;1985–2025;2026-10-07T18:19:30.573244+00:00;ha
4113254;Laranjal;39;3.2.1.1. Soja;4;11;2008;477.2493518371591;0.8530855943850163;Rede MapBiomas;https://drive.google.com/uc?id=1otOqymHuixvkRGVl65zTTNyfaHo46Gqk&export=download;1985–2025;2026-10-07T18:19:30.573244+00:00;ha
4113254;Laranjal;39;3.2.1.1. Soja;4;11;2009;734.0703010253903;1.3121543207130544;Rede MapBiomas;https://drive.google.com/uc?id=1otOqymHuixvkRGVl65zTTNyfaHo46Gqk&export=download;1985–2025;2026-10-07T18:19:30.573244+00:00;ha
4113254;Laranjal;39;3.2.1.1. Soja;4;11;2010;860.2646396789598;1.537727329841073;Rede MapBiomas;https://drive.google.com/uc?id=1otOqymHuixvkRGVl65zTTNyfaHo46Gqk&export=download;1985–2025;2026-10-07T18:19:30.573244+00:00;ha
4113254;Laranjal;39;3.2.1.1. Soja;4;11;2011;875.3541276489314;1.564699864773338;Rede MapBiomas;https://drive.google.com/uc?id=1otOqymHuixvkRGVl65zTTNyfaHo46Gqk&export=download;1985–2025;2026-10-07T18:19:30.573244+00:00;ha
4113254;Laranjal;39;3.2.1.1. Soja;4;11;2012;1226.141958172611;2.191734859694464;Rede MapBiomas;https://drive.google.com/uc?id=1otOqymHuixvkRGVl65zTTNyfaHo46Gqk&export=download;1985–2025;2026-10-07T18:19:30.573244+00:00;ha
4113254;Laranjal;39;3.2.1.1. Soja;4;11;2013;963.4121338501002;1.7221039896219252;Rede MapBiomas;https://drive.google.com/uc?id=1otOqymHuixvkRGVl65zTTNyfaHo46Gqk&export=download;1985–2025;2026-10-07T18:19:30.573244+00:00;ha
4113254;Laranjal;39;3.2.1.1. Soja;4;11;2014;1046.546831005863;1.8707076750206244;Rede MapBiomas;https://drive.google.com/uc?id=1otOqymHuixvkRGVl65zTTNyfaHo46Gqk&export=download;1985–2025;2026-10-07T18:19:30.573244+00:00;ha
4113254;Laranjal;39;3.2.1.1. Soja;4;11;2015;1301.971969067384;2.3272813820048017;Rede MapBiomas;https://drive.google.com/uc?id=1otOqymHuixvkRGVl65zTTNyfaHo46Gqk&export=download;1985–2025;2026-10-07T18:19:30.573244+00:00;ha
4113254;Laranjal;39;3.2.1.1. Soja;4;11;2016;1663.677879681404;2.9738324994886023;Rede MapBiomas;https://drive.google.com/uc?id=1otOqymHuixvkRGVl65zTTNyfaHo46Gqk&export=download;1985–2025;2026-10-07T18:19:30.573244+00:00;ha
4113254;Laranjal;39;3.2.1.1. Soja;4;11;2017;1877.593913549804;3.356208475901402;Rede MapBiomas;https://drive.google.com/uc?id=1otOqymHuixvkRGVl65zTTNyfaHo46Gqk&export=download;1985–2025;2026-10-07T18:19:30.573244+00:00;ha
4113254;Laranjal;39;3.2.1.1. Soja;4;11;2018;1935.891372076407;3.4604154734947103;Rede MapBiomas;https://drive.google.com/uc?id=1otOqymHuixvkRGVl65zTTNyfaHo46Gqk&export=download;1985–2025;2026-10-07T18:19:30.573244+00:00;ha
4113254;Laranjal;39;3.2.1.1. Soja;4;11;2019;2045.809309661874;3.6568943346135576;Rede MapBiomas;https://drive.google.com/uc?id=1otOqymHuixvkRGVl65zTTNyfaHo46Gqk&export=download;1985–2025;2026-10-07T18:19:30.573244+00:00;ha
4113254;Laranjal;39;3.2.1.1. Soja;4;11;2020;2030.610913769543;3.629727126227423;Rede MapBiomas;https://drive.google.com/uc?id=1otOqymHuixvkRGVl65zTTNyfaHo46Gqk&export=download;1985–2025;2026-10-07T18:19:30.573244+00:00;ha
4113254;Laranjal;39;3.2.1.1. Soja;4;11;2021;2055.081314489752;3.6734680894427316;Rede MapBiomas;https://drive.google.com/uc?id=1otOqymHuixvkRGVl65zTTNyfaHo46Gqk&export=download;1985–2025;2026-10-07T18:19:30.573244+00:00;ha
4113254;Laranjal;39;3.2.1.1. Soja;4;11;2022;2159.426963946539;3.8599864577666905;Rede MapBiomas;https://drive.google.com/uc?id=1otOqymHuixvkRGVl65zTTNyfaHo46Gqk&export=download;1985–2025;2026-10-07T18:19:30.573244+00:00;ha
4113254;Laranjal;39;3.2.1.1. Soja;4;11;2023;2381.201838769516;4.256410151543808;Rede MapBiomas;https://drive.google.com/uc?id=1otOqymHuixvkRGVl65zTTNyfaHo46Gqk&export=download;1985–2025;2026-10-07T18:19:30.573244+00:00;ha
4113254;Laranjal;39;3.2.1.1. Soja;4;11;2024;2460.845387774635;4.398773392227992;Rede MapBiomas;https://drive.google.com/uc?id=1otOqymHuixvkRGVl65zTTNyfaHo46Gqk&export=download;1985–2025;2026-10-07T18:19:30.573244+00:00;ha
4113254;Laranjal;39;3.2.1.1. Soja;4;11;2025;2460.440829602026;4.398050242478673;Rede MapBiomas;https://drive.google.com/uc?id=1otOqymHuixvkRGVl65zTTNyfaHo46Gqk&export=download;1985–2025;2026-10-07T18:19:30.573244+00:00;ha
4113254;Laranjal;41;3.2.1.5. Outras Lavouras Temporárias;4;11;1985;1476.876227044679;2.63992361462944;Rede MapBiomas;https://drive.google.com/uc?id=1otOqymHuixvkRGVl65zTTNyfaHo46Gqk&export=download;1985–2025;2026-10-07T18:19:30.573244+00:00;ha
4113254;Laranjal;41;3.2.1.5. Outras Lavouras Temporárias;4;11;1986;860.4279351318315;1.5380192212767283;Rede MapBiomas;https://drive.google.com/uc?id=1otOqymHuixvkRGVl65zTTNyfaHo46Gqk&export=download;1985–2025;2026-10-07T18:19:30.573244+00:00;ha
4113254;Laranjal;41;3.2.1.5. Outras Lavouras Temporárias;4;11;1987;903.8825093688938;1.6156944892452865;Rede MapBiomas;https://drive.google.com/uc?id=1otOqymHuixvkRGVl65zTTNyfaHo46Gqk&export=download;1985–2025;2026-10-07T18:19:30.573244+00:00;ha
4113254;Laranjal;41;3.2.1.5. Outras Lavouras Temporárias;4;11;1988;989.3607694885251;1.7684873051191017;Rede MapBiomas;https://drive.google.com/uc?id=1otOqymHuixvkRGVl65zTTNyfaHo46Gqk&export=download;1985–2025;2026-10-07T18:19:30.573244+00:00;ha
4113254;Laranjal;41;3.2.1.5. Outras Lavouras Temporárias;4;11;1989;823.5550095214838;1.4721086830226064;Rede MapBiomas;https://drive.google.com/uc?id=1otOqymHuixvkRGVl65zTTNyfaHo46Gqk&export=download;1985–2025;2026-10-07T18:19:30.573244+00:00;ha
4113254;Laranjal;41;3.2.1.5. Outras Lavouras Temporárias;4;11;1990;1231.575736029052;2.201447764687575;Rede MapBiomas;https://drive.google.com/uc?id=1otOqymHuixvkRGVl65zTTNyfaHo46Gqk&export=download;1985–2025;2026-10-07T18:19:30.573244+00:00;ha
4113254;Laranjal;41;3.2.1.5. Outras Lavouras Temporárias;4;11;1991;2642.622289294358;4.723700509428835;Rede MapBiomas;https://drive.google.com/uc?id=1otOqymHuixvkRGVl65zTTNyfaHo46Gqk&export=download;1985–2025;2026-10-07T18:19:30.573244+00:00;ha
4113254;Laranjal;41;3.2.1.5. Outras Lavouras Temporárias;4;11;1992;4051.691334063808;7.24241844788048;Rede MapBiomas;https://drive.google.com/uc?id=1otOqymHuixvkRGVl65zTTNyfaHo46Gqk&export=download;1985–2025;2026-10-07T18:19:30.573244+00:00;ha
4113254;Laranjal;41;3.2.1.5. Outras Lavouras Temporárias;4;11;1993;3542.595878021272;6.332407783549721;Rede MapBiomas;https://drive.google.com/uc?id=1otOqymHuixvkRGVl65zTTNyfaHo46Gqk&export=download;1985–2025;2026-10-07T18:19:30.573244+00:00;ha
4113254;Laranjal;41;3.2.1.5. Outras Lavouras Temporárias;4;11;1994;2790.864415331943;4.988684048362633;Rede MapBiomas;https://drive.google.com/uc?id=1otOqymHuixvkRGVl65zTTNyfaHo46Gqk&export=download;1985–2025;2026-10-07T18:19:30.573244+00:00;ha
4113254;Laranjal;41;3.2.1.5. Outras Lavouras Temporárias;4;11;1995;2424.410092852738;4.333645121010045;Rede MapBiomas;https://drive.google.com/uc?id=1otOqymHuixvkRGVl65zTTNyfaHo46Gqk&export=download;1985–2025;2026-10-07T18:19:30.573244+00:00;ha
4113254;Laranjal;41;3.2.1.5. Outras Lavouras Temporárias;4;11;1996;4241.293643103102;7.581333520013983;Rede MapBiomas;https://drive.google.com/uc?id=1otOqymHuixvkRGVl65zTTNyfaHo46Gqk&export=download;1985–2025;2026-10-07T18:19:30.573244+00:00;ha
4113254;Laranjal;41;3.2.1.5. Outras Lavouras Temporárias;4;11;1997;5178.522918713439;9.256635520071786;Rede MapBiomas;https://drive.google.com/uc?id=1otOqymHuixvkRGVl65zTTNyfaHo46Gqk&export=download;1985–2025;2026-10-07T18:19:30.573244+00:00;ha
4113254;Laranjal;41;3.2.1.5. Outras Lavouras Temporárias;4;11;1998;5400.529225225893;9.653472899146992;Rede MapBiomas;https://drive.google.com/uc?id=1otOqymHuixvkRGVl65zTTNyfaHo46Gqk&export=download;1985–2025;2026-10-07T18:19:30.573244+00:00;ha
4113254;Laranjal;41;3.2.1.5. Outras Lavouras Temporárias;4;11;1999;4348.931423150711;7.773736588172637;Rede MapBiomas;https://drive.google.com/uc?id=1otOqymHuixvkRGVl65zTTNyfaHo46Gqk&export=download;1985–2025;2026-10-07T18:19:30.573244+00:00;ha
4113254;Laranjal;41;3.2.1.5. Outras Lavouras Temporárias;4;11;2000;3790.736445062279;6.775960283538114;Rede MapBiomas;https://drive.google.com/uc?id=1otOqymHuixvkRGVl65zTTNyfaHo46Gqk&export=download;1985–2025;2026-10-07T18:19:30.573244+00:00;ha
4113254;Laranjal;41;3.2.1.5. Outras Lavouras Temporárias;4;11;2001;4108.138544195631;7.343318117248943;Rede MapBiomas;https://drive.google.com/uc?id=1otOqymHuixvkRGVl65zTTNyfaHo46Gqk&export=download;1985–2025;2026-10-07T18:19:30.573244+00:00;ha
4113254;Laranjal;41;3.2.1.5. Outras Lavouras Temporárias;4;11;2002;3717.205648699938;6.6445236186607275;Rede MapBiomas;https://drive.google.com/uc?id=1otOqymHuixvkRGVl65zTTNyfaHo46Gqk&export=download;1985–2025;2026-10-07T18:19:30.573244+00:00;ha
4113254;Laranjal;41;3.2.1.5. Outras Lavouras Temporárias;4;11;2003;2819.568590673826;5.0399929048096865;Rede MapBiomas;https://drive.google.com/uc?id=1otOqymHuixvkRGVl65zTTNyfaHo46Gqk&export=download;1985–2025;2026-10-07T18:19:30.573244+00:00;ha
4113254;Laranjal;41;3.2.1.5. Outras Lavouras Temporárias;4;11;2004;2240.141241845698;4.004263631684059;Rede MapBiomas;https://drive.google.com/uc?id=1otOqymHuixvkRGVl65zTTNyfaHo46Gqk&export=download;1985–2025;2026-10-07T18:19:30.573244+00:00;ha
4113254;Laranjal;41;3.2.1.5. Outras Lavouras Temporárias;4;11;2005;1994.858504516591;3.565819516545309;Rede MapBiomas;https://drive.google.com/uc?id=1otOqymHuixvkRGVl65zTTNyfaHo46Gqk&export=download;1985–2025;2026-10-07T18:19:30.573244+00:00;ha
4113254;Laranjal;41;3.2.1.5. Outras Lavouras Temporárias;4;11;2006;2667.93985533448;4.768955784874634;Rede MapBiomas;https://drive.google.com/uc?id=1otOqymHuixvkRGVl65zTTNyfaHo46Gqk&export=download;1985–2025;2026-10-07T18:19:30.573244+00:00;ha
4113254;Laranjal;41;3.2.1.5. Outras Lavouras Temporárias;4;11;2007;2873.501657617214;5.136398530701674;Rede MapBiomas;https://drive.google.com/uc?id=1otOqymHuixvkRGVl65zTTNyfaHo46Gqk&export=download;1985–2025;2026-10-07T18:19:30.573244+00:00;ha
4113254;Laranjal;41;3.2.1.5. Outras Lavouras Temporárias;4;11;2008;2965.141029498288;5.300204364547857;Rede MapBiomas;https://drive.google.com/uc?id=1otOqymHuixvkRGVl65zTTNyfaHo46Gqk&export=download;1985–2025;2026-10-07T18:19:30.573244+00:00;ha
4113254;Laranjal;41;3.2.1.5. Outras Lavouras Temporárias;4;11;2009;2612.133303295904;4.669201295040039;Rede MapBiomas;https://drive.google.com/uc?id=1otOqymHuixvkRGVl65zTTNyfaHo46Gqk&export=download;1985–2025;2026-10-07T18:19:30.573244+00:00;ha
4113254;Laranjal;41;3.2.1.5. Outras Lavouras Temporárias;4;11;2010;2466.485033489988;4.408854287044679;Rede MapBiomas;https://drive.google.com/uc?id=1otOqymHuixvkRGVl65zTTNyfaHo46Gqk&export=download;1985–2025;2026-10-07T18:19:30.573244+00:00;ha
4113254;Laranjal;41;3.2.1.5. Outras Lavouras Temporárias;4;11;2011;2388.920981005845;4.270208156753186;Rede MapBiomas;https://drive.google.com/uc?id=1otOqymHuixvkRGVl65zTTNyfaHo46Gqk&export=download;1985–2025;2026-10-07T18:19:30.573244+00:00;ha
4113254;Laranjal;41;3.2.1.5. Outras Lavouras Temporárias;4;11;2012;1657.32765800782;2.962481446606011;Rede MapBiomas;https://drive.google.com/uc?id=1otOqymHuixvkRGVl65zTTNyfaHo46Gqk&export=download;1985–2025;2026-10-07T18:19:30.573244+00:00;ha
4113254;Laranjal;41;3.2.1.5. Outras Lavouras Temporárias;4;11;2013;2053.646014709483;3.670902483933875;Rede MapBiomas;https://drive.google.com/uc?id=1otOqymHuixvkRGVl65zTTNyfaHo46Gqk&export=download;1985–2025;2026-10-07T18:19:30.573244+00:00;ha
4113254;Laranjal;41;3.2.1.5. Outras Lavouras Temporárias;4;11;2014;1995.498026263419;3.5669626648542905;Rede MapBiomas;https://drive.google.com/uc?id=1otOqymHuixvkRGVl65zTTNyfaHo46Gqk&export=download;1985–2025;2026-10-07T18:19:30.573244+00:00;ha
4113254;Laranjal;41;3.2.1.5. Outras Lavouras Temporárias;4;11;2015;2100.824821936025;3.7552348369277526;Rede MapBiomas;https://drive.google.com/uc?id=1otOqymHuixvkRGVl65zTTNyfaHo46Gqk&export=download;1985–2025;2026-10-07T18:19:30.573244+00:00;ha
4113254;Laranjal;41;3.2.1.5. Outras Lavouras Temporárias;4;11;2016;1715.630000451675;3.0666971742257423;Rede MapBiomas;https://drive.google.com/uc?id=1otOqymHuixvkRGVl65zTTNyfaHo46Gqk&export=download;1985–2025;2026-10-07T18:19:30.573244+00:00;ha
4113254;Laranjal;41;3.2.1.5. Outras Lavouras Temporárias;4;11;2017;1508.142562731945;2.695812345460265;Rede MapBiomas;https://drive.google.com/uc?id=1otOqymHuixvkRGVl65zTTNyfaHo46Gqk&export=download;1985–2025;2026-10-07T18:19:30.573244+00:00;ha
4113254;Laranjal;41;3.2.1.5. Outras Lavouras Temporárias;4;11;2018;1128.866455249032;2.017854413526823;Rede MapBiomas;https://drive.google.com/uc?id=1otOqymHuixvkRGVl65zTTNyfaHo46Gqk&export=download;1985–2025;2026-10-07T18:19:30.573244+00:00;ha
4113254;Laranjal;41;3.2.1.5. Outras Lavouras Temporárias;4;11;2019;1017.852213006596;1.8194159023711183;Rede MapBiomas;https://drive.google.com/uc?id=1otOqymHuixvkRGVl65zTTNyfaHo46Gqk&export=download;1985–2025;2026-10-07T18:19:30.573244+00:00;ha
4113254;Laranjal;41;3.2.1.5. Outras Lavouras Temporárias;4;11;2020;1019.162987689211;1.8217589186474505;Rede MapBiomas;https://drive.google.com/uc?id=1otOqymHuixvkRGVl65zTTNyfaHo46Gqk&export=download;1985–2025;2026-10-07T18:19:30.573244+00:00;ha
4113254;Laranjal;41;3.2.1.5. Outras Lavouras Temporárias;4;11;2021;989.328015856935;1.768428757839434;Rede MapBiomas;https://drive.google.com/uc?id=1otOqymHuixvkRGVl65zTTNyfaHo46Gqk&export=download;1985–2025;2026-10-07T18:19:30.573244+00:00;ha
4113254;Laranjal;41;3.2.1.5. Outras Lavouras Temporárias;4;11;2022;939.9849203674321;1.680227728791579;Rede MapBiomas;https://drive.google.com/uc?id=1otOqymHuixvkRGVl65zTTNyfaHo46Gqk&export=download;1985–2025;2026-10-07T18:19:30.573244+00:00;ha
4113254;Laranjal;41;3.2.1.5. Outras Lavouras Temporárias;4;11;2023;744.2138674133304;1.3302859961735425;Rede MapBiomas;https://drive.google.com/uc?id=1otOqymHuixvkRGVl65zTTNyfaHo46Gqk&export=download;1985–2025;2026-10-07T18:19:30.573244+00:00;ha
4113254;Laranjal;41;3.2.1.5. Outras Lavouras Temporárias;4;11;2024;677.0025717163081;1.2101454702233991;Rede MapBiomas;https://drive.google.com/uc?id=1otOqymHuixvkRGVl65zTTNyfaHo46Gqk&export=download;1985–2025;2026-10-07T18:19:30.573244+00:00;ha
4113254;Laranjal;41;3.2.1.5. Outras Lavouras Temporárias;4;11;2025;672.130242694092;1.2014361578189794;Rede MapBiomas;https://drive.google.com/uc?id=1otOqymHuixvkRGVl65zTTNyfaHo46Gqk&export=download;1985–2025;2026-10-07T18:19:30.573244+00:00;ha
4113254;Laranjal;46;3.2.2.1. Café;4;11;1985;7.478483251953127;0.013367826075681401;Rede MapBiomas;https://drive.google.com/uc?id=1otOqymHuixvkRGVl65zTTNyfaHo46Gqk&export=download;1985–2025;2026-10-07T18:19:30.573244+00:00;ha
4113254;Laranjal;46;3.2.2.1. Café;4;11;1986;7.966205853271489;0.014239632655698813;Rede MapBiomas;https://drive.google.com/uc?id=1otOqymHuixvkRGVl65zTTNyfaHo46Gqk&export=download;1985–2025;2026-10-07T18:19:30.573244+00:00;ha
4113254;Laranjal;46;3.2.2.1. Café;4;11;1987;8.12877929077149;0.014530233485279879;Rede MapBiomas;https://drive.google.com/uc?id=1otOqymHuixvkRGVl65zTTNyfaHo46Gqk&export=download;1985–2025;2026-10-07T18:19:30.573244+00:00;ha
4113254;Laranjal;46;3.2.2.1. Café;4;11;1988;8.372642150878912;0.014966139562810088;Rede MapBiomas;https://drive.google.com/uc?id=1otOqymHuixvkRGVl65zTTNyfaHo46Gqk&export=download;1985–2025;2026-10-07T18:19:30.573244+00:00;ha
4113254;Laranjal;46;3.2.2.1. Café;4;11;1989;7.884919213867192;0.014094332382739123;Rede MapBiomas;https://drive.google.com/uc?id=1otOqymHuixvkRGVl65zTTNyfaHo46Gqk&export=download;1985–2025;2026-10-07T18:19:30.573244+00:00;ha
4113254;Laranjal;46;3.2.2.1. Café;4;11;1990;6.177869671630861;0.011042972820326903;Rede MapBiomas;https://drive.google.com/uc?id=1otOqymHuixvkRGVl65zTTNyfaHo46Gqk&export=download;1985–2025;2026-10-07T18:19:30.573244+00:00;ha
4113254;Laranjal;46;3.2.2.1. Café;4;11;1991;5.039702691650391;0.009008493672501188;Rede MapBiomas;https://drive.google.com/uc?id=1otOqymHuixvkRGVl65zTTNyfaHo46Gqk&export=download;1985–2025;2026-10-07T18:19:30.573244+00:00;ha
4113254;Laranjal;46;3.2.2.1. Café;4;11;1992;3.495235272216797;0.006247750464691946;Rede MapBiomas;https://drive.google.com/uc?id=1otOqymHuixvkRGVl65zTTNyfaHo46Gqk&export=download;1985–2025;2026-10-07T18:19:30.573244+00:00;ha
4113254;Laranjal;46;3.2.2.1. Café;4;11;1993;3.007494812011719;0.0053759119618255425;Rede MapBiomas;https://drive.google.com/uc?id=1otOqymHuixvkRGVl65zTTNyfaHo46Gqk&export=download;1985–2025;2026-10-07T18:19:30.573244+00:00;ha
4113254;Laranjal;46;3.2.2.1. Café;4;11;1994;3.088175732421875;0.005520129509065108;Rede MapBiomas;https://drive.google.com/uc?id=1otOqymHuixvkRGVl65zTTNyfaHo46Gqk&export=download;1985–2025;2026-10-07T18:19:30.573244+00:00;ha
4113254;Laranjal;46;3.2.2.1. Café;4;11;1995;3.494610827636718;0.006246634266893653;Rede MapBiomas;https://drive.google.com/uc?id=1otOqymHuixvkRGVl65zTTNyfaHo46Gqk&export=download;1985–2025;2026-10-07T18:19:30.573244+00:00;ha
4113254;Laranjal;46;3.2.2.1. Café;4;11;1996;2.763025366210937;0.004938921609346036;Rede MapBiomas;https://drive.google.com/uc?id=1otOqymHuixvkRGVl65zTTNyfaHo46Gqk&export=download;1985–2025;2026-10-07T18:19:30.573244+00:00;ha
4113254;Laranjal;46;3.2.2.1. Café;4;11;1997;1.463165173339844;0.0026154150378143895;Rede MapBiomas;https://drive.google.com/uc?id=1otOqymHuixvkRGVl65zTTNyfaHo46Gqk&export=download;1985–2025;2026-10-07T18:19:30.573244+00:00;ha
4113254;Laranjal;46;3.2.2.1. Café;4;11;1998;1.056732690429687;0.0018889149494934873;Rede MapBiomas;https://drive.google.com/uc?id=1otOqymHuixvkRGVl65zTTNyfaHo46Gqk&export=download;1985–2025;2026-10-07T18:19:30.573244+00:00;ha
4113254;Laranjal;46;3.2.2.1. Café;4;11;1999;2.601471234130859;0.004650142793281947;Rede MapBiomas;https://drive.google.com/uc?id=1otOqymHuixvkRGVl65zTTNyfaHo46Gqk&export=download;1985–2025;2026-10-07T18:19:30.573244+00:00;ha
4113254;Laranjal;46;3.2.2.1. Café;4;11;2000;2.51981787109375;0.004504187000001342;Rede MapBiomas;https://drive.google.com/uc?id=1otOqymHuixvkRGVl65zTTNyfaHo46Gqk&export=download;1985–2025;2026-10-07T18:19:30.573244+00:00;ha
4113254;Laranjal;46;3.2.2.1. Café;4;11;2001;0.9753589538574218;0.0017434589899120762;Rede MapBiomas;https://drive.google.com/uc?id=1otOqymHuixvkRGVl65zTTNyfaHo46Gqk&export=download;1985–2025;2026-10-07T18:19:30.573244+00:00;ha
4113254;Laranjal;46;3.2.2.1. Café;4;11;2002;3.00630210571289;0.005373779993373523;Rede MapBiomas;https://drive.google.com/uc?id=1otOqymHuixvkRGVl65zTTNyfaHo46Gqk&export=download;1985–2025;2026-10-07T18:19:30.573244+00:00;ha
4113254;Laranjal;46;3.2.2.1. Café;4;11;2003;26.57905043945314;0.04751018509516345;Rede MapBiomas;https://drive.google.com/uc?id=1otOqymHuixvkRGVl65zTTNyfaHo46Gqk&export=download;1985–2025;2026-10-07T18:19:30.573244+00:00;ha
4113254;Laranjal;46;3.2.2.1. Café;4;11;2004;48.36486032714846;0.08645242882092323;Rede MapBiomas;https://drive.google.com/uc?id=1otOqymHuixvkRGVl65zTTNyfaHo46Gqk&export=download;1985–2025;2026-10-07T18:19:30.573244+00:00;ha
4113254;Laranjal;46;3.2.2.1. Café;4;11;2005;54.46263813476562;0.0973522370352543;Rede MapBiomas;https://drive.google.com/uc?id=1otOqymHuixvkRGVl65zTTNyfaHo46Gqk&export=download;1985–2025;2026-10-07T18:19:30.573244+00:00;ha
4113254;Laranjal;46;3.2.2.1. Café;4;11;2006;47.06721473999026;0.08413288086813803;Rede MapBiomas;https://drive.google.com/uc?id=1otOqymHuixvkRGVl65zTTNyfaHo46Gqk&export=download;1985–2025;2026-10-07T18:19:30.573244+00:00;ha
4113254;Laranjal;46;3.2.2.1. Café;4;11;2007;38.28842585449215;0.0684407519935009;Rede MapBiomas;https://drive.google.com/uc?id=1otOqymHuixvkRGVl65zTTNyfaHo46Gqk&export=download;1985–2025;2026-10-07T18:19:30.573244+00:00;ha
4113254;Laranjal;46;3.2.2.1. Café;4;11;2008;32.596808618164;0.058266957824113084;Rede MapBiomas;https://drive.google.com/uc?id=1otOqymHuixvkRGVl65zTTNyfaHo46Gqk&export=download;1985–2025;2026-10-07T18:19:30.573244+00:00;ha
4113254;Laranjal;46;3.2.2.1. Café;4;11;2009;27.31325445556638;0.048822578432262294;Rede MapBiomas;https://drive.google.com/uc?id=1otOqymHuixvkRGVl65zTTNyfaHo46Gqk&export=download;1985–2025;2026-10-07T18:19:30.573244+00:00;ha
4113254;Laranjal;46;3.2.2.1. Café;4;11;2010;25.03804750976563;0.04475563468003774;Rede MapBiomas;https://drive.google.com/uc?id=1otOqymHuixvkRGVl65zTTNyfaHo46Gqk&export=download;1985–2025;2026-10-07T18:19:30.573244+00:00;ha
4113254;Laranjal;46;3.2.2.1. Café;4;11;2011;22.03174332885744;0.039381850977242276;Rede MapBiomas;https://drive.google.com/uc?id=1otOqymHuixvkRGVl65zTTNyfaHo46Gqk&export=download;1985–2025;2026-10-07T18:19:30.573244+00:00;ha
4113254;Laranjal;46;3.2.2.1. Café;4;11;2012;22.6008660888672;0.040399160746510704;Rede MapBiomas;https://drive.google.com/uc?id=1otOqymHuixvkRGVl65zTTNyfaHo46Gqk&export=download;1985–2025;2026-10-07T18:19:30.573244+00:00;ha
4113254;Laranjal;46;3.2.2.1. Café;4;11;2013;20.24441463623047;0.036186992033502265;Rede MapBiomas;https://drive.google.com/uc?id=1otOqymHuixvkRGVl65zTTNyfaHo46Gqk&export=download;1985–2025;2026-10-07T18:19:30.573244+00:00;ha
4113254;Laranjal;46;3.2.2.1. Café;4;11;2014;16.2604817138672;0.02906569208415431;Rede MapBiomas;https://drive.google.com/uc?id=1otOqymHuixvkRGVl65zTTNyfaHo46Gqk&export=download;1985–2025;2026-10-07T18:19:30.573244+00:00;ha
4113254;Laranjal;46;3.2.2.1. Café;4;11;2015;12.19586239624024;0.021800164801238815;Rede MapBiomas;https://drive.google.com/uc?id=1otOqymHuixvkRGVl65zTTNyfaHo46Gqk&export=download;1985–2025;2026-10-07T18:19:30.573244+00:00;ha
4113254;Laranjal;46;3.2.2.1. Café;4;11;2016;11.78934624633789;0.021073515157752486;Rede MapBiomas;https://drive.google.com/uc?id=1otOqymHuixvkRGVl65zTTNyfaHo46Gqk&export=download;1985–2025;2026-10-07T18:19:30.573244+00:00;ha
4113254;Laranjal;46;3.2.2.1. Café;4;11;2017;8.94452774658203;0.01598838791464669;Rede MapBiomas;https://drive.google.com/uc?id=1otOqymHuixvkRGVl65zTTNyfaHo46Gqk&export=download;1985–2025;2026-10-07T18:19:30.573244+00:00;ha
4113254;Laranjal;46;3.2.2.1. Café;4;11;2018;5.855481719970705;0.010466702750381553;Rede MapBiomas;https://drive.google.com/uc?id=1otOqymHuixvkRGVl65zTTNyfaHo46Gqk&export=download;1985–2025;2026-10-07T18:19:30.573244+00:00;ha
4113254;Laranjal;46;3.2.2.1. Café;4;11;2019;5.855481719970705;0.010466702750381553;Rede MapBiomas;https://drive.google.com/uc?id=1otOqymHuixvkRGVl65zTTNyfaHo46Gqk&export=download;1985–2025;2026-10-07T18:19:30.573244+00:00;ha
4113254;Laranjal;46;3.2.2.1. Café;4;11;2020;5.855481719970705;0.010466702750381553;Rede MapBiomas;https://drive.google.com/uc?id=1otOqymHuixvkRGVl65zTTNyfaHo46Gqk&export=download;1985–2025;2026-10-07T18:19:30.573244+00:00;ha
4113254;Laranjal;46;3.2.2.1. Café;4;11;2021;5.855481719970705;0.010466702750381553;Rede MapBiomas;https://drive.google.com/uc?id=1otOqymHuixvkRGVl65zTTNyfaHo46Gqk&export=download;1985–2025;2026-10-07T18:19:30.573244+00:00;ha
4113254;Laranjal;46;3.2.2.1. Café;4;11;2022;5.855481719970705;0.010466702750381553;Rede MapBiomas;https://drive.google.com/uc?id=1otOqymHuixvkRGVl65zTTNyfaHo46Gqk&export=download;1985–2025;2026-10-07T18:19:30.573244+00:00;ha
4113254;Laranjal;46;3.2.2.1. Café;4;11;2023;5.855481719970705;0.010466702750381553;Rede MapBiomas;https://drive.google.com/uc?id=1otOqymHuixvkRGVl65zTTNyfaHo46Gqk&export=download;1985–2025;2026-10-07T18:19:30.573244+00:00;ha
4113254;Laranjal;46;3.2.2.1. Café;4;11;2024;6.180590032958985;0.011047835479755587;Rede MapBiomas;https://drive.google.com/uc?id=1otOqymHuixvkRGVl65zTTNyfaHo46Gqk&export=download;1985–2025;2026-10-07T18:19:30.573244+00:00;ha
4113254;Laranjal;46;3.2.2.1. Café;4;11;2025;6.180590032958985;0.011047835479755587;Rede MapBiomas;https://drive.google.com/uc?id=1otOqymHuixvkRGVl65zTTNyfaHo46Gqk&export=download;1985–2025;2026-10-07T18:19:30.573244+00:00;ha
