municipalityCode,reference,indicator,value,unit,status,sourceId,url,collectedAt,transformation,note
4127965,202410,Famílias · Programa Bolsa Família,1101,famílias,real,Programa Bolsa Família-4127965,https://aplicacoes.mds.gov.br/sagi/servicos/misocial?q=%2A%3A%2A&fq=tipo_s%3Ames_mu&fq=codigo_ibge%3A%28412796+OR+411960+OR+411325+OR+410940%29&fq=anomes_s%3A%5B202303+TO+202609%5D&wt=json&rows=400&sort=anomes_s+asc&fl=anomes_s%2Cbpc_ben_i%2Cbpc_idoso_ben_i%2Cbpc_idoso_val_s%2Cbpc_pcd_ben_i%2Cbpc_pcd_val_s%2Cbpc_val_s%2Ccadsuas_data_extracao_s%2Ccadsuas_qtd_centro_convivencia_i%2Ccadsuas_qtd_centro_dia_similares_i%2Ccadsuas_qtd_centro_pop_i%2Ccadsuas_qtd_cras_i%2Ccadsuas_qtd_creas_i%2Ccadsuas_qtd_unidade_acolhimento_i%2Ccadun_qtd_familias_atualizadas_i%2Ccadun_qtd_familias_cadastradas_baixa_renda_i%2Ccadun_qtd_familias_cadastradas_i%2Ccadun_qtd_familias_cadastradas_pobreza_pbf_i%2Ccadun_qtd_familias_cadastradas_rfpc_acima_meio_sm_i%2Ccadun_qtd_pessoas_cadastradas_baixa_renda_i%2Ccadun_qtd_pessoas_cadastradas_i%2Ccadun_qtd_pessoas_cadastradas_pobreza_pbf_i%2Ccadun_qtd_pessoas_cadastradas_rfpc_acima_meio_sm_i%2Ccadun_taxa_atualizacao_cadastral_d%2Ccodigo_ibge%2Cmunicipio%2Cpbf_vlr_medio_benef_f%2Cqtd_familias_beneficiarias_bolsa_familia%2Cqtd_pessoas_beneficiarias_bolsa_familia_i%2Csigla_uf%2Ctipo_s%2Cvalor_repassado_bolsa_familia,2026-10-07T13:39:41.147042+00:00,Valor municipal publicado; sem imputação.,"Estatística administrativa municipal agregada; famílias e pessoas são unidades distintas. Não somar universos CadÚnico, Bolsa Família e BPC."
4127965,202410,Pessoas · Programa Bolsa Família,3166,pessoas,real,Programa Bolsa Família-4127965,https://aplicacoes.mds.gov.br/sagi/servicos/misocial?q=%2A%3A%2A&fq=tipo_s%3Ames_mu&fq=codigo_ibge%3A%28412796+OR+411960+OR+411325+OR+410940%29&fq=anomes_s%3A%5B202303+TO+202609%5D&wt=json&rows=400&sort=anomes_s+asc&fl=anomes_s%2Cbpc_ben_i%2Cbpc_idoso_ben_i%2Cbpc_idoso_val_s%2Cbpc_pcd_ben_i%2Cbpc_pcd_val_s%2Cbpc_val_s%2Ccadsuas_data_extracao_s%2Ccadsuas_qtd_centro_convivencia_i%2Ccadsuas_qtd_centro_dia_similares_i%2Ccadsuas_qtd_centro_pop_i%2Ccadsuas_qtd_cras_i%2Ccadsuas_qtd_creas_i%2Ccadsuas_qtd_unidade_acolhimento_i%2Ccadun_qtd_familias_atualizadas_i%2Ccadun_qtd_familias_cadastradas_baixa_renda_i%2Ccadun_qtd_familias_cadastradas_i%2Ccadun_qtd_familias_cadastradas_pobreza_pbf_i%2Ccadun_qtd_familias_cadastradas_rfpc_acima_meio_sm_i%2Ccadun_qtd_pessoas_cadastradas_baixa_renda_i%2Ccadun_qtd_pessoas_cadastradas_i%2Ccadun_qtd_pessoas_cadastradas_pobreza_pbf_i%2Ccadun_qtd_pessoas_cadastradas_rfpc_acima_meio_sm_i%2Ccadun_taxa_atualizacao_cadastral_d%2Ccodigo_ibge%2Cmunicipio%2Cpbf_vlr_medio_benef_f%2Cqtd_familias_beneficiarias_bolsa_familia%2Cqtd_pessoas_beneficiarias_bolsa_familia_i%2Csigla_uf%2Ctipo_s%2Cvalor_repassado_bolsa_familia,2026-10-07T13:39:41.147042+00:00,Valor municipal publicado; sem imputação.,"Estatística administrativa municipal agregada; famílias e pessoas são unidades distintas. Não somar universos CadÚnico, Bolsa Família e BPC."
4127965,202410,Valor mensal transferido · Programa Bolsa Família,707935.0,R$,real,Programa Bolsa Família-4127965,https://aplicacoes.mds.gov.br/sagi/servicos/misocial?q=%2A%3A%2A&fq=tipo_s%3Ames_mu&fq=codigo_ibge%3A%28412796+OR+411960+OR+411325+OR+410940%29&fq=anomes_s%3A%5B202303+TO+202609%5D&wt=json&rows=400&sort=anomes_s+asc&fl=anomes_s%2Cbpc_ben_i%2Cbpc_idoso_ben_i%2Cbpc_idoso_val_s%2Cbpc_pcd_ben_i%2Cbpc_pcd_val_s%2Cbpc_val_s%2Ccadsuas_data_extracao_s%2Ccadsuas_qtd_centro_convivencia_i%2Ccadsuas_qtd_centro_dia_similares_i%2Ccadsuas_qtd_centro_pop_i%2Ccadsuas_qtd_cras_i%2Ccadsuas_qtd_creas_i%2Ccadsuas_qtd_unidade_acolhimento_i%2Ccadun_qtd_familias_atualizadas_i%2Ccadun_qtd_familias_cadastradas_baixa_renda_i%2Ccadun_qtd_familias_cadastradas_i%2Ccadun_qtd_familias_cadastradas_pobreza_pbf_i%2Ccadun_qtd_familias_cadastradas_rfpc_acima_meio_sm_i%2Ccadun_qtd_pessoas_cadastradas_baixa_renda_i%2Ccadun_qtd_pessoas_cadastradas_i%2Ccadun_qtd_pessoas_cadastradas_pobreza_pbf_i%2Ccadun_qtd_pessoas_cadastradas_rfpc_acima_meio_sm_i%2Ccadun_taxa_atualizacao_cadastral_d%2Ccodigo_ibge%2Cmunicipio%2Cpbf_vlr_medio_benef_f%2Cqtd_familias_beneficiarias_bolsa_familia%2Cqtd_pessoas_beneficiarias_bolsa_familia_i%2Csigla_uf%2Ctipo_s%2Cvalor_repassado_bolsa_familia,2026-10-07T13:39:41.147042+00:00,Valor municipal publicado; sem imputação.,"Estatística administrativa municipal agregada; famílias e pessoas são unidades distintas. Não somar universos CadÚnico, Bolsa Família e BPC."
4127965,202410,Benefício médio oficial · Programa Bolsa Família,644.16,R$,real,Programa Bolsa Família-4127965,https://aplicacoes.mds.gov.br/sagi/servicos/misocial?q=%2A%3A%2A&fq=tipo_s%3Ames_mu&fq=codigo_ibge%3A%28412796+OR+411960+OR+411325+OR+410940%29&fq=anomes_s%3A%5B202303+TO+202609%5D&wt=json&rows=400&sort=anomes_s+asc&fl=anomes_s%2Cbpc_ben_i%2Cbpc_idoso_ben_i%2Cbpc_idoso_val_s%2Cbpc_pcd_ben_i%2Cbpc_pcd_val_s%2Cbpc_val_s%2Ccadsuas_data_extracao_s%2Ccadsuas_qtd_centro_convivencia_i%2Ccadsuas_qtd_centro_dia_similares_i%2Ccadsuas_qtd_centro_pop_i%2Ccadsuas_qtd_cras_i%2Ccadsuas_qtd_creas_i%2Ccadsuas_qtd_unidade_acolhimento_i%2Ccadun_qtd_familias_atualizadas_i%2Ccadun_qtd_familias_cadastradas_baixa_renda_i%2Ccadun_qtd_familias_cadastradas_i%2Ccadun_qtd_familias_cadastradas_pobreza_pbf_i%2Ccadun_qtd_familias_cadastradas_rfpc_acima_meio_sm_i%2Ccadun_qtd_pessoas_cadastradas_baixa_renda_i%2Ccadun_qtd_pessoas_cadastradas_i%2Ccadun_qtd_pessoas_cadastradas_pobreza_pbf_i%2Ccadun_qtd_pessoas_cadastradas_rfpc_acima_meio_sm_i%2Ccadun_taxa_atualizacao_cadastral_d%2Ccodigo_ibge%2Cmunicipio%2Cpbf_vlr_medio_benef_f%2Cqtd_familias_beneficiarias_bolsa_familia%2Cqtd_pessoas_beneficiarias_bolsa_familia_i%2Csigla_uf%2Ctipo_s%2Cvalor_repassado_bolsa_familia,2026-10-07T13:39:41.147042+00:00,Valor municipal publicado; sem imputação.,"Estatística administrativa municipal agregada; famílias e pessoas são unidades distintas. Não somar universos CadÚnico, Bolsa Família e BPC."
4127965,202411,Famílias · Programa Bolsa Família,1090,famílias,real,Programa Bolsa Família-4127965,https://aplicacoes.mds.gov.br/sagi/servicos/misocial?q=%2A%3A%2A&fq=tipo_s%3Ames_mu&fq=codigo_ibge%3A%28412796+OR+411960+OR+411325+OR+410940%29&fq=anomes_s%3A%5B202303+TO+202609%5D&wt=json&rows=400&sort=anomes_s+asc&fl=anomes_s%2Cbpc_ben_i%2Cbpc_idoso_ben_i%2Cbpc_idoso_val_s%2Cbpc_pcd_ben_i%2Cbpc_pcd_val_s%2Cbpc_val_s%2Ccadsuas_data_extracao_s%2Ccadsuas_qtd_centro_convivencia_i%2Ccadsuas_qtd_centro_dia_similares_i%2Ccadsuas_qtd_centro_pop_i%2Ccadsuas_qtd_cras_i%2Ccadsuas_qtd_creas_i%2Ccadsuas_qtd_unidade_acolhimento_i%2Ccadun_qtd_familias_atualizadas_i%2Ccadun_qtd_familias_cadastradas_baixa_renda_i%2Ccadun_qtd_familias_cadastradas_i%2Ccadun_qtd_familias_cadastradas_pobreza_pbf_i%2Ccadun_qtd_familias_cadastradas_rfpc_acima_meio_sm_i%2Ccadun_qtd_pessoas_cadastradas_baixa_renda_i%2Ccadun_qtd_pessoas_cadastradas_i%2Ccadun_qtd_pessoas_cadastradas_pobreza_pbf_i%2Ccadun_qtd_pessoas_cadastradas_rfpc_acima_meio_sm_i%2Ccadun_taxa_atualizacao_cadastral_d%2Ccodigo_ibge%2Cmunicipio%2Cpbf_vlr_medio_benef_f%2Cqtd_familias_beneficiarias_bolsa_familia%2Cqtd_pessoas_beneficiarias_bolsa_familia_i%2Csigla_uf%2Ctipo_s%2Cvalor_repassado_bolsa_familia,2026-10-07T13:39:41.147042+00:00,Valor municipal publicado; sem imputação.,"Estatística administrativa municipal agregada; famílias e pessoas são unidades distintas. Não somar universos CadÚnico, Bolsa Família e BPC."
4127965,202411,Pessoas · Programa Bolsa Família,3140,pessoas,real,Programa Bolsa Família-4127965,https://aplicacoes.mds.gov.br/sagi/servicos/misocial?q=%2A%3A%2A&fq=tipo_s%3Ames_mu&fq=codigo_ibge%3A%28412796+OR+411960+OR+411325+OR+410940%29&fq=anomes_s%3A%5B202303+TO+202609%5D&wt=json&rows=400&sort=anomes_s+asc&fl=anomes_s%2Cbpc_ben_i%2Cbpc_idoso_ben_i%2Cbpc_idoso_val_s%2Cbpc_pcd_ben_i%2Cbpc_pcd_val_s%2Cbpc_val_s%2Ccadsuas_data_extracao_s%2Ccadsuas_qtd_centro_convivencia_i%2Ccadsuas_qtd_centro_dia_similares_i%2Ccadsuas_qtd_centro_pop_i%2Ccadsuas_qtd_cras_i%2Ccadsuas_qtd_creas_i%2Ccadsuas_qtd_unidade_acolhimento_i%2Ccadun_qtd_familias_atualizadas_i%2Ccadun_qtd_familias_cadastradas_baixa_renda_i%2Ccadun_qtd_familias_cadastradas_i%2Ccadun_qtd_familias_cadastradas_pobreza_pbf_i%2Ccadun_qtd_familias_cadastradas_rfpc_acima_meio_sm_i%2Ccadun_qtd_pessoas_cadastradas_baixa_renda_i%2Ccadun_qtd_pessoas_cadastradas_i%2Ccadun_qtd_pessoas_cadastradas_pobreza_pbf_i%2Ccadun_qtd_pessoas_cadastradas_rfpc_acima_meio_sm_i%2Ccadun_taxa_atualizacao_cadastral_d%2Ccodigo_ibge%2Cmunicipio%2Cpbf_vlr_medio_benef_f%2Cqtd_familias_beneficiarias_bolsa_familia%2Cqtd_pessoas_beneficiarias_bolsa_familia_i%2Csigla_uf%2Ctipo_s%2Cvalor_repassado_bolsa_familia,2026-10-07T13:39:41.147042+00:00,Valor municipal publicado; sem imputação.,"Estatística administrativa municipal agregada; famílias e pessoas são unidades distintas. Não somar universos CadÚnico, Bolsa Família e BPC."
4127965,202411,Valor mensal transferido · Programa Bolsa Família,704890.0,R$,real,Programa Bolsa Família-4127965,https://aplicacoes.mds.gov.br/sagi/servicos/misocial?q=%2A%3A%2A&fq=tipo_s%3Ames_mu&fq=codigo_ibge%3A%28412796+OR+411960+OR+411325+OR+410940%29&fq=anomes_s%3A%5B202303+TO+202609%5D&wt=json&rows=400&sort=anomes_s+asc&fl=anomes_s%2Cbpc_ben_i%2Cbpc_idoso_ben_i%2Cbpc_idoso_val_s%2Cbpc_pcd_ben_i%2Cbpc_pcd_val_s%2Cbpc_val_s%2Ccadsuas_data_extracao_s%2Ccadsuas_qtd_centro_convivencia_i%2Ccadsuas_qtd_centro_dia_similares_i%2Ccadsuas_qtd_centro_pop_i%2Ccadsuas_qtd_cras_i%2Ccadsuas_qtd_creas_i%2Ccadsuas_qtd_unidade_acolhimento_i%2Ccadun_qtd_familias_atualizadas_i%2Ccadun_qtd_familias_cadastradas_baixa_renda_i%2Ccadun_qtd_familias_cadastradas_i%2Ccadun_qtd_familias_cadastradas_pobreza_pbf_i%2Ccadun_qtd_familias_cadastradas_rfpc_acima_meio_sm_i%2Ccadun_qtd_pessoas_cadastradas_baixa_renda_i%2Ccadun_qtd_pessoas_cadastradas_i%2Ccadun_qtd_pessoas_cadastradas_pobreza_pbf_i%2Ccadun_qtd_pessoas_cadastradas_rfpc_acima_meio_sm_i%2Ccadun_taxa_atualizacao_cadastral_d%2Ccodigo_ibge%2Cmunicipio%2Cpbf_vlr_medio_benef_f%2Cqtd_familias_beneficiarias_bolsa_familia%2Cqtd_pessoas_beneficiarias_bolsa_familia_i%2Csigla_uf%2Ctipo_s%2Cvalor_repassado_bolsa_familia,2026-10-07T13:39:41.147042+00:00,Valor municipal publicado; sem imputação.,"Estatística administrativa municipal agregada; famílias e pessoas são unidades distintas. Não somar universos CadÚnico, Bolsa Família e BPC."
4127965,202411,Benefício médio oficial · Programa Bolsa Família,649.07,R$,real,Programa Bolsa Família-4127965,https://aplicacoes.mds.gov.br/sagi/servicos/misocial?q=%2A%3A%2A&fq=tipo_s%3Ames_mu&fq=codigo_ibge%3A%28412796+OR+411960+OR+411325+OR+410940%29&fq=anomes_s%3A%5B202303+TO+202609%5D&wt=json&rows=400&sort=anomes_s+asc&fl=anomes_s%2Cbpc_ben_i%2Cbpc_idoso_ben_i%2Cbpc_idoso_val_s%2Cbpc_pcd_ben_i%2Cbpc_pcd_val_s%2Cbpc_val_s%2Ccadsuas_data_extracao_s%2Ccadsuas_qtd_centro_convivencia_i%2Ccadsuas_qtd_centro_dia_similares_i%2Ccadsuas_qtd_centro_pop_i%2Ccadsuas_qtd_cras_i%2Ccadsuas_qtd_creas_i%2Ccadsuas_qtd_unidade_acolhimento_i%2Ccadun_qtd_familias_atualizadas_i%2Ccadun_qtd_familias_cadastradas_baixa_renda_i%2Ccadun_qtd_familias_cadastradas_i%2Ccadun_qtd_familias_cadastradas_pobreza_pbf_i%2Ccadun_qtd_familias_cadastradas_rfpc_acima_meio_sm_i%2Ccadun_qtd_pessoas_cadastradas_baixa_renda_i%2Ccadun_qtd_pessoas_cadastradas_i%2Ccadun_qtd_pessoas_cadastradas_pobreza_pbf_i%2Ccadun_qtd_pessoas_cadastradas_rfpc_acima_meio_sm_i%2Ccadun_taxa_atualizacao_cadastral_d%2Ccodigo_ibge%2Cmunicipio%2Cpbf_vlr_medio_benef_f%2Cqtd_familias_beneficiarias_bolsa_familia%2Cqtd_pessoas_beneficiarias_bolsa_familia_i%2Csigla_uf%2Ctipo_s%2Cvalor_repassado_bolsa_familia,2026-10-07T13:39:41.147042+00:00,Valor municipal publicado; sem imputação.,"Estatística administrativa municipal agregada; famílias e pessoas são unidades distintas. Não somar universos CadÚnico, Bolsa Família e BPC."
4127965,202412,Famílias · Programa Bolsa Família,1057,famílias,real,Programa Bolsa Família-4127965,https://aplicacoes.mds.gov.br/sagi/servicos/misocial?q=%2A%3A%2A&fq=tipo_s%3Ames_mu&fq=codigo_ibge%3A%28412796+OR+411960+OR+411325+OR+410940%29&fq=anomes_s%3A%5B202303+TO+202609%5D&wt=json&rows=400&sort=anomes_s+asc&fl=anomes_s%2Cbpc_ben_i%2Cbpc_idoso_ben_i%2Cbpc_idoso_val_s%2Cbpc_pcd_ben_i%2Cbpc_pcd_val_s%2Cbpc_val_s%2Ccadsuas_data_extracao_s%2Ccadsuas_qtd_centro_convivencia_i%2Ccadsuas_qtd_centro_dia_similares_i%2Ccadsuas_qtd_centro_pop_i%2Ccadsuas_qtd_cras_i%2Ccadsuas_qtd_creas_i%2Ccadsuas_qtd_unidade_acolhimento_i%2Ccadun_qtd_familias_atualizadas_i%2Ccadun_qtd_familias_cadastradas_baixa_renda_i%2Ccadun_qtd_familias_cadastradas_i%2Ccadun_qtd_familias_cadastradas_pobreza_pbf_i%2Ccadun_qtd_familias_cadastradas_rfpc_acima_meio_sm_i%2Ccadun_qtd_pessoas_cadastradas_baixa_renda_i%2Ccadun_qtd_pessoas_cadastradas_i%2Ccadun_qtd_pessoas_cadastradas_pobreza_pbf_i%2Ccadun_qtd_pessoas_cadastradas_rfpc_acima_meio_sm_i%2Ccadun_taxa_atualizacao_cadastral_d%2Ccodigo_ibge%2Cmunicipio%2Cpbf_vlr_medio_benef_f%2Cqtd_familias_beneficiarias_bolsa_familia%2Cqtd_pessoas_beneficiarias_bolsa_familia_i%2Csigla_uf%2Ctipo_s%2Cvalor_repassado_bolsa_familia,2026-10-07T13:39:41.147042+00:00,Valor municipal publicado; sem imputação.,"Estatística administrativa municipal agregada; famílias e pessoas são unidades distintas. Não somar universos CadÚnico, Bolsa Família e BPC."
4127965,202412,Pessoas · Programa Bolsa Família,3044,pessoas,real,Programa Bolsa Família-4127965,https://aplicacoes.mds.gov.br/sagi/servicos/misocial?q=%2A%3A%2A&fq=tipo_s%3Ames_mu&fq=codigo_ibge%3A%28412796+OR+411960+OR+411325+OR+410940%29&fq=anomes_s%3A%5B202303+TO+202609%5D&wt=json&rows=400&sort=anomes_s+asc&fl=anomes_s%2Cbpc_ben_i%2Cbpc_idoso_ben_i%2Cbpc_idoso_val_s%2Cbpc_pcd_ben_i%2Cbpc_pcd_val_s%2Cbpc_val_s%2Ccadsuas_data_extracao_s%2Ccadsuas_qtd_centro_convivencia_i%2Ccadsuas_qtd_centro_dia_similares_i%2Ccadsuas_qtd_centro_pop_i%2Ccadsuas_qtd_cras_i%2Ccadsuas_qtd_creas_i%2Ccadsuas_qtd_unidade_acolhimento_i%2Ccadun_qtd_familias_atualizadas_i%2Ccadun_qtd_familias_cadastradas_baixa_renda_i%2Ccadun_qtd_familias_cadastradas_i%2Ccadun_qtd_familias_cadastradas_pobreza_pbf_i%2Ccadun_qtd_familias_cadastradas_rfpc_acima_meio_sm_i%2Ccadun_qtd_pessoas_cadastradas_baixa_renda_i%2Ccadun_qtd_pessoas_cadastradas_i%2Ccadun_qtd_pessoas_cadastradas_pobreza_pbf_i%2Ccadun_qtd_pessoas_cadastradas_rfpc_acima_meio_sm_i%2Ccadun_taxa_atualizacao_cadastral_d%2Ccodigo_ibge%2Cmunicipio%2Cpbf_vlr_medio_benef_f%2Cqtd_familias_beneficiarias_bolsa_familia%2Cqtd_pessoas_beneficiarias_bolsa_familia_i%2Csigla_uf%2Ctipo_s%2Cvalor_repassado_bolsa_familia,2026-10-07T13:39:41.147042+00:00,Valor municipal publicado; sem imputação.,"Estatística administrativa municipal agregada; famílias e pessoas são unidades distintas. Não somar universos CadÚnico, Bolsa Família e BPC."
4127965,202412,Valor mensal transferido · Programa Bolsa Família,678341.0,R$,real,Programa Bolsa Família-4127965,https://aplicacoes.mds.gov.br/sagi/servicos/misocial?q=%2A%3A%2A&fq=tipo_s%3Ames_mu&fq=codigo_ibge%3A%28412796+OR+411960+OR+411325+OR+410940%29&fq=anomes_s%3A%5B202303+TO+202609%5D&wt=json&rows=400&sort=anomes_s+asc&fl=anomes_s%2Cbpc_ben_i%2Cbpc_idoso_ben_i%2Cbpc_idoso_val_s%2Cbpc_pcd_ben_i%2Cbpc_pcd_val_s%2Cbpc_val_s%2Ccadsuas_data_extracao_s%2Ccadsuas_qtd_centro_convivencia_i%2Ccadsuas_qtd_centro_dia_similares_i%2Ccadsuas_qtd_centro_pop_i%2Ccadsuas_qtd_cras_i%2Ccadsuas_qtd_creas_i%2Ccadsuas_qtd_unidade_acolhimento_i%2Ccadun_qtd_familias_atualizadas_i%2Ccadun_qtd_familias_cadastradas_baixa_renda_i%2Ccadun_qtd_familias_cadastradas_i%2Ccadun_qtd_familias_cadastradas_pobreza_pbf_i%2Ccadun_qtd_familias_cadastradas_rfpc_acima_meio_sm_i%2Ccadun_qtd_pessoas_cadastradas_baixa_renda_i%2Ccadun_qtd_pessoas_cadastradas_i%2Ccadun_qtd_pessoas_cadastradas_pobreza_pbf_i%2Ccadun_qtd_pessoas_cadastradas_rfpc_acima_meio_sm_i%2Ccadun_taxa_atualizacao_cadastral_d%2Ccodigo_ibge%2Cmunicipio%2Cpbf_vlr_medio_benef_f%2Cqtd_familias_beneficiarias_bolsa_familia%2Cqtd_pessoas_beneficiarias_bolsa_familia_i%2Csigla_uf%2Ctipo_s%2Cvalor_repassado_bolsa_familia,2026-10-07T13:39:41.147042+00:00,Valor municipal publicado; sem imputação.,"Estatística administrativa municipal agregada; famílias e pessoas são unidades distintas. Não somar universos CadÚnico, Bolsa Família e BPC."
4127965,202412,Benefício médio oficial · Programa Bolsa Família,643.59,R$,real,Programa Bolsa Família-4127965,https://aplicacoes.mds.gov.br/sagi/servicos/misocial?q=%2A%3A%2A&fq=tipo_s%3Ames_mu&fq=codigo_ibge%3A%28412796+OR+411960+OR+411325+OR+410940%29&fq=anomes_s%3A%5B202303+TO+202609%5D&wt=json&rows=400&sort=anomes_s+asc&fl=anomes_s%2Cbpc_ben_i%2Cbpc_idoso_ben_i%2Cbpc_idoso_val_s%2Cbpc_pcd_ben_i%2Cbpc_pcd_val_s%2Cbpc_val_s%2Ccadsuas_data_extracao_s%2Ccadsuas_qtd_centro_convivencia_i%2Ccadsuas_qtd_centro_dia_similares_i%2Ccadsuas_qtd_centro_pop_i%2Ccadsuas_qtd_cras_i%2Ccadsuas_qtd_creas_i%2Ccadsuas_qtd_unidade_acolhimento_i%2Ccadun_qtd_familias_atualizadas_i%2Ccadun_qtd_familias_cadastradas_baixa_renda_i%2Ccadun_qtd_familias_cadastradas_i%2Ccadun_qtd_familias_cadastradas_pobreza_pbf_i%2Ccadun_qtd_familias_cadastradas_rfpc_acima_meio_sm_i%2Ccadun_qtd_pessoas_cadastradas_baixa_renda_i%2Ccadun_qtd_pessoas_cadastradas_i%2Ccadun_qtd_pessoas_cadastradas_pobreza_pbf_i%2Ccadun_qtd_pessoas_cadastradas_rfpc_acima_meio_sm_i%2Ccadun_taxa_atualizacao_cadastral_d%2Ccodigo_ibge%2Cmunicipio%2Cpbf_vlr_medio_benef_f%2Cqtd_familias_beneficiarias_bolsa_familia%2Cqtd_pessoas_beneficiarias_bolsa_familia_i%2Csigla_uf%2Ctipo_s%2Cvalor_repassado_bolsa_familia,2026-10-07T13:39:41.147042+00:00,Valor municipal publicado; sem imputação.,"Estatística administrativa municipal agregada; famílias e pessoas são unidades distintas. Não somar universos CadÚnico, Bolsa Família e BPC."
4127965,202501,Famílias · Programa Bolsa Família,1017,famílias,real,Programa Bolsa Família-4127965,https://aplicacoes.mds.gov.br/sagi/servicos/misocial?q=%2A%3A%2A&fq=tipo_s%3Ames_mu&fq=codigo_ibge%3A%28412796+OR+411960+OR+411325+OR+410940%29&fq=anomes_s%3A%5B202303+TO+202609%5D&wt=json&rows=400&sort=anomes_s+asc&fl=anomes_s%2Cbpc_ben_i%2Cbpc_idoso_ben_i%2Cbpc_idoso_val_s%2Cbpc_pcd_ben_i%2Cbpc_pcd_val_s%2Cbpc_val_s%2Ccadsuas_data_extracao_s%2Ccadsuas_qtd_centro_convivencia_i%2Ccadsuas_qtd_centro_dia_similares_i%2Ccadsuas_qtd_centro_pop_i%2Ccadsuas_qtd_cras_i%2Ccadsuas_qtd_creas_i%2Ccadsuas_qtd_unidade_acolhimento_i%2Ccadun_qtd_familias_atualizadas_i%2Ccadun_qtd_familias_cadastradas_baixa_renda_i%2Ccadun_qtd_familias_cadastradas_i%2Ccadun_qtd_familias_cadastradas_pobreza_pbf_i%2Ccadun_qtd_familias_cadastradas_rfpc_acima_meio_sm_i%2Ccadun_qtd_pessoas_cadastradas_baixa_renda_i%2Ccadun_qtd_pessoas_cadastradas_i%2Ccadun_qtd_pessoas_cadastradas_pobreza_pbf_i%2Ccadun_qtd_pessoas_cadastradas_rfpc_acima_meio_sm_i%2Ccadun_taxa_atualizacao_cadastral_d%2Ccodigo_ibge%2Cmunicipio%2Cpbf_vlr_medio_benef_f%2Cqtd_familias_beneficiarias_bolsa_familia%2Cqtd_pessoas_beneficiarias_bolsa_familia_i%2Csigla_uf%2Ctipo_s%2Cvalor_repassado_bolsa_familia,2026-10-07T13:39:41.147042+00:00,Valor municipal publicado; sem imputação.,"Estatística administrativa municipal agregada; famílias e pessoas são unidades distintas. Não somar universos CadÚnico, Bolsa Família e BPC."
4127965,202501,Pessoas · Programa Bolsa Família,2944,pessoas,real,Programa Bolsa Família-4127965,https://aplicacoes.mds.gov.br/sagi/servicos/misocial?q=%2A%3A%2A&fq=tipo_s%3Ames_mu&fq=codigo_ibge%3A%28412796+OR+411960+OR+411325+OR+410940%29&fq=anomes_s%3A%5B202303+TO+202609%5D&wt=json&rows=400&sort=anomes_s+asc&fl=anomes_s%2Cbpc_ben_i%2Cbpc_idoso_ben_i%2Cbpc_idoso_val_s%2Cbpc_pcd_ben_i%2Cbpc_pcd_val_s%2Cbpc_val_s%2Ccadsuas_data_extracao_s%2Ccadsuas_qtd_centro_convivencia_i%2Ccadsuas_qtd_centro_dia_similares_i%2Ccadsuas_qtd_centro_pop_i%2Ccadsuas_qtd_cras_i%2Ccadsuas_qtd_creas_i%2Ccadsuas_qtd_unidade_acolhimento_i%2Ccadun_qtd_familias_atualizadas_i%2Ccadun_qtd_familias_cadastradas_baixa_renda_i%2Ccadun_qtd_familias_cadastradas_i%2Ccadun_qtd_familias_cadastradas_pobreza_pbf_i%2Ccadun_qtd_familias_cadastradas_rfpc_acima_meio_sm_i%2Ccadun_qtd_pessoas_cadastradas_baixa_renda_i%2Ccadun_qtd_pessoas_cadastradas_i%2Ccadun_qtd_pessoas_cadastradas_pobreza_pbf_i%2Ccadun_qtd_pessoas_cadastradas_rfpc_acima_meio_sm_i%2Ccadun_taxa_atualizacao_cadastral_d%2Ccodigo_ibge%2Cmunicipio%2Cpbf_vlr_medio_benef_f%2Cqtd_familias_beneficiarias_bolsa_familia%2Cqtd_pessoas_beneficiarias_bolsa_familia_i%2Csigla_uf%2Ctipo_s%2Cvalor_repassado_bolsa_familia,2026-10-07T13:39:41.147042+00:00,Valor municipal publicado; sem imputação.,"Estatística administrativa municipal agregada; famílias e pessoas são unidades distintas. Não somar universos CadÚnico, Bolsa Família e BPC."
4127965,202501,Valor mensal transferido · Programa Bolsa Família,649434.0,R$,real,Programa Bolsa Família-4127965,https://aplicacoes.mds.gov.br/sagi/servicos/misocial?q=%2A%3A%2A&fq=tipo_s%3Ames_mu&fq=codigo_ibge%3A%28412796+OR+411960+OR+411325+OR+410940%29&fq=anomes_s%3A%5B202303+TO+202609%5D&wt=json&rows=400&sort=anomes_s+asc&fl=anomes_s%2Cbpc_ben_i%2Cbpc_idoso_ben_i%2Cbpc_idoso_val_s%2Cbpc_pcd_ben_i%2Cbpc_pcd_val_s%2Cbpc_val_s%2Ccadsuas_data_extracao_s%2Ccadsuas_qtd_centro_convivencia_i%2Ccadsuas_qtd_centro_dia_similares_i%2Ccadsuas_qtd_centro_pop_i%2Ccadsuas_qtd_cras_i%2Ccadsuas_qtd_creas_i%2Ccadsuas_qtd_unidade_acolhimento_i%2Ccadun_qtd_familias_atualizadas_i%2Ccadun_qtd_familias_cadastradas_baixa_renda_i%2Ccadun_qtd_familias_cadastradas_i%2Ccadun_qtd_familias_cadastradas_pobreza_pbf_i%2Ccadun_qtd_familias_cadastradas_rfpc_acima_meio_sm_i%2Ccadun_qtd_pessoas_cadastradas_baixa_renda_i%2Ccadun_qtd_pessoas_cadastradas_i%2Ccadun_qtd_pessoas_cadastradas_pobreza_pbf_i%2Ccadun_qtd_pessoas_cadastradas_rfpc_acima_meio_sm_i%2Ccadun_taxa_atualizacao_cadastral_d%2Ccodigo_ibge%2Cmunicipio%2Cpbf_vlr_medio_benef_f%2Cqtd_familias_beneficiarias_bolsa_familia%2Cqtd_pessoas_beneficiarias_bolsa_familia_i%2Csigla_uf%2Ctipo_s%2Cvalor_repassado_bolsa_familia,2026-10-07T13:39:41.147042+00:00,Valor municipal publicado; sem imputação.,"Estatística administrativa municipal agregada; famílias e pessoas são unidades distintas. Não somar universos CadÚnico, Bolsa Família e BPC."
4127965,202501,Benefício médio oficial · Programa Bolsa Família,638.58,R$,real,Programa Bolsa Família-4127965,https://aplicacoes.mds.gov.br/sagi/servicos/misocial?q=%2A%3A%2A&fq=tipo_s%3Ames_mu&fq=codigo_ibge%3A%28412796+OR+411960+OR+411325+OR+410940%29&fq=anomes_s%3A%5B202303+TO+202609%5D&wt=json&rows=400&sort=anomes_s+asc&fl=anomes_s%2Cbpc_ben_i%2Cbpc_idoso_ben_i%2Cbpc_idoso_val_s%2Cbpc_pcd_ben_i%2Cbpc_pcd_val_s%2Cbpc_val_s%2Ccadsuas_data_extracao_s%2Ccadsuas_qtd_centro_convivencia_i%2Ccadsuas_qtd_centro_dia_similares_i%2Ccadsuas_qtd_centro_pop_i%2Ccadsuas_qtd_cras_i%2Ccadsuas_qtd_creas_i%2Ccadsuas_qtd_unidade_acolhimento_i%2Ccadun_qtd_familias_atualizadas_i%2Ccadun_qtd_familias_cadastradas_baixa_renda_i%2Ccadun_qtd_familias_cadastradas_i%2Ccadun_qtd_familias_cadastradas_pobreza_pbf_i%2Ccadun_qtd_familias_cadastradas_rfpc_acima_meio_sm_i%2Ccadun_qtd_pessoas_cadastradas_baixa_renda_i%2Ccadun_qtd_pessoas_cadastradas_i%2Ccadun_qtd_pessoas_cadastradas_pobreza_pbf_i%2Ccadun_qtd_pessoas_cadastradas_rfpc_acima_meio_sm_i%2Ccadun_taxa_atualizacao_cadastral_d%2Ccodigo_ibge%2Cmunicipio%2Cpbf_vlr_medio_benef_f%2Cqtd_familias_beneficiarias_bolsa_familia%2Cqtd_pessoas_beneficiarias_bolsa_familia_i%2Csigla_uf%2Ctipo_s%2Cvalor_repassado_bolsa_familia,2026-10-07T13:39:41.147042+00:00,Valor municipal publicado; sem imputação.,"Estatística administrativa municipal agregada; famílias e pessoas são unidades distintas. Não somar universos CadÚnico, Bolsa Família e BPC."
4127965,202502,Famílias · Programa Bolsa Família,1031,famílias,real,Programa Bolsa Família-4127965,https://aplicacoes.mds.gov.br/sagi/servicos/misocial?q=%2A%3A%2A&fq=tipo_s%3Ames_mu&fq=codigo_ibge%3A%28412796+OR+411960+OR+411325+OR+410940%29&fq=anomes_s%3A%5B202303+TO+202609%5D&wt=json&rows=400&sort=anomes_s+asc&fl=anomes_s%2Cbpc_ben_i%2Cbpc_idoso_ben_i%2Cbpc_idoso_val_s%2Cbpc_pcd_ben_i%2Cbpc_pcd_val_s%2Cbpc_val_s%2Ccadsuas_data_extracao_s%2Ccadsuas_qtd_centro_convivencia_i%2Ccadsuas_qtd_centro_dia_similares_i%2Ccadsuas_qtd_centro_pop_i%2Ccadsuas_qtd_cras_i%2Ccadsuas_qtd_creas_i%2Ccadsuas_qtd_unidade_acolhimento_i%2Ccadun_qtd_familias_atualizadas_i%2Ccadun_qtd_familias_cadastradas_baixa_renda_i%2Ccadun_qtd_familias_cadastradas_i%2Ccadun_qtd_familias_cadastradas_pobreza_pbf_i%2Ccadun_qtd_familias_cadastradas_rfpc_acima_meio_sm_i%2Ccadun_qtd_pessoas_cadastradas_baixa_renda_i%2Ccadun_qtd_pessoas_cadastradas_i%2Ccadun_qtd_pessoas_cadastradas_pobreza_pbf_i%2Ccadun_qtd_pessoas_cadastradas_rfpc_acima_meio_sm_i%2Ccadun_taxa_atualizacao_cadastral_d%2Ccodigo_ibge%2Cmunicipio%2Cpbf_vlr_medio_benef_f%2Cqtd_familias_beneficiarias_bolsa_familia%2Cqtd_pessoas_beneficiarias_bolsa_familia_i%2Csigla_uf%2Ctipo_s%2Cvalor_repassado_bolsa_familia,2026-10-07T13:39:41.147042+00:00,Valor municipal publicado; sem imputação.,"Estatística administrativa municipal agregada; famílias e pessoas são unidades distintas. Não somar universos CadÚnico, Bolsa Família e BPC."
4127965,202502,Pessoas · Programa Bolsa Família,2961,pessoas,real,Programa Bolsa Família-4127965,https://aplicacoes.mds.gov.br/sagi/servicos/misocial?q=%2A%3A%2A&fq=tipo_s%3Ames_mu&fq=codigo_ibge%3A%28412796+OR+411960+OR+411325+OR+410940%29&fq=anomes_s%3A%5B202303+TO+202609%5D&wt=json&rows=400&sort=anomes_s+asc&fl=anomes_s%2Cbpc_ben_i%2Cbpc_idoso_ben_i%2Cbpc_idoso_val_s%2Cbpc_pcd_ben_i%2Cbpc_pcd_val_s%2Cbpc_val_s%2Ccadsuas_data_extracao_s%2Ccadsuas_qtd_centro_convivencia_i%2Ccadsuas_qtd_centro_dia_similares_i%2Ccadsuas_qtd_centro_pop_i%2Ccadsuas_qtd_cras_i%2Ccadsuas_qtd_creas_i%2Ccadsuas_qtd_unidade_acolhimento_i%2Ccadun_qtd_familias_atualizadas_i%2Ccadun_qtd_familias_cadastradas_baixa_renda_i%2Ccadun_qtd_familias_cadastradas_i%2Ccadun_qtd_familias_cadastradas_pobreza_pbf_i%2Ccadun_qtd_familias_cadastradas_rfpc_acima_meio_sm_i%2Ccadun_qtd_pessoas_cadastradas_baixa_renda_i%2Ccadun_qtd_pessoas_cadastradas_i%2Ccadun_qtd_pessoas_cadastradas_pobreza_pbf_i%2Ccadun_qtd_pessoas_cadastradas_rfpc_acima_meio_sm_i%2Ccadun_taxa_atualizacao_cadastral_d%2Ccodigo_ibge%2Cmunicipio%2Cpbf_vlr_medio_benef_f%2Cqtd_familias_beneficiarias_bolsa_familia%2Cqtd_pessoas_beneficiarias_bolsa_familia_i%2Csigla_uf%2Ctipo_s%2Cvalor_repassado_bolsa_familia,2026-10-07T13:39:41.147042+00:00,Valor municipal publicado; sem imputação.,"Estatística administrativa municipal agregada; famílias e pessoas são unidades distintas. Não somar universos CadÚnico, Bolsa Família e BPC."
4127965,202502,Valor mensal transferido · Programa Bolsa Família,654119.0,R$,real,Programa Bolsa Família-4127965,https://aplicacoes.mds.gov.br/sagi/servicos/misocial?q=%2A%3A%2A&fq=tipo_s%3Ames_mu&fq=codigo_ibge%3A%28412796+OR+411960+OR+411325+OR+410940%29&fq=anomes_s%3A%5B202303+TO+202609%5D&wt=json&rows=400&sort=anomes_s+asc&fl=anomes_s%2Cbpc_ben_i%2Cbpc_idoso_ben_i%2Cbpc_idoso_val_s%2Cbpc_pcd_ben_i%2Cbpc_pcd_val_s%2Cbpc_val_s%2Ccadsuas_data_extracao_s%2Ccadsuas_qtd_centro_convivencia_i%2Ccadsuas_qtd_centro_dia_similares_i%2Ccadsuas_qtd_centro_pop_i%2Ccadsuas_qtd_cras_i%2Ccadsuas_qtd_creas_i%2Ccadsuas_qtd_unidade_acolhimento_i%2Ccadun_qtd_familias_atualizadas_i%2Ccadun_qtd_familias_cadastradas_baixa_renda_i%2Ccadun_qtd_familias_cadastradas_i%2Ccadun_qtd_familias_cadastradas_pobreza_pbf_i%2Ccadun_qtd_familias_cadastradas_rfpc_acima_meio_sm_i%2Ccadun_qtd_pessoas_cadastradas_baixa_renda_i%2Ccadun_qtd_pessoas_cadastradas_i%2Ccadun_qtd_pessoas_cadastradas_pobreza_pbf_i%2Ccadun_qtd_pessoas_cadastradas_rfpc_acima_meio_sm_i%2Ccadun_taxa_atualizacao_cadastral_d%2Ccodigo_ibge%2Cmunicipio%2Cpbf_vlr_medio_benef_f%2Cqtd_familias_beneficiarias_bolsa_familia%2Cqtd_pessoas_beneficiarias_bolsa_familia_i%2Csigla_uf%2Ctipo_s%2Cvalor_repassado_bolsa_familia,2026-10-07T13:39:41.147042+00:00,Valor municipal publicado; sem imputação.,"Estatística administrativa municipal agregada; famílias e pessoas são unidades distintas. Não somar universos CadÚnico, Bolsa Família e BPC."
4127965,202502,Benefício médio oficial · Programa Bolsa Família,634.45,R$,real,Programa Bolsa Família-4127965,https://aplicacoes.mds.gov.br/sagi/servicos/misocial?q=%2A%3A%2A&fq=tipo_s%3Ames_mu&fq=codigo_ibge%3A%28412796+OR+411960+OR+411325+OR+410940%29&fq=anomes_s%3A%5B202303+TO+202609%5D&wt=json&rows=400&sort=anomes_s+asc&fl=anomes_s%2Cbpc_ben_i%2Cbpc_idoso_ben_i%2Cbpc_idoso_val_s%2Cbpc_pcd_ben_i%2Cbpc_pcd_val_s%2Cbpc_val_s%2Ccadsuas_data_extracao_s%2Ccadsuas_qtd_centro_convivencia_i%2Ccadsuas_qtd_centro_dia_similares_i%2Ccadsuas_qtd_centro_pop_i%2Ccadsuas_qtd_cras_i%2Ccadsuas_qtd_creas_i%2Ccadsuas_qtd_unidade_acolhimento_i%2Ccadun_qtd_familias_atualizadas_i%2Ccadun_qtd_familias_cadastradas_baixa_renda_i%2Ccadun_qtd_familias_cadastradas_i%2Ccadun_qtd_familias_cadastradas_pobreza_pbf_i%2Ccadun_qtd_familias_cadastradas_rfpc_acima_meio_sm_i%2Ccadun_qtd_pessoas_cadastradas_baixa_renda_i%2Ccadun_qtd_pessoas_cadastradas_i%2Ccadun_qtd_pessoas_cadastradas_pobreza_pbf_i%2Ccadun_qtd_pessoas_cadastradas_rfpc_acima_meio_sm_i%2Ccadun_taxa_atualizacao_cadastral_d%2Ccodigo_ibge%2Cmunicipio%2Cpbf_vlr_medio_benef_f%2Cqtd_familias_beneficiarias_bolsa_familia%2Cqtd_pessoas_beneficiarias_bolsa_familia_i%2Csigla_uf%2Ctipo_s%2Cvalor_repassado_bolsa_familia,2026-10-07T13:39:41.147042+00:00,Valor municipal publicado; sem imputação.,"Estatística administrativa municipal agregada; famílias e pessoas são unidades distintas. Não somar universos CadÚnico, Bolsa Família e BPC."
4127965,202503,Famílias · Programa Bolsa Família,1037,famílias,real,Programa Bolsa Família-4127965,https://aplicacoes.mds.gov.br/sagi/servicos/misocial?q=%2A%3A%2A&fq=tipo_s%3Ames_mu&fq=codigo_ibge%3A%28412796+OR+411960+OR+411325+OR+410940%29&fq=anomes_s%3A%5B202303+TO+202609%5D&wt=json&rows=400&sort=anomes_s+asc&fl=anomes_s%2Cbpc_ben_i%2Cbpc_idoso_ben_i%2Cbpc_idoso_val_s%2Cbpc_pcd_ben_i%2Cbpc_pcd_val_s%2Cbpc_val_s%2Ccadsuas_data_extracao_s%2Ccadsuas_qtd_centro_convivencia_i%2Ccadsuas_qtd_centro_dia_similares_i%2Ccadsuas_qtd_centro_pop_i%2Ccadsuas_qtd_cras_i%2Ccadsuas_qtd_creas_i%2Ccadsuas_qtd_unidade_acolhimento_i%2Ccadun_qtd_familias_atualizadas_i%2Ccadun_qtd_familias_cadastradas_baixa_renda_i%2Ccadun_qtd_familias_cadastradas_i%2Ccadun_qtd_familias_cadastradas_pobreza_pbf_i%2Ccadun_qtd_familias_cadastradas_rfpc_acima_meio_sm_i%2Ccadun_qtd_pessoas_cadastradas_baixa_renda_i%2Ccadun_qtd_pessoas_cadastradas_i%2Ccadun_qtd_pessoas_cadastradas_pobreza_pbf_i%2Ccadun_qtd_pessoas_cadastradas_rfpc_acima_meio_sm_i%2Ccadun_taxa_atualizacao_cadastral_d%2Ccodigo_ibge%2Cmunicipio%2Cpbf_vlr_medio_benef_f%2Cqtd_familias_beneficiarias_bolsa_familia%2Cqtd_pessoas_beneficiarias_bolsa_familia_i%2Csigla_uf%2Ctipo_s%2Cvalor_repassado_bolsa_familia,2026-10-07T13:39:41.147042+00:00,Valor municipal publicado; sem imputação.,"Estatística administrativa municipal agregada; famílias e pessoas são unidades distintas. Não somar universos CadÚnico, Bolsa Família e BPC."
4127965,202503,Pessoas · Programa Bolsa Família,3001,pessoas,real,Programa Bolsa Família-4127965,https://aplicacoes.mds.gov.br/sagi/servicos/misocial?q=%2A%3A%2A&fq=tipo_s%3Ames_mu&fq=codigo_ibge%3A%28412796+OR+411960+OR+411325+OR+410940%29&fq=anomes_s%3A%5B202303+TO+202609%5D&wt=json&rows=400&sort=anomes_s+asc&fl=anomes_s%2Cbpc_ben_i%2Cbpc_idoso_ben_i%2Cbpc_idoso_val_s%2Cbpc_pcd_ben_i%2Cbpc_pcd_val_s%2Cbpc_val_s%2Ccadsuas_data_extracao_s%2Ccadsuas_qtd_centro_convivencia_i%2Ccadsuas_qtd_centro_dia_similares_i%2Ccadsuas_qtd_centro_pop_i%2Ccadsuas_qtd_cras_i%2Ccadsuas_qtd_creas_i%2Ccadsuas_qtd_unidade_acolhimento_i%2Ccadun_qtd_familias_atualizadas_i%2Ccadun_qtd_familias_cadastradas_baixa_renda_i%2Ccadun_qtd_familias_cadastradas_i%2Ccadun_qtd_familias_cadastradas_pobreza_pbf_i%2Ccadun_qtd_familias_cadastradas_rfpc_acima_meio_sm_i%2Ccadun_qtd_pessoas_cadastradas_baixa_renda_i%2Ccadun_qtd_pessoas_cadastradas_i%2Ccadun_qtd_pessoas_cadastradas_pobreza_pbf_i%2Ccadun_qtd_pessoas_cadastradas_rfpc_acima_meio_sm_i%2Ccadun_taxa_atualizacao_cadastral_d%2Ccodigo_ibge%2Cmunicipio%2Cpbf_vlr_medio_benef_f%2Cqtd_familias_beneficiarias_bolsa_familia%2Cqtd_pessoas_beneficiarias_bolsa_familia_i%2Csigla_uf%2Ctipo_s%2Cvalor_repassado_bolsa_familia,2026-10-07T13:39:41.147042+00:00,Valor municipal publicado; sem imputação.,"Estatística administrativa municipal agregada; famílias e pessoas são unidades distintas. Não somar universos CadÚnico, Bolsa Família e BPC."
4127965,202503,Valor mensal transferido · Programa Bolsa Família,665813.0,R$,real,Programa Bolsa Família-4127965,https://aplicacoes.mds.gov.br/sagi/servicos/misocial?q=%2A%3A%2A&fq=tipo_s%3Ames_mu&fq=codigo_ibge%3A%28412796+OR+411960+OR+411325+OR+410940%29&fq=anomes_s%3A%5B202303+TO+202609%5D&wt=json&rows=400&sort=anomes_s+asc&fl=anomes_s%2Cbpc_ben_i%2Cbpc_idoso_ben_i%2Cbpc_idoso_val_s%2Cbpc_pcd_ben_i%2Cbpc_pcd_val_s%2Cbpc_val_s%2Ccadsuas_data_extracao_s%2Ccadsuas_qtd_centro_convivencia_i%2Ccadsuas_qtd_centro_dia_similares_i%2Ccadsuas_qtd_centro_pop_i%2Ccadsuas_qtd_cras_i%2Ccadsuas_qtd_creas_i%2Ccadsuas_qtd_unidade_acolhimento_i%2Ccadun_qtd_familias_atualizadas_i%2Ccadun_qtd_familias_cadastradas_baixa_renda_i%2Ccadun_qtd_familias_cadastradas_i%2Ccadun_qtd_familias_cadastradas_pobreza_pbf_i%2Ccadun_qtd_familias_cadastradas_rfpc_acima_meio_sm_i%2Ccadun_qtd_pessoas_cadastradas_baixa_renda_i%2Ccadun_qtd_pessoas_cadastradas_i%2Ccadun_qtd_pessoas_cadastradas_pobreza_pbf_i%2Ccadun_qtd_pessoas_cadastradas_rfpc_acima_meio_sm_i%2Ccadun_taxa_atualizacao_cadastral_d%2Ccodigo_ibge%2Cmunicipio%2Cpbf_vlr_medio_benef_f%2Cqtd_familias_beneficiarias_bolsa_familia%2Cqtd_pessoas_beneficiarias_bolsa_familia_i%2Csigla_uf%2Ctipo_s%2Cvalor_repassado_bolsa_familia,2026-10-07T13:39:41.147042+00:00,Valor municipal publicado; sem imputação.,"Estatística administrativa municipal agregada; famílias e pessoas são unidades distintas. Não somar universos CadÚnico, Bolsa Família e BPC."
4127965,202503,Benefício médio oficial · Programa Bolsa Família,643.92,R$,real,Programa Bolsa Família-4127965,https://aplicacoes.mds.gov.br/sagi/servicos/misocial?q=%2A%3A%2A&fq=tipo_s%3Ames_mu&fq=codigo_ibge%3A%28412796+OR+411960+OR+411325+OR+410940%29&fq=anomes_s%3A%5B202303+TO+202609%5D&wt=json&rows=400&sort=anomes_s+asc&fl=anomes_s%2Cbpc_ben_i%2Cbpc_idoso_ben_i%2Cbpc_idoso_val_s%2Cbpc_pcd_ben_i%2Cbpc_pcd_val_s%2Cbpc_val_s%2Ccadsuas_data_extracao_s%2Ccadsuas_qtd_centro_convivencia_i%2Ccadsuas_qtd_centro_dia_similares_i%2Ccadsuas_qtd_centro_pop_i%2Ccadsuas_qtd_cras_i%2Ccadsuas_qtd_creas_i%2Ccadsuas_qtd_unidade_acolhimento_i%2Ccadun_qtd_familias_atualizadas_i%2Ccadun_qtd_familias_cadastradas_baixa_renda_i%2Ccadun_qtd_familias_cadastradas_i%2Ccadun_qtd_familias_cadastradas_pobreza_pbf_i%2Ccadun_qtd_familias_cadastradas_rfpc_acima_meio_sm_i%2Ccadun_qtd_pessoas_cadastradas_baixa_renda_i%2Ccadun_qtd_pessoas_cadastradas_i%2Ccadun_qtd_pessoas_cadastradas_pobreza_pbf_i%2Ccadun_qtd_pessoas_cadastradas_rfpc_acima_meio_sm_i%2Ccadun_taxa_atualizacao_cadastral_d%2Ccodigo_ibge%2Cmunicipio%2Cpbf_vlr_medio_benef_f%2Cqtd_familias_beneficiarias_bolsa_familia%2Cqtd_pessoas_beneficiarias_bolsa_familia_i%2Csigla_uf%2Ctipo_s%2Cvalor_repassado_bolsa_familia,2026-10-07T13:39:41.147042+00:00,Valor municipal publicado; sem imputação.,"Estatística administrativa municipal agregada; famílias e pessoas são unidades distintas. Não somar universos CadÚnico, Bolsa Família e BPC."
4127965,202504,Famílias · Programa Bolsa Família,1037,famílias,real,Programa Bolsa Família-4127965,https://aplicacoes.mds.gov.br/sagi/servicos/misocial?q=%2A%3A%2A&fq=tipo_s%3Ames_mu&fq=codigo_ibge%3A%28412796+OR+411960+OR+411325+OR+410940%29&fq=anomes_s%3A%5B202303+TO+202609%5D&wt=json&rows=400&sort=anomes_s+asc&fl=anomes_s%2Cbpc_ben_i%2Cbpc_idoso_ben_i%2Cbpc_idoso_val_s%2Cbpc_pcd_ben_i%2Cbpc_pcd_val_s%2Cbpc_val_s%2Ccadsuas_data_extracao_s%2Ccadsuas_qtd_centro_convivencia_i%2Ccadsuas_qtd_centro_dia_similares_i%2Ccadsuas_qtd_centro_pop_i%2Ccadsuas_qtd_cras_i%2Ccadsuas_qtd_creas_i%2Ccadsuas_qtd_unidade_acolhimento_i%2Ccadun_qtd_familias_atualizadas_i%2Ccadun_qtd_familias_cadastradas_baixa_renda_i%2Ccadun_qtd_familias_cadastradas_i%2Ccadun_qtd_familias_cadastradas_pobreza_pbf_i%2Ccadun_qtd_familias_cadastradas_rfpc_acima_meio_sm_i%2Ccadun_qtd_pessoas_cadastradas_baixa_renda_i%2Ccadun_qtd_pessoas_cadastradas_i%2Ccadun_qtd_pessoas_cadastradas_pobreza_pbf_i%2Ccadun_qtd_pessoas_cadastradas_rfpc_acima_meio_sm_i%2Ccadun_taxa_atualizacao_cadastral_d%2Ccodigo_ibge%2Cmunicipio%2Cpbf_vlr_medio_benef_f%2Cqtd_familias_beneficiarias_bolsa_familia%2Cqtd_pessoas_beneficiarias_bolsa_familia_i%2Csigla_uf%2Ctipo_s%2Cvalor_repassado_bolsa_familia,2026-10-07T13:39:41.147042+00:00,Valor municipal publicado; sem imputação.,"Estatística administrativa municipal agregada; famílias e pessoas são unidades distintas. Não somar universos CadÚnico, Bolsa Família e BPC."
4127965,202504,Pessoas · Programa Bolsa Família,2994,pessoas,real,Programa Bolsa Família-4127965,https://aplicacoes.mds.gov.br/sagi/servicos/misocial?q=%2A%3A%2A&fq=tipo_s%3Ames_mu&fq=codigo_ibge%3A%28412796+OR+411960+OR+411325+OR+410940%29&fq=anomes_s%3A%5B202303+TO+202609%5D&wt=json&rows=400&sort=anomes_s+asc&fl=anomes_s%2Cbpc_ben_i%2Cbpc_idoso_ben_i%2Cbpc_idoso_val_s%2Cbpc_pcd_ben_i%2Cbpc_pcd_val_s%2Cbpc_val_s%2Ccadsuas_data_extracao_s%2Ccadsuas_qtd_centro_convivencia_i%2Ccadsuas_qtd_centro_dia_similares_i%2Ccadsuas_qtd_centro_pop_i%2Ccadsuas_qtd_cras_i%2Ccadsuas_qtd_creas_i%2Ccadsuas_qtd_unidade_acolhimento_i%2Ccadun_qtd_familias_atualizadas_i%2Ccadun_qtd_familias_cadastradas_baixa_renda_i%2Ccadun_qtd_familias_cadastradas_i%2Ccadun_qtd_familias_cadastradas_pobreza_pbf_i%2Ccadun_qtd_familias_cadastradas_rfpc_acima_meio_sm_i%2Ccadun_qtd_pessoas_cadastradas_baixa_renda_i%2Ccadun_qtd_pessoas_cadastradas_i%2Ccadun_qtd_pessoas_cadastradas_pobreza_pbf_i%2Ccadun_qtd_pessoas_cadastradas_rfpc_acima_meio_sm_i%2Ccadun_taxa_atualizacao_cadastral_d%2Ccodigo_ibge%2Cmunicipio%2Cpbf_vlr_medio_benef_f%2Cqtd_familias_beneficiarias_bolsa_familia%2Cqtd_pessoas_beneficiarias_bolsa_familia_i%2Csigla_uf%2Ctipo_s%2Cvalor_repassado_bolsa_familia,2026-10-07T13:39:41.147042+00:00,Valor municipal publicado; sem imputação.,"Estatística administrativa municipal agregada; famílias e pessoas são unidades distintas. Não somar universos CadÚnico, Bolsa Família e BPC."
4127965,202504,Valor mensal transferido · Programa Bolsa Família,670795.0,R$,real,Programa Bolsa Família-4127965,https://aplicacoes.mds.gov.br/sagi/servicos/misocial?q=%2A%3A%2A&fq=tipo_s%3Ames_mu&fq=codigo_ibge%3A%28412796+OR+411960+OR+411325+OR+410940%29&fq=anomes_s%3A%5B202303+TO+202609%5D&wt=json&rows=400&sort=anomes_s+asc&fl=anomes_s%2Cbpc_ben_i%2Cbpc_idoso_ben_i%2Cbpc_idoso_val_s%2Cbpc_pcd_ben_i%2Cbpc_pcd_val_s%2Cbpc_val_s%2Ccadsuas_data_extracao_s%2Ccadsuas_qtd_centro_convivencia_i%2Ccadsuas_qtd_centro_dia_similares_i%2Ccadsuas_qtd_centro_pop_i%2Ccadsuas_qtd_cras_i%2Ccadsuas_qtd_creas_i%2Ccadsuas_qtd_unidade_acolhimento_i%2Ccadun_qtd_familias_atualizadas_i%2Ccadun_qtd_familias_cadastradas_baixa_renda_i%2Ccadun_qtd_familias_cadastradas_i%2Ccadun_qtd_familias_cadastradas_pobreza_pbf_i%2Ccadun_qtd_familias_cadastradas_rfpc_acima_meio_sm_i%2Ccadun_qtd_pessoas_cadastradas_baixa_renda_i%2Ccadun_qtd_pessoas_cadastradas_i%2Ccadun_qtd_pessoas_cadastradas_pobreza_pbf_i%2Ccadun_qtd_pessoas_cadastradas_rfpc_acima_meio_sm_i%2Ccadun_taxa_atualizacao_cadastral_d%2Ccodigo_ibge%2Cmunicipio%2Cpbf_vlr_medio_benef_f%2Cqtd_familias_beneficiarias_bolsa_familia%2Cqtd_pessoas_beneficiarias_bolsa_familia_i%2Csigla_uf%2Ctipo_s%2Cvalor_repassado_bolsa_familia,2026-10-07T13:39:41.147042+00:00,Valor municipal publicado; sem imputação.,"Estatística administrativa municipal agregada; famílias e pessoas são unidades distintas. Não somar universos CadÚnico, Bolsa Família e BPC."
4127965,202504,Benefício médio oficial · Programa Bolsa Família,648.74,R$,real,Programa Bolsa Família-4127965,https://aplicacoes.mds.gov.br/sagi/servicos/misocial?q=%2A%3A%2A&fq=tipo_s%3Ames_mu&fq=codigo_ibge%3A%28412796+OR+411960+OR+411325+OR+410940%29&fq=anomes_s%3A%5B202303+TO+202609%5D&wt=json&rows=400&sort=anomes_s+asc&fl=anomes_s%2Cbpc_ben_i%2Cbpc_idoso_ben_i%2Cbpc_idoso_val_s%2Cbpc_pcd_ben_i%2Cbpc_pcd_val_s%2Cbpc_val_s%2Ccadsuas_data_extracao_s%2Ccadsuas_qtd_centro_convivencia_i%2Ccadsuas_qtd_centro_dia_similares_i%2Ccadsuas_qtd_centro_pop_i%2Ccadsuas_qtd_cras_i%2Ccadsuas_qtd_creas_i%2Ccadsuas_qtd_unidade_acolhimento_i%2Ccadun_qtd_familias_atualizadas_i%2Ccadun_qtd_familias_cadastradas_baixa_renda_i%2Ccadun_qtd_familias_cadastradas_i%2Ccadun_qtd_familias_cadastradas_pobreza_pbf_i%2Ccadun_qtd_familias_cadastradas_rfpc_acima_meio_sm_i%2Ccadun_qtd_pessoas_cadastradas_baixa_renda_i%2Ccadun_qtd_pessoas_cadastradas_i%2Ccadun_qtd_pessoas_cadastradas_pobreza_pbf_i%2Ccadun_qtd_pessoas_cadastradas_rfpc_acima_meio_sm_i%2Ccadun_taxa_atualizacao_cadastral_d%2Ccodigo_ibge%2Cmunicipio%2Cpbf_vlr_medio_benef_f%2Cqtd_familias_beneficiarias_bolsa_familia%2Cqtd_pessoas_beneficiarias_bolsa_familia_i%2Csigla_uf%2Ctipo_s%2Cvalor_repassado_bolsa_familia,2026-10-07T13:39:41.147042+00:00,Valor municipal publicado; sem imputação.,"Estatística administrativa municipal agregada; famílias e pessoas são unidades distintas. Não somar universos CadÚnico, Bolsa Família e BPC."
4127965,202505,Famílias · Programa Bolsa Família,1026,famílias,real,Programa Bolsa Família-4127965,https://aplicacoes.mds.gov.br/sagi/servicos/misocial?q=%2A%3A%2A&fq=tipo_s%3Ames_mu&fq=codigo_ibge%3A%28412796+OR+411960+OR+411325+OR+410940%29&fq=anomes_s%3A%5B202303+TO+202609%5D&wt=json&rows=400&sort=anomes_s+asc&fl=anomes_s%2Cbpc_ben_i%2Cbpc_idoso_ben_i%2Cbpc_idoso_val_s%2Cbpc_pcd_ben_i%2Cbpc_pcd_val_s%2Cbpc_val_s%2Ccadsuas_data_extracao_s%2Ccadsuas_qtd_centro_convivencia_i%2Ccadsuas_qtd_centro_dia_similares_i%2Ccadsuas_qtd_centro_pop_i%2Ccadsuas_qtd_cras_i%2Ccadsuas_qtd_creas_i%2Ccadsuas_qtd_unidade_acolhimento_i%2Ccadun_qtd_familias_atualizadas_i%2Ccadun_qtd_familias_cadastradas_baixa_renda_i%2Ccadun_qtd_familias_cadastradas_i%2Ccadun_qtd_familias_cadastradas_pobreza_pbf_i%2Ccadun_qtd_familias_cadastradas_rfpc_acima_meio_sm_i%2Ccadun_qtd_pessoas_cadastradas_baixa_renda_i%2Ccadun_qtd_pessoas_cadastradas_i%2Ccadun_qtd_pessoas_cadastradas_pobreza_pbf_i%2Ccadun_qtd_pessoas_cadastradas_rfpc_acima_meio_sm_i%2Ccadun_taxa_atualizacao_cadastral_d%2Ccodigo_ibge%2Cmunicipio%2Cpbf_vlr_medio_benef_f%2Cqtd_familias_beneficiarias_bolsa_familia%2Cqtd_pessoas_beneficiarias_bolsa_familia_i%2Csigla_uf%2Ctipo_s%2Cvalor_repassado_bolsa_familia,2026-10-07T13:39:41.147042+00:00,Valor municipal publicado; sem imputação.,"Estatística administrativa municipal agregada; famílias e pessoas são unidades distintas. Não somar universos CadÚnico, Bolsa Família e BPC."
4127965,202505,Pessoas · Programa Bolsa Família,2958,pessoas,real,Programa Bolsa Família-4127965,https://aplicacoes.mds.gov.br/sagi/servicos/misocial?q=%2A%3A%2A&fq=tipo_s%3Ames_mu&fq=codigo_ibge%3A%28412796+OR+411960+OR+411325+OR+410940%29&fq=anomes_s%3A%5B202303+TO+202609%5D&wt=json&rows=400&sort=anomes_s+asc&fl=anomes_s%2Cbpc_ben_i%2Cbpc_idoso_ben_i%2Cbpc_idoso_val_s%2Cbpc_pcd_ben_i%2Cbpc_pcd_val_s%2Cbpc_val_s%2Ccadsuas_data_extracao_s%2Ccadsuas_qtd_centro_convivencia_i%2Ccadsuas_qtd_centro_dia_similares_i%2Ccadsuas_qtd_centro_pop_i%2Ccadsuas_qtd_cras_i%2Ccadsuas_qtd_creas_i%2Ccadsuas_qtd_unidade_acolhimento_i%2Ccadun_qtd_familias_atualizadas_i%2Ccadun_qtd_familias_cadastradas_baixa_renda_i%2Ccadun_qtd_familias_cadastradas_i%2Ccadun_qtd_familias_cadastradas_pobreza_pbf_i%2Ccadun_qtd_familias_cadastradas_rfpc_acima_meio_sm_i%2Ccadun_qtd_pessoas_cadastradas_baixa_renda_i%2Ccadun_qtd_pessoas_cadastradas_i%2Ccadun_qtd_pessoas_cadastradas_pobreza_pbf_i%2Ccadun_qtd_pessoas_cadastradas_rfpc_acima_meio_sm_i%2Ccadun_taxa_atualizacao_cadastral_d%2Ccodigo_ibge%2Cmunicipio%2Cpbf_vlr_medio_benef_f%2Cqtd_familias_beneficiarias_bolsa_familia%2Cqtd_pessoas_beneficiarias_bolsa_familia_i%2Csigla_uf%2Ctipo_s%2Cvalor_repassado_bolsa_familia,2026-10-07T13:39:41.147042+00:00,Valor municipal publicado; sem imputação.,"Estatística administrativa municipal agregada; famílias e pessoas são unidades distintas. Não somar universos CadÚnico, Bolsa Família e BPC."
4127965,202505,Valor mensal transferido · Programa Bolsa Família,653694.0,R$,real,Programa Bolsa Família-4127965,https://aplicacoes.mds.gov.br/sagi/servicos/misocial?q=%2A%3A%2A&fq=tipo_s%3Ames_mu&fq=codigo_ibge%3A%28412796+OR+411960+OR+411325+OR+410940%29&fq=anomes_s%3A%5B202303+TO+202609%5D&wt=json&rows=400&sort=anomes_s+asc&fl=anomes_s%2Cbpc_ben_i%2Cbpc_idoso_ben_i%2Cbpc_idoso_val_s%2Cbpc_pcd_ben_i%2Cbpc_pcd_val_s%2Cbpc_val_s%2Ccadsuas_data_extracao_s%2Ccadsuas_qtd_centro_convivencia_i%2Ccadsuas_qtd_centro_dia_similares_i%2Ccadsuas_qtd_centro_pop_i%2Ccadsuas_qtd_cras_i%2Ccadsuas_qtd_creas_i%2Ccadsuas_qtd_unidade_acolhimento_i%2Ccadun_qtd_familias_atualizadas_i%2Ccadun_qtd_familias_cadastradas_baixa_renda_i%2Ccadun_qtd_familias_cadastradas_i%2Ccadun_qtd_familias_cadastradas_pobreza_pbf_i%2Ccadun_qtd_familias_cadastradas_rfpc_acima_meio_sm_i%2Ccadun_qtd_pessoas_cadastradas_baixa_renda_i%2Ccadun_qtd_pessoas_cadastradas_i%2Ccadun_qtd_pessoas_cadastradas_pobreza_pbf_i%2Ccadun_qtd_pessoas_cadastradas_rfpc_acima_meio_sm_i%2Ccadun_taxa_atualizacao_cadastral_d%2Ccodigo_ibge%2Cmunicipio%2Cpbf_vlr_medio_benef_f%2Cqtd_familias_beneficiarias_bolsa_familia%2Cqtd_pessoas_beneficiarias_bolsa_familia_i%2Csigla_uf%2Ctipo_s%2Cvalor_repassado_bolsa_familia,2026-10-07T13:39:41.147042+00:00,Valor municipal publicado; sem imputação.,"Estatística administrativa municipal agregada; famílias e pessoas são unidades distintas. Não somar universos CadÚnico, Bolsa Família e BPC."
4127965,202505,Benefício médio oficial · Programa Bolsa Família,637.13,R$,real,Programa Bolsa Família-4127965,https://aplicacoes.mds.gov.br/sagi/servicos/misocial?q=%2A%3A%2A&fq=tipo_s%3Ames_mu&fq=codigo_ibge%3A%28412796+OR+411960+OR+411325+OR+410940%29&fq=anomes_s%3A%5B202303+TO+202609%5D&wt=json&rows=400&sort=anomes_s+asc&fl=anomes_s%2Cbpc_ben_i%2Cbpc_idoso_ben_i%2Cbpc_idoso_val_s%2Cbpc_pcd_ben_i%2Cbpc_pcd_val_s%2Cbpc_val_s%2Ccadsuas_data_extracao_s%2Ccadsuas_qtd_centro_convivencia_i%2Ccadsuas_qtd_centro_dia_similares_i%2Ccadsuas_qtd_centro_pop_i%2Ccadsuas_qtd_cras_i%2Ccadsuas_qtd_creas_i%2Ccadsuas_qtd_unidade_acolhimento_i%2Ccadun_qtd_familias_atualizadas_i%2Ccadun_qtd_familias_cadastradas_baixa_renda_i%2Ccadun_qtd_familias_cadastradas_i%2Ccadun_qtd_familias_cadastradas_pobreza_pbf_i%2Ccadun_qtd_familias_cadastradas_rfpc_acima_meio_sm_i%2Ccadun_qtd_pessoas_cadastradas_baixa_renda_i%2Ccadun_qtd_pessoas_cadastradas_i%2Ccadun_qtd_pessoas_cadastradas_pobreza_pbf_i%2Ccadun_qtd_pessoas_cadastradas_rfpc_acima_meio_sm_i%2Ccadun_taxa_atualizacao_cadastral_d%2Ccodigo_ibge%2Cmunicipio%2Cpbf_vlr_medio_benef_f%2Cqtd_familias_beneficiarias_bolsa_familia%2Cqtd_pessoas_beneficiarias_bolsa_familia_i%2Csigla_uf%2Ctipo_s%2Cvalor_repassado_bolsa_familia,2026-10-07T13:39:41.147042+00:00,Valor municipal publicado; sem imputação.,"Estatística administrativa municipal agregada; famílias e pessoas são unidades distintas. Não somar universos CadÚnico, Bolsa Família e BPC."
4127965,202506,Famílias · Programa Bolsa Família,1026,famílias,real,Programa Bolsa Família-4127965,https://aplicacoes.mds.gov.br/sagi/servicos/misocial?q=%2A%3A%2A&fq=tipo_s%3Ames_mu&fq=codigo_ibge%3A%28412796+OR+411960+OR+411325+OR+410940%29&fq=anomes_s%3A%5B202303+TO+202609%5D&wt=json&rows=400&sort=anomes_s+asc&fl=anomes_s%2Cbpc_ben_i%2Cbpc_idoso_ben_i%2Cbpc_idoso_val_s%2Cbpc_pcd_ben_i%2Cbpc_pcd_val_s%2Cbpc_val_s%2Ccadsuas_data_extracao_s%2Ccadsuas_qtd_centro_convivencia_i%2Ccadsuas_qtd_centro_dia_similares_i%2Ccadsuas_qtd_centro_pop_i%2Ccadsuas_qtd_cras_i%2Ccadsuas_qtd_creas_i%2Ccadsuas_qtd_unidade_acolhimento_i%2Ccadun_qtd_familias_atualizadas_i%2Ccadun_qtd_familias_cadastradas_baixa_renda_i%2Ccadun_qtd_familias_cadastradas_i%2Ccadun_qtd_familias_cadastradas_pobreza_pbf_i%2Ccadun_qtd_familias_cadastradas_rfpc_acima_meio_sm_i%2Ccadun_qtd_pessoas_cadastradas_baixa_renda_i%2Ccadun_qtd_pessoas_cadastradas_i%2Ccadun_qtd_pessoas_cadastradas_pobreza_pbf_i%2Ccadun_qtd_pessoas_cadastradas_rfpc_acima_meio_sm_i%2Ccadun_taxa_atualizacao_cadastral_d%2Ccodigo_ibge%2Cmunicipio%2Cpbf_vlr_medio_benef_f%2Cqtd_familias_beneficiarias_bolsa_familia%2Cqtd_pessoas_beneficiarias_bolsa_familia_i%2Csigla_uf%2Ctipo_s%2Cvalor_repassado_bolsa_familia,2026-10-07T13:39:41.147042+00:00,Valor municipal publicado; sem imputação.,"Estatística administrativa municipal agregada; famílias e pessoas são unidades distintas. Não somar universos CadÚnico, Bolsa Família e BPC."
4127965,202506,Pessoas · Programa Bolsa Família,2949,pessoas,real,Programa Bolsa Família-4127965,https://aplicacoes.mds.gov.br/sagi/servicos/misocial?q=%2A%3A%2A&fq=tipo_s%3Ames_mu&fq=codigo_ibge%3A%28412796+OR+411960+OR+411325+OR+410940%29&fq=anomes_s%3A%5B202303+TO+202609%5D&wt=json&rows=400&sort=anomes_s+asc&fl=anomes_s%2Cbpc_ben_i%2Cbpc_idoso_ben_i%2Cbpc_idoso_val_s%2Cbpc_pcd_ben_i%2Cbpc_pcd_val_s%2Cbpc_val_s%2Ccadsuas_data_extracao_s%2Ccadsuas_qtd_centro_convivencia_i%2Ccadsuas_qtd_centro_dia_similares_i%2Ccadsuas_qtd_centro_pop_i%2Ccadsuas_qtd_cras_i%2Ccadsuas_qtd_creas_i%2Ccadsuas_qtd_unidade_acolhimento_i%2Ccadun_qtd_familias_atualizadas_i%2Ccadun_qtd_familias_cadastradas_baixa_renda_i%2Ccadun_qtd_familias_cadastradas_i%2Ccadun_qtd_familias_cadastradas_pobreza_pbf_i%2Ccadun_qtd_familias_cadastradas_rfpc_acima_meio_sm_i%2Ccadun_qtd_pessoas_cadastradas_baixa_renda_i%2Ccadun_qtd_pessoas_cadastradas_i%2Ccadun_qtd_pessoas_cadastradas_pobreza_pbf_i%2Ccadun_qtd_pessoas_cadastradas_rfpc_acima_meio_sm_i%2Ccadun_taxa_atualizacao_cadastral_d%2Ccodigo_ibge%2Cmunicipio%2Cpbf_vlr_medio_benef_f%2Cqtd_familias_beneficiarias_bolsa_familia%2Cqtd_pessoas_beneficiarias_bolsa_familia_i%2Csigla_uf%2Ctipo_s%2Cvalor_repassado_bolsa_familia,2026-10-07T13:39:41.147042+00:00,Valor municipal publicado; sem imputação.,"Estatística administrativa municipal agregada; famílias e pessoas são unidades distintas. Não somar universos CadÚnico, Bolsa Família e BPC."
4127965,202506,Valor mensal transferido · Programa Bolsa Família,657563.0,R$,real,Programa Bolsa Família-4127965,https://aplicacoes.mds.gov.br/sagi/servicos/misocial?q=%2A%3A%2A&fq=tipo_s%3Ames_mu&fq=codigo_ibge%3A%28412796+OR+411960+OR+411325+OR+410940%29&fq=anomes_s%3A%5B202303+TO+202609%5D&wt=json&rows=400&sort=anomes_s+asc&fl=anomes_s%2Cbpc_ben_i%2Cbpc_idoso_ben_i%2Cbpc_idoso_val_s%2Cbpc_pcd_ben_i%2Cbpc_pcd_val_s%2Cbpc_val_s%2Ccadsuas_data_extracao_s%2Ccadsuas_qtd_centro_convivencia_i%2Ccadsuas_qtd_centro_dia_similares_i%2Ccadsuas_qtd_centro_pop_i%2Ccadsuas_qtd_cras_i%2Ccadsuas_qtd_creas_i%2Ccadsuas_qtd_unidade_acolhimento_i%2Ccadun_qtd_familias_atualizadas_i%2Ccadun_qtd_familias_cadastradas_baixa_renda_i%2Ccadun_qtd_familias_cadastradas_i%2Ccadun_qtd_familias_cadastradas_pobreza_pbf_i%2Ccadun_qtd_familias_cadastradas_rfpc_acima_meio_sm_i%2Ccadun_qtd_pessoas_cadastradas_baixa_renda_i%2Ccadun_qtd_pessoas_cadastradas_i%2Ccadun_qtd_pessoas_cadastradas_pobreza_pbf_i%2Ccadun_qtd_pessoas_cadastradas_rfpc_acima_meio_sm_i%2Ccadun_taxa_atualizacao_cadastral_d%2Ccodigo_ibge%2Cmunicipio%2Cpbf_vlr_medio_benef_f%2Cqtd_familias_beneficiarias_bolsa_familia%2Cqtd_pessoas_beneficiarias_bolsa_familia_i%2Csigla_uf%2Ctipo_s%2Cvalor_repassado_bolsa_familia,2026-10-07T13:39:41.147042+00:00,Valor municipal publicado; sem imputação.,"Estatística administrativa municipal agregada; famílias e pessoas são unidades distintas. Não somar universos CadÚnico, Bolsa Família e BPC."
4127965,202506,Benefício médio oficial · Programa Bolsa Família,640.9,R$,real,Programa Bolsa Família-4127965,https://aplicacoes.mds.gov.br/sagi/servicos/misocial?q=%2A%3A%2A&fq=tipo_s%3Ames_mu&fq=codigo_ibge%3A%28412796+OR+411960+OR+411325+OR+410940%29&fq=anomes_s%3A%5B202303+TO+202609%5D&wt=json&rows=400&sort=anomes_s+asc&fl=anomes_s%2Cbpc_ben_i%2Cbpc_idoso_ben_i%2Cbpc_idoso_val_s%2Cbpc_pcd_ben_i%2Cbpc_pcd_val_s%2Cbpc_val_s%2Ccadsuas_data_extracao_s%2Ccadsuas_qtd_centro_convivencia_i%2Ccadsuas_qtd_centro_dia_similares_i%2Ccadsuas_qtd_centro_pop_i%2Ccadsuas_qtd_cras_i%2Ccadsuas_qtd_creas_i%2Ccadsuas_qtd_unidade_acolhimento_i%2Ccadun_qtd_familias_atualizadas_i%2Ccadun_qtd_familias_cadastradas_baixa_renda_i%2Ccadun_qtd_familias_cadastradas_i%2Ccadun_qtd_familias_cadastradas_pobreza_pbf_i%2Ccadun_qtd_familias_cadastradas_rfpc_acima_meio_sm_i%2Ccadun_qtd_pessoas_cadastradas_baixa_renda_i%2Ccadun_qtd_pessoas_cadastradas_i%2Ccadun_qtd_pessoas_cadastradas_pobreza_pbf_i%2Ccadun_qtd_pessoas_cadastradas_rfpc_acima_meio_sm_i%2Ccadun_taxa_atualizacao_cadastral_d%2Ccodigo_ibge%2Cmunicipio%2Cpbf_vlr_medio_benef_f%2Cqtd_familias_beneficiarias_bolsa_familia%2Cqtd_pessoas_beneficiarias_bolsa_familia_i%2Csigla_uf%2Ctipo_s%2Cvalor_repassado_bolsa_familia,2026-10-07T13:39:41.147042+00:00,Valor municipal publicado; sem imputação.,"Estatística administrativa municipal agregada; famílias e pessoas são unidades distintas. Não somar universos CadÚnico, Bolsa Família e BPC."
4127965,202507,Famílias · Programa Bolsa Família,972,famílias,real,Programa Bolsa Família-4127965,https://aplicacoes.mds.gov.br/sagi/servicos/misocial?q=%2A%3A%2A&fq=tipo_s%3Ames_mu&fq=codigo_ibge%3A%28412796+OR+411960+OR+411325+OR+410940%29&fq=anomes_s%3A%5B202303+TO+202609%5D&wt=json&rows=400&sort=anomes_s+asc&fl=anomes_s%2Cbpc_ben_i%2Cbpc_idoso_ben_i%2Cbpc_idoso_val_s%2Cbpc_pcd_ben_i%2Cbpc_pcd_val_s%2Cbpc_val_s%2Ccadsuas_data_extracao_s%2Ccadsuas_qtd_centro_convivencia_i%2Ccadsuas_qtd_centro_dia_similares_i%2Ccadsuas_qtd_centro_pop_i%2Ccadsuas_qtd_cras_i%2Ccadsuas_qtd_creas_i%2Ccadsuas_qtd_unidade_acolhimento_i%2Ccadun_qtd_familias_atualizadas_i%2Ccadun_qtd_familias_cadastradas_baixa_renda_i%2Ccadun_qtd_familias_cadastradas_i%2Ccadun_qtd_familias_cadastradas_pobreza_pbf_i%2Ccadun_qtd_familias_cadastradas_rfpc_acima_meio_sm_i%2Ccadun_qtd_pessoas_cadastradas_baixa_renda_i%2Ccadun_qtd_pessoas_cadastradas_i%2Ccadun_qtd_pessoas_cadastradas_pobreza_pbf_i%2Ccadun_qtd_pessoas_cadastradas_rfpc_acima_meio_sm_i%2Ccadun_taxa_atualizacao_cadastral_d%2Ccodigo_ibge%2Cmunicipio%2Cpbf_vlr_medio_benef_f%2Cqtd_familias_beneficiarias_bolsa_familia%2Cqtd_pessoas_beneficiarias_bolsa_familia_i%2Csigla_uf%2Ctipo_s%2Cvalor_repassado_bolsa_familia,2026-10-07T13:39:41.147042+00:00,Valor municipal publicado; sem imputação.,"Estatística administrativa municipal agregada; famílias e pessoas são unidades distintas. Não somar universos CadÚnico, Bolsa Família e BPC."
4127965,202507,Pessoas · Programa Bolsa Família,2794,pessoas,real,Programa Bolsa Família-4127965,https://aplicacoes.mds.gov.br/sagi/servicos/misocial?q=%2A%3A%2A&fq=tipo_s%3Ames_mu&fq=codigo_ibge%3A%28412796+OR+411960+OR+411325+OR+410940%29&fq=anomes_s%3A%5B202303+TO+202609%5D&wt=json&rows=400&sort=anomes_s+asc&fl=anomes_s%2Cbpc_ben_i%2Cbpc_idoso_ben_i%2Cbpc_idoso_val_s%2Cbpc_pcd_ben_i%2Cbpc_pcd_val_s%2Cbpc_val_s%2Ccadsuas_data_extracao_s%2Ccadsuas_qtd_centro_convivencia_i%2Ccadsuas_qtd_centro_dia_similares_i%2Ccadsuas_qtd_centro_pop_i%2Ccadsuas_qtd_cras_i%2Ccadsuas_qtd_creas_i%2Ccadsuas_qtd_unidade_acolhimento_i%2Ccadun_qtd_familias_atualizadas_i%2Ccadun_qtd_familias_cadastradas_baixa_renda_i%2Ccadun_qtd_familias_cadastradas_i%2Ccadun_qtd_familias_cadastradas_pobreza_pbf_i%2Ccadun_qtd_familias_cadastradas_rfpc_acima_meio_sm_i%2Ccadun_qtd_pessoas_cadastradas_baixa_renda_i%2Ccadun_qtd_pessoas_cadastradas_i%2Ccadun_qtd_pessoas_cadastradas_pobreza_pbf_i%2Ccadun_qtd_pessoas_cadastradas_rfpc_acima_meio_sm_i%2Ccadun_taxa_atualizacao_cadastral_d%2Ccodigo_ibge%2Cmunicipio%2Cpbf_vlr_medio_benef_f%2Cqtd_familias_beneficiarias_bolsa_familia%2Cqtd_pessoas_beneficiarias_bolsa_familia_i%2Csigla_uf%2Ctipo_s%2Cvalor_repassado_bolsa_familia,2026-10-07T13:39:41.147042+00:00,Valor municipal publicado; sem imputação.,"Estatística administrativa municipal agregada; famílias e pessoas são unidades distintas. Não somar universos CadÚnico, Bolsa Família e BPC."
4127965,202507,Valor mensal transferido · Programa Bolsa Família,632073.0,R$,real,Programa Bolsa Família-4127965,https://aplicacoes.mds.gov.br/sagi/servicos/misocial?q=%2A%3A%2A&fq=tipo_s%3Ames_mu&fq=codigo_ibge%3A%28412796+OR+411960+OR+411325+OR+410940%29&fq=anomes_s%3A%5B202303+TO+202609%5D&wt=json&rows=400&sort=anomes_s+asc&fl=anomes_s%2Cbpc_ben_i%2Cbpc_idoso_ben_i%2Cbpc_idoso_val_s%2Cbpc_pcd_ben_i%2Cbpc_pcd_val_s%2Cbpc_val_s%2Ccadsuas_data_extracao_s%2Ccadsuas_qtd_centro_convivencia_i%2Ccadsuas_qtd_centro_dia_similares_i%2Ccadsuas_qtd_centro_pop_i%2Ccadsuas_qtd_cras_i%2Ccadsuas_qtd_creas_i%2Ccadsuas_qtd_unidade_acolhimento_i%2Ccadun_qtd_familias_atualizadas_i%2Ccadun_qtd_familias_cadastradas_baixa_renda_i%2Ccadun_qtd_familias_cadastradas_i%2Ccadun_qtd_familias_cadastradas_pobreza_pbf_i%2Ccadun_qtd_familias_cadastradas_rfpc_acima_meio_sm_i%2Ccadun_qtd_pessoas_cadastradas_baixa_renda_i%2Ccadun_qtd_pessoas_cadastradas_i%2Ccadun_qtd_pessoas_cadastradas_pobreza_pbf_i%2Ccadun_qtd_pessoas_cadastradas_rfpc_acima_meio_sm_i%2Ccadun_taxa_atualizacao_cadastral_d%2Ccodigo_ibge%2Cmunicipio%2Cpbf_vlr_medio_benef_f%2Cqtd_familias_beneficiarias_bolsa_familia%2Cqtd_pessoas_beneficiarias_bolsa_familia_i%2Csigla_uf%2Ctipo_s%2Cvalor_repassado_bolsa_familia,2026-10-07T13:39:41.147042+00:00,Valor municipal publicado; sem imputação.,"Estatística administrativa municipal agregada; famílias e pessoas são unidades distintas. Não somar universos CadÚnico, Bolsa Família e BPC."
4127965,202507,Benefício médio oficial · Programa Bolsa Família,650.28,R$,real,Programa Bolsa Família-4127965,https://aplicacoes.mds.gov.br/sagi/servicos/misocial?q=%2A%3A%2A&fq=tipo_s%3Ames_mu&fq=codigo_ibge%3A%28412796+OR+411960+OR+411325+OR+410940%29&fq=anomes_s%3A%5B202303+TO+202609%5D&wt=json&rows=400&sort=anomes_s+asc&fl=anomes_s%2Cbpc_ben_i%2Cbpc_idoso_ben_i%2Cbpc_idoso_val_s%2Cbpc_pcd_ben_i%2Cbpc_pcd_val_s%2Cbpc_val_s%2Ccadsuas_data_extracao_s%2Ccadsuas_qtd_centro_convivencia_i%2Ccadsuas_qtd_centro_dia_similares_i%2Ccadsuas_qtd_centro_pop_i%2Ccadsuas_qtd_cras_i%2Ccadsuas_qtd_creas_i%2Ccadsuas_qtd_unidade_acolhimento_i%2Ccadun_qtd_familias_atualizadas_i%2Ccadun_qtd_familias_cadastradas_baixa_renda_i%2Ccadun_qtd_familias_cadastradas_i%2Ccadun_qtd_familias_cadastradas_pobreza_pbf_i%2Ccadun_qtd_familias_cadastradas_rfpc_acima_meio_sm_i%2Ccadun_qtd_pessoas_cadastradas_baixa_renda_i%2Ccadun_qtd_pessoas_cadastradas_i%2Ccadun_qtd_pessoas_cadastradas_pobreza_pbf_i%2Ccadun_qtd_pessoas_cadastradas_rfpc_acima_meio_sm_i%2Ccadun_taxa_atualizacao_cadastral_d%2Ccodigo_ibge%2Cmunicipio%2Cpbf_vlr_medio_benef_f%2Cqtd_familias_beneficiarias_bolsa_familia%2Cqtd_pessoas_beneficiarias_bolsa_familia_i%2Csigla_uf%2Ctipo_s%2Cvalor_repassado_bolsa_familia,2026-10-07T13:39:41.147042+00:00,Valor municipal publicado; sem imputação.,"Estatística administrativa municipal agregada; famílias e pessoas são unidades distintas. Não somar universos CadÚnico, Bolsa Família e BPC."
4127965,202508,Famílias · Programa Bolsa Família,959,famílias,real,Programa Bolsa Família-4127965,https://aplicacoes.mds.gov.br/sagi/servicos/misocial?q=%2A%3A%2A&fq=tipo_s%3Ames_mu&fq=codigo_ibge%3A%28412796+OR+411960+OR+411325+OR+410940%29&fq=anomes_s%3A%5B202303+TO+202609%5D&wt=json&rows=400&sort=anomes_s+asc&fl=anomes_s%2Cbpc_ben_i%2Cbpc_idoso_ben_i%2Cbpc_idoso_val_s%2Cbpc_pcd_ben_i%2Cbpc_pcd_val_s%2Cbpc_val_s%2Ccadsuas_data_extracao_s%2Ccadsuas_qtd_centro_convivencia_i%2Ccadsuas_qtd_centro_dia_similares_i%2Ccadsuas_qtd_centro_pop_i%2Ccadsuas_qtd_cras_i%2Ccadsuas_qtd_creas_i%2Ccadsuas_qtd_unidade_acolhimento_i%2Ccadun_qtd_familias_atualizadas_i%2Ccadun_qtd_familias_cadastradas_baixa_renda_i%2Ccadun_qtd_familias_cadastradas_i%2Ccadun_qtd_familias_cadastradas_pobreza_pbf_i%2Ccadun_qtd_familias_cadastradas_rfpc_acima_meio_sm_i%2Ccadun_qtd_pessoas_cadastradas_baixa_renda_i%2Ccadun_qtd_pessoas_cadastradas_i%2Ccadun_qtd_pessoas_cadastradas_pobreza_pbf_i%2Ccadun_qtd_pessoas_cadastradas_rfpc_acima_meio_sm_i%2Ccadun_taxa_atualizacao_cadastral_d%2Ccodigo_ibge%2Cmunicipio%2Cpbf_vlr_medio_benef_f%2Cqtd_familias_beneficiarias_bolsa_familia%2Cqtd_pessoas_beneficiarias_bolsa_familia_i%2Csigla_uf%2Ctipo_s%2Cvalor_repassado_bolsa_familia,2026-10-07T13:39:41.147042+00:00,Valor municipal publicado; sem imputação.,"Estatística administrativa municipal agregada; famílias e pessoas são unidades distintas. Não somar universos CadÚnico, Bolsa Família e BPC."
4127965,202508,Pessoas · Programa Bolsa Família,2748,pessoas,real,Programa Bolsa Família-4127965,https://aplicacoes.mds.gov.br/sagi/servicos/misocial?q=%2A%3A%2A&fq=tipo_s%3Ames_mu&fq=codigo_ibge%3A%28412796+OR+411960+OR+411325+OR+410940%29&fq=anomes_s%3A%5B202303+TO+202609%5D&wt=json&rows=400&sort=anomes_s+asc&fl=anomes_s%2Cbpc_ben_i%2Cbpc_idoso_ben_i%2Cbpc_idoso_val_s%2Cbpc_pcd_ben_i%2Cbpc_pcd_val_s%2Cbpc_val_s%2Ccadsuas_data_extracao_s%2Ccadsuas_qtd_centro_convivencia_i%2Ccadsuas_qtd_centro_dia_similares_i%2Ccadsuas_qtd_centro_pop_i%2Ccadsuas_qtd_cras_i%2Ccadsuas_qtd_creas_i%2Ccadsuas_qtd_unidade_acolhimento_i%2Ccadun_qtd_familias_atualizadas_i%2Ccadun_qtd_familias_cadastradas_baixa_renda_i%2Ccadun_qtd_familias_cadastradas_i%2Ccadun_qtd_familias_cadastradas_pobreza_pbf_i%2Ccadun_qtd_familias_cadastradas_rfpc_acima_meio_sm_i%2Ccadun_qtd_pessoas_cadastradas_baixa_renda_i%2Ccadun_qtd_pessoas_cadastradas_i%2Ccadun_qtd_pessoas_cadastradas_pobreza_pbf_i%2Ccadun_qtd_pessoas_cadastradas_rfpc_acima_meio_sm_i%2Ccadun_taxa_atualizacao_cadastral_d%2Ccodigo_ibge%2Cmunicipio%2Cpbf_vlr_medio_benef_f%2Cqtd_familias_beneficiarias_bolsa_familia%2Cqtd_pessoas_beneficiarias_bolsa_familia_i%2Csigla_uf%2Ctipo_s%2Cvalor_repassado_bolsa_familia,2026-10-07T13:39:41.147042+00:00,Valor municipal publicado; sem imputação.,"Estatística administrativa municipal agregada; famílias e pessoas são unidades distintas. Não somar universos CadÚnico, Bolsa Família e BPC."
4127965,202508,Valor mensal transferido · Programa Bolsa Família,615249.0,R$,real,Programa Bolsa Família-4127965,https://aplicacoes.mds.gov.br/sagi/servicos/misocial?q=%2A%3A%2A&fq=tipo_s%3Ames_mu&fq=codigo_ibge%3A%28412796+OR+411960+OR+411325+OR+410940%29&fq=anomes_s%3A%5B202303+TO+202609%5D&wt=json&rows=400&sort=anomes_s+asc&fl=anomes_s%2Cbpc_ben_i%2Cbpc_idoso_ben_i%2Cbpc_idoso_val_s%2Cbpc_pcd_ben_i%2Cbpc_pcd_val_s%2Cbpc_val_s%2Ccadsuas_data_extracao_s%2Ccadsuas_qtd_centro_convivencia_i%2Ccadsuas_qtd_centro_dia_similares_i%2Ccadsuas_qtd_centro_pop_i%2Ccadsuas_qtd_cras_i%2Ccadsuas_qtd_creas_i%2Ccadsuas_qtd_unidade_acolhimento_i%2Ccadun_qtd_familias_atualizadas_i%2Ccadun_qtd_familias_cadastradas_baixa_renda_i%2Ccadun_qtd_familias_cadastradas_i%2Ccadun_qtd_familias_cadastradas_pobreza_pbf_i%2Ccadun_qtd_familias_cadastradas_rfpc_acima_meio_sm_i%2Ccadun_qtd_pessoas_cadastradas_baixa_renda_i%2Ccadun_qtd_pessoas_cadastradas_i%2Ccadun_qtd_pessoas_cadastradas_pobreza_pbf_i%2Ccadun_qtd_pessoas_cadastradas_rfpc_acima_meio_sm_i%2Ccadun_taxa_atualizacao_cadastral_d%2Ccodigo_ibge%2Cmunicipio%2Cpbf_vlr_medio_benef_f%2Cqtd_familias_beneficiarias_bolsa_familia%2Cqtd_pessoas_beneficiarias_bolsa_familia_i%2Csigla_uf%2Ctipo_s%2Cvalor_repassado_bolsa_familia,2026-10-07T13:39:41.147042+00:00,Valor municipal publicado; sem imputação.,"Estatística administrativa municipal agregada; famílias e pessoas são unidades distintas. Não somar universos CadÚnico, Bolsa Família e BPC."
4127965,202508,Benefício médio oficial · Programa Bolsa Família,641.55,R$,real,Programa Bolsa Família-4127965,https://aplicacoes.mds.gov.br/sagi/servicos/misocial?q=%2A%3A%2A&fq=tipo_s%3Ames_mu&fq=codigo_ibge%3A%28412796+OR+411960+OR+411325+OR+410940%29&fq=anomes_s%3A%5B202303+TO+202609%5D&wt=json&rows=400&sort=anomes_s+asc&fl=anomes_s%2Cbpc_ben_i%2Cbpc_idoso_ben_i%2Cbpc_idoso_val_s%2Cbpc_pcd_ben_i%2Cbpc_pcd_val_s%2Cbpc_val_s%2Ccadsuas_data_extracao_s%2Ccadsuas_qtd_centro_convivencia_i%2Ccadsuas_qtd_centro_dia_similares_i%2Ccadsuas_qtd_centro_pop_i%2Ccadsuas_qtd_cras_i%2Ccadsuas_qtd_creas_i%2Ccadsuas_qtd_unidade_acolhimento_i%2Ccadun_qtd_familias_atualizadas_i%2Ccadun_qtd_familias_cadastradas_baixa_renda_i%2Ccadun_qtd_familias_cadastradas_i%2Ccadun_qtd_familias_cadastradas_pobreza_pbf_i%2Ccadun_qtd_familias_cadastradas_rfpc_acima_meio_sm_i%2Ccadun_qtd_pessoas_cadastradas_baixa_renda_i%2Ccadun_qtd_pessoas_cadastradas_i%2Ccadun_qtd_pessoas_cadastradas_pobreza_pbf_i%2Ccadun_qtd_pessoas_cadastradas_rfpc_acima_meio_sm_i%2Ccadun_taxa_atualizacao_cadastral_d%2Ccodigo_ibge%2Cmunicipio%2Cpbf_vlr_medio_benef_f%2Cqtd_familias_beneficiarias_bolsa_familia%2Cqtd_pessoas_beneficiarias_bolsa_familia_i%2Csigla_uf%2Ctipo_s%2Cvalor_repassado_bolsa_familia,2026-10-07T13:39:41.147042+00:00,Valor municipal publicado; sem imputação.,"Estatística administrativa municipal agregada; famílias e pessoas são unidades distintas. Não somar universos CadÚnico, Bolsa Família e BPC."
4127965,202509,Famílias · Programa Bolsa Família,959,famílias,real,Programa Bolsa Família-4127965,https://aplicacoes.mds.gov.br/sagi/servicos/misocial?q=%2A%3A%2A&fq=tipo_s%3Ames_mu&fq=codigo_ibge%3A%28412796+OR+411960+OR+411325+OR+410940%29&fq=anomes_s%3A%5B202303+TO+202609%5D&wt=json&rows=400&sort=anomes_s+asc&fl=anomes_s%2Cbpc_ben_i%2Cbpc_idoso_ben_i%2Cbpc_idoso_val_s%2Cbpc_pcd_ben_i%2Cbpc_pcd_val_s%2Cbpc_val_s%2Ccadsuas_data_extracao_s%2Ccadsuas_qtd_centro_convivencia_i%2Ccadsuas_qtd_centro_dia_similares_i%2Ccadsuas_qtd_centro_pop_i%2Ccadsuas_qtd_cras_i%2Ccadsuas_qtd_creas_i%2Ccadsuas_qtd_unidade_acolhimento_i%2Ccadun_qtd_familias_atualizadas_i%2Ccadun_qtd_familias_cadastradas_baixa_renda_i%2Ccadun_qtd_familias_cadastradas_i%2Ccadun_qtd_familias_cadastradas_pobreza_pbf_i%2Ccadun_qtd_familias_cadastradas_rfpc_acima_meio_sm_i%2Ccadun_qtd_pessoas_cadastradas_baixa_renda_i%2Ccadun_qtd_pessoas_cadastradas_i%2Ccadun_qtd_pessoas_cadastradas_pobreza_pbf_i%2Ccadun_qtd_pessoas_cadastradas_rfpc_acima_meio_sm_i%2Ccadun_taxa_atualizacao_cadastral_d%2Ccodigo_ibge%2Cmunicipio%2Cpbf_vlr_medio_benef_f%2Cqtd_familias_beneficiarias_bolsa_familia%2Cqtd_pessoas_beneficiarias_bolsa_familia_i%2Csigla_uf%2Ctipo_s%2Cvalor_repassado_bolsa_familia,2026-10-07T13:39:41.147042+00:00,Valor municipal publicado; sem imputação.,"Estatística administrativa municipal agregada; famílias e pessoas são unidades distintas. Não somar universos CadÚnico, Bolsa Família e BPC."
4127965,202509,Pessoas · Programa Bolsa Família,2736,pessoas,real,Programa Bolsa Família-4127965,https://aplicacoes.mds.gov.br/sagi/servicos/misocial?q=%2A%3A%2A&fq=tipo_s%3Ames_mu&fq=codigo_ibge%3A%28412796+OR+411960+OR+411325+OR+410940%29&fq=anomes_s%3A%5B202303+TO+202609%5D&wt=json&rows=400&sort=anomes_s+asc&fl=anomes_s%2Cbpc_ben_i%2Cbpc_idoso_ben_i%2Cbpc_idoso_val_s%2Cbpc_pcd_ben_i%2Cbpc_pcd_val_s%2Cbpc_val_s%2Ccadsuas_data_extracao_s%2Ccadsuas_qtd_centro_convivencia_i%2Ccadsuas_qtd_centro_dia_similares_i%2Ccadsuas_qtd_centro_pop_i%2Ccadsuas_qtd_cras_i%2Ccadsuas_qtd_creas_i%2Ccadsuas_qtd_unidade_acolhimento_i%2Ccadun_qtd_familias_atualizadas_i%2Ccadun_qtd_familias_cadastradas_baixa_renda_i%2Ccadun_qtd_familias_cadastradas_i%2Ccadun_qtd_familias_cadastradas_pobreza_pbf_i%2Ccadun_qtd_familias_cadastradas_rfpc_acima_meio_sm_i%2Ccadun_qtd_pessoas_cadastradas_baixa_renda_i%2Ccadun_qtd_pessoas_cadastradas_i%2Ccadun_qtd_pessoas_cadastradas_pobreza_pbf_i%2Ccadun_qtd_pessoas_cadastradas_rfpc_acima_meio_sm_i%2Ccadun_taxa_atualizacao_cadastral_d%2Ccodigo_ibge%2Cmunicipio%2Cpbf_vlr_medio_benef_f%2Cqtd_familias_beneficiarias_bolsa_familia%2Cqtd_pessoas_beneficiarias_bolsa_familia_i%2Csigla_uf%2Ctipo_s%2Cvalor_repassado_bolsa_familia,2026-10-07T13:39:41.147042+00:00,Valor municipal publicado; sem imputação.,"Estatística administrativa municipal agregada; famílias e pessoas são unidades distintas. Não somar universos CadÚnico, Bolsa Família e BPC."
4127965,202509,Valor mensal transferido · Programa Bolsa Família,620994.0,R$,real,Programa Bolsa Família-4127965,https://aplicacoes.mds.gov.br/sagi/servicos/misocial?q=%2A%3A%2A&fq=tipo_s%3Ames_mu&fq=codigo_ibge%3A%28412796+OR+411960+OR+411325+OR+410940%29&fq=anomes_s%3A%5B202303+TO+202609%5D&wt=json&rows=400&sort=anomes_s+asc&fl=anomes_s%2Cbpc_ben_i%2Cbpc_idoso_ben_i%2Cbpc_idoso_val_s%2Cbpc_pcd_ben_i%2Cbpc_pcd_val_s%2Cbpc_val_s%2Ccadsuas_data_extracao_s%2Ccadsuas_qtd_centro_convivencia_i%2Ccadsuas_qtd_centro_dia_similares_i%2Ccadsuas_qtd_centro_pop_i%2Ccadsuas_qtd_cras_i%2Ccadsuas_qtd_creas_i%2Ccadsuas_qtd_unidade_acolhimento_i%2Ccadun_qtd_familias_atualizadas_i%2Ccadun_qtd_familias_cadastradas_baixa_renda_i%2Ccadun_qtd_familias_cadastradas_i%2Ccadun_qtd_familias_cadastradas_pobreza_pbf_i%2Ccadun_qtd_familias_cadastradas_rfpc_acima_meio_sm_i%2Ccadun_qtd_pessoas_cadastradas_baixa_renda_i%2Ccadun_qtd_pessoas_cadastradas_i%2Ccadun_qtd_pessoas_cadastradas_pobreza_pbf_i%2Ccadun_qtd_pessoas_cadastradas_rfpc_acima_meio_sm_i%2Ccadun_taxa_atualizacao_cadastral_d%2Ccodigo_ibge%2Cmunicipio%2Cpbf_vlr_medio_benef_f%2Cqtd_familias_beneficiarias_bolsa_familia%2Cqtd_pessoas_beneficiarias_bolsa_familia_i%2Csigla_uf%2Ctipo_s%2Cvalor_repassado_bolsa_familia,2026-10-07T13:39:41.147042+00:00,Valor municipal publicado; sem imputação.,"Estatística administrativa municipal agregada; famílias e pessoas são unidades distintas. Não somar universos CadÚnico, Bolsa Família e BPC."
4127965,202509,Benefício médio oficial · Programa Bolsa Família,648.9,R$,real,Programa Bolsa Família-4127965,https://aplicacoes.mds.gov.br/sagi/servicos/misocial?q=%2A%3A%2A&fq=tipo_s%3Ames_mu&fq=codigo_ibge%3A%28412796+OR+411960+OR+411325+OR+410940%29&fq=anomes_s%3A%5B202303+TO+202609%5D&wt=json&rows=400&sort=anomes_s+asc&fl=anomes_s%2Cbpc_ben_i%2Cbpc_idoso_ben_i%2Cbpc_idoso_val_s%2Cbpc_pcd_ben_i%2Cbpc_pcd_val_s%2Cbpc_val_s%2Ccadsuas_data_extracao_s%2Ccadsuas_qtd_centro_convivencia_i%2Ccadsuas_qtd_centro_dia_similares_i%2Ccadsuas_qtd_centro_pop_i%2Ccadsuas_qtd_cras_i%2Ccadsuas_qtd_creas_i%2Ccadsuas_qtd_unidade_acolhimento_i%2Ccadun_qtd_familias_atualizadas_i%2Ccadun_qtd_familias_cadastradas_baixa_renda_i%2Ccadun_qtd_familias_cadastradas_i%2Ccadun_qtd_familias_cadastradas_pobreza_pbf_i%2Ccadun_qtd_familias_cadastradas_rfpc_acima_meio_sm_i%2Ccadun_qtd_pessoas_cadastradas_baixa_renda_i%2Ccadun_qtd_pessoas_cadastradas_i%2Ccadun_qtd_pessoas_cadastradas_pobreza_pbf_i%2Ccadun_qtd_pessoas_cadastradas_rfpc_acima_meio_sm_i%2Ccadun_taxa_atualizacao_cadastral_d%2Ccodigo_ibge%2Cmunicipio%2Cpbf_vlr_medio_benef_f%2Cqtd_familias_beneficiarias_bolsa_familia%2Cqtd_pessoas_beneficiarias_bolsa_familia_i%2Csigla_uf%2Ctipo_s%2Cvalor_repassado_bolsa_familia,2026-10-07T13:39:41.147042+00:00,Valor municipal publicado; sem imputação.,"Estatística administrativa municipal agregada; famílias e pessoas são unidades distintas. Não somar universos CadÚnico, Bolsa Família e BPC."
4127965,202510,Famílias · Programa Bolsa Família,949,famílias,real,Programa Bolsa Família-4127965,https://aplicacoes.mds.gov.br/sagi/servicos/misocial?q=%2A%3A%2A&fq=tipo_s%3Ames_mu&fq=codigo_ibge%3A%28412796+OR+411960+OR+411325+OR+410940%29&fq=anomes_s%3A%5B202303+TO+202609%5D&wt=json&rows=400&sort=anomes_s+asc&fl=anomes_s%2Cbpc_ben_i%2Cbpc_idoso_ben_i%2Cbpc_idoso_val_s%2Cbpc_pcd_ben_i%2Cbpc_pcd_val_s%2Cbpc_val_s%2Ccadsuas_data_extracao_s%2Ccadsuas_qtd_centro_convivencia_i%2Ccadsuas_qtd_centro_dia_similares_i%2Ccadsuas_qtd_centro_pop_i%2Ccadsuas_qtd_cras_i%2Ccadsuas_qtd_creas_i%2Ccadsuas_qtd_unidade_acolhimento_i%2Ccadun_qtd_familias_atualizadas_i%2Ccadun_qtd_familias_cadastradas_baixa_renda_i%2Ccadun_qtd_familias_cadastradas_i%2Ccadun_qtd_familias_cadastradas_pobreza_pbf_i%2Ccadun_qtd_familias_cadastradas_rfpc_acima_meio_sm_i%2Ccadun_qtd_pessoas_cadastradas_baixa_renda_i%2Ccadun_qtd_pessoas_cadastradas_i%2Ccadun_qtd_pessoas_cadastradas_pobreza_pbf_i%2Ccadun_qtd_pessoas_cadastradas_rfpc_acima_meio_sm_i%2Ccadun_taxa_atualizacao_cadastral_d%2Ccodigo_ibge%2Cmunicipio%2Cpbf_vlr_medio_benef_f%2Cqtd_familias_beneficiarias_bolsa_familia%2Cqtd_pessoas_beneficiarias_bolsa_familia_i%2Csigla_uf%2Ctipo_s%2Cvalor_repassado_bolsa_familia,2026-10-07T13:39:41.147042+00:00,Valor municipal publicado; sem imputação.,"Estatística administrativa municipal agregada; famílias e pessoas são unidades distintas. Não somar universos CadÚnico, Bolsa Família e BPC."
4127965,202510,Pessoas · Programa Bolsa Família,2707,pessoas,real,Programa Bolsa Família-4127965,https://aplicacoes.mds.gov.br/sagi/servicos/misocial?q=%2A%3A%2A&fq=tipo_s%3Ames_mu&fq=codigo_ibge%3A%28412796+OR+411960+OR+411325+OR+410940%29&fq=anomes_s%3A%5B202303+TO+202609%5D&wt=json&rows=400&sort=anomes_s+asc&fl=anomes_s%2Cbpc_ben_i%2Cbpc_idoso_ben_i%2Cbpc_idoso_val_s%2Cbpc_pcd_ben_i%2Cbpc_pcd_val_s%2Cbpc_val_s%2Ccadsuas_data_extracao_s%2Ccadsuas_qtd_centro_convivencia_i%2Ccadsuas_qtd_centro_dia_similares_i%2Ccadsuas_qtd_centro_pop_i%2Ccadsuas_qtd_cras_i%2Ccadsuas_qtd_creas_i%2Ccadsuas_qtd_unidade_acolhimento_i%2Ccadun_qtd_familias_atualizadas_i%2Ccadun_qtd_familias_cadastradas_baixa_renda_i%2Ccadun_qtd_familias_cadastradas_i%2Ccadun_qtd_familias_cadastradas_pobreza_pbf_i%2Ccadun_qtd_familias_cadastradas_rfpc_acima_meio_sm_i%2Ccadun_qtd_pessoas_cadastradas_baixa_renda_i%2Ccadun_qtd_pessoas_cadastradas_i%2Ccadun_qtd_pessoas_cadastradas_pobreza_pbf_i%2Ccadun_qtd_pessoas_cadastradas_rfpc_acima_meio_sm_i%2Ccadun_taxa_atualizacao_cadastral_d%2Ccodigo_ibge%2Cmunicipio%2Cpbf_vlr_medio_benef_f%2Cqtd_familias_beneficiarias_bolsa_familia%2Cqtd_pessoas_beneficiarias_bolsa_familia_i%2Csigla_uf%2Ctipo_s%2Cvalor_repassado_bolsa_familia,2026-10-07T13:39:41.147042+00:00,Valor municipal publicado; sem imputação.,"Estatística administrativa municipal agregada; famílias e pessoas são unidades distintas. Não somar universos CadÚnico, Bolsa Família e BPC."
4127965,202510,Valor mensal transferido · Programa Bolsa Família,609739.0,R$,real,Programa Bolsa Família-4127965,https://aplicacoes.mds.gov.br/sagi/servicos/misocial?q=%2A%3A%2A&fq=tipo_s%3Ames_mu&fq=codigo_ibge%3A%28412796+OR+411960+OR+411325+OR+410940%29&fq=anomes_s%3A%5B202303+TO+202609%5D&wt=json&rows=400&sort=anomes_s+asc&fl=anomes_s%2Cbpc_ben_i%2Cbpc_idoso_ben_i%2Cbpc_idoso_val_s%2Cbpc_pcd_ben_i%2Cbpc_pcd_val_s%2Cbpc_val_s%2Ccadsuas_data_extracao_s%2Ccadsuas_qtd_centro_convivencia_i%2Ccadsuas_qtd_centro_dia_similares_i%2Ccadsuas_qtd_centro_pop_i%2Ccadsuas_qtd_cras_i%2Ccadsuas_qtd_creas_i%2Ccadsuas_qtd_unidade_acolhimento_i%2Ccadun_qtd_familias_atualizadas_i%2Ccadun_qtd_familias_cadastradas_baixa_renda_i%2Ccadun_qtd_familias_cadastradas_i%2Ccadun_qtd_familias_cadastradas_pobreza_pbf_i%2Ccadun_qtd_familias_cadastradas_rfpc_acima_meio_sm_i%2Ccadun_qtd_pessoas_cadastradas_baixa_renda_i%2Ccadun_qtd_pessoas_cadastradas_i%2Ccadun_qtd_pessoas_cadastradas_pobreza_pbf_i%2Ccadun_qtd_pessoas_cadastradas_rfpc_acima_meio_sm_i%2Ccadun_taxa_atualizacao_cadastral_d%2Ccodigo_ibge%2Cmunicipio%2Cpbf_vlr_medio_benef_f%2Cqtd_familias_beneficiarias_bolsa_familia%2Cqtd_pessoas_beneficiarias_bolsa_familia_i%2Csigla_uf%2Ctipo_s%2Cvalor_repassado_bolsa_familia,2026-10-07T13:39:41.147042+00:00,Valor municipal publicado; sem imputação.,"Estatística administrativa municipal agregada; famílias e pessoas são unidades distintas. Não somar universos CadÚnico, Bolsa Família e BPC."
4127965,202510,Benefício médio oficial · Programa Bolsa Família,643.18,R$,real,Programa Bolsa Família-4127965,https://aplicacoes.mds.gov.br/sagi/servicos/misocial?q=%2A%3A%2A&fq=tipo_s%3Ames_mu&fq=codigo_ibge%3A%28412796+OR+411960+OR+411325+OR+410940%29&fq=anomes_s%3A%5B202303+TO+202609%5D&wt=json&rows=400&sort=anomes_s+asc&fl=anomes_s%2Cbpc_ben_i%2Cbpc_idoso_ben_i%2Cbpc_idoso_val_s%2Cbpc_pcd_ben_i%2Cbpc_pcd_val_s%2Cbpc_val_s%2Ccadsuas_data_extracao_s%2Ccadsuas_qtd_centro_convivencia_i%2Ccadsuas_qtd_centro_dia_similares_i%2Ccadsuas_qtd_centro_pop_i%2Ccadsuas_qtd_cras_i%2Ccadsuas_qtd_creas_i%2Ccadsuas_qtd_unidade_acolhimento_i%2Ccadun_qtd_familias_atualizadas_i%2Ccadun_qtd_familias_cadastradas_baixa_renda_i%2Ccadun_qtd_familias_cadastradas_i%2Ccadun_qtd_familias_cadastradas_pobreza_pbf_i%2Ccadun_qtd_familias_cadastradas_rfpc_acima_meio_sm_i%2Ccadun_qtd_pessoas_cadastradas_baixa_renda_i%2Ccadun_qtd_pessoas_cadastradas_i%2Ccadun_qtd_pessoas_cadastradas_pobreza_pbf_i%2Ccadun_qtd_pessoas_cadastradas_rfpc_acima_meio_sm_i%2Ccadun_taxa_atualizacao_cadastral_d%2Ccodigo_ibge%2Cmunicipio%2Cpbf_vlr_medio_benef_f%2Cqtd_familias_beneficiarias_bolsa_familia%2Cqtd_pessoas_beneficiarias_bolsa_familia_i%2Csigla_uf%2Ctipo_s%2Cvalor_repassado_bolsa_familia,2026-10-07T13:39:41.147042+00:00,Valor municipal publicado; sem imputação.,"Estatística administrativa municipal agregada; famílias e pessoas são unidades distintas. Não somar universos CadÚnico, Bolsa Família e BPC."
4127965,202511,Famílias · Programa Bolsa Família,944,famílias,real,Programa Bolsa Família-4127965,https://aplicacoes.mds.gov.br/sagi/servicos/misocial?q=%2A%3A%2A&fq=tipo_s%3Ames_mu&fq=codigo_ibge%3A%28412796+OR+411960+OR+411325+OR+410940%29&fq=anomes_s%3A%5B202303+TO+202609%5D&wt=json&rows=400&sort=anomes_s+asc&fl=anomes_s%2Cbpc_ben_i%2Cbpc_idoso_ben_i%2Cbpc_idoso_val_s%2Cbpc_pcd_ben_i%2Cbpc_pcd_val_s%2Cbpc_val_s%2Ccadsuas_data_extracao_s%2Ccadsuas_qtd_centro_convivencia_i%2Ccadsuas_qtd_centro_dia_similares_i%2Ccadsuas_qtd_centro_pop_i%2Ccadsuas_qtd_cras_i%2Ccadsuas_qtd_creas_i%2Ccadsuas_qtd_unidade_acolhimento_i%2Ccadun_qtd_familias_atualizadas_i%2Ccadun_qtd_familias_cadastradas_baixa_renda_i%2Ccadun_qtd_familias_cadastradas_i%2Ccadun_qtd_familias_cadastradas_pobreza_pbf_i%2Ccadun_qtd_familias_cadastradas_rfpc_acima_meio_sm_i%2Ccadun_qtd_pessoas_cadastradas_baixa_renda_i%2Ccadun_qtd_pessoas_cadastradas_i%2Ccadun_qtd_pessoas_cadastradas_pobreza_pbf_i%2Ccadun_qtd_pessoas_cadastradas_rfpc_acima_meio_sm_i%2Ccadun_taxa_atualizacao_cadastral_d%2Ccodigo_ibge%2Cmunicipio%2Cpbf_vlr_medio_benef_f%2Cqtd_familias_beneficiarias_bolsa_familia%2Cqtd_pessoas_beneficiarias_bolsa_familia_i%2Csigla_uf%2Ctipo_s%2Cvalor_repassado_bolsa_familia,2026-10-07T13:39:41.147042+00:00,Valor municipal publicado; sem imputação.,"Estatística administrativa municipal agregada; famílias e pessoas são unidades distintas. Não somar universos CadÚnico, Bolsa Família e BPC."
4127965,202511,Pessoas · Programa Bolsa Família,2685,pessoas,real,Programa Bolsa Família-4127965,https://aplicacoes.mds.gov.br/sagi/servicos/misocial?q=%2A%3A%2A&fq=tipo_s%3Ames_mu&fq=codigo_ibge%3A%28412796+OR+411960+OR+411325+OR+410940%29&fq=anomes_s%3A%5B202303+TO+202609%5D&wt=json&rows=400&sort=anomes_s+asc&fl=anomes_s%2Cbpc_ben_i%2Cbpc_idoso_ben_i%2Cbpc_idoso_val_s%2Cbpc_pcd_ben_i%2Cbpc_pcd_val_s%2Cbpc_val_s%2Ccadsuas_data_extracao_s%2Ccadsuas_qtd_centro_convivencia_i%2Ccadsuas_qtd_centro_dia_similares_i%2Ccadsuas_qtd_centro_pop_i%2Ccadsuas_qtd_cras_i%2Ccadsuas_qtd_creas_i%2Ccadsuas_qtd_unidade_acolhimento_i%2Ccadun_qtd_familias_atualizadas_i%2Ccadun_qtd_familias_cadastradas_baixa_renda_i%2Ccadun_qtd_familias_cadastradas_i%2Ccadun_qtd_familias_cadastradas_pobreza_pbf_i%2Ccadun_qtd_familias_cadastradas_rfpc_acima_meio_sm_i%2Ccadun_qtd_pessoas_cadastradas_baixa_renda_i%2Ccadun_qtd_pessoas_cadastradas_i%2Ccadun_qtd_pessoas_cadastradas_pobreza_pbf_i%2Ccadun_qtd_pessoas_cadastradas_rfpc_acima_meio_sm_i%2Ccadun_taxa_atualizacao_cadastral_d%2Ccodigo_ibge%2Cmunicipio%2Cpbf_vlr_medio_benef_f%2Cqtd_familias_beneficiarias_bolsa_familia%2Cqtd_pessoas_beneficiarias_bolsa_familia_i%2Csigla_uf%2Ctipo_s%2Cvalor_repassado_bolsa_familia,2026-10-07T13:39:41.147042+00:00,Valor municipal publicado; sem imputação.,"Estatística administrativa municipal agregada; famílias e pessoas são unidades distintas. Não somar universos CadÚnico, Bolsa Família e BPC."
4127965,202511,Valor mensal transferido · Programa Bolsa Família,607812.0,R$,real,Programa Bolsa Família-4127965,https://aplicacoes.mds.gov.br/sagi/servicos/misocial?q=%2A%3A%2A&fq=tipo_s%3Ames_mu&fq=codigo_ibge%3A%28412796+OR+411960+OR+411325+OR+410940%29&fq=anomes_s%3A%5B202303+TO+202609%5D&wt=json&rows=400&sort=anomes_s+asc&fl=anomes_s%2Cbpc_ben_i%2Cbpc_idoso_ben_i%2Cbpc_idoso_val_s%2Cbpc_pcd_ben_i%2Cbpc_pcd_val_s%2Cbpc_val_s%2Ccadsuas_data_extracao_s%2Ccadsuas_qtd_centro_convivencia_i%2Ccadsuas_qtd_centro_dia_similares_i%2Ccadsuas_qtd_centro_pop_i%2Ccadsuas_qtd_cras_i%2Ccadsuas_qtd_creas_i%2Ccadsuas_qtd_unidade_acolhimento_i%2Ccadun_qtd_familias_atualizadas_i%2Ccadun_qtd_familias_cadastradas_baixa_renda_i%2Ccadun_qtd_familias_cadastradas_i%2Ccadun_qtd_familias_cadastradas_pobreza_pbf_i%2Ccadun_qtd_familias_cadastradas_rfpc_acima_meio_sm_i%2Ccadun_qtd_pessoas_cadastradas_baixa_renda_i%2Ccadun_qtd_pessoas_cadastradas_i%2Ccadun_qtd_pessoas_cadastradas_pobreza_pbf_i%2Ccadun_qtd_pessoas_cadastradas_rfpc_acima_meio_sm_i%2Ccadun_taxa_atualizacao_cadastral_d%2Ccodigo_ibge%2Cmunicipio%2Cpbf_vlr_medio_benef_f%2Cqtd_familias_beneficiarias_bolsa_familia%2Cqtd_pessoas_beneficiarias_bolsa_familia_i%2Csigla_uf%2Ctipo_s%2Cvalor_repassado_bolsa_familia,2026-10-07T13:39:41.147042+00:00,Valor municipal publicado; sem imputação.,"Estatística administrativa municipal agregada; famílias e pessoas são unidades distintas. Não somar universos CadÚnico, Bolsa Família e BPC."
4127965,202511,Benefício médio oficial · Programa Bolsa Família,646.61,R$,real,Programa Bolsa Família-4127965,https://aplicacoes.mds.gov.br/sagi/servicos/misocial?q=%2A%3A%2A&fq=tipo_s%3Ames_mu&fq=codigo_ibge%3A%28412796+OR+411960+OR+411325+OR+410940%29&fq=anomes_s%3A%5B202303+TO+202609%5D&wt=json&rows=400&sort=anomes_s+asc&fl=anomes_s%2Cbpc_ben_i%2Cbpc_idoso_ben_i%2Cbpc_idoso_val_s%2Cbpc_pcd_ben_i%2Cbpc_pcd_val_s%2Cbpc_val_s%2Ccadsuas_data_extracao_s%2Ccadsuas_qtd_centro_convivencia_i%2Ccadsuas_qtd_centro_dia_similares_i%2Ccadsuas_qtd_centro_pop_i%2Ccadsuas_qtd_cras_i%2Ccadsuas_qtd_creas_i%2Ccadsuas_qtd_unidade_acolhimento_i%2Ccadun_qtd_familias_atualizadas_i%2Ccadun_qtd_familias_cadastradas_baixa_renda_i%2Ccadun_qtd_familias_cadastradas_i%2Ccadun_qtd_familias_cadastradas_pobreza_pbf_i%2Ccadun_qtd_familias_cadastradas_rfpc_acima_meio_sm_i%2Ccadun_qtd_pessoas_cadastradas_baixa_renda_i%2Ccadun_qtd_pessoas_cadastradas_i%2Ccadun_qtd_pessoas_cadastradas_pobreza_pbf_i%2Ccadun_qtd_pessoas_cadastradas_rfpc_acima_meio_sm_i%2Ccadun_taxa_atualizacao_cadastral_d%2Ccodigo_ibge%2Cmunicipio%2Cpbf_vlr_medio_benef_f%2Cqtd_familias_beneficiarias_bolsa_familia%2Cqtd_pessoas_beneficiarias_bolsa_familia_i%2Csigla_uf%2Ctipo_s%2Cvalor_repassado_bolsa_familia,2026-10-07T13:39:41.147042+00:00,Valor municipal publicado; sem imputação.,"Estatística administrativa municipal agregada; famílias e pessoas são unidades distintas. Não somar universos CadÚnico, Bolsa Família e BPC."
4127965,202512,Famílias · Programa Bolsa Família,964,famílias,real,Programa Bolsa Família-4127965,https://aplicacoes.mds.gov.br/sagi/servicos/misocial?q=%2A%3A%2A&fq=tipo_s%3Ames_mu&fq=codigo_ibge%3A%28412796+OR+411960+OR+411325+OR+410940%29&fq=anomes_s%3A%5B202303+TO+202609%5D&wt=json&rows=400&sort=anomes_s+asc&fl=anomes_s%2Cbpc_ben_i%2Cbpc_idoso_ben_i%2Cbpc_idoso_val_s%2Cbpc_pcd_ben_i%2Cbpc_pcd_val_s%2Cbpc_val_s%2Ccadsuas_data_extracao_s%2Ccadsuas_qtd_centro_convivencia_i%2Ccadsuas_qtd_centro_dia_similares_i%2Ccadsuas_qtd_centro_pop_i%2Ccadsuas_qtd_cras_i%2Ccadsuas_qtd_creas_i%2Ccadsuas_qtd_unidade_acolhimento_i%2Ccadun_qtd_familias_atualizadas_i%2Ccadun_qtd_familias_cadastradas_baixa_renda_i%2Ccadun_qtd_familias_cadastradas_i%2Ccadun_qtd_familias_cadastradas_pobreza_pbf_i%2Ccadun_qtd_familias_cadastradas_rfpc_acima_meio_sm_i%2Ccadun_qtd_pessoas_cadastradas_baixa_renda_i%2Ccadun_qtd_pessoas_cadastradas_i%2Ccadun_qtd_pessoas_cadastradas_pobreza_pbf_i%2Ccadun_qtd_pessoas_cadastradas_rfpc_acima_meio_sm_i%2Ccadun_taxa_atualizacao_cadastral_d%2Ccodigo_ibge%2Cmunicipio%2Cpbf_vlr_medio_benef_f%2Cqtd_familias_beneficiarias_bolsa_familia%2Cqtd_pessoas_beneficiarias_bolsa_familia_i%2Csigla_uf%2Ctipo_s%2Cvalor_repassado_bolsa_familia,2026-10-07T13:39:41.147042+00:00,Valor municipal publicado; sem imputação.,"Estatística administrativa municipal agregada; famílias e pessoas são unidades distintas. Não somar universos CadÚnico, Bolsa Família e BPC."
4127965,202512,Pessoas · Programa Bolsa Família,2742,pessoas,real,Programa Bolsa Família-4127965,https://aplicacoes.mds.gov.br/sagi/servicos/misocial?q=%2A%3A%2A&fq=tipo_s%3Ames_mu&fq=codigo_ibge%3A%28412796+OR+411960+OR+411325+OR+410940%29&fq=anomes_s%3A%5B202303+TO+202609%5D&wt=json&rows=400&sort=anomes_s+asc&fl=anomes_s%2Cbpc_ben_i%2Cbpc_idoso_ben_i%2Cbpc_idoso_val_s%2Cbpc_pcd_ben_i%2Cbpc_pcd_val_s%2Cbpc_val_s%2Ccadsuas_data_extracao_s%2Ccadsuas_qtd_centro_convivencia_i%2Ccadsuas_qtd_centro_dia_similares_i%2Ccadsuas_qtd_centro_pop_i%2Ccadsuas_qtd_cras_i%2Ccadsuas_qtd_creas_i%2Ccadsuas_qtd_unidade_acolhimento_i%2Ccadun_qtd_familias_atualizadas_i%2Ccadun_qtd_familias_cadastradas_baixa_renda_i%2Ccadun_qtd_familias_cadastradas_i%2Ccadun_qtd_familias_cadastradas_pobreza_pbf_i%2Ccadun_qtd_familias_cadastradas_rfpc_acima_meio_sm_i%2Ccadun_qtd_pessoas_cadastradas_baixa_renda_i%2Ccadun_qtd_pessoas_cadastradas_i%2Ccadun_qtd_pessoas_cadastradas_pobreza_pbf_i%2Ccadun_qtd_pessoas_cadastradas_rfpc_acima_meio_sm_i%2Ccadun_taxa_atualizacao_cadastral_d%2Ccodigo_ibge%2Cmunicipio%2Cpbf_vlr_medio_benef_f%2Cqtd_familias_beneficiarias_bolsa_familia%2Cqtd_pessoas_beneficiarias_bolsa_familia_i%2Csigla_uf%2Ctipo_s%2Cvalor_repassado_bolsa_familia,2026-10-07T13:39:41.147042+00:00,Valor municipal publicado; sem imputação.,"Estatística administrativa municipal agregada; famílias e pessoas são unidades distintas. Não somar universos CadÚnico, Bolsa Família e BPC."
4127965,202512,Valor mensal transferido · Programa Bolsa Família,623671.0,R$,real,Programa Bolsa Família-4127965,https://aplicacoes.mds.gov.br/sagi/servicos/misocial?q=%2A%3A%2A&fq=tipo_s%3Ames_mu&fq=codigo_ibge%3A%28412796+OR+411960+OR+411325+OR+410940%29&fq=anomes_s%3A%5B202303+TO+202609%5D&wt=json&rows=400&sort=anomes_s+asc&fl=anomes_s%2Cbpc_ben_i%2Cbpc_idoso_ben_i%2Cbpc_idoso_val_s%2Cbpc_pcd_ben_i%2Cbpc_pcd_val_s%2Cbpc_val_s%2Ccadsuas_data_extracao_s%2Ccadsuas_qtd_centro_convivencia_i%2Ccadsuas_qtd_centro_dia_similares_i%2Ccadsuas_qtd_centro_pop_i%2Ccadsuas_qtd_cras_i%2Ccadsuas_qtd_creas_i%2Ccadsuas_qtd_unidade_acolhimento_i%2Ccadun_qtd_familias_atualizadas_i%2Ccadun_qtd_familias_cadastradas_baixa_renda_i%2Ccadun_qtd_familias_cadastradas_i%2Ccadun_qtd_familias_cadastradas_pobreza_pbf_i%2Ccadun_qtd_familias_cadastradas_rfpc_acima_meio_sm_i%2Ccadun_qtd_pessoas_cadastradas_baixa_renda_i%2Ccadun_qtd_pessoas_cadastradas_i%2Ccadun_qtd_pessoas_cadastradas_pobreza_pbf_i%2Ccadun_qtd_pessoas_cadastradas_rfpc_acima_meio_sm_i%2Ccadun_taxa_atualizacao_cadastral_d%2Ccodigo_ibge%2Cmunicipio%2Cpbf_vlr_medio_benef_f%2Cqtd_familias_beneficiarias_bolsa_familia%2Cqtd_pessoas_beneficiarias_bolsa_familia_i%2Csigla_uf%2Ctipo_s%2Cvalor_repassado_bolsa_familia,2026-10-07T13:39:41.147042+00:00,Valor municipal publicado; sem imputação.,"Estatística administrativa municipal agregada; famílias e pessoas são unidades distintas. Não somar universos CadÚnico, Bolsa Família e BPC."
4127965,202512,Benefício médio oficial · Programa Bolsa Família,655.81,R$,real,Programa Bolsa Família-4127965,https://aplicacoes.mds.gov.br/sagi/servicos/misocial?q=%2A%3A%2A&fq=tipo_s%3Ames_mu&fq=codigo_ibge%3A%28412796+OR+411960+OR+411325+OR+410940%29&fq=anomes_s%3A%5B202303+TO+202609%5D&wt=json&rows=400&sort=anomes_s+asc&fl=anomes_s%2Cbpc_ben_i%2Cbpc_idoso_ben_i%2Cbpc_idoso_val_s%2Cbpc_pcd_ben_i%2Cbpc_pcd_val_s%2Cbpc_val_s%2Ccadsuas_data_extracao_s%2Ccadsuas_qtd_centro_convivencia_i%2Ccadsuas_qtd_centro_dia_similares_i%2Ccadsuas_qtd_centro_pop_i%2Ccadsuas_qtd_cras_i%2Ccadsuas_qtd_creas_i%2Ccadsuas_qtd_unidade_acolhimento_i%2Ccadun_qtd_familias_atualizadas_i%2Ccadun_qtd_familias_cadastradas_baixa_renda_i%2Ccadun_qtd_familias_cadastradas_i%2Ccadun_qtd_familias_cadastradas_pobreza_pbf_i%2Ccadun_qtd_familias_cadastradas_rfpc_acima_meio_sm_i%2Ccadun_qtd_pessoas_cadastradas_baixa_renda_i%2Ccadun_qtd_pessoas_cadastradas_i%2Ccadun_qtd_pessoas_cadastradas_pobreza_pbf_i%2Ccadun_qtd_pessoas_cadastradas_rfpc_acima_meio_sm_i%2Ccadun_taxa_atualizacao_cadastral_d%2Ccodigo_ibge%2Cmunicipio%2Cpbf_vlr_medio_benef_f%2Cqtd_familias_beneficiarias_bolsa_familia%2Cqtd_pessoas_beneficiarias_bolsa_familia_i%2Csigla_uf%2Ctipo_s%2Cvalor_repassado_bolsa_familia,2026-10-07T13:39:41.147042+00:00,Valor municipal publicado; sem imputação.,"Estatística administrativa municipal agregada; famílias e pessoas são unidades distintas. Não somar universos CadÚnico, Bolsa Família e BPC."
4127965,202601,Famílias · Programa Bolsa Família,954,famílias,real,Programa Bolsa Família-4127965,https://aplicacoes.mds.gov.br/sagi/servicos/misocial?q=%2A%3A%2A&fq=tipo_s%3Ames_mu&fq=codigo_ibge%3A%28412796+OR+411960+OR+411325+OR+410940%29&fq=anomes_s%3A%5B202303+TO+202609%5D&wt=json&rows=400&sort=anomes_s+asc&fl=anomes_s%2Cbpc_ben_i%2Cbpc_idoso_ben_i%2Cbpc_idoso_val_s%2Cbpc_pcd_ben_i%2Cbpc_pcd_val_s%2Cbpc_val_s%2Ccadsuas_data_extracao_s%2Ccadsuas_qtd_centro_convivencia_i%2Ccadsuas_qtd_centro_dia_similares_i%2Ccadsuas_qtd_centro_pop_i%2Ccadsuas_qtd_cras_i%2Ccadsuas_qtd_creas_i%2Ccadsuas_qtd_unidade_acolhimento_i%2Ccadun_qtd_familias_atualizadas_i%2Ccadun_qtd_familias_cadastradas_baixa_renda_i%2Ccadun_qtd_familias_cadastradas_i%2Ccadun_qtd_familias_cadastradas_pobreza_pbf_i%2Ccadun_qtd_familias_cadastradas_rfpc_acima_meio_sm_i%2Ccadun_qtd_pessoas_cadastradas_baixa_renda_i%2Ccadun_qtd_pessoas_cadastradas_i%2Ccadun_qtd_pessoas_cadastradas_pobreza_pbf_i%2Ccadun_qtd_pessoas_cadastradas_rfpc_acima_meio_sm_i%2Ccadun_taxa_atualizacao_cadastral_d%2Ccodigo_ibge%2Cmunicipio%2Cpbf_vlr_medio_benef_f%2Cqtd_familias_beneficiarias_bolsa_familia%2Cqtd_pessoas_beneficiarias_bolsa_familia_i%2Csigla_uf%2Ctipo_s%2Cvalor_repassado_bolsa_familia,2026-10-07T13:39:41.147042+00:00,Valor municipal publicado; sem imputação.,"Estatística administrativa municipal agregada; famílias e pessoas são unidades distintas. Não somar universos CadÚnico, Bolsa Família e BPC."
4127965,202601,Pessoas · Programa Bolsa Família,2724,pessoas,real,Programa Bolsa Família-4127965,https://aplicacoes.mds.gov.br/sagi/servicos/misocial?q=%2A%3A%2A&fq=tipo_s%3Ames_mu&fq=codigo_ibge%3A%28412796+OR+411960+OR+411325+OR+410940%29&fq=anomes_s%3A%5B202303+TO+202609%5D&wt=json&rows=400&sort=anomes_s+asc&fl=anomes_s%2Cbpc_ben_i%2Cbpc_idoso_ben_i%2Cbpc_idoso_val_s%2Cbpc_pcd_ben_i%2Cbpc_pcd_val_s%2Cbpc_val_s%2Ccadsuas_data_extracao_s%2Ccadsuas_qtd_centro_convivencia_i%2Ccadsuas_qtd_centro_dia_similares_i%2Ccadsuas_qtd_centro_pop_i%2Ccadsuas_qtd_cras_i%2Ccadsuas_qtd_creas_i%2Ccadsuas_qtd_unidade_acolhimento_i%2Ccadun_qtd_familias_atualizadas_i%2Ccadun_qtd_familias_cadastradas_baixa_renda_i%2Ccadun_qtd_familias_cadastradas_i%2Ccadun_qtd_familias_cadastradas_pobreza_pbf_i%2Ccadun_qtd_familias_cadastradas_rfpc_acima_meio_sm_i%2Ccadun_qtd_pessoas_cadastradas_baixa_renda_i%2Ccadun_qtd_pessoas_cadastradas_i%2Ccadun_qtd_pessoas_cadastradas_pobreza_pbf_i%2Ccadun_qtd_pessoas_cadastradas_rfpc_acima_meio_sm_i%2Ccadun_taxa_atualizacao_cadastral_d%2Ccodigo_ibge%2Cmunicipio%2Cpbf_vlr_medio_benef_f%2Cqtd_familias_beneficiarias_bolsa_familia%2Cqtd_pessoas_beneficiarias_bolsa_familia_i%2Csigla_uf%2Ctipo_s%2Cvalor_repassado_bolsa_familia,2026-10-07T13:39:41.147042+00:00,Valor municipal publicado; sem imputação.,"Estatística administrativa municipal agregada; famílias e pessoas são unidades distintas. Não somar universos CadÚnico, Bolsa Família e BPC."
4127965,202601,Valor mensal transferido · Programa Bolsa Família,626534.0,R$,real,Programa Bolsa Família-4127965,https://aplicacoes.mds.gov.br/sagi/servicos/misocial?q=%2A%3A%2A&fq=tipo_s%3Ames_mu&fq=codigo_ibge%3A%28412796+OR+411960+OR+411325+OR+410940%29&fq=anomes_s%3A%5B202303+TO+202609%5D&wt=json&rows=400&sort=anomes_s+asc&fl=anomes_s%2Cbpc_ben_i%2Cbpc_idoso_ben_i%2Cbpc_idoso_val_s%2Cbpc_pcd_ben_i%2Cbpc_pcd_val_s%2Cbpc_val_s%2Ccadsuas_data_extracao_s%2Ccadsuas_qtd_centro_convivencia_i%2Ccadsuas_qtd_centro_dia_similares_i%2Ccadsuas_qtd_centro_pop_i%2Ccadsuas_qtd_cras_i%2Ccadsuas_qtd_creas_i%2Ccadsuas_qtd_unidade_acolhimento_i%2Ccadun_qtd_familias_atualizadas_i%2Ccadun_qtd_familias_cadastradas_baixa_renda_i%2Ccadun_qtd_familias_cadastradas_i%2Ccadun_qtd_familias_cadastradas_pobreza_pbf_i%2Ccadun_qtd_familias_cadastradas_rfpc_acima_meio_sm_i%2Ccadun_qtd_pessoas_cadastradas_baixa_renda_i%2Ccadun_qtd_pessoas_cadastradas_i%2Ccadun_qtd_pessoas_cadastradas_pobreza_pbf_i%2Ccadun_qtd_pessoas_cadastradas_rfpc_acima_meio_sm_i%2Ccadun_taxa_atualizacao_cadastral_d%2Ccodigo_ibge%2Cmunicipio%2Cpbf_vlr_medio_benef_f%2Cqtd_familias_beneficiarias_bolsa_familia%2Cqtd_pessoas_beneficiarias_bolsa_familia_i%2Csigla_uf%2Ctipo_s%2Cvalor_repassado_bolsa_familia,2026-10-07T13:39:41.147042+00:00,Valor municipal publicado; sem imputação.,"Estatística administrativa municipal agregada; famílias e pessoas são unidades distintas. Não somar universos CadÚnico, Bolsa Família e BPC."
4127965,202601,Benefício médio oficial · Programa Bolsa Família,656.74,R$,real,Programa Bolsa Família-4127965,https://aplicacoes.mds.gov.br/sagi/servicos/misocial?q=%2A%3A%2A&fq=tipo_s%3Ames_mu&fq=codigo_ibge%3A%28412796+OR+411960+OR+411325+OR+410940%29&fq=anomes_s%3A%5B202303+TO+202609%5D&wt=json&rows=400&sort=anomes_s+asc&fl=anomes_s%2Cbpc_ben_i%2Cbpc_idoso_ben_i%2Cbpc_idoso_val_s%2Cbpc_pcd_ben_i%2Cbpc_pcd_val_s%2Cbpc_val_s%2Ccadsuas_data_extracao_s%2Ccadsuas_qtd_centro_convivencia_i%2Ccadsuas_qtd_centro_dia_similares_i%2Ccadsuas_qtd_centro_pop_i%2Ccadsuas_qtd_cras_i%2Ccadsuas_qtd_creas_i%2Ccadsuas_qtd_unidade_acolhimento_i%2Ccadun_qtd_familias_atualizadas_i%2Ccadun_qtd_familias_cadastradas_baixa_renda_i%2Ccadun_qtd_familias_cadastradas_i%2Ccadun_qtd_familias_cadastradas_pobreza_pbf_i%2Ccadun_qtd_familias_cadastradas_rfpc_acima_meio_sm_i%2Ccadun_qtd_pessoas_cadastradas_baixa_renda_i%2Ccadun_qtd_pessoas_cadastradas_i%2Ccadun_qtd_pessoas_cadastradas_pobreza_pbf_i%2Ccadun_qtd_pessoas_cadastradas_rfpc_acima_meio_sm_i%2Ccadun_taxa_atualizacao_cadastral_d%2Ccodigo_ibge%2Cmunicipio%2Cpbf_vlr_medio_benef_f%2Cqtd_familias_beneficiarias_bolsa_familia%2Cqtd_pessoas_beneficiarias_bolsa_familia_i%2Csigla_uf%2Ctipo_s%2Cvalor_repassado_bolsa_familia,2026-10-07T13:39:41.147042+00:00,Valor municipal publicado; sem imputação.,"Estatística administrativa municipal agregada; famílias e pessoas são unidades distintas. Não somar universos CadÚnico, Bolsa Família e BPC."
4127965,202602,Famílias · Programa Bolsa Família,947,famílias,real,Programa Bolsa Família-4127965,https://aplicacoes.mds.gov.br/sagi/servicos/misocial?q=%2A%3A%2A&fq=tipo_s%3Ames_mu&fq=codigo_ibge%3A%28412796+OR+411960+OR+411325+OR+410940%29&fq=anomes_s%3A%5B202303+TO+202609%5D&wt=json&rows=400&sort=anomes_s+asc&fl=anomes_s%2Cbpc_ben_i%2Cbpc_idoso_ben_i%2Cbpc_idoso_val_s%2Cbpc_pcd_ben_i%2Cbpc_pcd_val_s%2Cbpc_val_s%2Ccadsuas_data_extracao_s%2Ccadsuas_qtd_centro_convivencia_i%2Ccadsuas_qtd_centro_dia_similares_i%2Ccadsuas_qtd_centro_pop_i%2Ccadsuas_qtd_cras_i%2Ccadsuas_qtd_creas_i%2Ccadsuas_qtd_unidade_acolhimento_i%2Ccadun_qtd_familias_atualizadas_i%2Ccadun_qtd_familias_cadastradas_baixa_renda_i%2Ccadun_qtd_familias_cadastradas_i%2Ccadun_qtd_familias_cadastradas_pobreza_pbf_i%2Ccadun_qtd_familias_cadastradas_rfpc_acima_meio_sm_i%2Ccadun_qtd_pessoas_cadastradas_baixa_renda_i%2Ccadun_qtd_pessoas_cadastradas_i%2Ccadun_qtd_pessoas_cadastradas_pobreza_pbf_i%2Ccadun_qtd_pessoas_cadastradas_rfpc_acima_meio_sm_i%2Ccadun_taxa_atualizacao_cadastral_d%2Ccodigo_ibge%2Cmunicipio%2Cpbf_vlr_medio_benef_f%2Cqtd_familias_beneficiarias_bolsa_familia%2Cqtd_pessoas_beneficiarias_bolsa_familia_i%2Csigla_uf%2Ctipo_s%2Cvalor_repassado_bolsa_familia,2026-10-07T13:39:41.147042+00:00,Valor municipal publicado; sem imputação.,"Estatística administrativa municipal agregada; famílias e pessoas são unidades distintas. Não somar universos CadÚnico, Bolsa Família e BPC."
4127965,202602,Pessoas · Programa Bolsa Família,2710,pessoas,real,Programa Bolsa Família-4127965,https://aplicacoes.mds.gov.br/sagi/servicos/misocial?q=%2A%3A%2A&fq=tipo_s%3Ames_mu&fq=codigo_ibge%3A%28412796+OR+411960+OR+411325+OR+410940%29&fq=anomes_s%3A%5B202303+TO+202609%5D&wt=json&rows=400&sort=anomes_s+asc&fl=anomes_s%2Cbpc_ben_i%2Cbpc_idoso_ben_i%2Cbpc_idoso_val_s%2Cbpc_pcd_ben_i%2Cbpc_pcd_val_s%2Cbpc_val_s%2Ccadsuas_data_extracao_s%2Ccadsuas_qtd_centro_convivencia_i%2Ccadsuas_qtd_centro_dia_similares_i%2Ccadsuas_qtd_centro_pop_i%2Ccadsuas_qtd_cras_i%2Ccadsuas_qtd_creas_i%2Ccadsuas_qtd_unidade_acolhimento_i%2Ccadun_qtd_familias_atualizadas_i%2Ccadun_qtd_familias_cadastradas_baixa_renda_i%2Ccadun_qtd_familias_cadastradas_i%2Ccadun_qtd_familias_cadastradas_pobreza_pbf_i%2Ccadun_qtd_familias_cadastradas_rfpc_acima_meio_sm_i%2Ccadun_qtd_pessoas_cadastradas_baixa_renda_i%2Ccadun_qtd_pessoas_cadastradas_i%2Ccadun_qtd_pessoas_cadastradas_pobreza_pbf_i%2Ccadun_qtd_pessoas_cadastradas_rfpc_acima_meio_sm_i%2Ccadun_taxa_atualizacao_cadastral_d%2Ccodigo_ibge%2Cmunicipio%2Cpbf_vlr_medio_benef_f%2Cqtd_familias_beneficiarias_bolsa_familia%2Cqtd_pessoas_beneficiarias_bolsa_familia_i%2Csigla_uf%2Ctipo_s%2Cvalor_repassado_bolsa_familia,2026-10-07T13:39:41.147042+00:00,Valor municipal publicado; sem imputação.,"Estatística administrativa municipal agregada; famílias e pessoas são unidades distintas. Não somar universos CadÚnico, Bolsa Família e BPC."
4127965,202602,Valor mensal transferido · Programa Bolsa Família,627375.0,R$,real,Programa Bolsa Família-4127965,https://aplicacoes.mds.gov.br/sagi/servicos/misocial?q=%2A%3A%2A&fq=tipo_s%3Ames_mu&fq=codigo_ibge%3A%28412796+OR+411960+OR+411325+OR+410940%29&fq=anomes_s%3A%5B202303+TO+202609%5D&wt=json&rows=400&sort=anomes_s+asc&fl=anomes_s%2Cbpc_ben_i%2Cbpc_idoso_ben_i%2Cbpc_idoso_val_s%2Cbpc_pcd_ben_i%2Cbpc_pcd_val_s%2Cbpc_val_s%2Ccadsuas_data_extracao_s%2Ccadsuas_qtd_centro_convivencia_i%2Ccadsuas_qtd_centro_dia_similares_i%2Ccadsuas_qtd_centro_pop_i%2Ccadsuas_qtd_cras_i%2Ccadsuas_qtd_creas_i%2Ccadsuas_qtd_unidade_acolhimento_i%2Ccadun_qtd_familias_atualizadas_i%2Ccadun_qtd_familias_cadastradas_baixa_renda_i%2Ccadun_qtd_familias_cadastradas_i%2Ccadun_qtd_familias_cadastradas_pobreza_pbf_i%2Ccadun_qtd_familias_cadastradas_rfpc_acima_meio_sm_i%2Ccadun_qtd_pessoas_cadastradas_baixa_renda_i%2Ccadun_qtd_pessoas_cadastradas_i%2Ccadun_qtd_pessoas_cadastradas_pobreza_pbf_i%2Ccadun_qtd_pessoas_cadastradas_rfpc_acima_meio_sm_i%2Ccadun_taxa_atualizacao_cadastral_d%2Ccodigo_ibge%2Cmunicipio%2Cpbf_vlr_medio_benef_f%2Cqtd_familias_beneficiarias_bolsa_familia%2Cqtd_pessoas_beneficiarias_bolsa_familia_i%2Csigla_uf%2Ctipo_s%2Cvalor_repassado_bolsa_familia,2026-10-07T13:39:41.147042+00:00,Valor municipal publicado; sem imputação.,"Estatística administrativa municipal agregada; famílias e pessoas são unidades distintas. Não somar universos CadÚnico, Bolsa Família e BPC."
4127965,202602,Benefício médio oficial · Programa Bolsa Família,662.49,R$,real,Programa Bolsa Família-4127965,https://aplicacoes.mds.gov.br/sagi/servicos/misocial?q=%2A%3A%2A&fq=tipo_s%3Ames_mu&fq=codigo_ibge%3A%28412796+OR+411960+OR+411325+OR+410940%29&fq=anomes_s%3A%5B202303+TO+202609%5D&wt=json&rows=400&sort=anomes_s+asc&fl=anomes_s%2Cbpc_ben_i%2Cbpc_idoso_ben_i%2Cbpc_idoso_val_s%2Cbpc_pcd_ben_i%2Cbpc_pcd_val_s%2Cbpc_val_s%2Ccadsuas_data_extracao_s%2Ccadsuas_qtd_centro_convivencia_i%2Ccadsuas_qtd_centro_dia_similares_i%2Ccadsuas_qtd_centro_pop_i%2Ccadsuas_qtd_cras_i%2Ccadsuas_qtd_creas_i%2Ccadsuas_qtd_unidade_acolhimento_i%2Ccadun_qtd_familias_atualizadas_i%2Ccadun_qtd_familias_cadastradas_baixa_renda_i%2Ccadun_qtd_familias_cadastradas_i%2Ccadun_qtd_familias_cadastradas_pobreza_pbf_i%2Ccadun_qtd_familias_cadastradas_rfpc_acima_meio_sm_i%2Ccadun_qtd_pessoas_cadastradas_baixa_renda_i%2Ccadun_qtd_pessoas_cadastradas_i%2Ccadun_qtd_pessoas_cadastradas_pobreza_pbf_i%2Ccadun_qtd_pessoas_cadastradas_rfpc_acima_meio_sm_i%2Ccadun_taxa_atualizacao_cadastral_d%2Ccodigo_ibge%2Cmunicipio%2Cpbf_vlr_medio_benef_f%2Cqtd_familias_beneficiarias_bolsa_familia%2Cqtd_pessoas_beneficiarias_bolsa_familia_i%2Csigla_uf%2Ctipo_s%2Cvalor_repassado_bolsa_familia,2026-10-07T13:39:41.147042+00:00,Valor municipal publicado; sem imputação.,"Estatística administrativa municipal agregada; famílias e pessoas são unidades distintas. Não somar universos CadÚnico, Bolsa Família e BPC."
4127965,202603,Famílias · Programa Bolsa Família,922,famílias,real,Programa Bolsa Família-4127965,https://aplicacoes.mds.gov.br/sagi/servicos/misocial?q=%2A%3A%2A&fq=tipo_s%3Ames_mu&fq=codigo_ibge%3A%28412796+OR+411960+OR+411325+OR+410940%29&fq=anomes_s%3A%5B202303+TO+202609%5D&wt=json&rows=400&sort=anomes_s+asc&fl=anomes_s%2Cbpc_ben_i%2Cbpc_idoso_ben_i%2Cbpc_idoso_val_s%2Cbpc_pcd_ben_i%2Cbpc_pcd_val_s%2Cbpc_val_s%2Ccadsuas_data_extracao_s%2Ccadsuas_qtd_centro_convivencia_i%2Ccadsuas_qtd_centro_dia_similares_i%2Ccadsuas_qtd_centro_pop_i%2Ccadsuas_qtd_cras_i%2Ccadsuas_qtd_creas_i%2Ccadsuas_qtd_unidade_acolhimento_i%2Ccadun_qtd_familias_atualizadas_i%2Ccadun_qtd_familias_cadastradas_baixa_renda_i%2Ccadun_qtd_familias_cadastradas_i%2Ccadun_qtd_familias_cadastradas_pobreza_pbf_i%2Ccadun_qtd_familias_cadastradas_rfpc_acima_meio_sm_i%2Ccadun_qtd_pessoas_cadastradas_baixa_renda_i%2Ccadun_qtd_pessoas_cadastradas_i%2Ccadun_qtd_pessoas_cadastradas_pobreza_pbf_i%2Ccadun_qtd_pessoas_cadastradas_rfpc_acima_meio_sm_i%2Ccadun_taxa_atualizacao_cadastral_d%2Ccodigo_ibge%2Cmunicipio%2Cpbf_vlr_medio_benef_f%2Cqtd_familias_beneficiarias_bolsa_familia%2Cqtd_pessoas_beneficiarias_bolsa_familia_i%2Csigla_uf%2Ctipo_s%2Cvalor_repassado_bolsa_familia,2026-10-07T13:39:41.147042+00:00,Valor municipal publicado; sem imputação.,"Estatística administrativa municipal agregada; famílias e pessoas são unidades distintas. Não somar universos CadÚnico, Bolsa Família e BPC."
4127965,202603,Pessoas · Programa Bolsa Família,2630,pessoas,real,Programa Bolsa Família-4127965,https://aplicacoes.mds.gov.br/sagi/servicos/misocial?q=%2A%3A%2A&fq=tipo_s%3Ames_mu&fq=codigo_ibge%3A%28412796+OR+411960+OR+411325+OR+410940%29&fq=anomes_s%3A%5B202303+TO+202609%5D&wt=json&rows=400&sort=anomes_s+asc&fl=anomes_s%2Cbpc_ben_i%2Cbpc_idoso_ben_i%2Cbpc_idoso_val_s%2Cbpc_pcd_ben_i%2Cbpc_pcd_val_s%2Cbpc_val_s%2Ccadsuas_data_extracao_s%2Ccadsuas_qtd_centro_convivencia_i%2Ccadsuas_qtd_centro_dia_similares_i%2Ccadsuas_qtd_centro_pop_i%2Ccadsuas_qtd_cras_i%2Ccadsuas_qtd_creas_i%2Ccadsuas_qtd_unidade_acolhimento_i%2Ccadun_qtd_familias_atualizadas_i%2Ccadun_qtd_familias_cadastradas_baixa_renda_i%2Ccadun_qtd_familias_cadastradas_i%2Ccadun_qtd_familias_cadastradas_pobreza_pbf_i%2Ccadun_qtd_familias_cadastradas_rfpc_acima_meio_sm_i%2Ccadun_qtd_pessoas_cadastradas_baixa_renda_i%2Ccadun_qtd_pessoas_cadastradas_i%2Ccadun_qtd_pessoas_cadastradas_pobreza_pbf_i%2Ccadun_qtd_pessoas_cadastradas_rfpc_acima_meio_sm_i%2Ccadun_taxa_atualizacao_cadastral_d%2Ccodigo_ibge%2Cmunicipio%2Cpbf_vlr_medio_benef_f%2Cqtd_familias_beneficiarias_bolsa_familia%2Cqtd_pessoas_beneficiarias_bolsa_familia_i%2Csigla_uf%2Ctipo_s%2Cvalor_repassado_bolsa_familia,2026-10-07T13:39:41.147042+00:00,Valor municipal publicado; sem imputação.,"Estatística administrativa municipal agregada; famílias e pessoas são unidades distintas. Não somar universos CadÚnico, Bolsa Família e BPC."
4127965,202603,Valor mensal transferido · Programa Bolsa Família,597137.0,R$,real,Programa Bolsa Família-4127965,https://aplicacoes.mds.gov.br/sagi/servicos/misocial?q=%2A%3A%2A&fq=tipo_s%3Ames_mu&fq=codigo_ibge%3A%28412796+OR+411960+OR+411325+OR+410940%29&fq=anomes_s%3A%5B202303+TO+202609%5D&wt=json&rows=400&sort=anomes_s+asc&fl=anomes_s%2Cbpc_ben_i%2Cbpc_idoso_ben_i%2Cbpc_idoso_val_s%2Cbpc_pcd_ben_i%2Cbpc_pcd_val_s%2Cbpc_val_s%2Ccadsuas_data_extracao_s%2Ccadsuas_qtd_centro_convivencia_i%2Ccadsuas_qtd_centro_dia_similares_i%2Ccadsuas_qtd_centro_pop_i%2Ccadsuas_qtd_cras_i%2Ccadsuas_qtd_creas_i%2Ccadsuas_qtd_unidade_acolhimento_i%2Ccadun_qtd_familias_atualizadas_i%2Ccadun_qtd_familias_cadastradas_baixa_renda_i%2Ccadun_qtd_familias_cadastradas_i%2Ccadun_qtd_familias_cadastradas_pobreza_pbf_i%2Ccadun_qtd_familias_cadastradas_rfpc_acima_meio_sm_i%2Ccadun_qtd_pessoas_cadastradas_baixa_renda_i%2Ccadun_qtd_pessoas_cadastradas_i%2Ccadun_qtd_pessoas_cadastradas_pobreza_pbf_i%2Ccadun_qtd_pessoas_cadastradas_rfpc_acima_meio_sm_i%2Ccadun_taxa_atualizacao_cadastral_d%2Ccodigo_ibge%2Cmunicipio%2Cpbf_vlr_medio_benef_f%2Cqtd_familias_beneficiarias_bolsa_familia%2Cqtd_pessoas_beneficiarias_bolsa_familia_i%2Csigla_uf%2Ctipo_s%2Cvalor_repassado_bolsa_familia,2026-10-07T13:39:41.147042+00:00,Valor municipal publicado; sem imputação.,"Estatística administrativa municipal agregada; famílias e pessoas são unidades distintas. Não somar universos CadÚnico, Bolsa Família e BPC."
4127965,202603,Benefício médio oficial · Programa Bolsa Família,649.77,R$,real,Programa Bolsa Família-4127965,https://aplicacoes.mds.gov.br/sagi/servicos/misocial?q=%2A%3A%2A&fq=tipo_s%3Ames_mu&fq=codigo_ibge%3A%28412796+OR+411960+OR+411325+OR+410940%29&fq=anomes_s%3A%5B202303+TO+202609%5D&wt=json&rows=400&sort=anomes_s+asc&fl=anomes_s%2Cbpc_ben_i%2Cbpc_idoso_ben_i%2Cbpc_idoso_val_s%2Cbpc_pcd_ben_i%2Cbpc_pcd_val_s%2Cbpc_val_s%2Ccadsuas_data_extracao_s%2Ccadsuas_qtd_centro_convivencia_i%2Ccadsuas_qtd_centro_dia_similares_i%2Ccadsuas_qtd_centro_pop_i%2Ccadsuas_qtd_cras_i%2Ccadsuas_qtd_creas_i%2Ccadsuas_qtd_unidade_acolhimento_i%2Ccadun_qtd_familias_atualizadas_i%2Ccadun_qtd_familias_cadastradas_baixa_renda_i%2Ccadun_qtd_familias_cadastradas_i%2Ccadun_qtd_familias_cadastradas_pobreza_pbf_i%2Ccadun_qtd_familias_cadastradas_rfpc_acima_meio_sm_i%2Ccadun_qtd_pessoas_cadastradas_baixa_renda_i%2Ccadun_qtd_pessoas_cadastradas_i%2Ccadun_qtd_pessoas_cadastradas_pobreza_pbf_i%2Ccadun_qtd_pessoas_cadastradas_rfpc_acima_meio_sm_i%2Ccadun_taxa_atualizacao_cadastral_d%2Ccodigo_ibge%2Cmunicipio%2Cpbf_vlr_medio_benef_f%2Cqtd_familias_beneficiarias_bolsa_familia%2Cqtd_pessoas_beneficiarias_bolsa_familia_i%2Csigla_uf%2Ctipo_s%2Cvalor_repassado_bolsa_familia,2026-10-07T13:39:41.147042+00:00,Valor municipal publicado; sem imputação.,"Estatística administrativa municipal agregada; famílias e pessoas são unidades distintas. Não somar universos CadÚnico, Bolsa Família e BPC."
4127965,202604,Famílias · Programa Bolsa Família,985,famílias,real,Programa Bolsa Família-4127965,https://aplicacoes.mds.gov.br/sagi/servicos/misocial?q=%2A%3A%2A&fq=tipo_s%3Ames_mu&fq=codigo_ibge%3A%28412796+OR+411960+OR+411325+OR+410940%29&fq=anomes_s%3A%5B202303+TO+202609%5D&wt=json&rows=400&sort=anomes_s+asc&fl=anomes_s%2Cbpc_ben_i%2Cbpc_idoso_ben_i%2Cbpc_idoso_val_s%2Cbpc_pcd_ben_i%2Cbpc_pcd_val_s%2Cbpc_val_s%2Ccadsuas_data_extracao_s%2Ccadsuas_qtd_centro_convivencia_i%2Ccadsuas_qtd_centro_dia_similares_i%2Ccadsuas_qtd_centro_pop_i%2Ccadsuas_qtd_cras_i%2Ccadsuas_qtd_creas_i%2Ccadsuas_qtd_unidade_acolhimento_i%2Ccadun_qtd_familias_atualizadas_i%2Ccadun_qtd_familias_cadastradas_baixa_renda_i%2Ccadun_qtd_familias_cadastradas_i%2Ccadun_qtd_familias_cadastradas_pobreza_pbf_i%2Ccadun_qtd_familias_cadastradas_rfpc_acima_meio_sm_i%2Ccadun_qtd_pessoas_cadastradas_baixa_renda_i%2Ccadun_qtd_pessoas_cadastradas_i%2Ccadun_qtd_pessoas_cadastradas_pobreza_pbf_i%2Ccadun_qtd_pessoas_cadastradas_rfpc_acima_meio_sm_i%2Ccadun_taxa_atualizacao_cadastral_d%2Ccodigo_ibge%2Cmunicipio%2Cpbf_vlr_medio_benef_f%2Cqtd_familias_beneficiarias_bolsa_familia%2Cqtd_pessoas_beneficiarias_bolsa_familia_i%2Csigla_uf%2Ctipo_s%2Cvalor_repassado_bolsa_familia,2026-10-07T13:39:41.147042+00:00,Valor municipal publicado; sem imputação.,"Estatística administrativa municipal agregada; famílias e pessoas são unidades distintas. Não somar universos CadÚnico, Bolsa Família e BPC."
4127965,202604,Pessoas · Programa Bolsa Família,2792,pessoas,real,Programa Bolsa Família-4127965,https://aplicacoes.mds.gov.br/sagi/servicos/misocial?q=%2A%3A%2A&fq=tipo_s%3Ames_mu&fq=codigo_ibge%3A%28412796+OR+411960+OR+411325+OR+410940%29&fq=anomes_s%3A%5B202303+TO+202609%5D&wt=json&rows=400&sort=anomes_s+asc&fl=anomes_s%2Cbpc_ben_i%2Cbpc_idoso_ben_i%2Cbpc_idoso_val_s%2Cbpc_pcd_ben_i%2Cbpc_pcd_val_s%2Cbpc_val_s%2Ccadsuas_data_extracao_s%2Ccadsuas_qtd_centro_convivencia_i%2Ccadsuas_qtd_centro_dia_similares_i%2Ccadsuas_qtd_centro_pop_i%2Ccadsuas_qtd_cras_i%2Ccadsuas_qtd_creas_i%2Ccadsuas_qtd_unidade_acolhimento_i%2Ccadun_qtd_familias_atualizadas_i%2Ccadun_qtd_familias_cadastradas_baixa_renda_i%2Ccadun_qtd_familias_cadastradas_i%2Ccadun_qtd_familias_cadastradas_pobreza_pbf_i%2Ccadun_qtd_familias_cadastradas_rfpc_acima_meio_sm_i%2Ccadun_qtd_pessoas_cadastradas_baixa_renda_i%2Ccadun_qtd_pessoas_cadastradas_i%2Ccadun_qtd_pessoas_cadastradas_pobreza_pbf_i%2Ccadun_qtd_pessoas_cadastradas_rfpc_acima_meio_sm_i%2Ccadun_taxa_atualizacao_cadastral_d%2Ccodigo_ibge%2Cmunicipio%2Cpbf_vlr_medio_benef_f%2Cqtd_familias_beneficiarias_bolsa_familia%2Cqtd_pessoas_beneficiarias_bolsa_familia_i%2Csigla_uf%2Ctipo_s%2Cvalor_repassado_bolsa_familia,2026-10-07T13:39:41.147042+00:00,Valor municipal publicado; sem imputação.,"Estatística administrativa municipal agregada; famílias e pessoas são unidades distintas. Não somar universos CadÚnico, Bolsa Família e BPC."
4127965,202604,Valor mensal transferido · Programa Bolsa Família,647231.0,R$,real,Programa Bolsa Família-4127965,https://aplicacoes.mds.gov.br/sagi/servicos/misocial?q=%2A%3A%2A&fq=tipo_s%3Ames_mu&fq=codigo_ibge%3A%28412796+OR+411960+OR+411325+OR+410940%29&fq=anomes_s%3A%5B202303+TO+202609%5D&wt=json&rows=400&sort=anomes_s+asc&fl=anomes_s%2Cbpc_ben_i%2Cbpc_idoso_ben_i%2Cbpc_idoso_val_s%2Cbpc_pcd_ben_i%2Cbpc_pcd_val_s%2Cbpc_val_s%2Ccadsuas_data_extracao_s%2Ccadsuas_qtd_centro_convivencia_i%2Ccadsuas_qtd_centro_dia_similares_i%2Ccadsuas_qtd_centro_pop_i%2Ccadsuas_qtd_cras_i%2Ccadsuas_qtd_creas_i%2Ccadsuas_qtd_unidade_acolhimento_i%2Ccadun_qtd_familias_atualizadas_i%2Ccadun_qtd_familias_cadastradas_baixa_renda_i%2Ccadun_qtd_familias_cadastradas_i%2Ccadun_qtd_familias_cadastradas_pobreza_pbf_i%2Ccadun_qtd_familias_cadastradas_rfpc_acima_meio_sm_i%2Ccadun_qtd_pessoas_cadastradas_baixa_renda_i%2Ccadun_qtd_pessoas_cadastradas_i%2Ccadun_qtd_pessoas_cadastradas_pobreza_pbf_i%2Ccadun_qtd_pessoas_cadastradas_rfpc_acima_meio_sm_i%2Ccadun_taxa_atualizacao_cadastral_d%2Ccodigo_ibge%2Cmunicipio%2Cpbf_vlr_medio_benef_f%2Cqtd_familias_beneficiarias_bolsa_familia%2Cqtd_pessoas_beneficiarias_bolsa_familia_i%2Csigla_uf%2Ctipo_s%2Cvalor_repassado_bolsa_familia,2026-10-07T13:39:41.147042+00:00,Valor municipal publicado; sem imputação.,"Estatística administrativa municipal agregada; famílias e pessoas são unidades distintas. Não somar universos CadÚnico, Bolsa Família e BPC."
4127965,202604,Benefício médio oficial · Programa Bolsa Família,658.42,R$,real,Programa Bolsa Família-4127965,https://aplicacoes.mds.gov.br/sagi/servicos/misocial?q=%2A%3A%2A&fq=tipo_s%3Ames_mu&fq=codigo_ibge%3A%28412796+OR+411960+OR+411325+OR+410940%29&fq=anomes_s%3A%5B202303+TO+202609%5D&wt=json&rows=400&sort=anomes_s+asc&fl=anomes_s%2Cbpc_ben_i%2Cbpc_idoso_ben_i%2Cbpc_idoso_val_s%2Cbpc_pcd_ben_i%2Cbpc_pcd_val_s%2Cbpc_val_s%2Ccadsuas_data_extracao_s%2Ccadsuas_qtd_centro_convivencia_i%2Ccadsuas_qtd_centro_dia_similares_i%2Ccadsuas_qtd_centro_pop_i%2Ccadsuas_qtd_cras_i%2Ccadsuas_qtd_creas_i%2Ccadsuas_qtd_unidade_acolhimento_i%2Ccadun_qtd_familias_atualizadas_i%2Ccadun_qtd_familias_cadastradas_baixa_renda_i%2Ccadun_qtd_familias_cadastradas_i%2Ccadun_qtd_familias_cadastradas_pobreza_pbf_i%2Ccadun_qtd_familias_cadastradas_rfpc_acima_meio_sm_i%2Ccadun_qtd_pessoas_cadastradas_baixa_renda_i%2Ccadun_qtd_pessoas_cadastradas_i%2Ccadun_qtd_pessoas_cadastradas_pobreza_pbf_i%2Ccadun_qtd_pessoas_cadastradas_rfpc_acima_meio_sm_i%2Ccadun_taxa_atualizacao_cadastral_d%2Ccodigo_ibge%2Cmunicipio%2Cpbf_vlr_medio_benef_f%2Cqtd_familias_beneficiarias_bolsa_familia%2Cqtd_pessoas_beneficiarias_bolsa_familia_i%2Csigla_uf%2Ctipo_s%2Cvalor_repassado_bolsa_familia,2026-10-07T13:39:41.147042+00:00,Valor municipal publicado; sem imputação.,"Estatística administrativa municipal agregada; famílias e pessoas são unidades distintas. Não somar universos CadÚnico, Bolsa Família e BPC."
4127965,202605,Famílias · Programa Bolsa Família,981,famílias,real,Programa Bolsa Família-4127965,https://aplicacoes.mds.gov.br/sagi/servicos/misocial?q=%2A%3A%2A&fq=tipo_s%3Ames_mu&fq=codigo_ibge%3A%28412796+OR+411960+OR+411325+OR+410940%29&fq=anomes_s%3A%5B202303+TO+202609%5D&wt=json&rows=400&sort=anomes_s+asc&fl=anomes_s%2Cbpc_ben_i%2Cbpc_idoso_ben_i%2Cbpc_idoso_val_s%2Cbpc_pcd_ben_i%2Cbpc_pcd_val_s%2Cbpc_val_s%2Ccadsuas_data_extracao_s%2Ccadsuas_qtd_centro_convivencia_i%2Ccadsuas_qtd_centro_dia_similares_i%2Ccadsuas_qtd_centro_pop_i%2Ccadsuas_qtd_cras_i%2Ccadsuas_qtd_creas_i%2Ccadsuas_qtd_unidade_acolhimento_i%2Ccadun_qtd_familias_atualizadas_i%2Ccadun_qtd_familias_cadastradas_baixa_renda_i%2Ccadun_qtd_familias_cadastradas_i%2Ccadun_qtd_familias_cadastradas_pobreza_pbf_i%2Ccadun_qtd_familias_cadastradas_rfpc_acima_meio_sm_i%2Ccadun_qtd_pessoas_cadastradas_baixa_renda_i%2Ccadun_qtd_pessoas_cadastradas_i%2Ccadun_qtd_pessoas_cadastradas_pobreza_pbf_i%2Ccadun_qtd_pessoas_cadastradas_rfpc_acima_meio_sm_i%2Ccadun_taxa_atualizacao_cadastral_d%2Ccodigo_ibge%2Cmunicipio%2Cpbf_vlr_medio_benef_f%2Cqtd_familias_beneficiarias_bolsa_familia%2Cqtd_pessoas_beneficiarias_bolsa_familia_i%2Csigla_uf%2Ctipo_s%2Cvalor_repassado_bolsa_familia,2026-10-07T13:39:41.147042+00:00,Valor municipal publicado; sem imputação.,"Estatística administrativa municipal agregada; famílias e pessoas são unidades distintas. Não somar universos CadÚnico, Bolsa Família e BPC."
4127965,202605,Pessoas · Programa Bolsa Família,2767,pessoas,real,Programa Bolsa Família-4127965,https://aplicacoes.mds.gov.br/sagi/servicos/misocial?q=%2A%3A%2A&fq=tipo_s%3Ames_mu&fq=codigo_ibge%3A%28412796+OR+411960+OR+411325+OR+410940%29&fq=anomes_s%3A%5B202303+TO+202609%5D&wt=json&rows=400&sort=anomes_s+asc&fl=anomes_s%2Cbpc_ben_i%2Cbpc_idoso_ben_i%2Cbpc_idoso_val_s%2Cbpc_pcd_ben_i%2Cbpc_pcd_val_s%2Cbpc_val_s%2Ccadsuas_data_extracao_s%2Ccadsuas_qtd_centro_convivencia_i%2Ccadsuas_qtd_centro_dia_similares_i%2Ccadsuas_qtd_centro_pop_i%2Ccadsuas_qtd_cras_i%2Ccadsuas_qtd_creas_i%2Ccadsuas_qtd_unidade_acolhimento_i%2Ccadun_qtd_familias_atualizadas_i%2Ccadun_qtd_familias_cadastradas_baixa_renda_i%2Ccadun_qtd_familias_cadastradas_i%2Ccadun_qtd_familias_cadastradas_pobreza_pbf_i%2Ccadun_qtd_familias_cadastradas_rfpc_acima_meio_sm_i%2Ccadun_qtd_pessoas_cadastradas_baixa_renda_i%2Ccadun_qtd_pessoas_cadastradas_i%2Ccadun_qtd_pessoas_cadastradas_pobreza_pbf_i%2Ccadun_qtd_pessoas_cadastradas_rfpc_acima_meio_sm_i%2Ccadun_taxa_atualizacao_cadastral_d%2Ccodigo_ibge%2Cmunicipio%2Cpbf_vlr_medio_benef_f%2Cqtd_familias_beneficiarias_bolsa_familia%2Cqtd_pessoas_beneficiarias_bolsa_familia_i%2Csigla_uf%2Ctipo_s%2Cvalor_repassado_bolsa_familia,2026-10-07T13:39:41.147042+00:00,Valor municipal publicado; sem imputação.,"Estatística administrativa municipal agregada; famílias e pessoas são unidades distintas. Não somar universos CadÚnico, Bolsa Família e BPC."
4127965,202605,Valor mensal transferido · Programa Bolsa Família,633418.0,R$,real,Programa Bolsa Família-4127965,https://aplicacoes.mds.gov.br/sagi/servicos/misocial?q=%2A%3A%2A&fq=tipo_s%3Ames_mu&fq=codigo_ibge%3A%28412796+OR+411960+OR+411325+OR+410940%29&fq=anomes_s%3A%5B202303+TO+202609%5D&wt=json&rows=400&sort=anomes_s+asc&fl=anomes_s%2Cbpc_ben_i%2Cbpc_idoso_ben_i%2Cbpc_idoso_val_s%2Cbpc_pcd_ben_i%2Cbpc_pcd_val_s%2Cbpc_val_s%2Ccadsuas_data_extracao_s%2Ccadsuas_qtd_centro_convivencia_i%2Ccadsuas_qtd_centro_dia_similares_i%2Ccadsuas_qtd_centro_pop_i%2Ccadsuas_qtd_cras_i%2Ccadsuas_qtd_creas_i%2Ccadsuas_qtd_unidade_acolhimento_i%2Ccadun_qtd_familias_atualizadas_i%2Ccadun_qtd_familias_cadastradas_baixa_renda_i%2Ccadun_qtd_familias_cadastradas_i%2Ccadun_qtd_familias_cadastradas_pobreza_pbf_i%2Ccadun_qtd_familias_cadastradas_rfpc_acima_meio_sm_i%2Ccadun_qtd_pessoas_cadastradas_baixa_renda_i%2Ccadun_qtd_pessoas_cadastradas_i%2Ccadun_qtd_pessoas_cadastradas_pobreza_pbf_i%2Ccadun_qtd_pessoas_cadastradas_rfpc_acima_meio_sm_i%2Ccadun_taxa_atualizacao_cadastral_d%2Ccodigo_ibge%2Cmunicipio%2Cpbf_vlr_medio_benef_f%2Cqtd_familias_beneficiarias_bolsa_familia%2Cqtd_pessoas_beneficiarias_bolsa_familia_i%2Csigla_uf%2Ctipo_s%2Cvalor_repassado_bolsa_familia,2026-10-07T13:39:41.147042+00:00,Valor municipal publicado; sem imputação.,"Estatística administrativa municipal agregada; famílias e pessoas são unidades distintas. Não somar universos CadÚnico, Bolsa Família e BPC."
4127965,202605,Benefício médio oficial · Programa Bolsa Família,648.99,R$,real,Programa Bolsa Família-4127965,https://aplicacoes.mds.gov.br/sagi/servicos/misocial?q=%2A%3A%2A&fq=tipo_s%3Ames_mu&fq=codigo_ibge%3A%28412796+OR+411960+OR+411325+OR+410940%29&fq=anomes_s%3A%5B202303+TO+202609%5D&wt=json&rows=400&sort=anomes_s+asc&fl=anomes_s%2Cbpc_ben_i%2Cbpc_idoso_ben_i%2Cbpc_idoso_val_s%2Cbpc_pcd_ben_i%2Cbpc_pcd_val_s%2Cbpc_val_s%2Ccadsuas_data_extracao_s%2Ccadsuas_qtd_centro_convivencia_i%2Ccadsuas_qtd_centro_dia_similares_i%2Ccadsuas_qtd_centro_pop_i%2Ccadsuas_qtd_cras_i%2Ccadsuas_qtd_creas_i%2Ccadsuas_qtd_unidade_acolhimento_i%2Ccadun_qtd_familias_atualizadas_i%2Ccadun_qtd_familias_cadastradas_baixa_renda_i%2Ccadun_qtd_familias_cadastradas_i%2Ccadun_qtd_familias_cadastradas_pobreza_pbf_i%2Ccadun_qtd_familias_cadastradas_rfpc_acima_meio_sm_i%2Ccadun_qtd_pessoas_cadastradas_baixa_renda_i%2Ccadun_qtd_pessoas_cadastradas_i%2Ccadun_qtd_pessoas_cadastradas_pobreza_pbf_i%2Ccadun_qtd_pessoas_cadastradas_rfpc_acima_meio_sm_i%2Ccadun_taxa_atualizacao_cadastral_d%2Ccodigo_ibge%2Cmunicipio%2Cpbf_vlr_medio_benef_f%2Cqtd_familias_beneficiarias_bolsa_familia%2Cqtd_pessoas_beneficiarias_bolsa_familia_i%2Csigla_uf%2Ctipo_s%2Cvalor_repassado_bolsa_familia,2026-10-07T13:39:41.147042+00:00,Valor municipal publicado; sem imputação.,"Estatística administrativa municipal agregada; famílias e pessoas são unidades distintas. Não somar universos CadÚnico, Bolsa Família e BPC."
4127965,202606,Famílias · Programa Bolsa Família,1039,famílias,real,Programa Bolsa Família-4127965,https://aplicacoes.mds.gov.br/sagi/servicos/misocial?q=%2A%3A%2A&fq=tipo_s%3Ames_mu&fq=codigo_ibge%3A%28412796+OR+411960+OR+411325+OR+410940%29&fq=anomes_s%3A%5B202303+TO+202609%5D&wt=json&rows=400&sort=anomes_s+asc&fl=anomes_s%2Cbpc_ben_i%2Cbpc_idoso_ben_i%2Cbpc_idoso_val_s%2Cbpc_pcd_ben_i%2Cbpc_pcd_val_s%2Cbpc_val_s%2Ccadsuas_data_extracao_s%2Ccadsuas_qtd_centro_convivencia_i%2Ccadsuas_qtd_centro_dia_similares_i%2Ccadsuas_qtd_centro_pop_i%2Ccadsuas_qtd_cras_i%2Ccadsuas_qtd_creas_i%2Ccadsuas_qtd_unidade_acolhimento_i%2Ccadun_qtd_familias_atualizadas_i%2Ccadun_qtd_familias_cadastradas_baixa_renda_i%2Ccadun_qtd_familias_cadastradas_i%2Ccadun_qtd_familias_cadastradas_pobreza_pbf_i%2Ccadun_qtd_familias_cadastradas_rfpc_acima_meio_sm_i%2Ccadun_qtd_pessoas_cadastradas_baixa_renda_i%2Ccadun_qtd_pessoas_cadastradas_i%2Ccadun_qtd_pessoas_cadastradas_pobreza_pbf_i%2Ccadun_qtd_pessoas_cadastradas_rfpc_acima_meio_sm_i%2Ccadun_taxa_atualizacao_cadastral_d%2Ccodigo_ibge%2Cmunicipio%2Cpbf_vlr_medio_benef_f%2Cqtd_familias_beneficiarias_bolsa_familia%2Cqtd_pessoas_beneficiarias_bolsa_familia_i%2Csigla_uf%2Ctipo_s%2Cvalor_repassado_bolsa_familia,2026-10-07T13:39:41.147042+00:00,Valor municipal publicado; sem imputação.,"Estatística administrativa municipal agregada; famílias e pessoas são unidades distintas. Não somar universos CadÚnico, Bolsa Família e BPC."
4127965,202606,Pessoas · Programa Bolsa Família,2851,pessoas,real,Programa Bolsa Família-4127965,https://aplicacoes.mds.gov.br/sagi/servicos/misocial?q=%2A%3A%2A&fq=tipo_s%3Ames_mu&fq=codigo_ibge%3A%28412796+OR+411960+OR+411325+OR+410940%29&fq=anomes_s%3A%5B202303+TO+202609%5D&wt=json&rows=400&sort=anomes_s+asc&fl=anomes_s%2Cbpc_ben_i%2Cbpc_idoso_ben_i%2Cbpc_idoso_val_s%2Cbpc_pcd_ben_i%2Cbpc_pcd_val_s%2Cbpc_val_s%2Ccadsuas_data_extracao_s%2Ccadsuas_qtd_centro_convivencia_i%2Ccadsuas_qtd_centro_dia_similares_i%2Ccadsuas_qtd_centro_pop_i%2Ccadsuas_qtd_cras_i%2Ccadsuas_qtd_creas_i%2Ccadsuas_qtd_unidade_acolhimento_i%2Ccadun_qtd_familias_atualizadas_i%2Ccadun_qtd_familias_cadastradas_baixa_renda_i%2Ccadun_qtd_familias_cadastradas_i%2Ccadun_qtd_familias_cadastradas_pobreza_pbf_i%2Ccadun_qtd_familias_cadastradas_rfpc_acima_meio_sm_i%2Ccadun_qtd_pessoas_cadastradas_baixa_renda_i%2Ccadun_qtd_pessoas_cadastradas_i%2Ccadun_qtd_pessoas_cadastradas_pobreza_pbf_i%2Ccadun_qtd_pessoas_cadastradas_rfpc_acima_meio_sm_i%2Ccadun_taxa_atualizacao_cadastral_d%2Ccodigo_ibge%2Cmunicipio%2Cpbf_vlr_medio_benef_f%2Cqtd_familias_beneficiarias_bolsa_familia%2Cqtd_pessoas_beneficiarias_bolsa_familia_i%2Csigla_uf%2Ctipo_s%2Cvalor_repassado_bolsa_familia,2026-10-07T13:39:41.147042+00:00,Valor municipal publicado; sem imputação.,"Estatística administrativa municipal agregada; famílias e pessoas são unidades distintas. Não somar universos CadÚnico, Bolsa Família e BPC."
4127965,202606,Valor mensal transferido · Programa Bolsa Família,671065.0,R$,real,Programa Bolsa Família-4127965,https://aplicacoes.mds.gov.br/sagi/servicos/misocial?q=%2A%3A%2A&fq=tipo_s%3Ames_mu&fq=codigo_ibge%3A%28412796+OR+411960+OR+411325+OR+410940%29&fq=anomes_s%3A%5B202303+TO+202609%5D&wt=json&rows=400&sort=anomes_s+asc&fl=anomes_s%2Cbpc_ben_i%2Cbpc_idoso_ben_i%2Cbpc_idoso_val_s%2Cbpc_pcd_ben_i%2Cbpc_pcd_val_s%2Cbpc_val_s%2Ccadsuas_data_extracao_s%2Ccadsuas_qtd_centro_convivencia_i%2Ccadsuas_qtd_centro_dia_similares_i%2Ccadsuas_qtd_centro_pop_i%2Ccadsuas_qtd_cras_i%2Ccadsuas_qtd_creas_i%2Ccadsuas_qtd_unidade_acolhimento_i%2Ccadun_qtd_familias_atualizadas_i%2Ccadun_qtd_familias_cadastradas_baixa_renda_i%2Ccadun_qtd_familias_cadastradas_i%2Ccadun_qtd_familias_cadastradas_pobreza_pbf_i%2Ccadun_qtd_familias_cadastradas_rfpc_acima_meio_sm_i%2Ccadun_qtd_pessoas_cadastradas_baixa_renda_i%2Ccadun_qtd_pessoas_cadastradas_i%2Ccadun_qtd_pessoas_cadastradas_pobreza_pbf_i%2Ccadun_qtd_pessoas_cadastradas_rfpc_acima_meio_sm_i%2Ccadun_taxa_atualizacao_cadastral_d%2Ccodigo_ibge%2Cmunicipio%2Cpbf_vlr_medio_benef_f%2Cqtd_familias_beneficiarias_bolsa_familia%2Cqtd_pessoas_beneficiarias_bolsa_familia_i%2Csigla_uf%2Ctipo_s%2Cvalor_repassado_bolsa_familia,2026-10-07T13:39:41.147042+00:00,Valor municipal publicado; sem imputação.,"Estatística administrativa municipal agregada; famílias e pessoas são unidades distintas. Não somar universos CadÚnico, Bolsa Família e BPC."
4127965,202606,Benefício médio oficial · Programa Bolsa Família,648.37,R$,real,Programa Bolsa Família-4127965,https://aplicacoes.mds.gov.br/sagi/servicos/misocial?q=%2A%3A%2A&fq=tipo_s%3Ames_mu&fq=codigo_ibge%3A%28412796+OR+411960+OR+411325+OR+410940%29&fq=anomes_s%3A%5B202303+TO+202609%5D&wt=json&rows=400&sort=anomes_s+asc&fl=anomes_s%2Cbpc_ben_i%2Cbpc_idoso_ben_i%2Cbpc_idoso_val_s%2Cbpc_pcd_ben_i%2Cbpc_pcd_val_s%2Cbpc_val_s%2Ccadsuas_data_extracao_s%2Ccadsuas_qtd_centro_convivencia_i%2Ccadsuas_qtd_centro_dia_similares_i%2Ccadsuas_qtd_centro_pop_i%2Ccadsuas_qtd_cras_i%2Ccadsuas_qtd_creas_i%2Ccadsuas_qtd_unidade_acolhimento_i%2Ccadun_qtd_familias_atualizadas_i%2Ccadun_qtd_familias_cadastradas_baixa_renda_i%2Ccadun_qtd_familias_cadastradas_i%2Ccadun_qtd_familias_cadastradas_pobreza_pbf_i%2Ccadun_qtd_familias_cadastradas_rfpc_acima_meio_sm_i%2Ccadun_qtd_pessoas_cadastradas_baixa_renda_i%2Ccadun_qtd_pessoas_cadastradas_i%2Ccadun_qtd_pessoas_cadastradas_pobreza_pbf_i%2Ccadun_qtd_pessoas_cadastradas_rfpc_acima_meio_sm_i%2Ccadun_taxa_atualizacao_cadastral_d%2Ccodigo_ibge%2Cmunicipio%2Cpbf_vlr_medio_benef_f%2Cqtd_familias_beneficiarias_bolsa_familia%2Cqtd_pessoas_beneficiarias_bolsa_familia_i%2Csigla_uf%2Ctipo_s%2Cvalor_repassado_bolsa_familia,2026-10-07T13:39:41.147042+00:00,Valor municipal publicado; sem imputação.,"Estatística administrativa municipal agregada; famílias e pessoas são unidades distintas. Não somar universos CadÚnico, Bolsa Família e BPC."
4127965,202607,Famílias · Programa Bolsa Família,1026,famílias,real,Programa Bolsa Família-4127965,https://aplicacoes.mds.gov.br/sagi/servicos/misocial?q=%2A%3A%2A&fq=tipo_s%3Ames_mu&fq=codigo_ibge%3A%28412796+OR+411960+OR+411325+OR+410940%29&fq=anomes_s%3A%5B202303+TO+202609%5D&wt=json&rows=400&sort=anomes_s+asc&fl=anomes_s%2Cbpc_ben_i%2Cbpc_idoso_ben_i%2Cbpc_idoso_val_s%2Cbpc_pcd_ben_i%2Cbpc_pcd_val_s%2Cbpc_val_s%2Ccadsuas_data_extracao_s%2Ccadsuas_qtd_centro_convivencia_i%2Ccadsuas_qtd_centro_dia_similares_i%2Ccadsuas_qtd_centro_pop_i%2Ccadsuas_qtd_cras_i%2Ccadsuas_qtd_creas_i%2Ccadsuas_qtd_unidade_acolhimento_i%2Ccadun_qtd_familias_atualizadas_i%2Ccadun_qtd_familias_cadastradas_baixa_renda_i%2Ccadun_qtd_familias_cadastradas_i%2Ccadun_qtd_familias_cadastradas_pobreza_pbf_i%2Ccadun_qtd_familias_cadastradas_rfpc_acima_meio_sm_i%2Ccadun_qtd_pessoas_cadastradas_baixa_renda_i%2Ccadun_qtd_pessoas_cadastradas_i%2Ccadun_qtd_pessoas_cadastradas_pobreza_pbf_i%2Ccadun_qtd_pessoas_cadastradas_rfpc_acima_meio_sm_i%2Ccadun_taxa_atualizacao_cadastral_d%2Ccodigo_ibge%2Cmunicipio%2Cpbf_vlr_medio_benef_f%2Cqtd_familias_beneficiarias_bolsa_familia%2Cqtd_pessoas_beneficiarias_bolsa_familia_i%2Csigla_uf%2Ctipo_s%2Cvalor_repassado_bolsa_familia,2026-10-07T13:39:41.147042+00:00,Valor municipal publicado; sem imputação.,"Estatística administrativa municipal agregada; famílias e pessoas são unidades distintas. Não somar universos CadÚnico, Bolsa Família e BPC."
4127965,202607,Pessoas · Programa Bolsa Família,2811,pessoas,real,Programa Bolsa Família-4127965,https://aplicacoes.mds.gov.br/sagi/servicos/misocial?q=%2A%3A%2A&fq=tipo_s%3Ames_mu&fq=codigo_ibge%3A%28412796+OR+411960+OR+411325+OR+410940%29&fq=anomes_s%3A%5B202303+TO+202609%5D&wt=json&rows=400&sort=anomes_s+asc&fl=anomes_s%2Cbpc_ben_i%2Cbpc_idoso_ben_i%2Cbpc_idoso_val_s%2Cbpc_pcd_ben_i%2Cbpc_pcd_val_s%2Cbpc_val_s%2Ccadsuas_data_extracao_s%2Ccadsuas_qtd_centro_convivencia_i%2Ccadsuas_qtd_centro_dia_similares_i%2Ccadsuas_qtd_centro_pop_i%2Ccadsuas_qtd_cras_i%2Ccadsuas_qtd_creas_i%2Ccadsuas_qtd_unidade_acolhimento_i%2Ccadun_qtd_familias_atualizadas_i%2Ccadun_qtd_familias_cadastradas_baixa_renda_i%2Ccadun_qtd_familias_cadastradas_i%2Ccadun_qtd_familias_cadastradas_pobreza_pbf_i%2Ccadun_qtd_familias_cadastradas_rfpc_acima_meio_sm_i%2Ccadun_qtd_pessoas_cadastradas_baixa_renda_i%2Ccadun_qtd_pessoas_cadastradas_i%2Ccadun_qtd_pessoas_cadastradas_pobreza_pbf_i%2Ccadun_qtd_pessoas_cadastradas_rfpc_acima_meio_sm_i%2Ccadun_taxa_atualizacao_cadastral_d%2Ccodigo_ibge%2Cmunicipio%2Cpbf_vlr_medio_benef_f%2Cqtd_familias_beneficiarias_bolsa_familia%2Cqtd_pessoas_beneficiarias_bolsa_familia_i%2Csigla_uf%2Ctipo_s%2Cvalor_repassado_bolsa_familia,2026-10-07T13:39:41.147042+00:00,Valor municipal publicado; sem imputação.,"Estatística administrativa municipal agregada; famílias e pessoas são unidades distintas. Não somar universos CadÚnico, Bolsa Família e BPC."
4127965,202607,Valor mensal transferido · Programa Bolsa Família,660878.0,R$,real,Programa Bolsa Família-4127965,https://aplicacoes.mds.gov.br/sagi/servicos/misocial?q=%2A%3A%2A&fq=tipo_s%3Ames_mu&fq=codigo_ibge%3A%28412796+OR+411960+OR+411325+OR+410940%29&fq=anomes_s%3A%5B202303+TO+202609%5D&wt=json&rows=400&sort=anomes_s+asc&fl=anomes_s%2Cbpc_ben_i%2Cbpc_idoso_ben_i%2Cbpc_idoso_val_s%2Cbpc_pcd_ben_i%2Cbpc_pcd_val_s%2Cbpc_val_s%2Ccadsuas_data_extracao_s%2Ccadsuas_qtd_centro_convivencia_i%2Ccadsuas_qtd_centro_dia_similares_i%2Ccadsuas_qtd_centro_pop_i%2Ccadsuas_qtd_cras_i%2Ccadsuas_qtd_creas_i%2Ccadsuas_qtd_unidade_acolhimento_i%2Ccadun_qtd_familias_atualizadas_i%2Ccadun_qtd_familias_cadastradas_baixa_renda_i%2Ccadun_qtd_familias_cadastradas_i%2Ccadun_qtd_familias_cadastradas_pobreza_pbf_i%2Ccadun_qtd_familias_cadastradas_rfpc_acima_meio_sm_i%2Ccadun_qtd_pessoas_cadastradas_baixa_renda_i%2Ccadun_qtd_pessoas_cadastradas_i%2Ccadun_qtd_pessoas_cadastradas_pobreza_pbf_i%2Ccadun_qtd_pessoas_cadastradas_rfpc_acima_meio_sm_i%2Ccadun_taxa_atualizacao_cadastral_d%2Ccodigo_ibge%2Cmunicipio%2Cpbf_vlr_medio_benef_f%2Cqtd_familias_beneficiarias_bolsa_familia%2Cqtd_pessoas_beneficiarias_bolsa_familia_i%2Csigla_uf%2Ctipo_s%2Cvalor_repassado_bolsa_familia,2026-10-07T13:39:41.147042+00:00,Valor municipal publicado; sem imputação.,"Estatística administrativa municipal agregada; famílias e pessoas são unidades distintas. Não somar universos CadÚnico, Bolsa Família e BPC."
4127965,202607,Benefício médio oficial · Programa Bolsa Família,644.76,R$,real,Programa Bolsa Família-4127965,https://aplicacoes.mds.gov.br/sagi/servicos/misocial?q=%2A%3A%2A&fq=tipo_s%3Ames_mu&fq=codigo_ibge%3A%28412796+OR+411960+OR+411325+OR+410940%29&fq=anomes_s%3A%5B202303+TO+202609%5D&wt=json&rows=400&sort=anomes_s+asc&fl=anomes_s%2Cbpc_ben_i%2Cbpc_idoso_ben_i%2Cbpc_idoso_val_s%2Cbpc_pcd_ben_i%2Cbpc_pcd_val_s%2Cbpc_val_s%2Ccadsuas_data_extracao_s%2Ccadsuas_qtd_centro_convivencia_i%2Ccadsuas_qtd_centro_dia_similares_i%2Ccadsuas_qtd_centro_pop_i%2Ccadsuas_qtd_cras_i%2Ccadsuas_qtd_creas_i%2Ccadsuas_qtd_unidade_acolhimento_i%2Ccadun_qtd_familias_atualizadas_i%2Ccadun_qtd_familias_cadastradas_baixa_renda_i%2Ccadun_qtd_familias_cadastradas_i%2Ccadun_qtd_familias_cadastradas_pobreza_pbf_i%2Ccadun_qtd_familias_cadastradas_rfpc_acima_meio_sm_i%2Ccadun_qtd_pessoas_cadastradas_baixa_renda_i%2Ccadun_qtd_pessoas_cadastradas_i%2Ccadun_qtd_pessoas_cadastradas_pobreza_pbf_i%2Ccadun_qtd_pessoas_cadastradas_rfpc_acima_meio_sm_i%2Ccadun_taxa_atualizacao_cadastral_d%2Ccodigo_ibge%2Cmunicipio%2Cpbf_vlr_medio_benef_f%2Cqtd_familias_beneficiarias_bolsa_familia%2Cqtd_pessoas_beneficiarias_bolsa_familia_i%2Csigla_uf%2Ctipo_s%2Cvalor_repassado_bolsa_familia,2026-10-07T13:39:41.147042+00:00,Valor municipal publicado; sem imputação.,"Estatística administrativa municipal agregada; famílias e pessoas são unidades distintas. Não somar universos CadÚnico, Bolsa Família e BPC."
4127965,202608,Famílias · Programa Bolsa Família,1016,famílias,real,Programa Bolsa Família-4127965,https://aplicacoes.mds.gov.br/sagi/servicos/misocial?q=%2A%3A%2A&fq=tipo_s%3Ames_mu&fq=codigo_ibge%3A%28412796+OR+411960+OR+411325+OR+410940%29&fq=anomes_s%3A%5B202303+TO+202609%5D&wt=json&rows=400&sort=anomes_s+asc&fl=anomes_s%2Cbpc_ben_i%2Cbpc_idoso_ben_i%2Cbpc_idoso_val_s%2Cbpc_pcd_ben_i%2Cbpc_pcd_val_s%2Cbpc_val_s%2Ccadsuas_data_extracao_s%2Ccadsuas_qtd_centro_convivencia_i%2Ccadsuas_qtd_centro_dia_similares_i%2Ccadsuas_qtd_centro_pop_i%2Ccadsuas_qtd_cras_i%2Ccadsuas_qtd_creas_i%2Ccadsuas_qtd_unidade_acolhimento_i%2Ccadun_qtd_familias_atualizadas_i%2Ccadun_qtd_familias_cadastradas_baixa_renda_i%2Ccadun_qtd_familias_cadastradas_i%2Ccadun_qtd_familias_cadastradas_pobreza_pbf_i%2Ccadun_qtd_familias_cadastradas_rfpc_acima_meio_sm_i%2Ccadun_qtd_pessoas_cadastradas_baixa_renda_i%2Ccadun_qtd_pessoas_cadastradas_i%2Ccadun_qtd_pessoas_cadastradas_pobreza_pbf_i%2Ccadun_qtd_pessoas_cadastradas_rfpc_acima_meio_sm_i%2Ccadun_taxa_atualizacao_cadastral_d%2Ccodigo_ibge%2Cmunicipio%2Cpbf_vlr_medio_benef_f%2Cqtd_familias_beneficiarias_bolsa_familia%2Cqtd_pessoas_beneficiarias_bolsa_familia_i%2Csigla_uf%2Ctipo_s%2Cvalor_repassado_bolsa_familia,2026-10-07T13:39:41.147042+00:00,Valor municipal publicado; sem imputação.,"Estatística administrativa municipal agregada; famílias e pessoas são unidades distintas. Não somar universos CadÚnico, Bolsa Família e BPC."
4127965,202608,Pessoas · Programa Bolsa Família,2777,pessoas,real,Programa Bolsa Família-4127965,https://aplicacoes.mds.gov.br/sagi/servicos/misocial?q=%2A%3A%2A&fq=tipo_s%3Ames_mu&fq=codigo_ibge%3A%28412796+OR+411960+OR+411325+OR+410940%29&fq=anomes_s%3A%5B202303+TO+202609%5D&wt=json&rows=400&sort=anomes_s+asc&fl=anomes_s%2Cbpc_ben_i%2Cbpc_idoso_ben_i%2Cbpc_idoso_val_s%2Cbpc_pcd_ben_i%2Cbpc_pcd_val_s%2Cbpc_val_s%2Ccadsuas_data_extracao_s%2Ccadsuas_qtd_centro_convivencia_i%2Ccadsuas_qtd_centro_dia_similares_i%2Ccadsuas_qtd_centro_pop_i%2Ccadsuas_qtd_cras_i%2Ccadsuas_qtd_creas_i%2Ccadsuas_qtd_unidade_acolhimento_i%2Ccadun_qtd_familias_atualizadas_i%2Ccadun_qtd_familias_cadastradas_baixa_renda_i%2Ccadun_qtd_familias_cadastradas_i%2Ccadun_qtd_familias_cadastradas_pobreza_pbf_i%2Ccadun_qtd_familias_cadastradas_rfpc_acima_meio_sm_i%2Ccadun_qtd_pessoas_cadastradas_baixa_renda_i%2Ccadun_qtd_pessoas_cadastradas_i%2Ccadun_qtd_pessoas_cadastradas_pobreza_pbf_i%2Ccadun_qtd_pessoas_cadastradas_rfpc_acima_meio_sm_i%2Ccadun_taxa_atualizacao_cadastral_d%2Ccodigo_ibge%2Cmunicipio%2Cpbf_vlr_medio_benef_f%2Cqtd_familias_beneficiarias_bolsa_familia%2Cqtd_pessoas_beneficiarias_bolsa_familia_i%2Csigla_uf%2Ctipo_s%2Cvalor_repassado_bolsa_familia,2026-10-07T13:39:41.147042+00:00,Valor municipal publicado; sem imputação.,"Estatística administrativa municipal agregada; famílias e pessoas são unidades distintas. Não somar universos CadÚnico, Bolsa Família e BPC."
4127965,202608,Valor mensal transferido · Programa Bolsa Família,652184.0,R$,real,Programa Bolsa Família-4127965,https://aplicacoes.mds.gov.br/sagi/servicos/misocial?q=%2A%3A%2A&fq=tipo_s%3Ames_mu&fq=codigo_ibge%3A%28412796+OR+411960+OR+411325+OR+410940%29&fq=anomes_s%3A%5B202303+TO+202609%5D&wt=json&rows=400&sort=anomes_s+asc&fl=anomes_s%2Cbpc_ben_i%2Cbpc_idoso_ben_i%2Cbpc_idoso_val_s%2Cbpc_pcd_ben_i%2Cbpc_pcd_val_s%2Cbpc_val_s%2Ccadsuas_data_extracao_s%2Ccadsuas_qtd_centro_convivencia_i%2Ccadsuas_qtd_centro_dia_similares_i%2Ccadsuas_qtd_centro_pop_i%2Ccadsuas_qtd_cras_i%2Ccadsuas_qtd_creas_i%2Ccadsuas_qtd_unidade_acolhimento_i%2Ccadun_qtd_familias_atualizadas_i%2Ccadun_qtd_familias_cadastradas_baixa_renda_i%2Ccadun_qtd_familias_cadastradas_i%2Ccadun_qtd_familias_cadastradas_pobreza_pbf_i%2Ccadun_qtd_familias_cadastradas_rfpc_acima_meio_sm_i%2Ccadun_qtd_pessoas_cadastradas_baixa_renda_i%2Ccadun_qtd_pessoas_cadastradas_i%2Ccadun_qtd_pessoas_cadastradas_pobreza_pbf_i%2Ccadun_qtd_pessoas_cadastradas_rfpc_acima_meio_sm_i%2Ccadun_taxa_atualizacao_cadastral_d%2Ccodigo_ibge%2Cmunicipio%2Cpbf_vlr_medio_benef_f%2Cqtd_familias_beneficiarias_bolsa_familia%2Cqtd_pessoas_beneficiarias_bolsa_familia_i%2Csigla_uf%2Ctipo_s%2Cvalor_repassado_bolsa_familia,2026-10-07T13:39:41.147042+00:00,Valor municipal publicado; sem imputação.,"Estatística administrativa municipal agregada; famílias e pessoas são unidades distintas. Não somar universos CadÚnico, Bolsa Família e BPC."
4127965,202608,Benefício médio oficial · Programa Bolsa Família,642.55,R$,real,Programa Bolsa Família-4127965,https://aplicacoes.mds.gov.br/sagi/servicos/misocial?q=%2A%3A%2A&fq=tipo_s%3Ames_mu&fq=codigo_ibge%3A%28412796+OR+411960+OR+411325+OR+410940%29&fq=anomes_s%3A%5B202303+TO+202609%5D&wt=json&rows=400&sort=anomes_s+asc&fl=anomes_s%2Cbpc_ben_i%2Cbpc_idoso_ben_i%2Cbpc_idoso_val_s%2Cbpc_pcd_ben_i%2Cbpc_pcd_val_s%2Cbpc_val_s%2Ccadsuas_data_extracao_s%2Ccadsuas_qtd_centro_convivencia_i%2Ccadsuas_qtd_centro_dia_similares_i%2Ccadsuas_qtd_centro_pop_i%2Ccadsuas_qtd_cras_i%2Ccadsuas_qtd_creas_i%2Ccadsuas_qtd_unidade_acolhimento_i%2Ccadun_qtd_familias_atualizadas_i%2Ccadun_qtd_familias_cadastradas_baixa_renda_i%2Ccadun_qtd_familias_cadastradas_i%2Ccadun_qtd_familias_cadastradas_pobreza_pbf_i%2Ccadun_qtd_familias_cadastradas_rfpc_acima_meio_sm_i%2Ccadun_qtd_pessoas_cadastradas_baixa_renda_i%2Ccadun_qtd_pessoas_cadastradas_i%2Ccadun_qtd_pessoas_cadastradas_pobreza_pbf_i%2Ccadun_qtd_pessoas_cadastradas_rfpc_acima_meio_sm_i%2Ccadun_taxa_atualizacao_cadastral_d%2Ccodigo_ibge%2Cmunicipio%2Cpbf_vlr_medio_benef_f%2Cqtd_familias_beneficiarias_bolsa_familia%2Cqtd_pessoas_beneficiarias_bolsa_familia_i%2Csigla_uf%2Ctipo_s%2Cvalor_repassado_bolsa_familia,2026-10-07T13:39:41.147042+00:00,Valor municipal publicado; sem imputação.,"Estatística administrativa municipal agregada; famílias e pessoas são unidades distintas. Não somar universos CadÚnico, Bolsa Família e BPC."
4127965,202609,Famílias · Programa Bolsa Família,1030,famílias,real,Programa Bolsa Família-4127965,https://aplicacoes.mds.gov.br/sagi/servicos/misocial?q=%2A%3A%2A&fq=tipo_s%3Ames_mu&fq=codigo_ibge%3A%28412796+OR+411960+OR+411325+OR+410940%29&fq=anomes_s%3A%5B202303+TO+202609%5D&wt=json&rows=400&sort=anomes_s+asc&fl=anomes_s%2Cbpc_ben_i%2Cbpc_idoso_ben_i%2Cbpc_idoso_val_s%2Cbpc_pcd_ben_i%2Cbpc_pcd_val_s%2Cbpc_val_s%2Ccadsuas_data_extracao_s%2Ccadsuas_qtd_centro_convivencia_i%2Ccadsuas_qtd_centro_dia_similares_i%2Ccadsuas_qtd_centro_pop_i%2Ccadsuas_qtd_cras_i%2Ccadsuas_qtd_creas_i%2Ccadsuas_qtd_unidade_acolhimento_i%2Ccadun_qtd_familias_atualizadas_i%2Ccadun_qtd_familias_cadastradas_baixa_renda_i%2Ccadun_qtd_familias_cadastradas_i%2Ccadun_qtd_familias_cadastradas_pobreza_pbf_i%2Ccadun_qtd_familias_cadastradas_rfpc_acima_meio_sm_i%2Ccadun_qtd_pessoas_cadastradas_baixa_renda_i%2Ccadun_qtd_pessoas_cadastradas_i%2Ccadun_qtd_pessoas_cadastradas_pobreza_pbf_i%2Ccadun_qtd_pessoas_cadastradas_rfpc_acima_meio_sm_i%2Ccadun_taxa_atualizacao_cadastral_d%2Ccodigo_ibge%2Cmunicipio%2Cpbf_vlr_medio_benef_f%2Cqtd_familias_beneficiarias_bolsa_familia%2Cqtd_pessoas_beneficiarias_bolsa_familia_i%2Csigla_uf%2Ctipo_s%2Cvalor_repassado_bolsa_familia,2026-10-07T13:39:41.147042+00:00,Valor municipal publicado; sem imputação.,"Estatística administrativa municipal agregada; famílias e pessoas são unidades distintas. Não somar universos CadÚnico, Bolsa Família e BPC."
4127965,202609,Pessoas · Programa Bolsa Família,2790,pessoas,real,Programa Bolsa Família-4127965,https://aplicacoes.mds.gov.br/sagi/servicos/misocial?q=%2A%3A%2A&fq=tipo_s%3Ames_mu&fq=codigo_ibge%3A%28412796+OR+411960+OR+411325+OR+410940%29&fq=anomes_s%3A%5B202303+TO+202609%5D&wt=json&rows=400&sort=anomes_s+asc&fl=anomes_s%2Cbpc_ben_i%2Cbpc_idoso_ben_i%2Cbpc_idoso_val_s%2Cbpc_pcd_ben_i%2Cbpc_pcd_val_s%2Cbpc_val_s%2Ccadsuas_data_extracao_s%2Ccadsuas_qtd_centro_convivencia_i%2Ccadsuas_qtd_centro_dia_similares_i%2Ccadsuas_qtd_centro_pop_i%2Ccadsuas_qtd_cras_i%2Ccadsuas_qtd_creas_i%2Ccadsuas_qtd_unidade_acolhimento_i%2Ccadun_qtd_familias_atualizadas_i%2Ccadun_qtd_familias_cadastradas_baixa_renda_i%2Ccadun_qtd_familias_cadastradas_i%2Ccadun_qtd_familias_cadastradas_pobreza_pbf_i%2Ccadun_qtd_familias_cadastradas_rfpc_acima_meio_sm_i%2Ccadun_qtd_pessoas_cadastradas_baixa_renda_i%2Ccadun_qtd_pessoas_cadastradas_i%2Ccadun_qtd_pessoas_cadastradas_pobreza_pbf_i%2Ccadun_qtd_pessoas_cadastradas_rfpc_acima_meio_sm_i%2Ccadun_taxa_atualizacao_cadastral_d%2Ccodigo_ibge%2Cmunicipio%2Cpbf_vlr_medio_benef_f%2Cqtd_familias_beneficiarias_bolsa_familia%2Cqtd_pessoas_beneficiarias_bolsa_familia_i%2Csigla_uf%2Ctipo_s%2Cvalor_repassado_bolsa_familia,2026-10-07T13:39:41.147042+00:00,Valor municipal publicado; sem imputação.,"Estatística administrativa municipal agregada; famílias e pessoas são unidades distintas. Não somar universos CadÚnico, Bolsa Família e BPC."
4127965,202609,Valor mensal transferido · Programa Bolsa Família,665693.0,R$,real,Programa Bolsa Família-4127965,https://aplicacoes.mds.gov.br/sagi/servicos/misocial?q=%2A%3A%2A&fq=tipo_s%3Ames_mu&fq=codigo_ibge%3A%28412796+OR+411960+OR+411325+OR+410940%29&fq=anomes_s%3A%5B202303+TO+202609%5D&wt=json&rows=400&sort=anomes_s+asc&fl=anomes_s%2Cbpc_ben_i%2Cbpc_idoso_ben_i%2Cbpc_idoso_val_s%2Cbpc_pcd_ben_i%2Cbpc_pcd_val_s%2Cbpc_val_s%2Ccadsuas_data_extracao_s%2Ccadsuas_qtd_centro_convivencia_i%2Ccadsuas_qtd_centro_dia_similares_i%2Ccadsuas_qtd_centro_pop_i%2Ccadsuas_qtd_cras_i%2Ccadsuas_qtd_creas_i%2Ccadsuas_qtd_unidade_acolhimento_i%2Ccadun_qtd_familias_atualizadas_i%2Ccadun_qtd_familias_cadastradas_baixa_renda_i%2Ccadun_qtd_familias_cadastradas_i%2Ccadun_qtd_familias_cadastradas_pobreza_pbf_i%2Ccadun_qtd_familias_cadastradas_rfpc_acima_meio_sm_i%2Ccadun_qtd_pessoas_cadastradas_baixa_renda_i%2Ccadun_qtd_pessoas_cadastradas_i%2Ccadun_qtd_pessoas_cadastradas_pobreza_pbf_i%2Ccadun_qtd_pessoas_cadastradas_rfpc_acima_meio_sm_i%2Ccadun_taxa_atualizacao_cadastral_d%2Ccodigo_ibge%2Cmunicipio%2Cpbf_vlr_medio_benef_f%2Cqtd_familias_beneficiarias_bolsa_familia%2Cqtd_pessoas_beneficiarias_bolsa_familia_i%2Csigla_uf%2Ctipo_s%2Cvalor_repassado_bolsa_familia,2026-10-07T13:39:41.147042+00:00,Valor municipal publicado; sem imputação.,"Estatística administrativa municipal agregada; famílias e pessoas são unidades distintas. Não somar universos CadÚnico, Bolsa Família e BPC."
4127965,202609,Benefício médio oficial · Programa Bolsa Família,649.46,R$,real,Programa Bolsa Família-4127965,https://aplicacoes.mds.gov.br/sagi/servicos/misocial?q=%2A%3A%2A&fq=tipo_s%3Ames_mu&fq=codigo_ibge%3A%28412796+OR+411960+OR+411325+OR+410940%29&fq=anomes_s%3A%5B202303+TO+202609%5D&wt=json&rows=400&sort=anomes_s+asc&fl=anomes_s%2Cbpc_ben_i%2Cbpc_idoso_ben_i%2Cbpc_idoso_val_s%2Cbpc_pcd_ben_i%2Cbpc_pcd_val_s%2Cbpc_val_s%2Ccadsuas_data_extracao_s%2Ccadsuas_qtd_centro_convivencia_i%2Ccadsuas_qtd_centro_dia_similares_i%2Ccadsuas_qtd_centro_pop_i%2Ccadsuas_qtd_cras_i%2Ccadsuas_qtd_creas_i%2Ccadsuas_qtd_unidade_acolhimento_i%2Ccadun_qtd_familias_atualizadas_i%2Ccadun_qtd_familias_cadastradas_baixa_renda_i%2Ccadun_qtd_familias_cadastradas_i%2Ccadun_qtd_familias_cadastradas_pobreza_pbf_i%2Ccadun_qtd_familias_cadastradas_rfpc_acima_meio_sm_i%2Ccadun_qtd_pessoas_cadastradas_baixa_renda_i%2Ccadun_qtd_pessoas_cadastradas_i%2Ccadun_qtd_pessoas_cadastradas_pobreza_pbf_i%2Ccadun_qtd_pessoas_cadastradas_rfpc_acima_meio_sm_i%2Ccadun_taxa_atualizacao_cadastral_d%2Ccodigo_ibge%2Cmunicipio%2Cpbf_vlr_medio_benef_f%2Cqtd_familias_beneficiarias_bolsa_familia%2Cqtd_pessoas_beneficiarias_bolsa_familia_i%2Csigla_uf%2Ctipo_s%2Cvalor_repassado_bolsa_familia,2026-10-07T13:39:41.147042+00:00,Valor municipal publicado; sem imputação.,"Estatística administrativa municipal agregada; famílias e pessoas são unidades distintas. Não somar universos CadÚnico, Bolsa Família e BPC."
