municipalityCode,reference,indicator,value,unit,status,sourceId,url,collectedAt,transformation,note
4127965,202409,Total de benefícios · BPC · Fonte Pagadora,366,benefícios,real,BPC · Fonte Pagadora-4127965,https://aplicacoes.mds.gov.br/sagi/servicos/misocial?q=%2A%3A%2A&fq=tipo_s%3Ames_mu&fq=codigo_ibge%3A%28412796+OR+411960+OR+411325+OR+410940%29&fq=anomes_s%3A%5B202303+TO+202608%5D&wt=json&rows=400&sort=anomes_s+asc&fl=anomes_s%2Cbpc_ben_i%2Cbpc_idoso_ben_i%2Cbpc_idoso_val_s%2Cbpc_pcd_ben_i%2Cbpc_pcd_val_s%2Cbpc_val_s%2Ccadsuas_data_extracao_s%2Ccadsuas_qtd_centro_convivencia_i%2Ccadsuas_qtd_centro_dia_similares_i%2Ccadsuas_qtd_centro_pop_i%2Ccadsuas_qtd_cras_i%2Ccadsuas_qtd_creas_i%2Ccadsuas_qtd_unidade_acolhimento_i%2Ccadun_qtd_familias_atualizadas_i%2Ccadun_qtd_familias_cadastradas_baixa_renda_i%2Ccadun_qtd_familias_cadastradas_i%2Ccadun_qtd_familias_cadastradas_pobreza_pbf_i%2Ccadun_qtd_familias_cadastradas_rfpc_acima_meio_sm_i%2Ccadun_qtd_pessoas_cadastradas_baixa_renda_i%2Ccadun_qtd_pessoas_cadastradas_i%2Ccadun_qtd_pessoas_cadastradas_pobreza_pbf_i%2Ccadun_qtd_pessoas_cadastradas_rfpc_acima_meio_sm_i%2Ccadun_taxa_atualizacao_cadastral_d%2Ccodigo_ibge%2Cmunicipio%2Cpbf_vlr_medio_benef_f%2Cqtd_familias_beneficiarias_bolsa_familia%2Cqtd_pessoas_beneficiarias_bolsa_familia_i%2Csigla_uf%2Ctipo_s%2Cvalor_repassado_bolsa_familia,2026-10-07T13:39:41.147042+00:00,Valor municipal publicado; sem imputação.,"Estatística administrativa municipal agregada; famílias e pessoas são unidades distintas. Não somar universos CadÚnico, Bolsa Família e BPC."
4127965,202409,Benefícios · pessoa idosa · BPC · Fonte Pagadora,143,benefícios,real,BPC · Fonte Pagadora-4127965,https://aplicacoes.mds.gov.br/sagi/servicos/misocial?q=%2A%3A%2A&fq=tipo_s%3Ames_mu&fq=codigo_ibge%3A%28412796+OR+411960+OR+411325+OR+410940%29&fq=anomes_s%3A%5B202303+TO+202608%5D&wt=json&rows=400&sort=anomes_s+asc&fl=anomes_s%2Cbpc_ben_i%2Cbpc_idoso_ben_i%2Cbpc_idoso_val_s%2Cbpc_pcd_ben_i%2Cbpc_pcd_val_s%2Cbpc_val_s%2Ccadsuas_data_extracao_s%2Ccadsuas_qtd_centro_convivencia_i%2Ccadsuas_qtd_centro_dia_similares_i%2Ccadsuas_qtd_centro_pop_i%2Ccadsuas_qtd_cras_i%2Ccadsuas_qtd_creas_i%2Ccadsuas_qtd_unidade_acolhimento_i%2Ccadun_qtd_familias_atualizadas_i%2Ccadun_qtd_familias_cadastradas_baixa_renda_i%2Ccadun_qtd_familias_cadastradas_i%2Ccadun_qtd_familias_cadastradas_pobreza_pbf_i%2Ccadun_qtd_familias_cadastradas_rfpc_acima_meio_sm_i%2Ccadun_qtd_pessoas_cadastradas_baixa_renda_i%2Ccadun_qtd_pessoas_cadastradas_i%2Ccadun_qtd_pessoas_cadastradas_pobreza_pbf_i%2Ccadun_qtd_pessoas_cadastradas_rfpc_acima_meio_sm_i%2Ccadun_taxa_atualizacao_cadastral_d%2Ccodigo_ibge%2Cmunicipio%2Cpbf_vlr_medio_benef_f%2Cqtd_familias_beneficiarias_bolsa_familia%2Cqtd_pessoas_beneficiarias_bolsa_familia_i%2Csigla_uf%2Ctipo_s%2Cvalor_repassado_bolsa_familia,2026-10-07T13:39:41.147042+00:00,Valor municipal publicado; sem imputação.,"Estatística administrativa municipal agregada; famílias e pessoas são unidades distintas. Não somar universos CadÚnico, Bolsa Família e BPC."
4127965,202409,Benefícios · pessoa com deficiência · BPC · Fonte Pagadora,223,benefícios,real,BPC · Fonte Pagadora-4127965,https://aplicacoes.mds.gov.br/sagi/servicos/misocial?q=%2A%3A%2A&fq=tipo_s%3Ames_mu&fq=codigo_ibge%3A%28412796+OR+411960+OR+411325+OR+410940%29&fq=anomes_s%3A%5B202303+TO+202608%5D&wt=json&rows=400&sort=anomes_s+asc&fl=anomes_s%2Cbpc_ben_i%2Cbpc_idoso_ben_i%2Cbpc_idoso_val_s%2Cbpc_pcd_ben_i%2Cbpc_pcd_val_s%2Cbpc_val_s%2Ccadsuas_data_extracao_s%2Ccadsuas_qtd_centro_convivencia_i%2Ccadsuas_qtd_centro_dia_similares_i%2Ccadsuas_qtd_centro_pop_i%2Ccadsuas_qtd_cras_i%2Ccadsuas_qtd_creas_i%2Ccadsuas_qtd_unidade_acolhimento_i%2Ccadun_qtd_familias_atualizadas_i%2Ccadun_qtd_familias_cadastradas_baixa_renda_i%2Ccadun_qtd_familias_cadastradas_i%2Ccadun_qtd_familias_cadastradas_pobreza_pbf_i%2Ccadun_qtd_familias_cadastradas_rfpc_acima_meio_sm_i%2Ccadun_qtd_pessoas_cadastradas_baixa_renda_i%2Ccadun_qtd_pessoas_cadastradas_i%2Ccadun_qtd_pessoas_cadastradas_pobreza_pbf_i%2Ccadun_qtd_pessoas_cadastradas_rfpc_acima_meio_sm_i%2Ccadun_taxa_atualizacao_cadastral_d%2Ccodigo_ibge%2Cmunicipio%2Cpbf_vlr_medio_benef_f%2Cqtd_familias_beneficiarias_bolsa_familia%2Cqtd_pessoas_beneficiarias_bolsa_familia_i%2Csigla_uf%2Ctipo_s%2Cvalor_repassado_bolsa_familia,2026-10-07T13:39:41.147042+00:00,Valor municipal publicado; sem imputação.,"Estatística administrativa municipal agregada; famílias e pessoas são unidades distintas. Não somar universos CadÚnico, Bolsa Família e BPC."
4127965,202409,Valor · pessoa idosa · BPC · Fonte Pagadora,201916.0,R$,real,BPC · Fonte Pagadora-4127965,https://aplicacoes.mds.gov.br/sagi/servicos/misocial?q=%2A%3A%2A&fq=tipo_s%3Ames_mu&fq=codigo_ibge%3A%28412796+OR+411960+OR+411325+OR+410940%29&fq=anomes_s%3A%5B202303+TO+202608%5D&wt=json&rows=400&sort=anomes_s+asc&fl=anomes_s%2Cbpc_ben_i%2Cbpc_idoso_ben_i%2Cbpc_idoso_val_s%2Cbpc_pcd_ben_i%2Cbpc_pcd_val_s%2Cbpc_val_s%2Ccadsuas_data_extracao_s%2Ccadsuas_qtd_centro_convivencia_i%2Ccadsuas_qtd_centro_dia_similares_i%2Ccadsuas_qtd_centro_pop_i%2Ccadsuas_qtd_cras_i%2Ccadsuas_qtd_creas_i%2Ccadsuas_qtd_unidade_acolhimento_i%2Ccadun_qtd_familias_atualizadas_i%2Ccadun_qtd_familias_cadastradas_baixa_renda_i%2Ccadun_qtd_familias_cadastradas_i%2Ccadun_qtd_familias_cadastradas_pobreza_pbf_i%2Ccadun_qtd_familias_cadastradas_rfpc_acima_meio_sm_i%2Ccadun_qtd_pessoas_cadastradas_baixa_renda_i%2Ccadun_qtd_pessoas_cadastradas_i%2Ccadun_qtd_pessoas_cadastradas_pobreza_pbf_i%2Ccadun_qtd_pessoas_cadastradas_rfpc_acima_meio_sm_i%2Ccadun_taxa_atualizacao_cadastral_d%2Ccodigo_ibge%2Cmunicipio%2Cpbf_vlr_medio_benef_f%2Cqtd_familias_beneficiarias_bolsa_familia%2Cqtd_pessoas_beneficiarias_bolsa_familia_i%2Csigla_uf%2Ctipo_s%2Cvalor_repassado_bolsa_familia,2026-10-07T13:39:41.147042+00:00,Valor municipal publicado; sem imputação.,"Estatística administrativa municipal agregada; famílias e pessoas são unidades distintas. Não somar universos CadÚnico, Bolsa Família e BPC."
4127965,202409,Valor · pessoa com deficiência · BPC · Fonte Pagadora,314880.86,R$,real,BPC · Fonte Pagadora-4127965,https://aplicacoes.mds.gov.br/sagi/servicos/misocial?q=%2A%3A%2A&fq=tipo_s%3Ames_mu&fq=codigo_ibge%3A%28412796+OR+411960+OR+411325+OR+410940%29&fq=anomes_s%3A%5B202303+TO+202608%5D&wt=json&rows=400&sort=anomes_s+asc&fl=anomes_s%2Cbpc_ben_i%2Cbpc_idoso_ben_i%2Cbpc_idoso_val_s%2Cbpc_pcd_ben_i%2Cbpc_pcd_val_s%2Cbpc_val_s%2Ccadsuas_data_extracao_s%2Ccadsuas_qtd_centro_convivencia_i%2Ccadsuas_qtd_centro_dia_similares_i%2Ccadsuas_qtd_centro_pop_i%2Ccadsuas_qtd_cras_i%2Ccadsuas_qtd_creas_i%2Ccadsuas_qtd_unidade_acolhimento_i%2Ccadun_qtd_familias_atualizadas_i%2Ccadun_qtd_familias_cadastradas_baixa_renda_i%2Ccadun_qtd_familias_cadastradas_i%2Ccadun_qtd_familias_cadastradas_pobreza_pbf_i%2Ccadun_qtd_familias_cadastradas_rfpc_acima_meio_sm_i%2Ccadun_qtd_pessoas_cadastradas_baixa_renda_i%2Ccadun_qtd_pessoas_cadastradas_i%2Ccadun_qtd_pessoas_cadastradas_pobreza_pbf_i%2Ccadun_qtd_pessoas_cadastradas_rfpc_acima_meio_sm_i%2Ccadun_taxa_atualizacao_cadastral_d%2Ccodigo_ibge%2Cmunicipio%2Cpbf_vlr_medio_benef_f%2Cqtd_familias_beneficiarias_bolsa_familia%2Cqtd_pessoas_beneficiarias_bolsa_familia_i%2Csigla_uf%2Ctipo_s%2Cvalor_repassado_bolsa_familia,2026-10-07T13:39:41.147042+00:00,Valor municipal publicado; sem imputação.,"Estatística administrativa municipal agregada; famílias e pessoas são unidades distintas. Não somar universos CadÚnico, Bolsa Família e BPC."
4127965,202409,Valor mensal transferido · BPC · Fonte Pagadora,516796.86,R$,real,BPC · Fonte Pagadora-4127965,https://aplicacoes.mds.gov.br/sagi/servicos/misocial?q=%2A%3A%2A&fq=tipo_s%3Ames_mu&fq=codigo_ibge%3A%28412796+OR+411960+OR+411325+OR+410940%29&fq=anomes_s%3A%5B202303+TO+202608%5D&wt=json&rows=400&sort=anomes_s+asc&fl=anomes_s%2Cbpc_ben_i%2Cbpc_idoso_ben_i%2Cbpc_idoso_val_s%2Cbpc_pcd_ben_i%2Cbpc_pcd_val_s%2Cbpc_val_s%2Ccadsuas_data_extracao_s%2Ccadsuas_qtd_centro_convivencia_i%2Ccadsuas_qtd_centro_dia_similares_i%2Ccadsuas_qtd_centro_pop_i%2Ccadsuas_qtd_cras_i%2Ccadsuas_qtd_creas_i%2Ccadsuas_qtd_unidade_acolhimento_i%2Ccadun_qtd_familias_atualizadas_i%2Ccadun_qtd_familias_cadastradas_baixa_renda_i%2Ccadun_qtd_familias_cadastradas_i%2Ccadun_qtd_familias_cadastradas_pobreza_pbf_i%2Ccadun_qtd_familias_cadastradas_rfpc_acima_meio_sm_i%2Ccadun_qtd_pessoas_cadastradas_baixa_renda_i%2Ccadun_qtd_pessoas_cadastradas_i%2Ccadun_qtd_pessoas_cadastradas_pobreza_pbf_i%2Ccadun_qtd_pessoas_cadastradas_rfpc_acima_meio_sm_i%2Ccadun_taxa_atualizacao_cadastral_d%2Ccodigo_ibge%2Cmunicipio%2Cpbf_vlr_medio_benef_f%2Cqtd_familias_beneficiarias_bolsa_familia%2Cqtd_pessoas_beneficiarias_bolsa_familia_i%2Csigla_uf%2Ctipo_s%2Cvalor_repassado_bolsa_familia,2026-10-07T13:39:41.147042+00:00,Valor municipal publicado; sem imputação.,"Estatística administrativa municipal agregada; famílias e pessoas são unidades distintas. Não somar universos CadÚnico, Bolsa Família e BPC."
4127965,202410,Total de benefícios · BPC · Fonte Pagadora,366,benefícios,real,BPC · Fonte Pagadora-4127965,https://aplicacoes.mds.gov.br/sagi/servicos/misocial?q=%2A%3A%2A&fq=tipo_s%3Ames_mu&fq=codigo_ibge%3A%28412796+OR+411960+OR+411325+OR+410940%29&fq=anomes_s%3A%5B202303+TO+202608%5D&wt=json&rows=400&sort=anomes_s+asc&fl=anomes_s%2Cbpc_ben_i%2Cbpc_idoso_ben_i%2Cbpc_idoso_val_s%2Cbpc_pcd_ben_i%2Cbpc_pcd_val_s%2Cbpc_val_s%2Ccadsuas_data_extracao_s%2Ccadsuas_qtd_centro_convivencia_i%2Ccadsuas_qtd_centro_dia_similares_i%2Ccadsuas_qtd_centro_pop_i%2Ccadsuas_qtd_cras_i%2Ccadsuas_qtd_creas_i%2Ccadsuas_qtd_unidade_acolhimento_i%2Ccadun_qtd_familias_atualizadas_i%2Ccadun_qtd_familias_cadastradas_baixa_renda_i%2Ccadun_qtd_familias_cadastradas_i%2Ccadun_qtd_familias_cadastradas_pobreza_pbf_i%2Ccadun_qtd_familias_cadastradas_rfpc_acima_meio_sm_i%2Ccadun_qtd_pessoas_cadastradas_baixa_renda_i%2Ccadun_qtd_pessoas_cadastradas_i%2Ccadun_qtd_pessoas_cadastradas_pobreza_pbf_i%2Ccadun_qtd_pessoas_cadastradas_rfpc_acima_meio_sm_i%2Ccadun_taxa_atualizacao_cadastral_d%2Ccodigo_ibge%2Cmunicipio%2Cpbf_vlr_medio_benef_f%2Cqtd_familias_beneficiarias_bolsa_familia%2Cqtd_pessoas_beneficiarias_bolsa_familia_i%2Csigla_uf%2Ctipo_s%2Cvalor_repassado_bolsa_familia,2026-10-07T13:39:41.147042+00:00,Valor municipal publicado; sem imputação.,"Estatística administrativa municipal agregada; famílias e pessoas são unidades distintas. Não somar universos CadÚnico, Bolsa Família e BPC."
4127965,202410,Benefícios · pessoa idosa · BPC · Fonte Pagadora,144,benefícios,real,BPC · Fonte Pagadora-4127965,https://aplicacoes.mds.gov.br/sagi/servicos/misocial?q=%2A%3A%2A&fq=tipo_s%3Ames_mu&fq=codigo_ibge%3A%28412796+OR+411960+OR+411325+OR+410940%29&fq=anomes_s%3A%5B202303+TO+202608%5D&wt=json&rows=400&sort=anomes_s+asc&fl=anomes_s%2Cbpc_ben_i%2Cbpc_idoso_ben_i%2Cbpc_idoso_val_s%2Cbpc_pcd_ben_i%2Cbpc_pcd_val_s%2Cbpc_val_s%2Ccadsuas_data_extracao_s%2Ccadsuas_qtd_centro_convivencia_i%2Ccadsuas_qtd_centro_dia_similares_i%2Ccadsuas_qtd_centro_pop_i%2Ccadsuas_qtd_cras_i%2Ccadsuas_qtd_creas_i%2Ccadsuas_qtd_unidade_acolhimento_i%2Ccadun_qtd_familias_atualizadas_i%2Ccadun_qtd_familias_cadastradas_baixa_renda_i%2Ccadun_qtd_familias_cadastradas_i%2Ccadun_qtd_familias_cadastradas_pobreza_pbf_i%2Ccadun_qtd_familias_cadastradas_rfpc_acima_meio_sm_i%2Ccadun_qtd_pessoas_cadastradas_baixa_renda_i%2Ccadun_qtd_pessoas_cadastradas_i%2Ccadun_qtd_pessoas_cadastradas_pobreza_pbf_i%2Ccadun_qtd_pessoas_cadastradas_rfpc_acima_meio_sm_i%2Ccadun_taxa_atualizacao_cadastral_d%2Ccodigo_ibge%2Cmunicipio%2Cpbf_vlr_medio_benef_f%2Cqtd_familias_beneficiarias_bolsa_familia%2Cqtd_pessoas_beneficiarias_bolsa_familia_i%2Csigla_uf%2Ctipo_s%2Cvalor_repassado_bolsa_familia,2026-10-07T13:39:41.147042+00:00,Valor municipal publicado; sem imputação.,"Estatística administrativa municipal agregada; famílias e pessoas são unidades distintas. Não somar universos CadÚnico, Bolsa Família e BPC."
4127965,202410,Benefícios · pessoa com deficiência · BPC · Fonte Pagadora,222,benefícios,real,BPC · Fonte Pagadora-4127965,https://aplicacoes.mds.gov.br/sagi/servicos/misocial?q=%2A%3A%2A&fq=tipo_s%3Ames_mu&fq=codigo_ibge%3A%28412796+OR+411960+OR+411325+OR+410940%29&fq=anomes_s%3A%5B202303+TO+202608%5D&wt=json&rows=400&sort=anomes_s+asc&fl=anomes_s%2Cbpc_ben_i%2Cbpc_idoso_ben_i%2Cbpc_idoso_val_s%2Cbpc_pcd_ben_i%2Cbpc_pcd_val_s%2Cbpc_val_s%2Ccadsuas_data_extracao_s%2Ccadsuas_qtd_centro_convivencia_i%2Ccadsuas_qtd_centro_dia_similares_i%2Ccadsuas_qtd_centro_pop_i%2Ccadsuas_qtd_cras_i%2Ccadsuas_qtd_creas_i%2Ccadsuas_qtd_unidade_acolhimento_i%2Ccadun_qtd_familias_atualizadas_i%2Ccadun_qtd_familias_cadastradas_baixa_renda_i%2Ccadun_qtd_familias_cadastradas_i%2Ccadun_qtd_familias_cadastradas_pobreza_pbf_i%2Ccadun_qtd_familias_cadastradas_rfpc_acima_meio_sm_i%2Ccadun_qtd_pessoas_cadastradas_baixa_renda_i%2Ccadun_qtd_pessoas_cadastradas_i%2Ccadun_qtd_pessoas_cadastradas_pobreza_pbf_i%2Ccadun_qtd_pessoas_cadastradas_rfpc_acima_meio_sm_i%2Ccadun_taxa_atualizacao_cadastral_d%2Ccodigo_ibge%2Cmunicipio%2Cpbf_vlr_medio_benef_f%2Cqtd_familias_beneficiarias_bolsa_familia%2Cqtd_pessoas_beneficiarias_bolsa_familia_i%2Csigla_uf%2Ctipo_s%2Cvalor_repassado_bolsa_familia,2026-10-07T13:39:41.147042+00:00,Valor municipal publicado; sem imputação.,"Estatística administrativa municipal agregada; famílias e pessoas são unidades distintas. Não somar universos CadÚnico, Bolsa Família e BPC."
4127965,202410,Valor · pessoa idosa · BPC · Fonte Pagadora,203328.0,R$,real,BPC · Fonte Pagadora-4127965,https://aplicacoes.mds.gov.br/sagi/servicos/misocial?q=%2A%3A%2A&fq=tipo_s%3Ames_mu&fq=codigo_ibge%3A%28412796+OR+411960+OR+411325+OR+410940%29&fq=anomes_s%3A%5B202303+TO+202608%5D&wt=json&rows=400&sort=anomes_s+asc&fl=anomes_s%2Cbpc_ben_i%2Cbpc_idoso_ben_i%2Cbpc_idoso_val_s%2Cbpc_pcd_ben_i%2Cbpc_pcd_val_s%2Cbpc_val_s%2Ccadsuas_data_extracao_s%2Ccadsuas_qtd_centro_convivencia_i%2Ccadsuas_qtd_centro_dia_similares_i%2Ccadsuas_qtd_centro_pop_i%2Ccadsuas_qtd_cras_i%2Ccadsuas_qtd_creas_i%2Ccadsuas_qtd_unidade_acolhimento_i%2Ccadun_qtd_familias_atualizadas_i%2Ccadun_qtd_familias_cadastradas_baixa_renda_i%2Ccadun_qtd_familias_cadastradas_i%2Ccadun_qtd_familias_cadastradas_pobreza_pbf_i%2Ccadun_qtd_familias_cadastradas_rfpc_acima_meio_sm_i%2Ccadun_qtd_pessoas_cadastradas_baixa_renda_i%2Ccadun_qtd_pessoas_cadastradas_i%2Ccadun_qtd_pessoas_cadastradas_pobreza_pbf_i%2Ccadun_qtd_pessoas_cadastradas_rfpc_acima_meio_sm_i%2Ccadun_taxa_atualizacao_cadastral_d%2Ccodigo_ibge%2Cmunicipio%2Cpbf_vlr_medio_benef_f%2Cqtd_familias_beneficiarias_bolsa_familia%2Cqtd_pessoas_beneficiarias_bolsa_familia_i%2Csigla_uf%2Ctipo_s%2Cvalor_repassado_bolsa_familia,2026-10-07T13:39:41.147042+00:00,Valor municipal publicado; sem imputação.,"Estatística administrativa municipal agregada; famílias e pessoas são unidades distintas. Não somar universos CadÚnico, Bolsa Família e BPC."
4127965,202410,Valor · pessoa com deficiência · BPC · Fonte Pagadora,313470.08,R$,real,BPC · Fonte Pagadora-4127965,https://aplicacoes.mds.gov.br/sagi/servicos/misocial?q=%2A%3A%2A&fq=tipo_s%3Ames_mu&fq=codigo_ibge%3A%28412796+OR+411960+OR+411325+OR+410940%29&fq=anomes_s%3A%5B202303+TO+202608%5D&wt=json&rows=400&sort=anomes_s+asc&fl=anomes_s%2Cbpc_ben_i%2Cbpc_idoso_ben_i%2Cbpc_idoso_val_s%2Cbpc_pcd_ben_i%2Cbpc_pcd_val_s%2Cbpc_val_s%2Ccadsuas_data_extracao_s%2Ccadsuas_qtd_centro_convivencia_i%2Ccadsuas_qtd_centro_dia_similares_i%2Ccadsuas_qtd_centro_pop_i%2Ccadsuas_qtd_cras_i%2Ccadsuas_qtd_creas_i%2Ccadsuas_qtd_unidade_acolhimento_i%2Ccadun_qtd_familias_atualizadas_i%2Ccadun_qtd_familias_cadastradas_baixa_renda_i%2Ccadun_qtd_familias_cadastradas_i%2Ccadun_qtd_familias_cadastradas_pobreza_pbf_i%2Ccadun_qtd_familias_cadastradas_rfpc_acima_meio_sm_i%2Ccadun_qtd_pessoas_cadastradas_baixa_renda_i%2Ccadun_qtd_pessoas_cadastradas_i%2Ccadun_qtd_pessoas_cadastradas_pobreza_pbf_i%2Ccadun_qtd_pessoas_cadastradas_rfpc_acima_meio_sm_i%2Ccadun_taxa_atualizacao_cadastral_d%2Ccodigo_ibge%2Cmunicipio%2Cpbf_vlr_medio_benef_f%2Cqtd_familias_beneficiarias_bolsa_familia%2Cqtd_pessoas_beneficiarias_bolsa_familia_i%2Csigla_uf%2Ctipo_s%2Cvalor_repassado_bolsa_familia,2026-10-07T13:39:41.147042+00:00,Valor municipal publicado; sem imputação.,"Estatística administrativa municipal agregada; famílias e pessoas são unidades distintas. Não somar universos CadÚnico, Bolsa Família e BPC."
4127965,202410,Valor mensal transferido · BPC · Fonte Pagadora,516798.08,R$,real,BPC · Fonte Pagadora-4127965,https://aplicacoes.mds.gov.br/sagi/servicos/misocial?q=%2A%3A%2A&fq=tipo_s%3Ames_mu&fq=codigo_ibge%3A%28412796+OR+411960+OR+411325+OR+410940%29&fq=anomes_s%3A%5B202303+TO+202608%5D&wt=json&rows=400&sort=anomes_s+asc&fl=anomes_s%2Cbpc_ben_i%2Cbpc_idoso_ben_i%2Cbpc_idoso_val_s%2Cbpc_pcd_ben_i%2Cbpc_pcd_val_s%2Cbpc_val_s%2Ccadsuas_data_extracao_s%2Ccadsuas_qtd_centro_convivencia_i%2Ccadsuas_qtd_centro_dia_similares_i%2Ccadsuas_qtd_centro_pop_i%2Ccadsuas_qtd_cras_i%2Ccadsuas_qtd_creas_i%2Ccadsuas_qtd_unidade_acolhimento_i%2Ccadun_qtd_familias_atualizadas_i%2Ccadun_qtd_familias_cadastradas_baixa_renda_i%2Ccadun_qtd_familias_cadastradas_i%2Ccadun_qtd_familias_cadastradas_pobreza_pbf_i%2Ccadun_qtd_familias_cadastradas_rfpc_acima_meio_sm_i%2Ccadun_qtd_pessoas_cadastradas_baixa_renda_i%2Ccadun_qtd_pessoas_cadastradas_i%2Ccadun_qtd_pessoas_cadastradas_pobreza_pbf_i%2Ccadun_qtd_pessoas_cadastradas_rfpc_acima_meio_sm_i%2Ccadun_taxa_atualizacao_cadastral_d%2Ccodigo_ibge%2Cmunicipio%2Cpbf_vlr_medio_benef_f%2Cqtd_familias_beneficiarias_bolsa_familia%2Cqtd_pessoas_beneficiarias_bolsa_familia_i%2Csigla_uf%2Ctipo_s%2Cvalor_repassado_bolsa_familia,2026-10-07T13:39:41.147042+00:00,Valor municipal publicado; sem imputação.,"Estatística administrativa municipal agregada; famílias e pessoas são unidades distintas. Não somar universos CadÚnico, Bolsa Família e BPC."
4127965,202411,Total de benefícios · BPC · Fonte Pagadora,365,benefícios,real,BPC · Fonte Pagadora-4127965,https://aplicacoes.mds.gov.br/sagi/servicos/misocial?q=%2A%3A%2A&fq=tipo_s%3Ames_mu&fq=codigo_ibge%3A%28412796+OR+411960+OR+411325+OR+410940%29&fq=anomes_s%3A%5B202303+TO+202608%5D&wt=json&rows=400&sort=anomes_s+asc&fl=anomes_s%2Cbpc_ben_i%2Cbpc_idoso_ben_i%2Cbpc_idoso_val_s%2Cbpc_pcd_ben_i%2Cbpc_pcd_val_s%2Cbpc_val_s%2Ccadsuas_data_extracao_s%2Ccadsuas_qtd_centro_convivencia_i%2Ccadsuas_qtd_centro_dia_similares_i%2Ccadsuas_qtd_centro_pop_i%2Ccadsuas_qtd_cras_i%2Ccadsuas_qtd_creas_i%2Ccadsuas_qtd_unidade_acolhimento_i%2Ccadun_qtd_familias_atualizadas_i%2Ccadun_qtd_familias_cadastradas_baixa_renda_i%2Ccadun_qtd_familias_cadastradas_i%2Ccadun_qtd_familias_cadastradas_pobreza_pbf_i%2Ccadun_qtd_familias_cadastradas_rfpc_acima_meio_sm_i%2Ccadun_qtd_pessoas_cadastradas_baixa_renda_i%2Ccadun_qtd_pessoas_cadastradas_i%2Ccadun_qtd_pessoas_cadastradas_pobreza_pbf_i%2Ccadun_qtd_pessoas_cadastradas_rfpc_acima_meio_sm_i%2Ccadun_taxa_atualizacao_cadastral_d%2Ccodigo_ibge%2Cmunicipio%2Cpbf_vlr_medio_benef_f%2Cqtd_familias_beneficiarias_bolsa_familia%2Cqtd_pessoas_beneficiarias_bolsa_familia_i%2Csigla_uf%2Ctipo_s%2Cvalor_repassado_bolsa_familia,2026-10-07T13:39:41.147042+00:00,Valor municipal publicado; sem imputação.,"Estatística administrativa municipal agregada; famílias e pessoas são unidades distintas. Não somar universos CadÚnico, Bolsa Família e BPC."
4127965,202411,Benefícios · pessoa idosa · BPC · Fonte Pagadora,144,benefícios,real,BPC · Fonte Pagadora-4127965,https://aplicacoes.mds.gov.br/sagi/servicos/misocial?q=%2A%3A%2A&fq=tipo_s%3Ames_mu&fq=codigo_ibge%3A%28412796+OR+411960+OR+411325+OR+410940%29&fq=anomes_s%3A%5B202303+TO+202608%5D&wt=json&rows=400&sort=anomes_s+asc&fl=anomes_s%2Cbpc_ben_i%2Cbpc_idoso_ben_i%2Cbpc_idoso_val_s%2Cbpc_pcd_ben_i%2Cbpc_pcd_val_s%2Cbpc_val_s%2Ccadsuas_data_extracao_s%2Ccadsuas_qtd_centro_convivencia_i%2Ccadsuas_qtd_centro_dia_similares_i%2Ccadsuas_qtd_centro_pop_i%2Ccadsuas_qtd_cras_i%2Ccadsuas_qtd_creas_i%2Ccadsuas_qtd_unidade_acolhimento_i%2Ccadun_qtd_familias_atualizadas_i%2Ccadun_qtd_familias_cadastradas_baixa_renda_i%2Ccadun_qtd_familias_cadastradas_i%2Ccadun_qtd_familias_cadastradas_pobreza_pbf_i%2Ccadun_qtd_familias_cadastradas_rfpc_acima_meio_sm_i%2Ccadun_qtd_pessoas_cadastradas_baixa_renda_i%2Ccadun_qtd_pessoas_cadastradas_i%2Ccadun_qtd_pessoas_cadastradas_pobreza_pbf_i%2Ccadun_qtd_pessoas_cadastradas_rfpc_acima_meio_sm_i%2Ccadun_taxa_atualizacao_cadastral_d%2Ccodigo_ibge%2Cmunicipio%2Cpbf_vlr_medio_benef_f%2Cqtd_familias_beneficiarias_bolsa_familia%2Cqtd_pessoas_beneficiarias_bolsa_familia_i%2Csigla_uf%2Ctipo_s%2Cvalor_repassado_bolsa_familia,2026-10-07T13:39:41.147042+00:00,Valor municipal publicado; sem imputação.,"Estatística administrativa municipal agregada; famílias e pessoas são unidades distintas. Não somar universos CadÚnico, Bolsa Família e BPC."
4127965,202411,Benefícios · pessoa com deficiência · BPC · Fonte Pagadora,221,benefícios,real,BPC · Fonte Pagadora-4127965,https://aplicacoes.mds.gov.br/sagi/servicos/misocial?q=%2A%3A%2A&fq=tipo_s%3Ames_mu&fq=codigo_ibge%3A%28412796+OR+411960+OR+411325+OR+410940%29&fq=anomes_s%3A%5B202303+TO+202608%5D&wt=json&rows=400&sort=anomes_s+asc&fl=anomes_s%2Cbpc_ben_i%2Cbpc_idoso_ben_i%2Cbpc_idoso_val_s%2Cbpc_pcd_ben_i%2Cbpc_pcd_val_s%2Cbpc_val_s%2Ccadsuas_data_extracao_s%2Ccadsuas_qtd_centro_convivencia_i%2Ccadsuas_qtd_centro_dia_similares_i%2Ccadsuas_qtd_centro_pop_i%2Ccadsuas_qtd_cras_i%2Ccadsuas_qtd_creas_i%2Ccadsuas_qtd_unidade_acolhimento_i%2Ccadun_qtd_familias_atualizadas_i%2Ccadun_qtd_familias_cadastradas_baixa_renda_i%2Ccadun_qtd_familias_cadastradas_i%2Ccadun_qtd_familias_cadastradas_pobreza_pbf_i%2Ccadun_qtd_familias_cadastradas_rfpc_acima_meio_sm_i%2Ccadun_qtd_pessoas_cadastradas_baixa_renda_i%2Ccadun_qtd_pessoas_cadastradas_i%2Ccadun_qtd_pessoas_cadastradas_pobreza_pbf_i%2Ccadun_qtd_pessoas_cadastradas_rfpc_acima_meio_sm_i%2Ccadun_taxa_atualizacao_cadastral_d%2Ccodigo_ibge%2Cmunicipio%2Cpbf_vlr_medio_benef_f%2Cqtd_familias_beneficiarias_bolsa_familia%2Cqtd_pessoas_beneficiarias_bolsa_familia_i%2Csigla_uf%2Ctipo_s%2Cvalor_repassado_bolsa_familia,2026-10-07T13:39:41.147042+00:00,Valor municipal publicado; sem imputação.,"Estatística administrativa municipal agregada; famílias e pessoas são unidades distintas. Não somar universos CadÚnico, Bolsa Família e BPC."
4127965,202411,Valor · pessoa idosa · BPC · Fonte Pagadora,203330.07,R$,real,BPC · Fonte Pagadora-4127965,https://aplicacoes.mds.gov.br/sagi/servicos/misocial?q=%2A%3A%2A&fq=tipo_s%3Ames_mu&fq=codigo_ibge%3A%28412796+OR+411960+OR+411325+OR+410940%29&fq=anomes_s%3A%5B202303+TO+202608%5D&wt=json&rows=400&sort=anomes_s+asc&fl=anomes_s%2Cbpc_ben_i%2Cbpc_idoso_ben_i%2Cbpc_idoso_val_s%2Cbpc_pcd_ben_i%2Cbpc_pcd_val_s%2Cbpc_val_s%2Ccadsuas_data_extracao_s%2Ccadsuas_qtd_centro_convivencia_i%2Ccadsuas_qtd_centro_dia_similares_i%2Ccadsuas_qtd_centro_pop_i%2Ccadsuas_qtd_cras_i%2Ccadsuas_qtd_creas_i%2Ccadsuas_qtd_unidade_acolhimento_i%2Ccadun_qtd_familias_atualizadas_i%2Ccadun_qtd_familias_cadastradas_baixa_renda_i%2Ccadun_qtd_familias_cadastradas_i%2Ccadun_qtd_familias_cadastradas_pobreza_pbf_i%2Ccadun_qtd_familias_cadastradas_rfpc_acima_meio_sm_i%2Ccadun_qtd_pessoas_cadastradas_baixa_renda_i%2Ccadun_qtd_pessoas_cadastradas_i%2Ccadun_qtd_pessoas_cadastradas_pobreza_pbf_i%2Ccadun_qtd_pessoas_cadastradas_rfpc_acima_meio_sm_i%2Ccadun_taxa_atualizacao_cadastral_d%2Ccodigo_ibge%2Cmunicipio%2Cpbf_vlr_medio_benef_f%2Cqtd_familias_beneficiarias_bolsa_familia%2Cqtd_pessoas_beneficiarias_bolsa_familia_i%2Csigla_uf%2Ctipo_s%2Cvalor_repassado_bolsa_familia,2026-10-07T13:39:41.147042+00:00,Valor municipal publicado; sem imputação.,"Estatística administrativa municipal agregada; famílias e pessoas são unidades distintas. Não somar universos CadÚnico, Bolsa Família e BPC."
4127965,202411,Valor · pessoa com deficiência · BPC · Fonte Pagadora,312064.49,R$,real,BPC · Fonte Pagadora-4127965,https://aplicacoes.mds.gov.br/sagi/servicos/misocial?q=%2A%3A%2A&fq=tipo_s%3Ames_mu&fq=codigo_ibge%3A%28412796+OR+411960+OR+411325+OR+410940%29&fq=anomes_s%3A%5B202303+TO+202608%5D&wt=json&rows=400&sort=anomes_s+asc&fl=anomes_s%2Cbpc_ben_i%2Cbpc_idoso_ben_i%2Cbpc_idoso_val_s%2Cbpc_pcd_ben_i%2Cbpc_pcd_val_s%2Cbpc_val_s%2Ccadsuas_data_extracao_s%2Ccadsuas_qtd_centro_convivencia_i%2Ccadsuas_qtd_centro_dia_similares_i%2Ccadsuas_qtd_centro_pop_i%2Ccadsuas_qtd_cras_i%2Ccadsuas_qtd_creas_i%2Ccadsuas_qtd_unidade_acolhimento_i%2Ccadun_qtd_familias_atualizadas_i%2Ccadun_qtd_familias_cadastradas_baixa_renda_i%2Ccadun_qtd_familias_cadastradas_i%2Ccadun_qtd_familias_cadastradas_pobreza_pbf_i%2Ccadun_qtd_familias_cadastradas_rfpc_acima_meio_sm_i%2Ccadun_qtd_pessoas_cadastradas_baixa_renda_i%2Ccadun_qtd_pessoas_cadastradas_i%2Ccadun_qtd_pessoas_cadastradas_pobreza_pbf_i%2Ccadun_qtd_pessoas_cadastradas_rfpc_acima_meio_sm_i%2Ccadun_taxa_atualizacao_cadastral_d%2Ccodigo_ibge%2Cmunicipio%2Cpbf_vlr_medio_benef_f%2Cqtd_familias_beneficiarias_bolsa_familia%2Cqtd_pessoas_beneficiarias_bolsa_familia_i%2Csigla_uf%2Ctipo_s%2Cvalor_repassado_bolsa_familia,2026-10-07T13:39:41.147042+00:00,Valor municipal publicado; sem imputação.,"Estatística administrativa municipal agregada; famílias e pessoas são unidades distintas. Não somar universos CadÚnico, Bolsa Família e BPC."
4127965,202411,Valor mensal transferido · BPC · Fonte Pagadora,515394.56,R$,real,BPC · Fonte Pagadora-4127965,https://aplicacoes.mds.gov.br/sagi/servicos/misocial?q=%2A%3A%2A&fq=tipo_s%3Ames_mu&fq=codigo_ibge%3A%28412796+OR+411960+OR+411325+OR+410940%29&fq=anomes_s%3A%5B202303+TO+202608%5D&wt=json&rows=400&sort=anomes_s+asc&fl=anomes_s%2Cbpc_ben_i%2Cbpc_idoso_ben_i%2Cbpc_idoso_val_s%2Cbpc_pcd_ben_i%2Cbpc_pcd_val_s%2Cbpc_val_s%2Ccadsuas_data_extracao_s%2Ccadsuas_qtd_centro_convivencia_i%2Ccadsuas_qtd_centro_dia_similares_i%2Ccadsuas_qtd_centro_pop_i%2Ccadsuas_qtd_cras_i%2Ccadsuas_qtd_creas_i%2Ccadsuas_qtd_unidade_acolhimento_i%2Ccadun_qtd_familias_atualizadas_i%2Ccadun_qtd_familias_cadastradas_baixa_renda_i%2Ccadun_qtd_familias_cadastradas_i%2Ccadun_qtd_familias_cadastradas_pobreza_pbf_i%2Ccadun_qtd_familias_cadastradas_rfpc_acima_meio_sm_i%2Ccadun_qtd_pessoas_cadastradas_baixa_renda_i%2Ccadun_qtd_pessoas_cadastradas_i%2Ccadun_qtd_pessoas_cadastradas_pobreza_pbf_i%2Ccadun_qtd_pessoas_cadastradas_rfpc_acima_meio_sm_i%2Ccadun_taxa_atualizacao_cadastral_d%2Ccodigo_ibge%2Cmunicipio%2Cpbf_vlr_medio_benef_f%2Cqtd_familias_beneficiarias_bolsa_familia%2Cqtd_pessoas_beneficiarias_bolsa_familia_i%2Csigla_uf%2Ctipo_s%2Cvalor_repassado_bolsa_familia,2026-10-07T13:39:41.147042+00:00,Valor municipal publicado; sem imputação.,"Estatística administrativa municipal agregada; famílias e pessoas são unidades distintas. Não somar universos CadÚnico, Bolsa Família e BPC."
4127965,202412,Total de benefícios · BPC · Fonte Pagadora,367,benefícios,real,BPC · Fonte Pagadora-4127965,https://aplicacoes.mds.gov.br/sagi/servicos/misocial?q=%2A%3A%2A&fq=tipo_s%3Ames_mu&fq=codigo_ibge%3A%28412796+OR+411960+OR+411325+OR+410940%29&fq=anomes_s%3A%5B202303+TO+202608%5D&wt=json&rows=400&sort=anomes_s+asc&fl=anomes_s%2Cbpc_ben_i%2Cbpc_idoso_ben_i%2Cbpc_idoso_val_s%2Cbpc_pcd_ben_i%2Cbpc_pcd_val_s%2Cbpc_val_s%2Ccadsuas_data_extracao_s%2Ccadsuas_qtd_centro_convivencia_i%2Ccadsuas_qtd_centro_dia_similares_i%2Ccadsuas_qtd_centro_pop_i%2Ccadsuas_qtd_cras_i%2Ccadsuas_qtd_creas_i%2Ccadsuas_qtd_unidade_acolhimento_i%2Ccadun_qtd_familias_atualizadas_i%2Ccadun_qtd_familias_cadastradas_baixa_renda_i%2Ccadun_qtd_familias_cadastradas_i%2Ccadun_qtd_familias_cadastradas_pobreza_pbf_i%2Ccadun_qtd_familias_cadastradas_rfpc_acima_meio_sm_i%2Ccadun_qtd_pessoas_cadastradas_baixa_renda_i%2Ccadun_qtd_pessoas_cadastradas_i%2Ccadun_qtd_pessoas_cadastradas_pobreza_pbf_i%2Ccadun_qtd_pessoas_cadastradas_rfpc_acima_meio_sm_i%2Ccadun_taxa_atualizacao_cadastral_d%2Ccodigo_ibge%2Cmunicipio%2Cpbf_vlr_medio_benef_f%2Cqtd_familias_beneficiarias_bolsa_familia%2Cqtd_pessoas_beneficiarias_bolsa_familia_i%2Csigla_uf%2Ctipo_s%2Cvalor_repassado_bolsa_familia,2026-10-07T13:39:41.147042+00:00,Valor municipal publicado; sem imputação.,"Estatística administrativa municipal agregada; famílias e pessoas são unidades distintas. Não somar universos CadÚnico, Bolsa Família e BPC."
4127965,202412,Benefícios · pessoa idosa · BPC · Fonte Pagadora,144,benefícios,real,BPC · Fonte Pagadora-4127965,https://aplicacoes.mds.gov.br/sagi/servicos/misocial?q=%2A%3A%2A&fq=tipo_s%3Ames_mu&fq=codigo_ibge%3A%28412796+OR+411960+OR+411325+OR+410940%29&fq=anomes_s%3A%5B202303+TO+202608%5D&wt=json&rows=400&sort=anomes_s+asc&fl=anomes_s%2Cbpc_ben_i%2Cbpc_idoso_ben_i%2Cbpc_idoso_val_s%2Cbpc_pcd_ben_i%2Cbpc_pcd_val_s%2Cbpc_val_s%2Ccadsuas_data_extracao_s%2Ccadsuas_qtd_centro_convivencia_i%2Ccadsuas_qtd_centro_dia_similares_i%2Ccadsuas_qtd_centro_pop_i%2Ccadsuas_qtd_cras_i%2Ccadsuas_qtd_creas_i%2Ccadsuas_qtd_unidade_acolhimento_i%2Ccadun_qtd_familias_atualizadas_i%2Ccadun_qtd_familias_cadastradas_baixa_renda_i%2Ccadun_qtd_familias_cadastradas_i%2Ccadun_qtd_familias_cadastradas_pobreza_pbf_i%2Ccadun_qtd_familias_cadastradas_rfpc_acima_meio_sm_i%2Ccadun_qtd_pessoas_cadastradas_baixa_renda_i%2Ccadun_qtd_pessoas_cadastradas_i%2Ccadun_qtd_pessoas_cadastradas_pobreza_pbf_i%2Ccadun_qtd_pessoas_cadastradas_rfpc_acima_meio_sm_i%2Ccadun_taxa_atualizacao_cadastral_d%2Ccodigo_ibge%2Cmunicipio%2Cpbf_vlr_medio_benef_f%2Cqtd_familias_beneficiarias_bolsa_familia%2Cqtd_pessoas_beneficiarias_bolsa_familia_i%2Csigla_uf%2Ctipo_s%2Cvalor_repassado_bolsa_familia,2026-10-07T13:39:41.147042+00:00,Valor municipal publicado; sem imputação.,"Estatística administrativa municipal agregada; famílias e pessoas são unidades distintas. Não somar universos CadÚnico, Bolsa Família e BPC."
4127965,202412,Benefícios · pessoa com deficiência · BPC · Fonte Pagadora,223,benefícios,real,BPC · Fonte Pagadora-4127965,https://aplicacoes.mds.gov.br/sagi/servicos/misocial?q=%2A%3A%2A&fq=tipo_s%3Ames_mu&fq=codigo_ibge%3A%28412796+OR+411960+OR+411325+OR+410940%29&fq=anomes_s%3A%5B202303+TO+202608%5D&wt=json&rows=400&sort=anomes_s+asc&fl=anomes_s%2Cbpc_ben_i%2Cbpc_idoso_ben_i%2Cbpc_idoso_val_s%2Cbpc_pcd_ben_i%2Cbpc_pcd_val_s%2Cbpc_val_s%2Ccadsuas_data_extracao_s%2Ccadsuas_qtd_centro_convivencia_i%2Ccadsuas_qtd_centro_dia_similares_i%2Ccadsuas_qtd_centro_pop_i%2Ccadsuas_qtd_cras_i%2Ccadsuas_qtd_creas_i%2Ccadsuas_qtd_unidade_acolhimento_i%2Ccadun_qtd_familias_atualizadas_i%2Ccadun_qtd_familias_cadastradas_baixa_renda_i%2Ccadun_qtd_familias_cadastradas_i%2Ccadun_qtd_familias_cadastradas_pobreza_pbf_i%2Ccadun_qtd_familias_cadastradas_rfpc_acima_meio_sm_i%2Ccadun_qtd_pessoas_cadastradas_baixa_renda_i%2Ccadun_qtd_pessoas_cadastradas_i%2Ccadun_qtd_pessoas_cadastradas_pobreza_pbf_i%2Ccadun_qtd_pessoas_cadastradas_rfpc_acima_meio_sm_i%2Ccadun_taxa_atualizacao_cadastral_d%2Ccodigo_ibge%2Cmunicipio%2Cpbf_vlr_medio_benef_f%2Cqtd_familias_beneficiarias_bolsa_familia%2Cqtd_pessoas_beneficiarias_bolsa_familia_i%2Csigla_uf%2Ctipo_s%2Cvalor_repassado_bolsa_familia,2026-10-07T13:39:41.147042+00:00,Valor municipal publicado; sem imputação.,"Estatística administrativa municipal agregada; famílias e pessoas são unidades distintas. Não somar universos CadÚnico, Bolsa Família e BPC."
4127965,202412,Valor · pessoa idosa · BPC · Fonte Pagadora,203328.0,R$,real,BPC · Fonte Pagadora-4127965,https://aplicacoes.mds.gov.br/sagi/servicos/misocial?q=%2A%3A%2A&fq=tipo_s%3Ames_mu&fq=codigo_ibge%3A%28412796+OR+411960+OR+411325+OR+410940%29&fq=anomes_s%3A%5B202303+TO+202608%5D&wt=json&rows=400&sort=anomes_s+asc&fl=anomes_s%2Cbpc_ben_i%2Cbpc_idoso_ben_i%2Cbpc_idoso_val_s%2Cbpc_pcd_ben_i%2Cbpc_pcd_val_s%2Cbpc_val_s%2Ccadsuas_data_extracao_s%2Ccadsuas_qtd_centro_convivencia_i%2Ccadsuas_qtd_centro_dia_similares_i%2Ccadsuas_qtd_centro_pop_i%2Ccadsuas_qtd_cras_i%2Ccadsuas_qtd_creas_i%2Ccadsuas_qtd_unidade_acolhimento_i%2Ccadun_qtd_familias_atualizadas_i%2Ccadun_qtd_familias_cadastradas_baixa_renda_i%2Ccadun_qtd_familias_cadastradas_i%2Ccadun_qtd_familias_cadastradas_pobreza_pbf_i%2Ccadun_qtd_familias_cadastradas_rfpc_acima_meio_sm_i%2Ccadun_qtd_pessoas_cadastradas_baixa_renda_i%2Ccadun_qtd_pessoas_cadastradas_i%2Ccadun_qtd_pessoas_cadastradas_pobreza_pbf_i%2Ccadun_qtd_pessoas_cadastradas_rfpc_acima_meio_sm_i%2Ccadun_taxa_atualizacao_cadastral_d%2Ccodigo_ibge%2Cmunicipio%2Cpbf_vlr_medio_benef_f%2Cqtd_familias_beneficiarias_bolsa_familia%2Cqtd_pessoas_beneficiarias_bolsa_familia_i%2Csigla_uf%2Ctipo_s%2Cvalor_repassado_bolsa_familia,2026-10-07T13:39:41.147042+00:00,Valor municipal publicado; sem imputação.,"Estatística administrativa municipal agregada; famílias e pessoas são unidades distintas. Não somar universos CadÚnico, Bolsa Família e BPC."
4127965,202412,Valor · pessoa com deficiência · BPC · Fonte Pagadora,314880.6,R$,real,BPC · Fonte Pagadora-4127965,https://aplicacoes.mds.gov.br/sagi/servicos/misocial?q=%2A%3A%2A&fq=tipo_s%3Ames_mu&fq=codigo_ibge%3A%28412796+OR+411960+OR+411325+OR+410940%29&fq=anomes_s%3A%5B202303+TO+202608%5D&wt=json&rows=400&sort=anomes_s+asc&fl=anomes_s%2Cbpc_ben_i%2Cbpc_idoso_ben_i%2Cbpc_idoso_val_s%2Cbpc_pcd_ben_i%2Cbpc_pcd_val_s%2Cbpc_val_s%2Ccadsuas_data_extracao_s%2Ccadsuas_qtd_centro_convivencia_i%2Ccadsuas_qtd_centro_dia_similares_i%2Ccadsuas_qtd_centro_pop_i%2Ccadsuas_qtd_cras_i%2Ccadsuas_qtd_creas_i%2Ccadsuas_qtd_unidade_acolhimento_i%2Ccadun_qtd_familias_atualizadas_i%2Ccadun_qtd_familias_cadastradas_baixa_renda_i%2Ccadun_qtd_familias_cadastradas_i%2Ccadun_qtd_familias_cadastradas_pobreza_pbf_i%2Ccadun_qtd_familias_cadastradas_rfpc_acima_meio_sm_i%2Ccadun_qtd_pessoas_cadastradas_baixa_renda_i%2Ccadun_qtd_pessoas_cadastradas_i%2Ccadun_qtd_pessoas_cadastradas_pobreza_pbf_i%2Ccadun_qtd_pessoas_cadastradas_rfpc_acima_meio_sm_i%2Ccadun_taxa_atualizacao_cadastral_d%2Ccodigo_ibge%2Cmunicipio%2Cpbf_vlr_medio_benef_f%2Cqtd_familias_beneficiarias_bolsa_familia%2Cqtd_pessoas_beneficiarias_bolsa_familia_i%2Csigla_uf%2Ctipo_s%2Cvalor_repassado_bolsa_familia,2026-10-07T13:39:41.147042+00:00,Valor municipal publicado; sem imputação.,"Estatística administrativa municipal agregada; famílias e pessoas são unidades distintas. Não somar universos CadÚnico, Bolsa Família e BPC."
4127965,202412,Valor mensal transferido · BPC · Fonte Pagadora,518208.6,R$,real,BPC · Fonte Pagadora-4127965,https://aplicacoes.mds.gov.br/sagi/servicos/misocial?q=%2A%3A%2A&fq=tipo_s%3Ames_mu&fq=codigo_ibge%3A%28412796+OR+411960+OR+411325+OR+410940%29&fq=anomes_s%3A%5B202303+TO+202608%5D&wt=json&rows=400&sort=anomes_s+asc&fl=anomes_s%2Cbpc_ben_i%2Cbpc_idoso_ben_i%2Cbpc_idoso_val_s%2Cbpc_pcd_ben_i%2Cbpc_pcd_val_s%2Cbpc_val_s%2Ccadsuas_data_extracao_s%2Ccadsuas_qtd_centro_convivencia_i%2Ccadsuas_qtd_centro_dia_similares_i%2Ccadsuas_qtd_centro_pop_i%2Ccadsuas_qtd_cras_i%2Ccadsuas_qtd_creas_i%2Ccadsuas_qtd_unidade_acolhimento_i%2Ccadun_qtd_familias_atualizadas_i%2Ccadun_qtd_familias_cadastradas_baixa_renda_i%2Ccadun_qtd_familias_cadastradas_i%2Ccadun_qtd_familias_cadastradas_pobreza_pbf_i%2Ccadun_qtd_familias_cadastradas_rfpc_acima_meio_sm_i%2Ccadun_qtd_pessoas_cadastradas_baixa_renda_i%2Ccadun_qtd_pessoas_cadastradas_i%2Ccadun_qtd_pessoas_cadastradas_pobreza_pbf_i%2Ccadun_qtd_pessoas_cadastradas_rfpc_acima_meio_sm_i%2Ccadun_taxa_atualizacao_cadastral_d%2Ccodigo_ibge%2Cmunicipio%2Cpbf_vlr_medio_benef_f%2Cqtd_familias_beneficiarias_bolsa_familia%2Cqtd_pessoas_beneficiarias_bolsa_familia_i%2Csigla_uf%2Ctipo_s%2Cvalor_repassado_bolsa_familia,2026-10-07T13:39:41.147042+00:00,Valor municipal publicado; sem imputação.,"Estatística administrativa municipal agregada; famílias e pessoas são unidades distintas. Não somar universos CadÚnico, Bolsa Família e BPC."
4127965,202501,Total de benefícios · BPC · Fonte Pagadora,369,benefícios,real,BPC · Fonte Pagadora-4127965,https://aplicacoes.mds.gov.br/sagi/servicos/misocial?q=%2A%3A%2A&fq=tipo_s%3Ames_mu&fq=codigo_ibge%3A%28412796+OR+411960+OR+411325+OR+410940%29&fq=anomes_s%3A%5B202303+TO+202608%5D&wt=json&rows=400&sort=anomes_s+asc&fl=anomes_s%2Cbpc_ben_i%2Cbpc_idoso_ben_i%2Cbpc_idoso_val_s%2Cbpc_pcd_ben_i%2Cbpc_pcd_val_s%2Cbpc_val_s%2Ccadsuas_data_extracao_s%2Ccadsuas_qtd_centro_convivencia_i%2Ccadsuas_qtd_centro_dia_similares_i%2Ccadsuas_qtd_centro_pop_i%2Ccadsuas_qtd_cras_i%2Ccadsuas_qtd_creas_i%2Ccadsuas_qtd_unidade_acolhimento_i%2Ccadun_qtd_familias_atualizadas_i%2Ccadun_qtd_familias_cadastradas_baixa_renda_i%2Ccadun_qtd_familias_cadastradas_i%2Ccadun_qtd_familias_cadastradas_pobreza_pbf_i%2Ccadun_qtd_familias_cadastradas_rfpc_acima_meio_sm_i%2Ccadun_qtd_pessoas_cadastradas_baixa_renda_i%2Ccadun_qtd_pessoas_cadastradas_i%2Ccadun_qtd_pessoas_cadastradas_pobreza_pbf_i%2Ccadun_qtd_pessoas_cadastradas_rfpc_acima_meio_sm_i%2Ccadun_taxa_atualizacao_cadastral_d%2Ccodigo_ibge%2Cmunicipio%2Cpbf_vlr_medio_benef_f%2Cqtd_familias_beneficiarias_bolsa_familia%2Cqtd_pessoas_beneficiarias_bolsa_familia_i%2Csigla_uf%2Ctipo_s%2Cvalor_repassado_bolsa_familia,2026-10-07T13:39:41.147042+00:00,Valor municipal publicado; sem imputação.,"Estatística administrativa municipal agregada; famílias e pessoas são unidades distintas. Não somar universos CadÚnico, Bolsa Família e BPC."
4127965,202501,Benefícios · pessoa idosa · BPC · Fonte Pagadora,144,benefícios,real,BPC · Fonte Pagadora-4127965,https://aplicacoes.mds.gov.br/sagi/servicos/misocial?q=%2A%3A%2A&fq=tipo_s%3Ames_mu&fq=codigo_ibge%3A%28412796+OR+411960+OR+411325+OR+410940%29&fq=anomes_s%3A%5B202303+TO+202608%5D&wt=json&rows=400&sort=anomes_s+asc&fl=anomes_s%2Cbpc_ben_i%2Cbpc_idoso_ben_i%2Cbpc_idoso_val_s%2Cbpc_pcd_ben_i%2Cbpc_pcd_val_s%2Cbpc_val_s%2Ccadsuas_data_extracao_s%2Ccadsuas_qtd_centro_convivencia_i%2Ccadsuas_qtd_centro_dia_similares_i%2Ccadsuas_qtd_centro_pop_i%2Ccadsuas_qtd_cras_i%2Ccadsuas_qtd_creas_i%2Ccadsuas_qtd_unidade_acolhimento_i%2Ccadun_qtd_familias_atualizadas_i%2Ccadun_qtd_familias_cadastradas_baixa_renda_i%2Ccadun_qtd_familias_cadastradas_i%2Ccadun_qtd_familias_cadastradas_pobreza_pbf_i%2Ccadun_qtd_familias_cadastradas_rfpc_acima_meio_sm_i%2Ccadun_qtd_pessoas_cadastradas_baixa_renda_i%2Ccadun_qtd_pessoas_cadastradas_i%2Ccadun_qtd_pessoas_cadastradas_pobreza_pbf_i%2Ccadun_qtd_pessoas_cadastradas_rfpc_acima_meio_sm_i%2Ccadun_taxa_atualizacao_cadastral_d%2Ccodigo_ibge%2Cmunicipio%2Cpbf_vlr_medio_benef_f%2Cqtd_familias_beneficiarias_bolsa_familia%2Cqtd_pessoas_beneficiarias_bolsa_familia_i%2Csigla_uf%2Ctipo_s%2Cvalor_repassado_bolsa_familia,2026-10-07T13:39:41.147042+00:00,Valor municipal publicado; sem imputação.,"Estatística administrativa municipal agregada; famílias e pessoas são unidades distintas. Não somar universos CadÚnico, Bolsa Família e BPC."
4127965,202501,Benefícios · pessoa com deficiência · BPC · Fonte Pagadora,225,benefícios,real,BPC · Fonte Pagadora-4127965,https://aplicacoes.mds.gov.br/sagi/servicos/misocial?q=%2A%3A%2A&fq=tipo_s%3Ames_mu&fq=codigo_ibge%3A%28412796+OR+411960+OR+411325+OR+410940%29&fq=anomes_s%3A%5B202303+TO+202608%5D&wt=json&rows=400&sort=anomes_s+asc&fl=anomes_s%2Cbpc_ben_i%2Cbpc_idoso_ben_i%2Cbpc_idoso_val_s%2Cbpc_pcd_ben_i%2Cbpc_pcd_val_s%2Cbpc_val_s%2Ccadsuas_data_extracao_s%2Ccadsuas_qtd_centro_convivencia_i%2Ccadsuas_qtd_centro_dia_similares_i%2Ccadsuas_qtd_centro_pop_i%2Ccadsuas_qtd_cras_i%2Ccadsuas_qtd_creas_i%2Ccadsuas_qtd_unidade_acolhimento_i%2Ccadun_qtd_familias_atualizadas_i%2Ccadun_qtd_familias_cadastradas_baixa_renda_i%2Ccadun_qtd_familias_cadastradas_i%2Ccadun_qtd_familias_cadastradas_pobreza_pbf_i%2Ccadun_qtd_familias_cadastradas_rfpc_acima_meio_sm_i%2Ccadun_qtd_pessoas_cadastradas_baixa_renda_i%2Ccadun_qtd_pessoas_cadastradas_i%2Ccadun_qtd_pessoas_cadastradas_pobreza_pbf_i%2Ccadun_qtd_pessoas_cadastradas_rfpc_acima_meio_sm_i%2Ccadun_taxa_atualizacao_cadastral_d%2Ccodigo_ibge%2Cmunicipio%2Cpbf_vlr_medio_benef_f%2Cqtd_familias_beneficiarias_bolsa_familia%2Cqtd_pessoas_beneficiarias_bolsa_familia_i%2Csigla_uf%2Ctipo_s%2Cvalor_repassado_bolsa_familia,2026-10-07T13:39:41.147042+00:00,Valor municipal publicado; sem imputação.,"Estatística administrativa municipal agregada; famílias e pessoas são unidades distintas. Não somar universos CadÚnico, Bolsa Família e BPC."
4127965,202501,Valor · pessoa idosa · BPC · Fonte Pagadora,218592.0,R$,real,BPC · Fonte Pagadora-4127965,https://aplicacoes.mds.gov.br/sagi/servicos/misocial?q=%2A%3A%2A&fq=tipo_s%3Ames_mu&fq=codigo_ibge%3A%28412796+OR+411960+OR+411325+OR+410940%29&fq=anomes_s%3A%5B202303+TO+202608%5D&wt=json&rows=400&sort=anomes_s+asc&fl=anomes_s%2Cbpc_ben_i%2Cbpc_idoso_ben_i%2Cbpc_idoso_val_s%2Cbpc_pcd_ben_i%2Cbpc_pcd_val_s%2Cbpc_val_s%2Ccadsuas_data_extracao_s%2Ccadsuas_qtd_centro_convivencia_i%2Ccadsuas_qtd_centro_dia_similares_i%2Ccadsuas_qtd_centro_pop_i%2Ccadsuas_qtd_cras_i%2Ccadsuas_qtd_creas_i%2Ccadsuas_qtd_unidade_acolhimento_i%2Ccadun_qtd_familias_atualizadas_i%2Ccadun_qtd_familias_cadastradas_baixa_renda_i%2Ccadun_qtd_familias_cadastradas_i%2Ccadun_qtd_familias_cadastradas_pobreza_pbf_i%2Ccadun_qtd_familias_cadastradas_rfpc_acima_meio_sm_i%2Ccadun_qtd_pessoas_cadastradas_baixa_renda_i%2Ccadun_qtd_pessoas_cadastradas_i%2Ccadun_qtd_pessoas_cadastradas_pobreza_pbf_i%2Ccadun_qtd_pessoas_cadastradas_rfpc_acima_meio_sm_i%2Ccadun_taxa_atualizacao_cadastral_d%2Ccodigo_ibge%2Cmunicipio%2Cpbf_vlr_medio_benef_f%2Cqtd_familias_beneficiarias_bolsa_familia%2Cqtd_pessoas_beneficiarias_bolsa_familia_i%2Csigla_uf%2Ctipo_s%2Cvalor_repassado_bolsa_familia,2026-10-07T13:39:41.147042+00:00,Valor municipal publicado; sem imputação.,"Estatística administrativa municipal agregada; famílias e pessoas são unidades distintas. Não somar universos CadÚnico, Bolsa Família e BPC."
4127965,202501,Valor · pessoa com deficiência · BPC · Fonte Pagadora,341555.05,R$,real,BPC · Fonte Pagadora-4127965,https://aplicacoes.mds.gov.br/sagi/servicos/misocial?q=%2A%3A%2A&fq=tipo_s%3Ames_mu&fq=codigo_ibge%3A%28412796+OR+411960+OR+411325+OR+410940%29&fq=anomes_s%3A%5B202303+TO+202608%5D&wt=json&rows=400&sort=anomes_s+asc&fl=anomes_s%2Cbpc_ben_i%2Cbpc_idoso_ben_i%2Cbpc_idoso_val_s%2Cbpc_pcd_ben_i%2Cbpc_pcd_val_s%2Cbpc_val_s%2Ccadsuas_data_extracao_s%2Ccadsuas_qtd_centro_convivencia_i%2Ccadsuas_qtd_centro_dia_similares_i%2Ccadsuas_qtd_centro_pop_i%2Ccadsuas_qtd_cras_i%2Ccadsuas_qtd_creas_i%2Ccadsuas_qtd_unidade_acolhimento_i%2Ccadun_qtd_familias_atualizadas_i%2Ccadun_qtd_familias_cadastradas_baixa_renda_i%2Ccadun_qtd_familias_cadastradas_i%2Ccadun_qtd_familias_cadastradas_pobreza_pbf_i%2Ccadun_qtd_familias_cadastradas_rfpc_acima_meio_sm_i%2Ccadun_qtd_pessoas_cadastradas_baixa_renda_i%2Ccadun_qtd_pessoas_cadastradas_i%2Ccadun_qtd_pessoas_cadastradas_pobreza_pbf_i%2Ccadun_qtd_pessoas_cadastradas_rfpc_acima_meio_sm_i%2Ccadun_taxa_atualizacao_cadastral_d%2Ccodigo_ibge%2Cmunicipio%2Cpbf_vlr_medio_benef_f%2Cqtd_familias_beneficiarias_bolsa_familia%2Cqtd_pessoas_beneficiarias_bolsa_familia_i%2Csigla_uf%2Ctipo_s%2Cvalor_repassado_bolsa_familia,2026-10-07T13:39:41.147042+00:00,Valor municipal publicado; sem imputação.,"Estatística administrativa municipal agregada; famílias e pessoas são unidades distintas. Não somar universos CadÚnico, Bolsa Família e BPC."
4127965,202501,Valor mensal transferido · BPC · Fonte Pagadora,560147.05,R$,real,BPC · Fonte Pagadora-4127965,https://aplicacoes.mds.gov.br/sagi/servicos/misocial?q=%2A%3A%2A&fq=tipo_s%3Ames_mu&fq=codigo_ibge%3A%28412796+OR+411960+OR+411325+OR+410940%29&fq=anomes_s%3A%5B202303+TO+202608%5D&wt=json&rows=400&sort=anomes_s+asc&fl=anomes_s%2Cbpc_ben_i%2Cbpc_idoso_ben_i%2Cbpc_idoso_val_s%2Cbpc_pcd_ben_i%2Cbpc_pcd_val_s%2Cbpc_val_s%2Ccadsuas_data_extracao_s%2Ccadsuas_qtd_centro_convivencia_i%2Ccadsuas_qtd_centro_dia_similares_i%2Ccadsuas_qtd_centro_pop_i%2Ccadsuas_qtd_cras_i%2Ccadsuas_qtd_creas_i%2Ccadsuas_qtd_unidade_acolhimento_i%2Ccadun_qtd_familias_atualizadas_i%2Ccadun_qtd_familias_cadastradas_baixa_renda_i%2Ccadun_qtd_familias_cadastradas_i%2Ccadun_qtd_familias_cadastradas_pobreza_pbf_i%2Ccadun_qtd_familias_cadastradas_rfpc_acima_meio_sm_i%2Ccadun_qtd_pessoas_cadastradas_baixa_renda_i%2Ccadun_qtd_pessoas_cadastradas_i%2Ccadun_qtd_pessoas_cadastradas_pobreza_pbf_i%2Ccadun_qtd_pessoas_cadastradas_rfpc_acima_meio_sm_i%2Ccadun_taxa_atualizacao_cadastral_d%2Ccodigo_ibge%2Cmunicipio%2Cpbf_vlr_medio_benef_f%2Cqtd_familias_beneficiarias_bolsa_familia%2Cqtd_pessoas_beneficiarias_bolsa_familia_i%2Csigla_uf%2Ctipo_s%2Cvalor_repassado_bolsa_familia,2026-10-07T13:39:41.147042+00:00,Valor municipal publicado; sem imputação.,"Estatística administrativa municipal agregada; famílias e pessoas são unidades distintas. Não somar universos CadÚnico, Bolsa Família e BPC."
4127965,202502,Total de benefícios · BPC · Fonte Pagadora,365,benefícios,real,BPC · Fonte Pagadora-4127965,https://aplicacoes.mds.gov.br/sagi/servicos/misocial?q=%2A%3A%2A&fq=tipo_s%3Ames_mu&fq=codigo_ibge%3A%28412796+OR+411960+OR+411325+OR+410940%29&fq=anomes_s%3A%5B202303+TO+202608%5D&wt=json&rows=400&sort=anomes_s+asc&fl=anomes_s%2Cbpc_ben_i%2Cbpc_idoso_ben_i%2Cbpc_idoso_val_s%2Cbpc_pcd_ben_i%2Cbpc_pcd_val_s%2Cbpc_val_s%2Ccadsuas_data_extracao_s%2Ccadsuas_qtd_centro_convivencia_i%2Ccadsuas_qtd_centro_dia_similares_i%2Ccadsuas_qtd_centro_pop_i%2Ccadsuas_qtd_cras_i%2Ccadsuas_qtd_creas_i%2Ccadsuas_qtd_unidade_acolhimento_i%2Ccadun_qtd_familias_atualizadas_i%2Ccadun_qtd_familias_cadastradas_baixa_renda_i%2Ccadun_qtd_familias_cadastradas_i%2Ccadun_qtd_familias_cadastradas_pobreza_pbf_i%2Ccadun_qtd_familias_cadastradas_rfpc_acima_meio_sm_i%2Ccadun_qtd_pessoas_cadastradas_baixa_renda_i%2Ccadun_qtd_pessoas_cadastradas_i%2Ccadun_qtd_pessoas_cadastradas_pobreza_pbf_i%2Ccadun_qtd_pessoas_cadastradas_rfpc_acima_meio_sm_i%2Ccadun_taxa_atualizacao_cadastral_d%2Ccodigo_ibge%2Cmunicipio%2Cpbf_vlr_medio_benef_f%2Cqtd_familias_beneficiarias_bolsa_familia%2Cqtd_pessoas_beneficiarias_bolsa_familia_i%2Csigla_uf%2Ctipo_s%2Cvalor_repassado_bolsa_familia,2026-10-07T13:39:41.147042+00:00,Valor municipal publicado; sem imputação.,"Estatística administrativa municipal agregada; famílias e pessoas são unidades distintas. Não somar universos CadÚnico, Bolsa Família e BPC."
4127965,202502,Benefícios · pessoa idosa · BPC · Fonte Pagadora,140,benefícios,real,BPC · Fonte Pagadora-4127965,https://aplicacoes.mds.gov.br/sagi/servicos/misocial?q=%2A%3A%2A&fq=tipo_s%3Ames_mu&fq=codigo_ibge%3A%28412796+OR+411960+OR+411325+OR+410940%29&fq=anomes_s%3A%5B202303+TO+202608%5D&wt=json&rows=400&sort=anomes_s+asc&fl=anomes_s%2Cbpc_ben_i%2Cbpc_idoso_ben_i%2Cbpc_idoso_val_s%2Cbpc_pcd_ben_i%2Cbpc_pcd_val_s%2Cbpc_val_s%2Ccadsuas_data_extracao_s%2Ccadsuas_qtd_centro_convivencia_i%2Ccadsuas_qtd_centro_dia_similares_i%2Ccadsuas_qtd_centro_pop_i%2Ccadsuas_qtd_cras_i%2Ccadsuas_qtd_creas_i%2Ccadsuas_qtd_unidade_acolhimento_i%2Ccadun_qtd_familias_atualizadas_i%2Ccadun_qtd_familias_cadastradas_baixa_renda_i%2Ccadun_qtd_familias_cadastradas_i%2Ccadun_qtd_familias_cadastradas_pobreza_pbf_i%2Ccadun_qtd_familias_cadastradas_rfpc_acima_meio_sm_i%2Ccadun_qtd_pessoas_cadastradas_baixa_renda_i%2Ccadun_qtd_pessoas_cadastradas_i%2Ccadun_qtd_pessoas_cadastradas_pobreza_pbf_i%2Ccadun_qtd_pessoas_cadastradas_rfpc_acima_meio_sm_i%2Ccadun_taxa_atualizacao_cadastral_d%2Ccodigo_ibge%2Cmunicipio%2Cpbf_vlr_medio_benef_f%2Cqtd_familias_beneficiarias_bolsa_familia%2Cqtd_pessoas_beneficiarias_bolsa_familia_i%2Csigla_uf%2Ctipo_s%2Cvalor_repassado_bolsa_familia,2026-10-07T13:39:41.147042+00:00,Valor municipal publicado; sem imputação.,"Estatística administrativa municipal agregada; famílias e pessoas são unidades distintas. Não somar universos CadÚnico, Bolsa Família e BPC."
4127965,202502,Benefícios · pessoa com deficiência · BPC · Fonte Pagadora,225,benefícios,real,BPC · Fonte Pagadora-4127965,https://aplicacoes.mds.gov.br/sagi/servicos/misocial?q=%2A%3A%2A&fq=tipo_s%3Ames_mu&fq=codigo_ibge%3A%28412796+OR+411960+OR+411325+OR+410940%29&fq=anomes_s%3A%5B202303+TO+202608%5D&wt=json&rows=400&sort=anomes_s+asc&fl=anomes_s%2Cbpc_ben_i%2Cbpc_idoso_ben_i%2Cbpc_idoso_val_s%2Cbpc_pcd_ben_i%2Cbpc_pcd_val_s%2Cbpc_val_s%2Ccadsuas_data_extracao_s%2Ccadsuas_qtd_centro_convivencia_i%2Ccadsuas_qtd_centro_dia_similares_i%2Ccadsuas_qtd_centro_pop_i%2Ccadsuas_qtd_cras_i%2Ccadsuas_qtd_creas_i%2Ccadsuas_qtd_unidade_acolhimento_i%2Ccadun_qtd_familias_atualizadas_i%2Ccadun_qtd_familias_cadastradas_baixa_renda_i%2Ccadun_qtd_familias_cadastradas_i%2Ccadun_qtd_familias_cadastradas_pobreza_pbf_i%2Ccadun_qtd_familias_cadastradas_rfpc_acima_meio_sm_i%2Ccadun_qtd_pessoas_cadastradas_baixa_renda_i%2Ccadun_qtd_pessoas_cadastradas_i%2Ccadun_qtd_pessoas_cadastradas_pobreza_pbf_i%2Ccadun_qtd_pessoas_cadastradas_rfpc_acima_meio_sm_i%2Ccadun_taxa_atualizacao_cadastral_d%2Ccodigo_ibge%2Cmunicipio%2Cpbf_vlr_medio_benef_f%2Cqtd_familias_beneficiarias_bolsa_familia%2Cqtd_pessoas_beneficiarias_bolsa_familia_i%2Csigla_uf%2Ctipo_s%2Cvalor_repassado_bolsa_familia,2026-10-07T13:39:41.147042+00:00,Valor municipal publicado; sem imputação.,"Estatística administrativa municipal agregada; famílias e pessoas são unidades distintas. Não somar universos CadÚnico, Bolsa Família e BPC."
4127965,202502,Valor · pessoa idosa · BPC · Fonte Pagadora,212520.0,R$,real,BPC · Fonte Pagadora-4127965,https://aplicacoes.mds.gov.br/sagi/servicos/misocial?q=%2A%3A%2A&fq=tipo_s%3Ames_mu&fq=codigo_ibge%3A%28412796+OR+411960+OR+411325+OR+410940%29&fq=anomes_s%3A%5B202303+TO+202608%5D&wt=json&rows=400&sort=anomes_s+asc&fl=anomes_s%2Cbpc_ben_i%2Cbpc_idoso_ben_i%2Cbpc_idoso_val_s%2Cbpc_pcd_ben_i%2Cbpc_pcd_val_s%2Cbpc_val_s%2Ccadsuas_data_extracao_s%2Ccadsuas_qtd_centro_convivencia_i%2Ccadsuas_qtd_centro_dia_similares_i%2Ccadsuas_qtd_centro_pop_i%2Ccadsuas_qtd_cras_i%2Ccadsuas_qtd_creas_i%2Ccadsuas_qtd_unidade_acolhimento_i%2Ccadun_qtd_familias_atualizadas_i%2Ccadun_qtd_familias_cadastradas_baixa_renda_i%2Ccadun_qtd_familias_cadastradas_i%2Ccadun_qtd_familias_cadastradas_pobreza_pbf_i%2Ccadun_qtd_familias_cadastradas_rfpc_acima_meio_sm_i%2Ccadun_qtd_pessoas_cadastradas_baixa_renda_i%2Ccadun_qtd_pessoas_cadastradas_i%2Ccadun_qtd_pessoas_cadastradas_pobreza_pbf_i%2Ccadun_qtd_pessoas_cadastradas_rfpc_acima_meio_sm_i%2Ccadun_taxa_atualizacao_cadastral_d%2Ccodigo_ibge%2Cmunicipio%2Cpbf_vlr_medio_benef_f%2Cqtd_familias_beneficiarias_bolsa_familia%2Cqtd_pessoas_beneficiarias_bolsa_familia_i%2Csigla_uf%2Ctipo_s%2Cvalor_repassado_bolsa_familia,2026-10-07T13:39:41.147042+00:00,Valor municipal publicado; sem imputação.,"Estatística administrativa municipal agregada; famílias e pessoas são unidades distintas. Não somar universos CadÚnico, Bolsa Família e BPC."
4127965,202502,Valor · pessoa com deficiência · BPC · Fonte Pagadora,341554.67,R$,real,BPC · Fonte Pagadora-4127965,https://aplicacoes.mds.gov.br/sagi/servicos/misocial?q=%2A%3A%2A&fq=tipo_s%3Ames_mu&fq=codigo_ibge%3A%28412796+OR+411960+OR+411325+OR+410940%29&fq=anomes_s%3A%5B202303+TO+202608%5D&wt=json&rows=400&sort=anomes_s+asc&fl=anomes_s%2Cbpc_ben_i%2Cbpc_idoso_ben_i%2Cbpc_idoso_val_s%2Cbpc_pcd_ben_i%2Cbpc_pcd_val_s%2Cbpc_val_s%2Ccadsuas_data_extracao_s%2Ccadsuas_qtd_centro_convivencia_i%2Ccadsuas_qtd_centro_dia_similares_i%2Ccadsuas_qtd_centro_pop_i%2Ccadsuas_qtd_cras_i%2Ccadsuas_qtd_creas_i%2Ccadsuas_qtd_unidade_acolhimento_i%2Ccadun_qtd_familias_atualizadas_i%2Ccadun_qtd_familias_cadastradas_baixa_renda_i%2Ccadun_qtd_familias_cadastradas_i%2Ccadun_qtd_familias_cadastradas_pobreza_pbf_i%2Ccadun_qtd_familias_cadastradas_rfpc_acima_meio_sm_i%2Ccadun_qtd_pessoas_cadastradas_baixa_renda_i%2Ccadun_qtd_pessoas_cadastradas_i%2Ccadun_qtd_pessoas_cadastradas_pobreza_pbf_i%2Ccadun_qtd_pessoas_cadastradas_rfpc_acima_meio_sm_i%2Ccadun_taxa_atualizacao_cadastral_d%2Ccodigo_ibge%2Cmunicipio%2Cpbf_vlr_medio_benef_f%2Cqtd_familias_beneficiarias_bolsa_familia%2Cqtd_pessoas_beneficiarias_bolsa_familia_i%2Csigla_uf%2Ctipo_s%2Cvalor_repassado_bolsa_familia,2026-10-07T13:39:41.147042+00:00,Valor municipal publicado; sem imputação.,"Estatística administrativa municipal agregada; famílias e pessoas são unidades distintas. Não somar universos CadÚnico, Bolsa Família e BPC."
4127965,202502,Valor mensal transferido · BPC · Fonte Pagadora,554074.67,R$,real,BPC · Fonte Pagadora-4127965,https://aplicacoes.mds.gov.br/sagi/servicos/misocial?q=%2A%3A%2A&fq=tipo_s%3Ames_mu&fq=codigo_ibge%3A%28412796+OR+411960+OR+411325+OR+410940%29&fq=anomes_s%3A%5B202303+TO+202608%5D&wt=json&rows=400&sort=anomes_s+asc&fl=anomes_s%2Cbpc_ben_i%2Cbpc_idoso_ben_i%2Cbpc_idoso_val_s%2Cbpc_pcd_ben_i%2Cbpc_pcd_val_s%2Cbpc_val_s%2Ccadsuas_data_extracao_s%2Ccadsuas_qtd_centro_convivencia_i%2Ccadsuas_qtd_centro_dia_similares_i%2Ccadsuas_qtd_centro_pop_i%2Ccadsuas_qtd_cras_i%2Ccadsuas_qtd_creas_i%2Ccadsuas_qtd_unidade_acolhimento_i%2Ccadun_qtd_familias_atualizadas_i%2Ccadun_qtd_familias_cadastradas_baixa_renda_i%2Ccadun_qtd_familias_cadastradas_i%2Ccadun_qtd_familias_cadastradas_pobreza_pbf_i%2Ccadun_qtd_familias_cadastradas_rfpc_acima_meio_sm_i%2Ccadun_qtd_pessoas_cadastradas_baixa_renda_i%2Ccadun_qtd_pessoas_cadastradas_i%2Ccadun_qtd_pessoas_cadastradas_pobreza_pbf_i%2Ccadun_qtd_pessoas_cadastradas_rfpc_acima_meio_sm_i%2Ccadun_taxa_atualizacao_cadastral_d%2Ccodigo_ibge%2Cmunicipio%2Cpbf_vlr_medio_benef_f%2Cqtd_familias_beneficiarias_bolsa_familia%2Cqtd_pessoas_beneficiarias_bolsa_familia_i%2Csigla_uf%2Ctipo_s%2Cvalor_repassado_bolsa_familia,2026-10-07T13:39:41.147042+00:00,Valor municipal publicado; sem imputação.,"Estatística administrativa municipal agregada; famílias e pessoas são unidades distintas. Não somar universos CadÚnico, Bolsa Família e BPC."
4127965,202503,Total de benefícios · BPC · Fonte Pagadora,368,benefícios,real,BPC · Fonte Pagadora-4127965,https://aplicacoes.mds.gov.br/sagi/servicos/misocial?q=%2A%3A%2A&fq=tipo_s%3Ames_mu&fq=codigo_ibge%3A%28412796+OR+411960+OR+411325+OR+410940%29&fq=anomes_s%3A%5B202303+TO+202608%5D&wt=json&rows=400&sort=anomes_s+asc&fl=anomes_s%2Cbpc_ben_i%2Cbpc_idoso_ben_i%2Cbpc_idoso_val_s%2Cbpc_pcd_ben_i%2Cbpc_pcd_val_s%2Cbpc_val_s%2Ccadsuas_data_extracao_s%2Ccadsuas_qtd_centro_convivencia_i%2Ccadsuas_qtd_centro_dia_similares_i%2Ccadsuas_qtd_centro_pop_i%2Ccadsuas_qtd_cras_i%2Ccadsuas_qtd_creas_i%2Ccadsuas_qtd_unidade_acolhimento_i%2Ccadun_qtd_familias_atualizadas_i%2Ccadun_qtd_familias_cadastradas_baixa_renda_i%2Ccadun_qtd_familias_cadastradas_i%2Ccadun_qtd_familias_cadastradas_pobreza_pbf_i%2Ccadun_qtd_familias_cadastradas_rfpc_acima_meio_sm_i%2Ccadun_qtd_pessoas_cadastradas_baixa_renda_i%2Ccadun_qtd_pessoas_cadastradas_i%2Ccadun_qtd_pessoas_cadastradas_pobreza_pbf_i%2Ccadun_qtd_pessoas_cadastradas_rfpc_acima_meio_sm_i%2Ccadun_taxa_atualizacao_cadastral_d%2Ccodigo_ibge%2Cmunicipio%2Cpbf_vlr_medio_benef_f%2Cqtd_familias_beneficiarias_bolsa_familia%2Cqtd_pessoas_beneficiarias_bolsa_familia_i%2Csigla_uf%2Ctipo_s%2Cvalor_repassado_bolsa_familia,2026-10-07T13:39:41.147042+00:00,Valor municipal publicado; sem imputação.,"Estatística administrativa municipal agregada; famílias e pessoas são unidades distintas. Não somar universos CadÚnico, Bolsa Família e BPC."
4127965,202503,Benefícios · pessoa idosa · BPC · Fonte Pagadora,142,benefícios,real,BPC · Fonte Pagadora-4127965,https://aplicacoes.mds.gov.br/sagi/servicos/misocial?q=%2A%3A%2A&fq=tipo_s%3Ames_mu&fq=codigo_ibge%3A%28412796+OR+411960+OR+411325+OR+410940%29&fq=anomes_s%3A%5B202303+TO+202608%5D&wt=json&rows=400&sort=anomes_s+asc&fl=anomes_s%2Cbpc_ben_i%2Cbpc_idoso_ben_i%2Cbpc_idoso_val_s%2Cbpc_pcd_ben_i%2Cbpc_pcd_val_s%2Cbpc_val_s%2Ccadsuas_data_extracao_s%2Ccadsuas_qtd_centro_convivencia_i%2Ccadsuas_qtd_centro_dia_similares_i%2Ccadsuas_qtd_centro_pop_i%2Ccadsuas_qtd_cras_i%2Ccadsuas_qtd_creas_i%2Ccadsuas_qtd_unidade_acolhimento_i%2Ccadun_qtd_familias_atualizadas_i%2Ccadun_qtd_familias_cadastradas_baixa_renda_i%2Ccadun_qtd_familias_cadastradas_i%2Ccadun_qtd_familias_cadastradas_pobreza_pbf_i%2Ccadun_qtd_familias_cadastradas_rfpc_acima_meio_sm_i%2Ccadun_qtd_pessoas_cadastradas_baixa_renda_i%2Ccadun_qtd_pessoas_cadastradas_i%2Ccadun_qtd_pessoas_cadastradas_pobreza_pbf_i%2Ccadun_qtd_pessoas_cadastradas_rfpc_acima_meio_sm_i%2Ccadun_taxa_atualizacao_cadastral_d%2Ccodigo_ibge%2Cmunicipio%2Cpbf_vlr_medio_benef_f%2Cqtd_familias_beneficiarias_bolsa_familia%2Cqtd_pessoas_beneficiarias_bolsa_familia_i%2Csigla_uf%2Ctipo_s%2Cvalor_repassado_bolsa_familia,2026-10-07T13:39:41.147042+00:00,Valor municipal publicado; sem imputação.,"Estatística administrativa municipal agregada; famílias e pessoas são unidades distintas. Não somar universos CadÚnico, Bolsa Família e BPC."
4127965,202503,Benefícios · pessoa com deficiência · BPC · Fonte Pagadora,226,benefícios,real,BPC · Fonte Pagadora-4127965,https://aplicacoes.mds.gov.br/sagi/servicos/misocial?q=%2A%3A%2A&fq=tipo_s%3Ames_mu&fq=codigo_ibge%3A%28412796+OR+411960+OR+411325+OR+410940%29&fq=anomes_s%3A%5B202303+TO+202608%5D&wt=json&rows=400&sort=anomes_s+asc&fl=anomes_s%2Cbpc_ben_i%2Cbpc_idoso_ben_i%2Cbpc_idoso_val_s%2Cbpc_pcd_ben_i%2Cbpc_pcd_val_s%2Cbpc_val_s%2Ccadsuas_data_extracao_s%2Ccadsuas_qtd_centro_convivencia_i%2Ccadsuas_qtd_centro_dia_similares_i%2Ccadsuas_qtd_centro_pop_i%2Ccadsuas_qtd_cras_i%2Ccadsuas_qtd_creas_i%2Ccadsuas_qtd_unidade_acolhimento_i%2Ccadun_qtd_familias_atualizadas_i%2Ccadun_qtd_familias_cadastradas_baixa_renda_i%2Ccadun_qtd_familias_cadastradas_i%2Ccadun_qtd_familias_cadastradas_pobreza_pbf_i%2Ccadun_qtd_familias_cadastradas_rfpc_acima_meio_sm_i%2Ccadun_qtd_pessoas_cadastradas_baixa_renda_i%2Ccadun_qtd_pessoas_cadastradas_i%2Ccadun_qtd_pessoas_cadastradas_pobreza_pbf_i%2Ccadun_qtd_pessoas_cadastradas_rfpc_acima_meio_sm_i%2Ccadun_taxa_atualizacao_cadastral_d%2Ccodigo_ibge%2Cmunicipio%2Cpbf_vlr_medio_benef_f%2Cqtd_familias_beneficiarias_bolsa_familia%2Cqtd_pessoas_beneficiarias_bolsa_familia_i%2Csigla_uf%2Ctipo_s%2Cvalor_repassado_bolsa_familia,2026-10-07T13:39:41.147042+00:00,Valor municipal publicado; sem imputação.,"Estatística administrativa municipal agregada; famílias e pessoas são unidades distintas. Não somar universos CadÚnico, Bolsa Família e BPC."
4127965,202503,Valor · pessoa idosa · BPC · Fonte Pagadora,215556.0,R$,real,BPC · Fonte Pagadora-4127965,https://aplicacoes.mds.gov.br/sagi/servicos/misocial?q=%2A%3A%2A&fq=tipo_s%3Ames_mu&fq=codigo_ibge%3A%28412796+OR+411960+OR+411325+OR+410940%29&fq=anomes_s%3A%5B202303+TO+202608%5D&wt=json&rows=400&sort=anomes_s+asc&fl=anomes_s%2Cbpc_ben_i%2Cbpc_idoso_ben_i%2Cbpc_idoso_val_s%2Cbpc_pcd_ben_i%2Cbpc_pcd_val_s%2Cbpc_val_s%2Ccadsuas_data_extracao_s%2Ccadsuas_qtd_centro_convivencia_i%2Ccadsuas_qtd_centro_dia_similares_i%2Ccadsuas_qtd_centro_pop_i%2Ccadsuas_qtd_cras_i%2Ccadsuas_qtd_creas_i%2Ccadsuas_qtd_unidade_acolhimento_i%2Ccadun_qtd_familias_atualizadas_i%2Ccadun_qtd_familias_cadastradas_baixa_renda_i%2Ccadun_qtd_familias_cadastradas_i%2Ccadun_qtd_familias_cadastradas_pobreza_pbf_i%2Ccadun_qtd_familias_cadastradas_rfpc_acima_meio_sm_i%2Ccadun_qtd_pessoas_cadastradas_baixa_renda_i%2Ccadun_qtd_pessoas_cadastradas_i%2Ccadun_qtd_pessoas_cadastradas_pobreza_pbf_i%2Ccadun_qtd_pessoas_cadastradas_rfpc_acima_meio_sm_i%2Ccadun_taxa_atualizacao_cadastral_d%2Ccodigo_ibge%2Cmunicipio%2Cpbf_vlr_medio_benef_f%2Cqtd_familias_beneficiarias_bolsa_familia%2Cqtd_pessoas_beneficiarias_bolsa_familia_i%2Csigla_uf%2Ctipo_s%2Cvalor_repassado_bolsa_familia,2026-10-07T13:39:41.147042+00:00,Valor municipal publicado; sem imputação.,"Estatística administrativa municipal agregada; famílias e pessoas são unidades distintas. Não somar universos CadÚnico, Bolsa Família e BPC."
4127965,202503,Valor · pessoa com deficiência · BPC · Fonte Pagadora,343072.61,R$,real,BPC · Fonte Pagadora-4127965,https://aplicacoes.mds.gov.br/sagi/servicos/misocial?q=%2A%3A%2A&fq=tipo_s%3Ames_mu&fq=codigo_ibge%3A%28412796+OR+411960+OR+411325+OR+410940%29&fq=anomes_s%3A%5B202303+TO+202608%5D&wt=json&rows=400&sort=anomes_s+asc&fl=anomes_s%2Cbpc_ben_i%2Cbpc_idoso_ben_i%2Cbpc_idoso_val_s%2Cbpc_pcd_ben_i%2Cbpc_pcd_val_s%2Cbpc_val_s%2Ccadsuas_data_extracao_s%2Ccadsuas_qtd_centro_convivencia_i%2Ccadsuas_qtd_centro_dia_similares_i%2Ccadsuas_qtd_centro_pop_i%2Ccadsuas_qtd_cras_i%2Ccadsuas_qtd_creas_i%2Ccadsuas_qtd_unidade_acolhimento_i%2Ccadun_qtd_familias_atualizadas_i%2Ccadun_qtd_familias_cadastradas_baixa_renda_i%2Ccadun_qtd_familias_cadastradas_i%2Ccadun_qtd_familias_cadastradas_pobreza_pbf_i%2Ccadun_qtd_familias_cadastradas_rfpc_acima_meio_sm_i%2Ccadun_qtd_pessoas_cadastradas_baixa_renda_i%2Ccadun_qtd_pessoas_cadastradas_i%2Ccadun_qtd_pessoas_cadastradas_pobreza_pbf_i%2Ccadun_qtd_pessoas_cadastradas_rfpc_acima_meio_sm_i%2Ccadun_taxa_atualizacao_cadastral_d%2Ccodigo_ibge%2Cmunicipio%2Cpbf_vlr_medio_benef_f%2Cqtd_familias_beneficiarias_bolsa_familia%2Cqtd_pessoas_beneficiarias_bolsa_familia_i%2Csigla_uf%2Ctipo_s%2Cvalor_repassado_bolsa_familia,2026-10-07T13:39:41.147042+00:00,Valor municipal publicado; sem imputação.,"Estatística administrativa municipal agregada; famílias e pessoas são unidades distintas. Não somar universos CadÚnico, Bolsa Família e BPC."
4127965,202503,Valor mensal transferido · BPC · Fonte Pagadora,558628.61,R$,real,BPC · Fonte Pagadora-4127965,https://aplicacoes.mds.gov.br/sagi/servicos/misocial?q=%2A%3A%2A&fq=tipo_s%3Ames_mu&fq=codigo_ibge%3A%28412796+OR+411960+OR+411325+OR+410940%29&fq=anomes_s%3A%5B202303+TO+202608%5D&wt=json&rows=400&sort=anomes_s+asc&fl=anomes_s%2Cbpc_ben_i%2Cbpc_idoso_ben_i%2Cbpc_idoso_val_s%2Cbpc_pcd_ben_i%2Cbpc_pcd_val_s%2Cbpc_val_s%2Ccadsuas_data_extracao_s%2Ccadsuas_qtd_centro_convivencia_i%2Ccadsuas_qtd_centro_dia_similares_i%2Ccadsuas_qtd_centro_pop_i%2Ccadsuas_qtd_cras_i%2Ccadsuas_qtd_creas_i%2Ccadsuas_qtd_unidade_acolhimento_i%2Ccadun_qtd_familias_atualizadas_i%2Ccadun_qtd_familias_cadastradas_baixa_renda_i%2Ccadun_qtd_familias_cadastradas_i%2Ccadun_qtd_familias_cadastradas_pobreza_pbf_i%2Ccadun_qtd_familias_cadastradas_rfpc_acima_meio_sm_i%2Ccadun_qtd_pessoas_cadastradas_baixa_renda_i%2Ccadun_qtd_pessoas_cadastradas_i%2Ccadun_qtd_pessoas_cadastradas_pobreza_pbf_i%2Ccadun_qtd_pessoas_cadastradas_rfpc_acima_meio_sm_i%2Ccadun_taxa_atualizacao_cadastral_d%2Ccodigo_ibge%2Cmunicipio%2Cpbf_vlr_medio_benef_f%2Cqtd_familias_beneficiarias_bolsa_familia%2Cqtd_pessoas_beneficiarias_bolsa_familia_i%2Csigla_uf%2Ctipo_s%2Cvalor_repassado_bolsa_familia,2026-10-07T13:39:41.147042+00:00,Valor municipal publicado; sem imputação.,"Estatística administrativa municipal agregada; famílias e pessoas são unidades distintas. Não somar universos CadÚnico, Bolsa Família e BPC."
4127965,202504,Total de benefícios · BPC · Fonte Pagadora,370,benefícios,real,BPC · Fonte Pagadora-4127965,https://aplicacoes.mds.gov.br/sagi/servicos/misocial?q=%2A%3A%2A&fq=tipo_s%3Ames_mu&fq=codigo_ibge%3A%28412796+OR+411960+OR+411325+OR+410940%29&fq=anomes_s%3A%5B202303+TO+202608%5D&wt=json&rows=400&sort=anomes_s+asc&fl=anomes_s%2Cbpc_ben_i%2Cbpc_idoso_ben_i%2Cbpc_idoso_val_s%2Cbpc_pcd_ben_i%2Cbpc_pcd_val_s%2Cbpc_val_s%2Ccadsuas_data_extracao_s%2Ccadsuas_qtd_centro_convivencia_i%2Ccadsuas_qtd_centro_dia_similares_i%2Ccadsuas_qtd_centro_pop_i%2Ccadsuas_qtd_cras_i%2Ccadsuas_qtd_creas_i%2Ccadsuas_qtd_unidade_acolhimento_i%2Ccadun_qtd_familias_atualizadas_i%2Ccadun_qtd_familias_cadastradas_baixa_renda_i%2Ccadun_qtd_familias_cadastradas_i%2Ccadun_qtd_familias_cadastradas_pobreza_pbf_i%2Ccadun_qtd_familias_cadastradas_rfpc_acima_meio_sm_i%2Ccadun_qtd_pessoas_cadastradas_baixa_renda_i%2Ccadun_qtd_pessoas_cadastradas_i%2Ccadun_qtd_pessoas_cadastradas_pobreza_pbf_i%2Ccadun_qtd_pessoas_cadastradas_rfpc_acima_meio_sm_i%2Ccadun_taxa_atualizacao_cadastral_d%2Ccodigo_ibge%2Cmunicipio%2Cpbf_vlr_medio_benef_f%2Cqtd_familias_beneficiarias_bolsa_familia%2Cqtd_pessoas_beneficiarias_bolsa_familia_i%2Csigla_uf%2Ctipo_s%2Cvalor_repassado_bolsa_familia,2026-10-07T13:39:41.147042+00:00,Valor municipal publicado; sem imputação.,"Estatística administrativa municipal agregada; famílias e pessoas são unidades distintas. Não somar universos CadÚnico, Bolsa Família e BPC."
4127965,202504,Benefícios · pessoa idosa · BPC · Fonte Pagadora,144,benefícios,real,BPC · Fonte Pagadora-4127965,https://aplicacoes.mds.gov.br/sagi/servicos/misocial?q=%2A%3A%2A&fq=tipo_s%3Ames_mu&fq=codigo_ibge%3A%28412796+OR+411960+OR+411325+OR+410940%29&fq=anomes_s%3A%5B202303+TO+202608%5D&wt=json&rows=400&sort=anomes_s+asc&fl=anomes_s%2Cbpc_ben_i%2Cbpc_idoso_ben_i%2Cbpc_idoso_val_s%2Cbpc_pcd_ben_i%2Cbpc_pcd_val_s%2Cbpc_val_s%2Ccadsuas_data_extracao_s%2Ccadsuas_qtd_centro_convivencia_i%2Ccadsuas_qtd_centro_dia_similares_i%2Ccadsuas_qtd_centro_pop_i%2Ccadsuas_qtd_cras_i%2Ccadsuas_qtd_creas_i%2Ccadsuas_qtd_unidade_acolhimento_i%2Ccadun_qtd_familias_atualizadas_i%2Ccadun_qtd_familias_cadastradas_baixa_renda_i%2Ccadun_qtd_familias_cadastradas_i%2Ccadun_qtd_familias_cadastradas_pobreza_pbf_i%2Ccadun_qtd_familias_cadastradas_rfpc_acima_meio_sm_i%2Ccadun_qtd_pessoas_cadastradas_baixa_renda_i%2Ccadun_qtd_pessoas_cadastradas_i%2Ccadun_qtd_pessoas_cadastradas_pobreza_pbf_i%2Ccadun_qtd_pessoas_cadastradas_rfpc_acima_meio_sm_i%2Ccadun_taxa_atualizacao_cadastral_d%2Ccodigo_ibge%2Cmunicipio%2Cpbf_vlr_medio_benef_f%2Cqtd_familias_beneficiarias_bolsa_familia%2Cqtd_pessoas_beneficiarias_bolsa_familia_i%2Csigla_uf%2Ctipo_s%2Cvalor_repassado_bolsa_familia,2026-10-07T13:39:41.147042+00:00,Valor municipal publicado; sem imputação.,"Estatística administrativa municipal agregada; famílias e pessoas são unidades distintas. Não somar universos CadÚnico, Bolsa Família e BPC."
4127965,202504,Benefícios · pessoa com deficiência · BPC · Fonte Pagadora,226,benefícios,real,BPC · Fonte Pagadora-4127965,https://aplicacoes.mds.gov.br/sagi/servicos/misocial?q=%2A%3A%2A&fq=tipo_s%3Ames_mu&fq=codigo_ibge%3A%28412796+OR+411960+OR+411325+OR+410940%29&fq=anomes_s%3A%5B202303+TO+202608%5D&wt=json&rows=400&sort=anomes_s+asc&fl=anomes_s%2Cbpc_ben_i%2Cbpc_idoso_ben_i%2Cbpc_idoso_val_s%2Cbpc_pcd_ben_i%2Cbpc_pcd_val_s%2Cbpc_val_s%2Ccadsuas_data_extracao_s%2Ccadsuas_qtd_centro_convivencia_i%2Ccadsuas_qtd_centro_dia_similares_i%2Ccadsuas_qtd_centro_pop_i%2Ccadsuas_qtd_cras_i%2Ccadsuas_qtd_creas_i%2Ccadsuas_qtd_unidade_acolhimento_i%2Ccadun_qtd_familias_atualizadas_i%2Ccadun_qtd_familias_cadastradas_baixa_renda_i%2Ccadun_qtd_familias_cadastradas_i%2Ccadun_qtd_familias_cadastradas_pobreza_pbf_i%2Ccadun_qtd_familias_cadastradas_rfpc_acima_meio_sm_i%2Ccadun_qtd_pessoas_cadastradas_baixa_renda_i%2Ccadun_qtd_pessoas_cadastradas_i%2Ccadun_qtd_pessoas_cadastradas_pobreza_pbf_i%2Ccadun_qtd_pessoas_cadastradas_rfpc_acima_meio_sm_i%2Ccadun_taxa_atualizacao_cadastral_d%2Ccodigo_ibge%2Cmunicipio%2Cpbf_vlr_medio_benef_f%2Cqtd_familias_beneficiarias_bolsa_familia%2Cqtd_pessoas_beneficiarias_bolsa_familia_i%2Csigla_uf%2Ctipo_s%2Cvalor_repassado_bolsa_familia,2026-10-07T13:39:41.147042+00:00,Valor municipal publicado; sem imputação.,"Estatística administrativa municipal agregada; famílias e pessoas são unidades distintas. Não somar universos CadÚnico, Bolsa Família e BPC."
4127965,202504,Valor · pessoa idosa · BPC · Fonte Pagadora,218592.0,R$,real,BPC · Fonte Pagadora-4127965,https://aplicacoes.mds.gov.br/sagi/servicos/misocial?q=%2A%3A%2A&fq=tipo_s%3Ames_mu&fq=codigo_ibge%3A%28412796+OR+411960+OR+411325+OR+410940%29&fq=anomes_s%3A%5B202303+TO+202608%5D&wt=json&rows=400&sort=anomes_s+asc&fl=anomes_s%2Cbpc_ben_i%2Cbpc_idoso_ben_i%2Cbpc_idoso_val_s%2Cbpc_pcd_ben_i%2Cbpc_pcd_val_s%2Cbpc_val_s%2Ccadsuas_data_extracao_s%2Ccadsuas_qtd_centro_convivencia_i%2Ccadsuas_qtd_centro_dia_similares_i%2Ccadsuas_qtd_centro_pop_i%2Ccadsuas_qtd_cras_i%2Ccadsuas_qtd_creas_i%2Ccadsuas_qtd_unidade_acolhimento_i%2Ccadun_qtd_familias_atualizadas_i%2Ccadun_qtd_familias_cadastradas_baixa_renda_i%2Ccadun_qtd_familias_cadastradas_i%2Ccadun_qtd_familias_cadastradas_pobreza_pbf_i%2Ccadun_qtd_familias_cadastradas_rfpc_acima_meio_sm_i%2Ccadun_qtd_pessoas_cadastradas_baixa_renda_i%2Ccadun_qtd_pessoas_cadastradas_i%2Ccadun_qtd_pessoas_cadastradas_pobreza_pbf_i%2Ccadun_qtd_pessoas_cadastradas_rfpc_acima_meio_sm_i%2Ccadun_taxa_atualizacao_cadastral_d%2Ccodigo_ibge%2Cmunicipio%2Cpbf_vlr_medio_benef_f%2Cqtd_familias_beneficiarias_bolsa_familia%2Cqtd_pessoas_beneficiarias_bolsa_familia_i%2Csigla_uf%2Ctipo_s%2Cvalor_repassado_bolsa_familia,2026-10-07T13:39:41.147042+00:00,Valor municipal publicado; sem imputação.,"Estatística administrativa municipal agregada; famílias e pessoas são unidades distintas. Não somar universos CadÚnico, Bolsa Família e BPC."
4127965,202504,Valor · pessoa com deficiência · BPC · Fonte Pagadora,343072.04,R$,real,BPC · Fonte Pagadora-4127965,https://aplicacoes.mds.gov.br/sagi/servicos/misocial?q=%2A%3A%2A&fq=tipo_s%3Ames_mu&fq=codigo_ibge%3A%28412796+OR+411960+OR+411325+OR+410940%29&fq=anomes_s%3A%5B202303+TO+202608%5D&wt=json&rows=400&sort=anomes_s+asc&fl=anomes_s%2Cbpc_ben_i%2Cbpc_idoso_ben_i%2Cbpc_idoso_val_s%2Cbpc_pcd_ben_i%2Cbpc_pcd_val_s%2Cbpc_val_s%2Ccadsuas_data_extracao_s%2Ccadsuas_qtd_centro_convivencia_i%2Ccadsuas_qtd_centro_dia_similares_i%2Ccadsuas_qtd_centro_pop_i%2Ccadsuas_qtd_cras_i%2Ccadsuas_qtd_creas_i%2Ccadsuas_qtd_unidade_acolhimento_i%2Ccadun_qtd_familias_atualizadas_i%2Ccadun_qtd_familias_cadastradas_baixa_renda_i%2Ccadun_qtd_familias_cadastradas_i%2Ccadun_qtd_familias_cadastradas_pobreza_pbf_i%2Ccadun_qtd_familias_cadastradas_rfpc_acima_meio_sm_i%2Ccadun_qtd_pessoas_cadastradas_baixa_renda_i%2Ccadun_qtd_pessoas_cadastradas_i%2Ccadun_qtd_pessoas_cadastradas_pobreza_pbf_i%2Ccadun_qtd_pessoas_cadastradas_rfpc_acima_meio_sm_i%2Ccadun_taxa_atualizacao_cadastral_d%2Ccodigo_ibge%2Cmunicipio%2Cpbf_vlr_medio_benef_f%2Cqtd_familias_beneficiarias_bolsa_familia%2Cqtd_pessoas_beneficiarias_bolsa_familia_i%2Csigla_uf%2Ctipo_s%2Cvalor_repassado_bolsa_familia,2026-10-07T13:39:41.147042+00:00,Valor municipal publicado; sem imputação.,"Estatística administrativa municipal agregada; famílias e pessoas são unidades distintas. Não somar universos CadÚnico, Bolsa Família e BPC."
4127965,202504,Valor mensal transferido · BPC · Fonte Pagadora,561664.04,R$,real,BPC · Fonte Pagadora-4127965,https://aplicacoes.mds.gov.br/sagi/servicos/misocial?q=%2A%3A%2A&fq=tipo_s%3Ames_mu&fq=codigo_ibge%3A%28412796+OR+411960+OR+411325+OR+410940%29&fq=anomes_s%3A%5B202303+TO+202608%5D&wt=json&rows=400&sort=anomes_s+asc&fl=anomes_s%2Cbpc_ben_i%2Cbpc_idoso_ben_i%2Cbpc_idoso_val_s%2Cbpc_pcd_ben_i%2Cbpc_pcd_val_s%2Cbpc_val_s%2Ccadsuas_data_extracao_s%2Ccadsuas_qtd_centro_convivencia_i%2Ccadsuas_qtd_centro_dia_similares_i%2Ccadsuas_qtd_centro_pop_i%2Ccadsuas_qtd_cras_i%2Ccadsuas_qtd_creas_i%2Ccadsuas_qtd_unidade_acolhimento_i%2Ccadun_qtd_familias_atualizadas_i%2Ccadun_qtd_familias_cadastradas_baixa_renda_i%2Ccadun_qtd_familias_cadastradas_i%2Ccadun_qtd_familias_cadastradas_pobreza_pbf_i%2Ccadun_qtd_familias_cadastradas_rfpc_acima_meio_sm_i%2Ccadun_qtd_pessoas_cadastradas_baixa_renda_i%2Ccadun_qtd_pessoas_cadastradas_i%2Ccadun_qtd_pessoas_cadastradas_pobreza_pbf_i%2Ccadun_qtd_pessoas_cadastradas_rfpc_acima_meio_sm_i%2Ccadun_taxa_atualizacao_cadastral_d%2Ccodigo_ibge%2Cmunicipio%2Cpbf_vlr_medio_benef_f%2Cqtd_familias_beneficiarias_bolsa_familia%2Cqtd_pessoas_beneficiarias_bolsa_familia_i%2Csigla_uf%2Ctipo_s%2Cvalor_repassado_bolsa_familia,2026-10-07T13:39:41.147042+00:00,Valor municipal publicado; sem imputação.,"Estatística administrativa municipal agregada; famílias e pessoas são unidades distintas. Não somar universos CadÚnico, Bolsa Família e BPC."
4127965,202505,Total de benefícios · BPC · Fonte Pagadora,372,benefícios,real,BPC · Fonte Pagadora-4127965,https://aplicacoes.mds.gov.br/sagi/servicos/misocial?q=%2A%3A%2A&fq=tipo_s%3Ames_mu&fq=codigo_ibge%3A%28412796+OR+411960+OR+411325+OR+410940%29&fq=anomes_s%3A%5B202303+TO+202608%5D&wt=json&rows=400&sort=anomes_s+asc&fl=anomes_s%2Cbpc_ben_i%2Cbpc_idoso_ben_i%2Cbpc_idoso_val_s%2Cbpc_pcd_ben_i%2Cbpc_pcd_val_s%2Cbpc_val_s%2Ccadsuas_data_extracao_s%2Ccadsuas_qtd_centro_convivencia_i%2Ccadsuas_qtd_centro_dia_similares_i%2Ccadsuas_qtd_centro_pop_i%2Ccadsuas_qtd_cras_i%2Ccadsuas_qtd_creas_i%2Ccadsuas_qtd_unidade_acolhimento_i%2Ccadun_qtd_familias_atualizadas_i%2Ccadun_qtd_familias_cadastradas_baixa_renda_i%2Ccadun_qtd_familias_cadastradas_i%2Ccadun_qtd_familias_cadastradas_pobreza_pbf_i%2Ccadun_qtd_familias_cadastradas_rfpc_acima_meio_sm_i%2Ccadun_qtd_pessoas_cadastradas_baixa_renda_i%2Ccadun_qtd_pessoas_cadastradas_i%2Ccadun_qtd_pessoas_cadastradas_pobreza_pbf_i%2Ccadun_qtd_pessoas_cadastradas_rfpc_acima_meio_sm_i%2Ccadun_taxa_atualizacao_cadastral_d%2Ccodigo_ibge%2Cmunicipio%2Cpbf_vlr_medio_benef_f%2Cqtd_familias_beneficiarias_bolsa_familia%2Cqtd_pessoas_beneficiarias_bolsa_familia_i%2Csigla_uf%2Ctipo_s%2Cvalor_repassado_bolsa_familia,2026-10-07T13:39:41.147042+00:00,Valor municipal publicado; sem imputação.,"Estatística administrativa municipal agregada; famílias e pessoas são unidades distintas. Não somar universos CadÚnico, Bolsa Família e BPC."
4127965,202505,Benefícios · pessoa idosa · BPC · Fonte Pagadora,145,benefícios,real,BPC · Fonte Pagadora-4127965,https://aplicacoes.mds.gov.br/sagi/servicos/misocial?q=%2A%3A%2A&fq=tipo_s%3Ames_mu&fq=codigo_ibge%3A%28412796+OR+411960+OR+411325+OR+410940%29&fq=anomes_s%3A%5B202303+TO+202608%5D&wt=json&rows=400&sort=anomes_s+asc&fl=anomes_s%2Cbpc_ben_i%2Cbpc_idoso_ben_i%2Cbpc_idoso_val_s%2Cbpc_pcd_ben_i%2Cbpc_pcd_val_s%2Cbpc_val_s%2Ccadsuas_data_extracao_s%2Ccadsuas_qtd_centro_convivencia_i%2Ccadsuas_qtd_centro_dia_similares_i%2Ccadsuas_qtd_centro_pop_i%2Ccadsuas_qtd_cras_i%2Ccadsuas_qtd_creas_i%2Ccadsuas_qtd_unidade_acolhimento_i%2Ccadun_qtd_familias_atualizadas_i%2Ccadun_qtd_familias_cadastradas_baixa_renda_i%2Ccadun_qtd_familias_cadastradas_i%2Ccadun_qtd_familias_cadastradas_pobreza_pbf_i%2Ccadun_qtd_familias_cadastradas_rfpc_acima_meio_sm_i%2Ccadun_qtd_pessoas_cadastradas_baixa_renda_i%2Ccadun_qtd_pessoas_cadastradas_i%2Ccadun_qtd_pessoas_cadastradas_pobreza_pbf_i%2Ccadun_qtd_pessoas_cadastradas_rfpc_acima_meio_sm_i%2Ccadun_taxa_atualizacao_cadastral_d%2Ccodigo_ibge%2Cmunicipio%2Cpbf_vlr_medio_benef_f%2Cqtd_familias_beneficiarias_bolsa_familia%2Cqtd_pessoas_beneficiarias_bolsa_familia_i%2Csigla_uf%2Ctipo_s%2Cvalor_repassado_bolsa_familia,2026-10-07T13:39:41.147042+00:00,Valor municipal publicado; sem imputação.,"Estatística administrativa municipal agregada; famílias e pessoas são unidades distintas. Não somar universos CadÚnico, Bolsa Família e BPC."
4127965,202505,Benefícios · pessoa com deficiência · BPC · Fonte Pagadora,227,benefícios,real,BPC · Fonte Pagadora-4127965,https://aplicacoes.mds.gov.br/sagi/servicos/misocial?q=%2A%3A%2A&fq=tipo_s%3Ames_mu&fq=codigo_ibge%3A%28412796+OR+411960+OR+411325+OR+410940%29&fq=anomes_s%3A%5B202303+TO+202608%5D&wt=json&rows=400&sort=anomes_s+asc&fl=anomes_s%2Cbpc_ben_i%2Cbpc_idoso_ben_i%2Cbpc_idoso_val_s%2Cbpc_pcd_ben_i%2Cbpc_pcd_val_s%2Cbpc_val_s%2Ccadsuas_data_extracao_s%2Ccadsuas_qtd_centro_convivencia_i%2Ccadsuas_qtd_centro_dia_similares_i%2Ccadsuas_qtd_centro_pop_i%2Ccadsuas_qtd_cras_i%2Ccadsuas_qtd_creas_i%2Ccadsuas_qtd_unidade_acolhimento_i%2Ccadun_qtd_familias_atualizadas_i%2Ccadun_qtd_familias_cadastradas_baixa_renda_i%2Ccadun_qtd_familias_cadastradas_i%2Ccadun_qtd_familias_cadastradas_pobreza_pbf_i%2Ccadun_qtd_familias_cadastradas_rfpc_acima_meio_sm_i%2Ccadun_qtd_pessoas_cadastradas_baixa_renda_i%2Ccadun_qtd_pessoas_cadastradas_i%2Ccadun_qtd_pessoas_cadastradas_pobreza_pbf_i%2Ccadun_qtd_pessoas_cadastradas_rfpc_acima_meio_sm_i%2Ccadun_taxa_atualizacao_cadastral_d%2Ccodigo_ibge%2Cmunicipio%2Cpbf_vlr_medio_benef_f%2Cqtd_familias_beneficiarias_bolsa_familia%2Cqtd_pessoas_beneficiarias_bolsa_familia_i%2Csigla_uf%2Ctipo_s%2Cvalor_repassado_bolsa_familia,2026-10-07T13:39:41.147042+00:00,Valor municipal publicado; sem imputação.,"Estatística administrativa municipal agregada; famílias e pessoas são unidades distintas. Não somar universos CadÚnico, Bolsa Família e BPC."
4127965,202505,Valor · pessoa idosa · BPC · Fonte Pagadora,221628.4,R$,real,BPC · Fonte Pagadora-4127965,https://aplicacoes.mds.gov.br/sagi/servicos/misocial?q=%2A%3A%2A&fq=tipo_s%3Ames_mu&fq=codigo_ibge%3A%28412796+OR+411960+OR+411325+OR+410940%29&fq=anomes_s%3A%5B202303+TO+202608%5D&wt=json&rows=400&sort=anomes_s+asc&fl=anomes_s%2Cbpc_ben_i%2Cbpc_idoso_ben_i%2Cbpc_idoso_val_s%2Cbpc_pcd_ben_i%2Cbpc_pcd_val_s%2Cbpc_val_s%2Ccadsuas_data_extracao_s%2Ccadsuas_qtd_centro_convivencia_i%2Ccadsuas_qtd_centro_dia_similares_i%2Ccadsuas_qtd_centro_pop_i%2Ccadsuas_qtd_cras_i%2Ccadsuas_qtd_creas_i%2Ccadsuas_qtd_unidade_acolhimento_i%2Ccadun_qtd_familias_atualizadas_i%2Ccadun_qtd_familias_cadastradas_baixa_renda_i%2Ccadun_qtd_familias_cadastradas_i%2Ccadun_qtd_familias_cadastradas_pobreza_pbf_i%2Ccadun_qtd_familias_cadastradas_rfpc_acima_meio_sm_i%2Ccadun_qtd_pessoas_cadastradas_baixa_renda_i%2Ccadun_qtd_pessoas_cadastradas_i%2Ccadun_qtd_pessoas_cadastradas_pobreza_pbf_i%2Ccadun_qtd_pessoas_cadastradas_rfpc_acima_meio_sm_i%2Ccadun_taxa_atualizacao_cadastral_d%2Ccodigo_ibge%2Cmunicipio%2Cpbf_vlr_medio_benef_f%2Cqtd_familias_beneficiarias_bolsa_familia%2Cqtd_pessoas_beneficiarias_bolsa_familia_i%2Csigla_uf%2Ctipo_s%2Cvalor_repassado_bolsa_familia,2026-10-07T13:39:41.147042+00:00,Valor municipal publicado; sem imputação.,"Estatística administrativa municipal agregada; famílias e pessoas são unidades distintas. Não somar universos CadÚnico, Bolsa Família e BPC."
4127965,202505,Valor · pessoa com deficiência · BPC · Fonte Pagadora,344590.29,R$,real,BPC · Fonte Pagadora-4127965,https://aplicacoes.mds.gov.br/sagi/servicos/misocial?q=%2A%3A%2A&fq=tipo_s%3Ames_mu&fq=codigo_ibge%3A%28412796+OR+411960+OR+411325+OR+410940%29&fq=anomes_s%3A%5B202303+TO+202608%5D&wt=json&rows=400&sort=anomes_s+asc&fl=anomes_s%2Cbpc_ben_i%2Cbpc_idoso_ben_i%2Cbpc_idoso_val_s%2Cbpc_pcd_ben_i%2Cbpc_pcd_val_s%2Cbpc_val_s%2Ccadsuas_data_extracao_s%2Ccadsuas_qtd_centro_convivencia_i%2Ccadsuas_qtd_centro_dia_similares_i%2Ccadsuas_qtd_centro_pop_i%2Ccadsuas_qtd_cras_i%2Ccadsuas_qtd_creas_i%2Ccadsuas_qtd_unidade_acolhimento_i%2Ccadun_qtd_familias_atualizadas_i%2Ccadun_qtd_familias_cadastradas_baixa_renda_i%2Ccadun_qtd_familias_cadastradas_i%2Ccadun_qtd_familias_cadastradas_pobreza_pbf_i%2Ccadun_qtd_familias_cadastradas_rfpc_acima_meio_sm_i%2Ccadun_qtd_pessoas_cadastradas_baixa_renda_i%2Ccadun_qtd_pessoas_cadastradas_i%2Ccadun_qtd_pessoas_cadastradas_pobreza_pbf_i%2Ccadun_qtd_pessoas_cadastradas_rfpc_acima_meio_sm_i%2Ccadun_taxa_atualizacao_cadastral_d%2Ccodigo_ibge%2Cmunicipio%2Cpbf_vlr_medio_benef_f%2Cqtd_familias_beneficiarias_bolsa_familia%2Cqtd_pessoas_beneficiarias_bolsa_familia_i%2Csigla_uf%2Ctipo_s%2Cvalor_repassado_bolsa_familia,2026-10-07T13:39:41.147042+00:00,Valor municipal publicado; sem imputação.,"Estatística administrativa municipal agregada; famílias e pessoas são unidades distintas. Não somar universos CadÚnico, Bolsa Família e BPC."
4127965,202505,Valor mensal transferido · BPC · Fonte Pagadora,566218.69,R$,real,BPC · Fonte Pagadora-4127965,https://aplicacoes.mds.gov.br/sagi/servicos/misocial?q=%2A%3A%2A&fq=tipo_s%3Ames_mu&fq=codigo_ibge%3A%28412796+OR+411960+OR+411325+OR+410940%29&fq=anomes_s%3A%5B202303+TO+202608%5D&wt=json&rows=400&sort=anomes_s+asc&fl=anomes_s%2Cbpc_ben_i%2Cbpc_idoso_ben_i%2Cbpc_idoso_val_s%2Cbpc_pcd_ben_i%2Cbpc_pcd_val_s%2Cbpc_val_s%2Ccadsuas_data_extracao_s%2Ccadsuas_qtd_centro_convivencia_i%2Ccadsuas_qtd_centro_dia_similares_i%2Ccadsuas_qtd_centro_pop_i%2Ccadsuas_qtd_cras_i%2Ccadsuas_qtd_creas_i%2Ccadsuas_qtd_unidade_acolhimento_i%2Ccadun_qtd_familias_atualizadas_i%2Ccadun_qtd_familias_cadastradas_baixa_renda_i%2Ccadun_qtd_familias_cadastradas_i%2Ccadun_qtd_familias_cadastradas_pobreza_pbf_i%2Ccadun_qtd_familias_cadastradas_rfpc_acima_meio_sm_i%2Ccadun_qtd_pessoas_cadastradas_baixa_renda_i%2Ccadun_qtd_pessoas_cadastradas_i%2Ccadun_qtd_pessoas_cadastradas_pobreza_pbf_i%2Ccadun_qtd_pessoas_cadastradas_rfpc_acima_meio_sm_i%2Ccadun_taxa_atualizacao_cadastral_d%2Ccodigo_ibge%2Cmunicipio%2Cpbf_vlr_medio_benef_f%2Cqtd_familias_beneficiarias_bolsa_familia%2Cqtd_pessoas_beneficiarias_bolsa_familia_i%2Csigla_uf%2Ctipo_s%2Cvalor_repassado_bolsa_familia,2026-10-07T13:39:41.147042+00:00,Valor municipal publicado; sem imputação.,"Estatística administrativa municipal agregada; famílias e pessoas são unidades distintas. Não somar universos CadÚnico, Bolsa Família e BPC."
4127965,202506,Total de benefícios · BPC · Fonte Pagadora,371,benefícios,real,BPC · Fonte Pagadora-4127965,https://aplicacoes.mds.gov.br/sagi/servicos/misocial?q=%2A%3A%2A&fq=tipo_s%3Ames_mu&fq=codigo_ibge%3A%28412796+OR+411960+OR+411325+OR+410940%29&fq=anomes_s%3A%5B202303+TO+202608%5D&wt=json&rows=400&sort=anomes_s+asc&fl=anomes_s%2Cbpc_ben_i%2Cbpc_idoso_ben_i%2Cbpc_idoso_val_s%2Cbpc_pcd_ben_i%2Cbpc_pcd_val_s%2Cbpc_val_s%2Ccadsuas_data_extracao_s%2Ccadsuas_qtd_centro_convivencia_i%2Ccadsuas_qtd_centro_dia_similares_i%2Ccadsuas_qtd_centro_pop_i%2Ccadsuas_qtd_cras_i%2Ccadsuas_qtd_creas_i%2Ccadsuas_qtd_unidade_acolhimento_i%2Ccadun_qtd_familias_atualizadas_i%2Ccadun_qtd_familias_cadastradas_baixa_renda_i%2Ccadun_qtd_familias_cadastradas_i%2Ccadun_qtd_familias_cadastradas_pobreza_pbf_i%2Ccadun_qtd_familias_cadastradas_rfpc_acima_meio_sm_i%2Ccadun_qtd_pessoas_cadastradas_baixa_renda_i%2Ccadun_qtd_pessoas_cadastradas_i%2Ccadun_qtd_pessoas_cadastradas_pobreza_pbf_i%2Ccadun_qtd_pessoas_cadastradas_rfpc_acima_meio_sm_i%2Ccadun_taxa_atualizacao_cadastral_d%2Ccodigo_ibge%2Cmunicipio%2Cpbf_vlr_medio_benef_f%2Cqtd_familias_beneficiarias_bolsa_familia%2Cqtd_pessoas_beneficiarias_bolsa_familia_i%2Csigla_uf%2Ctipo_s%2Cvalor_repassado_bolsa_familia,2026-10-07T13:39:41.147042+00:00,Valor municipal publicado; sem imputação.,"Estatística administrativa municipal agregada; famílias e pessoas são unidades distintas. Não somar universos CadÚnico, Bolsa Família e BPC."
4127965,202506,Benefícios · pessoa idosa · BPC · Fonte Pagadora,144,benefícios,real,BPC · Fonte Pagadora-4127965,https://aplicacoes.mds.gov.br/sagi/servicos/misocial?q=%2A%3A%2A&fq=tipo_s%3Ames_mu&fq=codigo_ibge%3A%28412796+OR+411960+OR+411325+OR+410940%29&fq=anomes_s%3A%5B202303+TO+202608%5D&wt=json&rows=400&sort=anomes_s+asc&fl=anomes_s%2Cbpc_ben_i%2Cbpc_idoso_ben_i%2Cbpc_idoso_val_s%2Cbpc_pcd_ben_i%2Cbpc_pcd_val_s%2Cbpc_val_s%2Ccadsuas_data_extracao_s%2Ccadsuas_qtd_centro_convivencia_i%2Ccadsuas_qtd_centro_dia_similares_i%2Ccadsuas_qtd_centro_pop_i%2Ccadsuas_qtd_cras_i%2Ccadsuas_qtd_creas_i%2Ccadsuas_qtd_unidade_acolhimento_i%2Ccadun_qtd_familias_atualizadas_i%2Ccadun_qtd_familias_cadastradas_baixa_renda_i%2Ccadun_qtd_familias_cadastradas_i%2Ccadun_qtd_familias_cadastradas_pobreza_pbf_i%2Ccadun_qtd_familias_cadastradas_rfpc_acima_meio_sm_i%2Ccadun_qtd_pessoas_cadastradas_baixa_renda_i%2Ccadun_qtd_pessoas_cadastradas_i%2Ccadun_qtd_pessoas_cadastradas_pobreza_pbf_i%2Ccadun_qtd_pessoas_cadastradas_rfpc_acima_meio_sm_i%2Ccadun_taxa_atualizacao_cadastral_d%2Ccodigo_ibge%2Cmunicipio%2Cpbf_vlr_medio_benef_f%2Cqtd_familias_beneficiarias_bolsa_familia%2Cqtd_pessoas_beneficiarias_bolsa_familia_i%2Csigla_uf%2Ctipo_s%2Cvalor_repassado_bolsa_familia,2026-10-07T13:39:41.147042+00:00,Valor municipal publicado; sem imputação.,"Estatística administrativa municipal agregada; famílias e pessoas são unidades distintas. Não somar universos CadÚnico, Bolsa Família e BPC."
4127965,202506,Benefícios · pessoa com deficiência · BPC · Fonte Pagadora,227,benefícios,real,BPC · Fonte Pagadora-4127965,https://aplicacoes.mds.gov.br/sagi/servicos/misocial?q=%2A%3A%2A&fq=tipo_s%3Ames_mu&fq=codigo_ibge%3A%28412796+OR+411960+OR+411325+OR+410940%29&fq=anomes_s%3A%5B202303+TO+202608%5D&wt=json&rows=400&sort=anomes_s+asc&fl=anomes_s%2Cbpc_ben_i%2Cbpc_idoso_ben_i%2Cbpc_idoso_val_s%2Cbpc_pcd_ben_i%2Cbpc_pcd_val_s%2Cbpc_val_s%2Ccadsuas_data_extracao_s%2Ccadsuas_qtd_centro_convivencia_i%2Ccadsuas_qtd_centro_dia_similares_i%2Ccadsuas_qtd_centro_pop_i%2Ccadsuas_qtd_cras_i%2Ccadsuas_qtd_creas_i%2Ccadsuas_qtd_unidade_acolhimento_i%2Ccadun_qtd_familias_atualizadas_i%2Ccadun_qtd_familias_cadastradas_baixa_renda_i%2Ccadun_qtd_familias_cadastradas_i%2Ccadun_qtd_familias_cadastradas_pobreza_pbf_i%2Ccadun_qtd_familias_cadastradas_rfpc_acima_meio_sm_i%2Ccadun_qtd_pessoas_cadastradas_baixa_renda_i%2Ccadun_qtd_pessoas_cadastradas_i%2Ccadun_qtd_pessoas_cadastradas_pobreza_pbf_i%2Ccadun_qtd_pessoas_cadastradas_rfpc_acima_meio_sm_i%2Ccadun_taxa_atualizacao_cadastral_d%2Ccodigo_ibge%2Cmunicipio%2Cpbf_vlr_medio_benef_f%2Cqtd_familias_beneficiarias_bolsa_familia%2Cqtd_pessoas_beneficiarias_bolsa_familia_i%2Csigla_uf%2Ctipo_s%2Cvalor_repassado_bolsa_familia,2026-10-07T13:39:41.147042+00:00,Valor municipal publicado; sem imputação.,"Estatística administrativa municipal agregada; famílias e pessoas são unidades distintas. Não somar universos CadÚnico, Bolsa Família e BPC."
4127965,202506,Valor · pessoa idosa · BPC · Fonte Pagadora,218972.82,R$,real,BPC · Fonte Pagadora-4127965,https://aplicacoes.mds.gov.br/sagi/servicos/misocial?q=%2A%3A%2A&fq=tipo_s%3Ames_mu&fq=codigo_ibge%3A%28412796+OR+411960+OR+411325+OR+410940%29&fq=anomes_s%3A%5B202303+TO+202608%5D&wt=json&rows=400&sort=anomes_s+asc&fl=anomes_s%2Cbpc_ben_i%2Cbpc_idoso_ben_i%2Cbpc_idoso_val_s%2Cbpc_pcd_ben_i%2Cbpc_pcd_val_s%2Cbpc_val_s%2Ccadsuas_data_extracao_s%2Ccadsuas_qtd_centro_convivencia_i%2Ccadsuas_qtd_centro_dia_similares_i%2Ccadsuas_qtd_centro_pop_i%2Ccadsuas_qtd_cras_i%2Ccadsuas_qtd_creas_i%2Ccadsuas_qtd_unidade_acolhimento_i%2Ccadun_qtd_familias_atualizadas_i%2Ccadun_qtd_familias_cadastradas_baixa_renda_i%2Ccadun_qtd_familias_cadastradas_i%2Ccadun_qtd_familias_cadastradas_pobreza_pbf_i%2Ccadun_qtd_familias_cadastradas_rfpc_acima_meio_sm_i%2Ccadun_qtd_pessoas_cadastradas_baixa_renda_i%2Ccadun_qtd_pessoas_cadastradas_i%2Ccadun_qtd_pessoas_cadastradas_pobreza_pbf_i%2Ccadun_qtd_pessoas_cadastradas_rfpc_acima_meio_sm_i%2Ccadun_taxa_atualizacao_cadastral_d%2Ccodigo_ibge%2Cmunicipio%2Cpbf_vlr_medio_benef_f%2Cqtd_familias_beneficiarias_bolsa_familia%2Cqtd_pessoas_beneficiarias_bolsa_familia_i%2Csigla_uf%2Ctipo_s%2Cvalor_repassado_bolsa_familia,2026-10-07T13:39:41.147042+00:00,Valor municipal publicado; sem imputação.,"Estatística administrativa municipal agregada; famílias e pessoas são unidades distintas. Não somar universos CadÚnico, Bolsa Família e BPC."
4127965,202506,Valor · pessoa com deficiência · BPC · Fonte Pagadora,344590.29,R$,real,BPC · Fonte Pagadora-4127965,https://aplicacoes.mds.gov.br/sagi/servicos/misocial?q=%2A%3A%2A&fq=tipo_s%3Ames_mu&fq=codigo_ibge%3A%28412796+OR+411960+OR+411325+OR+410940%29&fq=anomes_s%3A%5B202303+TO+202608%5D&wt=json&rows=400&sort=anomes_s+asc&fl=anomes_s%2Cbpc_ben_i%2Cbpc_idoso_ben_i%2Cbpc_idoso_val_s%2Cbpc_pcd_ben_i%2Cbpc_pcd_val_s%2Cbpc_val_s%2Ccadsuas_data_extracao_s%2Ccadsuas_qtd_centro_convivencia_i%2Ccadsuas_qtd_centro_dia_similares_i%2Ccadsuas_qtd_centro_pop_i%2Ccadsuas_qtd_cras_i%2Ccadsuas_qtd_creas_i%2Ccadsuas_qtd_unidade_acolhimento_i%2Ccadun_qtd_familias_atualizadas_i%2Ccadun_qtd_familias_cadastradas_baixa_renda_i%2Ccadun_qtd_familias_cadastradas_i%2Ccadun_qtd_familias_cadastradas_pobreza_pbf_i%2Ccadun_qtd_familias_cadastradas_rfpc_acima_meio_sm_i%2Ccadun_qtd_pessoas_cadastradas_baixa_renda_i%2Ccadun_qtd_pessoas_cadastradas_i%2Ccadun_qtd_pessoas_cadastradas_pobreza_pbf_i%2Ccadun_qtd_pessoas_cadastradas_rfpc_acima_meio_sm_i%2Ccadun_taxa_atualizacao_cadastral_d%2Ccodigo_ibge%2Cmunicipio%2Cpbf_vlr_medio_benef_f%2Cqtd_familias_beneficiarias_bolsa_familia%2Cqtd_pessoas_beneficiarias_bolsa_familia_i%2Csigla_uf%2Ctipo_s%2Cvalor_repassado_bolsa_familia,2026-10-07T13:39:41.147042+00:00,Valor municipal publicado; sem imputação.,"Estatística administrativa municipal agregada; famílias e pessoas são unidades distintas. Não somar universos CadÚnico, Bolsa Família e BPC."
4127965,202506,Valor mensal transferido · BPC · Fonte Pagadora,563563.11,R$,real,BPC · Fonte Pagadora-4127965,https://aplicacoes.mds.gov.br/sagi/servicos/misocial?q=%2A%3A%2A&fq=tipo_s%3Ames_mu&fq=codigo_ibge%3A%28412796+OR+411960+OR+411325+OR+410940%29&fq=anomes_s%3A%5B202303+TO+202608%5D&wt=json&rows=400&sort=anomes_s+asc&fl=anomes_s%2Cbpc_ben_i%2Cbpc_idoso_ben_i%2Cbpc_idoso_val_s%2Cbpc_pcd_ben_i%2Cbpc_pcd_val_s%2Cbpc_val_s%2Ccadsuas_data_extracao_s%2Ccadsuas_qtd_centro_convivencia_i%2Ccadsuas_qtd_centro_dia_similares_i%2Ccadsuas_qtd_centro_pop_i%2Ccadsuas_qtd_cras_i%2Ccadsuas_qtd_creas_i%2Ccadsuas_qtd_unidade_acolhimento_i%2Ccadun_qtd_familias_atualizadas_i%2Ccadun_qtd_familias_cadastradas_baixa_renda_i%2Ccadun_qtd_familias_cadastradas_i%2Ccadun_qtd_familias_cadastradas_pobreza_pbf_i%2Ccadun_qtd_familias_cadastradas_rfpc_acima_meio_sm_i%2Ccadun_qtd_pessoas_cadastradas_baixa_renda_i%2Ccadun_qtd_pessoas_cadastradas_i%2Ccadun_qtd_pessoas_cadastradas_pobreza_pbf_i%2Ccadun_qtd_pessoas_cadastradas_rfpc_acima_meio_sm_i%2Ccadun_taxa_atualizacao_cadastral_d%2Ccodigo_ibge%2Cmunicipio%2Cpbf_vlr_medio_benef_f%2Cqtd_familias_beneficiarias_bolsa_familia%2Cqtd_pessoas_beneficiarias_bolsa_familia_i%2Csigla_uf%2Ctipo_s%2Cvalor_repassado_bolsa_familia,2026-10-07T13:39:41.147042+00:00,Valor municipal publicado; sem imputação.,"Estatística administrativa municipal agregada; famílias e pessoas são unidades distintas. Não somar universos CadÚnico, Bolsa Família e BPC."
4127965,202507,Total de benefícios · BPC · Fonte Pagadora,369,benefícios,real,BPC · Fonte Pagadora-4127965,https://aplicacoes.mds.gov.br/sagi/servicos/misocial?q=%2A%3A%2A&fq=tipo_s%3Ames_mu&fq=codigo_ibge%3A%28412796+OR+411960+OR+411325+OR+410940%29&fq=anomes_s%3A%5B202303+TO+202608%5D&wt=json&rows=400&sort=anomes_s+asc&fl=anomes_s%2Cbpc_ben_i%2Cbpc_idoso_ben_i%2Cbpc_idoso_val_s%2Cbpc_pcd_ben_i%2Cbpc_pcd_val_s%2Cbpc_val_s%2Ccadsuas_data_extracao_s%2Ccadsuas_qtd_centro_convivencia_i%2Ccadsuas_qtd_centro_dia_similares_i%2Ccadsuas_qtd_centro_pop_i%2Ccadsuas_qtd_cras_i%2Ccadsuas_qtd_creas_i%2Ccadsuas_qtd_unidade_acolhimento_i%2Ccadun_qtd_familias_atualizadas_i%2Ccadun_qtd_familias_cadastradas_baixa_renda_i%2Ccadun_qtd_familias_cadastradas_i%2Ccadun_qtd_familias_cadastradas_pobreza_pbf_i%2Ccadun_qtd_familias_cadastradas_rfpc_acima_meio_sm_i%2Ccadun_qtd_pessoas_cadastradas_baixa_renda_i%2Ccadun_qtd_pessoas_cadastradas_i%2Ccadun_qtd_pessoas_cadastradas_pobreza_pbf_i%2Ccadun_qtd_pessoas_cadastradas_rfpc_acima_meio_sm_i%2Ccadun_taxa_atualizacao_cadastral_d%2Ccodigo_ibge%2Cmunicipio%2Cpbf_vlr_medio_benef_f%2Cqtd_familias_beneficiarias_bolsa_familia%2Cqtd_pessoas_beneficiarias_bolsa_familia_i%2Csigla_uf%2Ctipo_s%2Cvalor_repassado_bolsa_familia,2026-10-07T13:39:41.147042+00:00,Valor municipal publicado; sem imputação.,"Estatística administrativa municipal agregada; famílias e pessoas são unidades distintas. Não somar universos CadÚnico, Bolsa Família e BPC."
4127965,202507,Benefícios · pessoa idosa · BPC · Fonte Pagadora,144,benefícios,real,BPC · Fonte Pagadora-4127965,https://aplicacoes.mds.gov.br/sagi/servicos/misocial?q=%2A%3A%2A&fq=tipo_s%3Ames_mu&fq=codigo_ibge%3A%28412796+OR+411960+OR+411325+OR+410940%29&fq=anomes_s%3A%5B202303+TO+202608%5D&wt=json&rows=400&sort=anomes_s+asc&fl=anomes_s%2Cbpc_ben_i%2Cbpc_idoso_ben_i%2Cbpc_idoso_val_s%2Cbpc_pcd_ben_i%2Cbpc_pcd_val_s%2Cbpc_val_s%2Ccadsuas_data_extracao_s%2Ccadsuas_qtd_centro_convivencia_i%2Ccadsuas_qtd_centro_dia_similares_i%2Ccadsuas_qtd_centro_pop_i%2Ccadsuas_qtd_cras_i%2Ccadsuas_qtd_creas_i%2Ccadsuas_qtd_unidade_acolhimento_i%2Ccadun_qtd_familias_atualizadas_i%2Ccadun_qtd_familias_cadastradas_baixa_renda_i%2Ccadun_qtd_familias_cadastradas_i%2Ccadun_qtd_familias_cadastradas_pobreza_pbf_i%2Ccadun_qtd_familias_cadastradas_rfpc_acima_meio_sm_i%2Ccadun_qtd_pessoas_cadastradas_baixa_renda_i%2Ccadun_qtd_pessoas_cadastradas_i%2Ccadun_qtd_pessoas_cadastradas_pobreza_pbf_i%2Ccadun_qtd_pessoas_cadastradas_rfpc_acima_meio_sm_i%2Ccadun_taxa_atualizacao_cadastral_d%2Ccodigo_ibge%2Cmunicipio%2Cpbf_vlr_medio_benef_f%2Cqtd_familias_beneficiarias_bolsa_familia%2Cqtd_pessoas_beneficiarias_bolsa_familia_i%2Csigla_uf%2Ctipo_s%2Cvalor_repassado_bolsa_familia,2026-10-07T13:39:41.147042+00:00,Valor municipal publicado; sem imputação.,"Estatística administrativa municipal agregada; famílias e pessoas são unidades distintas. Não somar universos CadÚnico, Bolsa Família e BPC."
4127965,202507,Benefícios · pessoa com deficiência · BPC · Fonte Pagadora,225,benefícios,real,BPC · Fonte Pagadora-4127965,https://aplicacoes.mds.gov.br/sagi/servicos/misocial?q=%2A%3A%2A&fq=tipo_s%3Ames_mu&fq=codigo_ibge%3A%28412796+OR+411960+OR+411325+OR+410940%29&fq=anomes_s%3A%5B202303+TO+202608%5D&wt=json&rows=400&sort=anomes_s+asc&fl=anomes_s%2Cbpc_ben_i%2Cbpc_idoso_ben_i%2Cbpc_idoso_val_s%2Cbpc_pcd_ben_i%2Cbpc_pcd_val_s%2Cbpc_val_s%2Ccadsuas_data_extracao_s%2Ccadsuas_qtd_centro_convivencia_i%2Ccadsuas_qtd_centro_dia_similares_i%2Ccadsuas_qtd_centro_pop_i%2Ccadsuas_qtd_cras_i%2Ccadsuas_qtd_creas_i%2Ccadsuas_qtd_unidade_acolhimento_i%2Ccadun_qtd_familias_atualizadas_i%2Ccadun_qtd_familias_cadastradas_baixa_renda_i%2Ccadun_qtd_familias_cadastradas_i%2Ccadun_qtd_familias_cadastradas_pobreza_pbf_i%2Ccadun_qtd_familias_cadastradas_rfpc_acima_meio_sm_i%2Ccadun_qtd_pessoas_cadastradas_baixa_renda_i%2Ccadun_qtd_pessoas_cadastradas_i%2Ccadun_qtd_pessoas_cadastradas_pobreza_pbf_i%2Ccadun_qtd_pessoas_cadastradas_rfpc_acima_meio_sm_i%2Ccadun_taxa_atualizacao_cadastral_d%2Ccodigo_ibge%2Cmunicipio%2Cpbf_vlr_medio_benef_f%2Cqtd_familias_beneficiarias_bolsa_familia%2Cqtd_pessoas_beneficiarias_bolsa_familia_i%2Csigla_uf%2Ctipo_s%2Cvalor_repassado_bolsa_familia,2026-10-07T13:39:41.147042+00:00,Valor municipal publicado; sem imputação.,"Estatística administrativa municipal agregada; famílias e pessoas são unidades distintas. Não somar universos CadÚnico, Bolsa Família e BPC."
4127965,202507,Valor · pessoa idosa · BPC · Fonte Pagadora,218592.4,R$,real,BPC · Fonte Pagadora-4127965,https://aplicacoes.mds.gov.br/sagi/servicos/misocial?q=%2A%3A%2A&fq=tipo_s%3Ames_mu&fq=codigo_ibge%3A%28412796+OR+411960+OR+411325+OR+410940%29&fq=anomes_s%3A%5B202303+TO+202608%5D&wt=json&rows=400&sort=anomes_s+asc&fl=anomes_s%2Cbpc_ben_i%2Cbpc_idoso_ben_i%2Cbpc_idoso_val_s%2Cbpc_pcd_ben_i%2Cbpc_pcd_val_s%2Cbpc_val_s%2Ccadsuas_data_extracao_s%2Ccadsuas_qtd_centro_convivencia_i%2Ccadsuas_qtd_centro_dia_similares_i%2Ccadsuas_qtd_centro_pop_i%2Ccadsuas_qtd_cras_i%2Ccadsuas_qtd_creas_i%2Ccadsuas_qtd_unidade_acolhimento_i%2Ccadun_qtd_familias_atualizadas_i%2Ccadun_qtd_familias_cadastradas_baixa_renda_i%2Ccadun_qtd_familias_cadastradas_i%2Ccadun_qtd_familias_cadastradas_pobreza_pbf_i%2Ccadun_qtd_familias_cadastradas_rfpc_acima_meio_sm_i%2Ccadun_qtd_pessoas_cadastradas_baixa_renda_i%2Ccadun_qtd_pessoas_cadastradas_i%2Ccadun_qtd_pessoas_cadastradas_pobreza_pbf_i%2Ccadun_qtd_pessoas_cadastradas_rfpc_acima_meio_sm_i%2Ccadun_taxa_atualizacao_cadastral_d%2Ccodigo_ibge%2Cmunicipio%2Cpbf_vlr_medio_benef_f%2Cqtd_familias_beneficiarias_bolsa_familia%2Cqtd_pessoas_beneficiarias_bolsa_familia_i%2Csigla_uf%2Ctipo_s%2Cvalor_repassado_bolsa_familia,2026-10-07T13:39:41.147042+00:00,Valor municipal publicado; sem imputação.,"Estatística administrativa municipal agregada; famílias e pessoas são unidades distintas. Não somar universos CadÚnico, Bolsa Família e BPC."
4127965,202507,Valor · pessoa com deficiência · BPC · Fonte Pagadora,341554.29,R$,real,BPC · Fonte Pagadora-4127965,https://aplicacoes.mds.gov.br/sagi/servicos/misocial?q=%2A%3A%2A&fq=tipo_s%3Ames_mu&fq=codigo_ibge%3A%28412796+OR+411960+OR+411325+OR+410940%29&fq=anomes_s%3A%5B202303+TO+202608%5D&wt=json&rows=400&sort=anomes_s+asc&fl=anomes_s%2Cbpc_ben_i%2Cbpc_idoso_ben_i%2Cbpc_idoso_val_s%2Cbpc_pcd_ben_i%2Cbpc_pcd_val_s%2Cbpc_val_s%2Ccadsuas_data_extracao_s%2Ccadsuas_qtd_centro_convivencia_i%2Ccadsuas_qtd_centro_dia_similares_i%2Ccadsuas_qtd_centro_pop_i%2Ccadsuas_qtd_cras_i%2Ccadsuas_qtd_creas_i%2Ccadsuas_qtd_unidade_acolhimento_i%2Ccadun_qtd_familias_atualizadas_i%2Ccadun_qtd_familias_cadastradas_baixa_renda_i%2Ccadun_qtd_familias_cadastradas_i%2Ccadun_qtd_familias_cadastradas_pobreza_pbf_i%2Ccadun_qtd_familias_cadastradas_rfpc_acima_meio_sm_i%2Ccadun_qtd_pessoas_cadastradas_baixa_renda_i%2Ccadun_qtd_pessoas_cadastradas_i%2Ccadun_qtd_pessoas_cadastradas_pobreza_pbf_i%2Ccadun_qtd_pessoas_cadastradas_rfpc_acima_meio_sm_i%2Ccadun_taxa_atualizacao_cadastral_d%2Ccodigo_ibge%2Cmunicipio%2Cpbf_vlr_medio_benef_f%2Cqtd_familias_beneficiarias_bolsa_familia%2Cqtd_pessoas_beneficiarias_bolsa_familia_i%2Csigla_uf%2Ctipo_s%2Cvalor_repassado_bolsa_familia,2026-10-07T13:39:41.147042+00:00,Valor municipal publicado; sem imputação.,"Estatística administrativa municipal agregada; famílias e pessoas são unidades distintas. Não somar universos CadÚnico, Bolsa Família e BPC."
4127965,202507,Valor mensal transferido · BPC · Fonte Pagadora,560146.69,R$,real,BPC · Fonte Pagadora-4127965,https://aplicacoes.mds.gov.br/sagi/servicos/misocial?q=%2A%3A%2A&fq=tipo_s%3Ames_mu&fq=codigo_ibge%3A%28412796+OR+411960+OR+411325+OR+410940%29&fq=anomes_s%3A%5B202303+TO+202608%5D&wt=json&rows=400&sort=anomes_s+asc&fl=anomes_s%2Cbpc_ben_i%2Cbpc_idoso_ben_i%2Cbpc_idoso_val_s%2Cbpc_pcd_ben_i%2Cbpc_pcd_val_s%2Cbpc_val_s%2Ccadsuas_data_extracao_s%2Ccadsuas_qtd_centro_convivencia_i%2Ccadsuas_qtd_centro_dia_similares_i%2Ccadsuas_qtd_centro_pop_i%2Ccadsuas_qtd_cras_i%2Ccadsuas_qtd_creas_i%2Ccadsuas_qtd_unidade_acolhimento_i%2Ccadun_qtd_familias_atualizadas_i%2Ccadun_qtd_familias_cadastradas_baixa_renda_i%2Ccadun_qtd_familias_cadastradas_i%2Ccadun_qtd_familias_cadastradas_pobreza_pbf_i%2Ccadun_qtd_familias_cadastradas_rfpc_acima_meio_sm_i%2Ccadun_qtd_pessoas_cadastradas_baixa_renda_i%2Ccadun_qtd_pessoas_cadastradas_i%2Ccadun_qtd_pessoas_cadastradas_pobreza_pbf_i%2Ccadun_qtd_pessoas_cadastradas_rfpc_acima_meio_sm_i%2Ccadun_taxa_atualizacao_cadastral_d%2Ccodigo_ibge%2Cmunicipio%2Cpbf_vlr_medio_benef_f%2Cqtd_familias_beneficiarias_bolsa_familia%2Cqtd_pessoas_beneficiarias_bolsa_familia_i%2Csigla_uf%2Ctipo_s%2Cvalor_repassado_bolsa_familia,2026-10-07T13:39:41.147042+00:00,Valor municipal publicado; sem imputação.,"Estatística administrativa municipal agregada; famílias e pessoas são unidades distintas. Não somar universos CadÚnico, Bolsa Família e BPC."
4127965,202508,Total de benefícios · BPC · Fonte Pagadora,367,benefícios,real,BPC · Fonte Pagadora-4127965,https://aplicacoes.mds.gov.br/sagi/servicos/misocial?q=%2A%3A%2A&fq=tipo_s%3Ames_mu&fq=codigo_ibge%3A%28412796+OR+411960+OR+411325+OR+410940%29&fq=anomes_s%3A%5B202303+TO+202608%5D&wt=json&rows=400&sort=anomes_s+asc&fl=anomes_s%2Cbpc_ben_i%2Cbpc_idoso_ben_i%2Cbpc_idoso_val_s%2Cbpc_pcd_ben_i%2Cbpc_pcd_val_s%2Cbpc_val_s%2Ccadsuas_data_extracao_s%2Ccadsuas_qtd_centro_convivencia_i%2Ccadsuas_qtd_centro_dia_similares_i%2Ccadsuas_qtd_centro_pop_i%2Ccadsuas_qtd_cras_i%2Ccadsuas_qtd_creas_i%2Ccadsuas_qtd_unidade_acolhimento_i%2Ccadun_qtd_familias_atualizadas_i%2Ccadun_qtd_familias_cadastradas_baixa_renda_i%2Ccadun_qtd_familias_cadastradas_i%2Ccadun_qtd_familias_cadastradas_pobreza_pbf_i%2Ccadun_qtd_familias_cadastradas_rfpc_acima_meio_sm_i%2Ccadun_qtd_pessoas_cadastradas_baixa_renda_i%2Ccadun_qtd_pessoas_cadastradas_i%2Ccadun_qtd_pessoas_cadastradas_pobreza_pbf_i%2Ccadun_qtd_pessoas_cadastradas_rfpc_acima_meio_sm_i%2Ccadun_taxa_atualizacao_cadastral_d%2Ccodigo_ibge%2Cmunicipio%2Cpbf_vlr_medio_benef_f%2Cqtd_familias_beneficiarias_bolsa_familia%2Cqtd_pessoas_beneficiarias_bolsa_familia_i%2Csigla_uf%2Ctipo_s%2Cvalor_repassado_bolsa_familia,2026-10-07T13:39:41.147042+00:00,Valor municipal publicado; sem imputação.,"Estatística administrativa municipal agregada; famílias e pessoas são unidades distintas. Não somar universos CadÚnico, Bolsa Família e BPC."
4127965,202508,Benefícios · pessoa idosa · BPC · Fonte Pagadora,144,benefícios,real,BPC · Fonte Pagadora-4127965,https://aplicacoes.mds.gov.br/sagi/servicos/misocial?q=%2A%3A%2A&fq=tipo_s%3Ames_mu&fq=codigo_ibge%3A%28412796+OR+411960+OR+411325+OR+410940%29&fq=anomes_s%3A%5B202303+TO+202608%5D&wt=json&rows=400&sort=anomes_s+asc&fl=anomes_s%2Cbpc_ben_i%2Cbpc_idoso_ben_i%2Cbpc_idoso_val_s%2Cbpc_pcd_ben_i%2Cbpc_pcd_val_s%2Cbpc_val_s%2Ccadsuas_data_extracao_s%2Ccadsuas_qtd_centro_convivencia_i%2Ccadsuas_qtd_centro_dia_similares_i%2Ccadsuas_qtd_centro_pop_i%2Ccadsuas_qtd_cras_i%2Ccadsuas_qtd_creas_i%2Ccadsuas_qtd_unidade_acolhimento_i%2Ccadun_qtd_familias_atualizadas_i%2Ccadun_qtd_familias_cadastradas_baixa_renda_i%2Ccadun_qtd_familias_cadastradas_i%2Ccadun_qtd_familias_cadastradas_pobreza_pbf_i%2Ccadun_qtd_familias_cadastradas_rfpc_acima_meio_sm_i%2Ccadun_qtd_pessoas_cadastradas_baixa_renda_i%2Ccadun_qtd_pessoas_cadastradas_i%2Ccadun_qtd_pessoas_cadastradas_pobreza_pbf_i%2Ccadun_qtd_pessoas_cadastradas_rfpc_acima_meio_sm_i%2Ccadun_taxa_atualizacao_cadastral_d%2Ccodigo_ibge%2Cmunicipio%2Cpbf_vlr_medio_benef_f%2Cqtd_familias_beneficiarias_bolsa_familia%2Cqtd_pessoas_beneficiarias_bolsa_familia_i%2Csigla_uf%2Ctipo_s%2Cvalor_repassado_bolsa_familia,2026-10-07T13:39:41.147042+00:00,Valor municipal publicado; sem imputação.,"Estatística administrativa municipal agregada; famílias e pessoas são unidades distintas. Não somar universos CadÚnico, Bolsa Família e BPC."
4127965,202508,Benefícios · pessoa com deficiência · BPC · Fonte Pagadora,223,benefícios,real,BPC · Fonte Pagadora-4127965,https://aplicacoes.mds.gov.br/sagi/servicos/misocial?q=%2A%3A%2A&fq=tipo_s%3Ames_mu&fq=codigo_ibge%3A%28412796+OR+411960+OR+411325+OR+410940%29&fq=anomes_s%3A%5B202303+TO+202608%5D&wt=json&rows=400&sort=anomes_s+asc&fl=anomes_s%2Cbpc_ben_i%2Cbpc_idoso_ben_i%2Cbpc_idoso_val_s%2Cbpc_pcd_ben_i%2Cbpc_pcd_val_s%2Cbpc_val_s%2Ccadsuas_data_extracao_s%2Ccadsuas_qtd_centro_convivencia_i%2Ccadsuas_qtd_centro_dia_similares_i%2Ccadsuas_qtd_centro_pop_i%2Ccadsuas_qtd_cras_i%2Ccadsuas_qtd_creas_i%2Ccadsuas_qtd_unidade_acolhimento_i%2Ccadun_qtd_familias_atualizadas_i%2Ccadun_qtd_familias_cadastradas_baixa_renda_i%2Ccadun_qtd_familias_cadastradas_i%2Ccadun_qtd_familias_cadastradas_pobreza_pbf_i%2Ccadun_qtd_familias_cadastradas_rfpc_acima_meio_sm_i%2Ccadun_qtd_pessoas_cadastradas_baixa_renda_i%2Ccadun_qtd_pessoas_cadastradas_i%2Ccadun_qtd_pessoas_cadastradas_pobreza_pbf_i%2Ccadun_qtd_pessoas_cadastradas_rfpc_acima_meio_sm_i%2Ccadun_taxa_atualizacao_cadastral_d%2Ccodigo_ibge%2Cmunicipio%2Cpbf_vlr_medio_benef_f%2Cqtd_familias_beneficiarias_bolsa_familia%2Cqtd_pessoas_beneficiarias_bolsa_familia_i%2Csigla_uf%2Ctipo_s%2Cvalor_repassado_bolsa_familia,2026-10-07T13:39:41.147042+00:00,Valor municipal publicado; sem imputação.,"Estatística administrativa municipal agregada; famílias e pessoas são unidades distintas. Não somar universos CadÚnico, Bolsa Família e BPC."
4127965,202508,Valor · pessoa idosa · BPC · Fonte Pagadora,218592.4,R$,real,BPC · Fonte Pagadora-4127965,https://aplicacoes.mds.gov.br/sagi/servicos/misocial?q=%2A%3A%2A&fq=tipo_s%3Ames_mu&fq=codigo_ibge%3A%28412796+OR+411960+OR+411325+OR+410940%29&fq=anomes_s%3A%5B202303+TO+202608%5D&wt=json&rows=400&sort=anomes_s+asc&fl=anomes_s%2Cbpc_ben_i%2Cbpc_idoso_ben_i%2Cbpc_idoso_val_s%2Cbpc_pcd_ben_i%2Cbpc_pcd_val_s%2Cbpc_val_s%2Ccadsuas_data_extracao_s%2Ccadsuas_qtd_centro_convivencia_i%2Ccadsuas_qtd_centro_dia_similares_i%2Ccadsuas_qtd_centro_pop_i%2Ccadsuas_qtd_cras_i%2Ccadsuas_qtd_creas_i%2Ccadsuas_qtd_unidade_acolhimento_i%2Ccadun_qtd_familias_atualizadas_i%2Ccadun_qtd_familias_cadastradas_baixa_renda_i%2Ccadun_qtd_familias_cadastradas_i%2Ccadun_qtd_familias_cadastradas_pobreza_pbf_i%2Ccadun_qtd_familias_cadastradas_rfpc_acima_meio_sm_i%2Ccadun_qtd_pessoas_cadastradas_baixa_renda_i%2Ccadun_qtd_pessoas_cadastradas_i%2Ccadun_qtd_pessoas_cadastradas_pobreza_pbf_i%2Ccadun_qtd_pessoas_cadastradas_rfpc_acima_meio_sm_i%2Ccadun_taxa_atualizacao_cadastral_d%2Ccodigo_ibge%2Cmunicipio%2Cpbf_vlr_medio_benef_f%2Cqtd_familias_beneficiarias_bolsa_familia%2Cqtd_pessoas_beneficiarias_bolsa_familia_i%2Csigla_uf%2Ctipo_s%2Cvalor_repassado_bolsa_familia,2026-10-07T13:39:41.147042+00:00,Valor municipal publicado; sem imputação.,"Estatística administrativa municipal agregada; famílias e pessoas são unidades distintas. Não somar universos CadÚnico, Bolsa Família e BPC."
4127965,202508,Valor · pessoa com deficiência · BPC · Fonte Pagadora,338518.29,R$,real,BPC · Fonte Pagadora-4127965,https://aplicacoes.mds.gov.br/sagi/servicos/misocial?q=%2A%3A%2A&fq=tipo_s%3Ames_mu&fq=codigo_ibge%3A%28412796+OR+411960+OR+411325+OR+410940%29&fq=anomes_s%3A%5B202303+TO+202608%5D&wt=json&rows=400&sort=anomes_s+asc&fl=anomes_s%2Cbpc_ben_i%2Cbpc_idoso_ben_i%2Cbpc_idoso_val_s%2Cbpc_pcd_ben_i%2Cbpc_pcd_val_s%2Cbpc_val_s%2Ccadsuas_data_extracao_s%2Ccadsuas_qtd_centro_convivencia_i%2Ccadsuas_qtd_centro_dia_similares_i%2Ccadsuas_qtd_centro_pop_i%2Ccadsuas_qtd_cras_i%2Ccadsuas_qtd_creas_i%2Ccadsuas_qtd_unidade_acolhimento_i%2Ccadun_qtd_familias_atualizadas_i%2Ccadun_qtd_familias_cadastradas_baixa_renda_i%2Ccadun_qtd_familias_cadastradas_i%2Ccadun_qtd_familias_cadastradas_pobreza_pbf_i%2Ccadun_qtd_familias_cadastradas_rfpc_acima_meio_sm_i%2Ccadun_qtd_pessoas_cadastradas_baixa_renda_i%2Ccadun_qtd_pessoas_cadastradas_i%2Ccadun_qtd_pessoas_cadastradas_pobreza_pbf_i%2Ccadun_qtd_pessoas_cadastradas_rfpc_acima_meio_sm_i%2Ccadun_taxa_atualizacao_cadastral_d%2Ccodigo_ibge%2Cmunicipio%2Cpbf_vlr_medio_benef_f%2Cqtd_familias_beneficiarias_bolsa_familia%2Cqtd_pessoas_beneficiarias_bolsa_familia_i%2Csigla_uf%2Ctipo_s%2Cvalor_repassado_bolsa_familia,2026-10-07T13:39:41.147042+00:00,Valor municipal publicado; sem imputação.,"Estatística administrativa municipal agregada; famílias e pessoas são unidades distintas. Não somar universos CadÚnico, Bolsa Família e BPC."
4127965,202508,Valor mensal transferido · BPC · Fonte Pagadora,557110.69,R$,real,BPC · Fonte Pagadora-4127965,https://aplicacoes.mds.gov.br/sagi/servicos/misocial?q=%2A%3A%2A&fq=tipo_s%3Ames_mu&fq=codigo_ibge%3A%28412796+OR+411960+OR+411325+OR+410940%29&fq=anomes_s%3A%5B202303+TO+202608%5D&wt=json&rows=400&sort=anomes_s+asc&fl=anomes_s%2Cbpc_ben_i%2Cbpc_idoso_ben_i%2Cbpc_idoso_val_s%2Cbpc_pcd_ben_i%2Cbpc_pcd_val_s%2Cbpc_val_s%2Ccadsuas_data_extracao_s%2Ccadsuas_qtd_centro_convivencia_i%2Ccadsuas_qtd_centro_dia_similares_i%2Ccadsuas_qtd_centro_pop_i%2Ccadsuas_qtd_cras_i%2Ccadsuas_qtd_creas_i%2Ccadsuas_qtd_unidade_acolhimento_i%2Ccadun_qtd_familias_atualizadas_i%2Ccadun_qtd_familias_cadastradas_baixa_renda_i%2Ccadun_qtd_familias_cadastradas_i%2Ccadun_qtd_familias_cadastradas_pobreza_pbf_i%2Ccadun_qtd_familias_cadastradas_rfpc_acima_meio_sm_i%2Ccadun_qtd_pessoas_cadastradas_baixa_renda_i%2Ccadun_qtd_pessoas_cadastradas_i%2Ccadun_qtd_pessoas_cadastradas_pobreza_pbf_i%2Ccadun_qtd_pessoas_cadastradas_rfpc_acima_meio_sm_i%2Ccadun_taxa_atualizacao_cadastral_d%2Ccodigo_ibge%2Cmunicipio%2Cpbf_vlr_medio_benef_f%2Cqtd_familias_beneficiarias_bolsa_familia%2Cqtd_pessoas_beneficiarias_bolsa_familia_i%2Csigla_uf%2Ctipo_s%2Cvalor_repassado_bolsa_familia,2026-10-07T13:39:41.147042+00:00,Valor municipal publicado; sem imputação.,"Estatística administrativa municipal agregada; famílias e pessoas são unidades distintas. Não somar universos CadÚnico, Bolsa Família e BPC."
4127965,202509,Total de benefícios · BPC · Fonte Pagadora,364,benefícios,real,BPC · Fonte Pagadora-4127965,https://aplicacoes.mds.gov.br/sagi/servicos/misocial?q=%2A%3A%2A&fq=tipo_s%3Ames_mu&fq=codigo_ibge%3A%28412796+OR+411960+OR+411325+OR+410940%29&fq=anomes_s%3A%5B202303+TO+202608%5D&wt=json&rows=400&sort=anomes_s+asc&fl=anomes_s%2Cbpc_ben_i%2Cbpc_idoso_ben_i%2Cbpc_idoso_val_s%2Cbpc_pcd_ben_i%2Cbpc_pcd_val_s%2Cbpc_val_s%2Ccadsuas_data_extracao_s%2Ccadsuas_qtd_centro_convivencia_i%2Ccadsuas_qtd_centro_dia_similares_i%2Ccadsuas_qtd_centro_pop_i%2Ccadsuas_qtd_cras_i%2Ccadsuas_qtd_creas_i%2Ccadsuas_qtd_unidade_acolhimento_i%2Ccadun_qtd_familias_atualizadas_i%2Ccadun_qtd_familias_cadastradas_baixa_renda_i%2Ccadun_qtd_familias_cadastradas_i%2Ccadun_qtd_familias_cadastradas_pobreza_pbf_i%2Ccadun_qtd_familias_cadastradas_rfpc_acima_meio_sm_i%2Ccadun_qtd_pessoas_cadastradas_baixa_renda_i%2Ccadun_qtd_pessoas_cadastradas_i%2Ccadun_qtd_pessoas_cadastradas_pobreza_pbf_i%2Ccadun_qtd_pessoas_cadastradas_rfpc_acima_meio_sm_i%2Ccadun_taxa_atualizacao_cadastral_d%2Ccodigo_ibge%2Cmunicipio%2Cpbf_vlr_medio_benef_f%2Cqtd_familias_beneficiarias_bolsa_familia%2Cqtd_pessoas_beneficiarias_bolsa_familia_i%2Csigla_uf%2Ctipo_s%2Cvalor_repassado_bolsa_familia,2026-10-07T13:39:41.147042+00:00,Valor municipal publicado; sem imputação.,"Estatística administrativa municipal agregada; famílias e pessoas são unidades distintas. Não somar universos CadÚnico, Bolsa Família e BPC."
4127965,202509,Benefícios · pessoa idosa · BPC · Fonte Pagadora,144,benefícios,real,BPC · Fonte Pagadora-4127965,https://aplicacoes.mds.gov.br/sagi/servicos/misocial?q=%2A%3A%2A&fq=tipo_s%3Ames_mu&fq=codigo_ibge%3A%28412796+OR+411960+OR+411325+OR+410940%29&fq=anomes_s%3A%5B202303+TO+202608%5D&wt=json&rows=400&sort=anomes_s+asc&fl=anomes_s%2Cbpc_ben_i%2Cbpc_idoso_ben_i%2Cbpc_idoso_val_s%2Cbpc_pcd_ben_i%2Cbpc_pcd_val_s%2Cbpc_val_s%2Ccadsuas_data_extracao_s%2Ccadsuas_qtd_centro_convivencia_i%2Ccadsuas_qtd_centro_dia_similares_i%2Ccadsuas_qtd_centro_pop_i%2Ccadsuas_qtd_cras_i%2Ccadsuas_qtd_creas_i%2Ccadsuas_qtd_unidade_acolhimento_i%2Ccadun_qtd_familias_atualizadas_i%2Ccadun_qtd_familias_cadastradas_baixa_renda_i%2Ccadun_qtd_familias_cadastradas_i%2Ccadun_qtd_familias_cadastradas_pobreza_pbf_i%2Ccadun_qtd_familias_cadastradas_rfpc_acima_meio_sm_i%2Ccadun_qtd_pessoas_cadastradas_baixa_renda_i%2Ccadun_qtd_pessoas_cadastradas_i%2Ccadun_qtd_pessoas_cadastradas_pobreza_pbf_i%2Ccadun_qtd_pessoas_cadastradas_rfpc_acima_meio_sm_i%2Ccadun_taxa_atualizacao_cadastral_d%2Ccodigo_ibge%2Cmunicipio%2Cpbf_vlr_medio_benef_f%2Cqtd_familias_beneficiarias_bolsa_familia%2Cqtd_pessoas_beneficiarias_bolsa_familia_i%2Csigla_uf%2Ctipo_s%2Cvalor_repassado_bolsa_familia,2026-10-07T13:39:41.147042+00:00,Valor municipal publicado; sem imputação.,"Estatística administrativa municipal agregada; famílias e pessoas são unidades distintas. Não somar universos CadÚnico, Bolsa Família e BPC."
4127965,202509,Benefícios · pessoa com deficiência · BPC · Fonte Pagadora,220,benefícios,real,BPC · Fonte Pagadora-4127965,https://aplicacoes.mds.gov.br/sagi/servicos/misocial?q=%2A%3A%2A&fq=tipo_s%3Ames_mu&fq=codigo_ibge%3A%28412796+OR+411960+OR+411325+OR+410940%29&fq=anomes_s%3A%5B202303+TO+202608%5D&wt=json&rows=400&sort=anomes_s+asc&fl=anomes_s%2Cbpc_ben_i%2Cbpc_idoso_ben_i%2Cbpc_idoso_val_s%2Cbpc_pcd_ben_i%2Cbpc_pcd_val_s%2Cbpc_val_s%2Ccadsuas_data_extracao_s%2Ccadsuas_qtd_centro_convivencia_i%2Ccadsuas_qtd_centro_dia_similares_i%2Ccadsuas_qtd_centro_pop_i%2Ccadsuas_qtd_cras_i%2Ccadsuas_qtd_creas_i%2Ccadsuas_qtd_unidade_acolhimento_i%2Ccadun_qtd_familias_atualizadas_i%2Ccadun_qtd_familias_cadastradas_baixa_renda_i%2Ccadun_qtd_familias_cadastradas_i%2Ccadun_qtd_familias_cadastradas_pobreza_pbf_i%2Ccadun_qtd_familias_cadastradas_rfpc_acima_meio_sm_i%2Ccadun_qtd_pessoas_cadastradas_baixa_renda_i%2Ccadun_qtd_pessoas_cadastradas_i%2Ccadun_qtd_pessoas_cadastradas_pobreza_pbf_i%2Ccadun_qtd_pessoas_cadastradas_rfpc_acima_meio_sm_i%2Ccadun_taxa_atualizacao_cadastral_d%2Ccodigo_ibge%2Cmunicipio%2Cpbf_vlr_medio_benef_f%2Cqtd_familias_beneficiarias_bolsa_familia%2Cqtd_pessoas_beneficiarias_bolsa_familia_i%2Csigla_uf%2Ctipo_s%2Cvalor_repassado_bolsa_familia,2026-10-07T13:39:41.147042+00:00,Valor municipal publicado; sem imputação.,"Estatística administrativa municipal agregada; famílias e pessoas são unidades distintas. Não somar universos CadÚnico, Bolsa Família e BPC."
4127965,202509,Valor · pessoa idosa · BPC · Fonte Pagadora,218600.76,R$,real,BPC · Fonte Pagadora-4127965,https://aplicacoes.mds.gov.br/sagi/servicos/misocial?q=%2A%3A%2A&fq=tipo_s%3Ames_mu&fq=codigo_ibge%3A%28412796+OR+411960+OR+411325+OR+410940%29&fq=anomes_s%3A%5B202303+TO+202608%5D&wt=json&rows=400&sort=anomes_s+asc&fl=anomes_s%2Cbpc_ben_i%2Cbpc_idoso_ben_i%2Cbpc_idoso_val_s%2Cbpc_pcd_ben_i%2Cbpc_pcd_val_s%2Cbpc_val_s%2Ccadsuas_data_extracao_s%2Ccadsuas_qtd_centro_convivencia_i%2Ccadsuas_qtd_centro_dia_similares_i%2Ccadsuas_qtd_centro_pop_i%2Ccadsuas_qtd_cras_i%2Ccadsuas_qtd_creas_i%2Ccadsuas_qtd_unidade_acolhimento_i%2Ccadun_qtd_familias_atualizadas_i%2Ccadun_qtd_familias_cadastradas_baixa_renda_i%2Ccadun_qtd_familias_cadastradas_i%2Ccadun_qtd_familias_cadastradas_pobreza_pbf_i%2Ccadun_qtd_familias_cadastradas_rfpc_acima_meio_sm_i%2Ccadun_qtd_pessoas_cadastradas_baixa_renda_i%2Ccadun_qtd_pessoas_cadastradas_i%2Ccadun_qtd_pessoas_cadastradas_pobreza_pbf_i%2Ccadun_qtd_pessoas_cadastradas_rfpc_acima_meio_sm_i%2Ccadun_taxa_atualizacao_cadastral_d%2Ccodigo_ibge%2Cmunicipio%2Cpbf_vlr_medio_benef_f%2Cqtd_familias_beneficiarias_bolsa_familia%2Cqtd_pessoas_beneficiarias_bolsa_familia_i%2Csigla_uf%2Ctipo_s%2Cvalor_repassado_bolsa_familia,2026-10-07T13:39:41.147042+00:00,Valor municipal publicado; sem imputação.,"Estatística administrativa municipal agregada; famílias e pessoas são unidades distintas. Não somar universos CadÚnico, Bolsa Família e BPC."
4127965,202509,Valor · pessoa com deficiência · BPC · Fonte Pagadora,333974.89,R$,real,BPC · Fonte Pagadora-4127965,https://aplicacoes.mds.gov.br/sagi/servicos/misocial?q=%2A%3A%2A&fq=tipo_s%3Ames_mu&fq=codigo_ibge%3A%28412796+OR+411960+OR+411325+OR+410940%29&fq=anomes_s%3A%5B202303+TO+202608%5D&wt=json&rows=400&sort=anomes_s+asc&fl=anomes_s%2Cbpc_ben_i%2Cbpc_idoso_ben_i%2Cbpc_idoso_val_s%2Cbpc_pcd_ben_i%2Cbpc_pcd_val_s%2Cbpc_val_s%2Ccadsuas_data_extracao_s%2Ccadsuas_qtd_centro_convivencia_i%2Ccadsuas_qtd_centro_dia_similares_i%2Ccadsuas_qtd_centro_pop_i%2Ccadsuas_qtd_cras_i%2Ccadsuas_qtd_creas_i%2Ccadsuas_qtd_unidade_acolhimento_i%2Ccadun_qtd_familias_atualizadas_i%2Ccadun_qtd_familias_cadastradas_baixa_renda_i%2Ccadun_qtd_familias_cadastradas_i%2Ccadun_qtd_familias_cadastradas_pobreza_pbf_i%2Ccadun_qtd_familias_cadastradas_rfpc_acima_meio_sm_i%2Ccadun_qtd_pessoas_cadastradas_baixa_renda_i%2Ccadun_qtd_pessoas_cadastradas_i%2Ccadun_qtd_pessoas_cadastradas_pobreza_pbf_i%2Ccadun_qtd_pessoas_cadastradas_rfpc_acima_meio_sm_i%2Ccadun_taxa_atualizacao_cadastral_d%2Ccodigo_ibge%2Cmunicipio%2Cpbf_vlr_medio_benef_f%2Cqtd_familias_beneficiarias_bolsa_familia%2Cqtd_pessoas_beneficiarias_bolsa_familia_i%2Csigla_uf%2Ctipo_s%2Cvalor_repassado_bolsa_familia,2026-10-07T13:39:41.147042+00:00,Valor municipal publicado; sem imputação.,"Estatística administrativa municipal agregada; famílias e pessoas são unidades distintas. Não somar universos CadÚnico, Bolsa Família e BPC."
4127965,202509,Valor mensal transferido · BPC · Fonte Pagadora,552575.65,R$,real,BPC · Fonte Pagadora-4127965,https://aplicacoes.mds.gov.br/sagi/servicos/misocial?q=%2A%3A%2A&fq=tipo_s%3Ames_mu&fq=codigo_ibge%3A%28412796+OR+411960+OR+411325+OR+410940%29&fq=anomes_s%3A%5B202303+TO+202608%5D&wt=json&rows=400&sort=anomes_s+asc&fl=anomes_s%2Cbpc_ben_i%2Cbpc_idoso_ben_i%2Cbpc_idoso_val_s%2Cbpc_pcd_ben_i%2Cbpc_pcd_val_s%2Cbpc_val_s%2Ccadsuas_data_extracao_s%2Ccadsuas_qtd_centro_convivencia_i%2Ccadsuas_qtd_centro_dia_similares_i%2Ccadsuas_qtd_centro_pop_i%2Ccadsuas_qtd_cras_i%2Ccadsuas_qtd_creas_i%2Ccadsuas_qtd_unidade_acolhimento_i%2Ccadun_qtd_familias_atualizadas_i%2Ccadun_qtd_familias_cadastradas_baixa_renda_i%2Ccadun_qtd_familias_cadastradas_i%2Ccadun_qtd_familias_cadastradas_pobreza_pbf_i%2Ccadun_qtd_familias_cadastradas_rfpc_acima_meio_sm_i%2Ccadun_qtd_pessoas_cadastradas_baixa_renda_i%2Ccadun_qtd_pessoas_cadastradas_i%2Ccadun_qtd_pessoas_cadastradas_pobreza_pbf_i%2Ccadun_qtd_pessoas_cadastradas_rfpc_acima_meio_sm_i%2Ccadun_taxa_atualizacao_cadastral_d%2Ccodigo_ibge%2Cmunicipio%2Cpbf_vlr_medio_benef_f%2Cqtd_familias_beneficiarias_bolsa_familia%2Cqtd_pessoas_beneficiarias_bolsa_familia_i%2Csigla_uf%2Ctipo_s%2Cvalor_repassado_bolsa_familia,2026-10-07T13:39:41.147042+00:00,Valor municipal publicado; sem imputação.,"Estatística administrativa municipal agregada; famílias e pessoas são unidades distintas. Não somar universos CadÚnico, Bolsa Família e BPC."
4127965,202510,Total de benefícios · BPC · Fonte Pagadora,364,benefícios,real,BPC · Fonte Pagadora-4127965,https://aplicacoes.mds.gov.br/sagi/servicos/misocial?q=%2A%3A%2A&fq=tipo_s%3Ames_mu&fq=codigo_ibge%3A%28412796+OR+411960+OR+411325+OR+410940%29&fq=anomes_s%3A%5B202303+TO+202608%5D&wt=json&rows=400&sort=anomes_s+asc&fl=anomes_s%2Cbpc_ben_i%2Cbpc_idoso_ben_i%2Cbpc_idoso_val_s%2Cbpc_pcd_ben_i%2Cbpc_pcd_val_s%2Cbpc_val_s%2Ccadsuas_data_extracao_s%2Ccadsuas_qtd_centro_convivencia_i%2Ccadsuas_qtd_centro_dia_similares_i%2Ccadsuas_qtd_centro_pop_i%2Ccadsuas_qtd_cras_i%2Ccadsuas_qtd_creas_i%2Ccadsuas_qtd_unidade_acolhimento_i%2Ccadun_qtd_familias_atualizadas_i%2Ccadun_qtd_familias_cadastradas_baixa_renda_i%2Ccadun_qtd_familias_cadastradas_i%2Ccadun_qtd_familias_cadastradas_pobreza_pbf_i%2Ccadun_qtd_familias_cadastradas_rfpc_acima_meio_sm_i%2Ccadun_qtd_pessoas_cadastradas_baixa_renda_i%2Ccadun_qtd_pessoas_cadastradas_i%2Ccadun_qtd_pessoas_cadastradas_pobreza_pbf_i%2Ccadun_qtd_pessoas_cadastradas_rfpc_acima_meio_sm_i%2Ccadun_taxa_atualizacao_cadastral_d%2Ccodigo_ibge%2Cmunicipio%2Cpbf_vlr_medio_benef_f%2Cqtd_familias_beneficiarias_bolsa_familia%2Cqtd_pessoas_beneficiarias_bolsa_familia_i%2Csigla_uf%2Ctipo_s%2Cvalor_repassado_bolsa_familia,2026-10-07T13:39:41.147042+00:00,Valor municipal publicado; sem imputação.,"Estatística administrativa municipal agregada; famílias e pessoas são unidades distintas. Não somar universos CadÚnico, Bolsa Família e BPC."
4127965,202510,Benefícios · pessoa idosa · BPC · Fonte Pagadora,138,benefícios,real,BPC · Fonte Pagadora-4127965,https://aplicacoes.mds.gov.br/sagi/servicos/misocial?q=%2A%3A%2A&fq=tipo_s%3Ames_mu&fq=codigo_ibge%3A%28412796+OR+411960+OR+411325+OR+410940%29&fq=anomes_s%3A%5B202303+TO+202608%5D&wt=json&rows=400&sort=anomes_s+asc&fl=anomes_s%2Cbpc_ben_i%2Cbpc_idoso_ben_i%2Cbpc_idoso_val_s%2Cbpc_pcd_ben_i%2Cbpc_pcd_val_s%2Cbpc_val_s%2Ccadsuas_data_extracao_s%2Ccadsuas_qtd_centro_convivencia_i%2Ccadsuas_qtd_centro_dia_similares_i%2Ccadsuas_qtd_centro_pop_i%2Ccadsuas_qtd_cras_i%2Ccadsuas_qtd_creas_i%2Ccadsuas_qtd_unidade_acolhimento_i%2Ccadun_qtd_familias_atualizadas_i%2Ccadun_qtd_familias_cadastradas_baixa_renda_i%2Ccadun_qtd_familias_cadastradas_i%2Ccadun_qtd_familias_cadastradas_pobreza_pbf_i%2Ccadun_qtd_familias_cadastradas_rfpc_acima_meio_sm_i%2Ccadun_qtd_pessoas_cadastradas_baixa_renda_i%2Ccadun_qtd_pessoas_cadastradas_i%2Ccadun_qtd_pessoas_cadastradas_pobreza_pbf_i%2Ccadun_qtd_pessoas_cadastradas_rfpc_acima_meio_sm_i%2Ccadun_taxa_atualizacao_cadastral_d%2Ccodigo_ibge%2Cmunicipio%2Cpbf_vlr_medio_benef_f%2Cqtd_familias_beneficiarias_bolsa_familia%2Cqtd_pessoas_beneficiarias_bolsa_familia_i%2Csigla_uf%2Ctipo_s%2Cvalor_repassado_bolsa_familia,2026-10-07T13:39:41.147042+00:00,Valor municipal publicado; sem imputação.,"Estatística administrativa municipal agregada; famílias e pessoas são unidades distintas. Não somar universos CadÚnico, Bolsa Família e BPC."
4127965,202510,Benefícios · pessoa com deficiência · BPC · Fonte Pagadora,226,benefícios,real,BPC · Fonte Pagadora-4127965,https://aplicacoes.mds.gov.br/sagi/servicos/misocial?q=%2A%3A%2A&fq=tipo_s%3Ames_mu&fq=codigo_ibge%3A%28412796+OR+411960+OR+411325+OR+410940%29&fq=anomes_s%3A%5B202303+TO+202608%5D&wt=json&rows=400&sort=anomes_s+asc&fl=anomes_s%2Cbpc_ben_i%2Cbpc_idoso_ben_i%2Cbpc_idoso_val_s%2Cbpc_pcd_ben_i%2Cbpc_pcd_val_s%2Cbpc_val_s%2Ccadsuas_data_extracao_s%2Ccadsuas_qtd_centro_convivencia_i%2Ccadsuas_qtd_centro_dia_similares_i%2Ccadsuas_qtd_centro_pop_i%2Ccadsuas_qtd_cras_i%2Ccadsuas_qtd_creas_i%2Ccadsuas_qtd_unidade_acolhimento_i%2Ccadun_qtd_familias_atualizadas_i%2Ccadun_qtd_familias_cadastradas_baixa_renda_i%2Ccadun_qtd_familias_cadastradas_i%2Ccadun_qtd_familias_cadastradas_pobreza_pbf_i%2Ccadun_qtd_familias_cadastradas_rfpc_acima_meio_sm_i%2Ccadun_qtd_pessoas_cadastradas_baixa_renda_i%2Ccadun_qtd_pessoas_cadastradas_i%2Ccadun_qtd_pessoas_cadastradas_pobreza_pbf_i%2Ccadun_qtd_pessoas_cadastradas_rfpc_acima_meio_sm_i%2Ccadun_taxa_atualizacao_cadastral_d%2Ccodigo_ibge%2Cmunicipio%2Cpbf_vlr_medio_benef_f%2Cqtd_familias_beneficiarias_bolsa_familia%2Cqtd_pessoas_beneficiarias_bolsa_familia_i%2Csigla_uf%2Ctipo_s%2Cvalor_repassado_bolsa_familia,2026-10-07T13:39:41.147042+00:00,Valor municipal publicado; sem imputação.,"Estatística administrativa municipal agregada; famílias e pessoas são unidades distintas. Não somar universos CadÚnico, Bolsa Família e BPC."
4127965,202510,Valor · pessoa idosa · BPC · Fonte Pagadora,209486.15,R$,real,BPC · Fonte Pagadora-4127965,https://aplicacoes.mds.gov.br/sagi/servicos/misocial?q=%2A%3A%2A&fq=tipo_s%3Ames_mu&fq=codigo_ibge%3A%28412796+OR+411960+OR+411325+OR+410940%29&fq=anomes_s%3A%5B202303+TO+202608%5D&wt=json&rows=400&sort=anomes_s+asc&fl=anomes_s%2Cbpc_ben_i%2Cbpc_idoso_ben_i%2Cbpc_idoso_val_s%2Cbpc_pcd_ben_i%2Cbpc_pcd_val_s%2Cbpc_val_s%2Ccadsuas_data_extracao_s%2Ccadsuas_qtd_centro_convivencia_i%2Ccadsuas_qtd_centro_dia_similares_i%2Ccadsuas_qtd_centro_pop_i%2Ccadsuas_qtd_cras_i%2Ccadsuas_qtd_creas_i%2Ccadsuas_qtd_unidade_acolhimento_i%2Ccadun_qtd_familias_atualizadas_i%2Ccadun_qtd_familias_cadastradas_baixa_renda_i%2Ccadun_qtd_familias_cadastradas_i%2Ccadun_qtd_familias_cadastradas_pobreza_pbf_i%2Ccadun_qtd_familias_cadastradas_rfpc_acima_meio_sm_i%2Ccadun_qtd_pessoas_cadastradas_baixa_renda_i%2Ccadun_qtd_pessoas_cadastradas_i%2Ccadun_qtd_pessoas_cadastradas_pobreza_pbf_i%2Ccadun_qtd_pessoas_cadastradas_rfpc_acima_meio_sm_i%2Ccadun_taxa_atualizacao_cadastral_d%2Ccodigo_ibge%2Cmunicipio%2Cpbf_vlr_medio_benef_f%2Cqtd_familias_beneficiarias_bolsa_familia%2Cqtd_pessoas_beneficiarias_bolsa_familia_i%2Csigla_uf%2Ctipo_s%2Cvalor_repassado_bolsa_familia,2026-10-07T13:39:41.147042+00:00,Valor municipal publicado; sem imputação.,"Estatística administrativa municipal agregada; famílias e pessoas são unidades distintas. Não somar universos CadÚnico, Bolsa Família e BPC."
4127965,202510,Valor · pessoa com deficiência · BPC · Fonte Pagadora,343077.6,R$,real,BPC · Fonte Pagadora-4127965,https://aplicacoes.mds.gov.br/sagi/servicos/misocial?q=%2A%3A%2A&fq=tipo_s%3Ames_mu&fq=codigo_ibge%3A%28412796+OR+411960+OR+411325+OR+410940%29&fq=anomes_s%3A%5B202303+TO+202608%5D&wt=json&rows=400&sort=anomes_s+asc&fl=anomes_s%2Cbpc_ben_i%2Cbpc_idoso_ben_i%2Cbpc_idoso_val_s%2Cbpc_pcd_ben_i%2Cbpc_pcd_val_s%2Cbpc_val_s%2Ccadsuas_data_extracao_s%2Ccadsuas_qtd_centro_convivencia_i%2Ccadsuas_qtd_centro_dia_similares_i%2Ccadsuas_qtd_centro_pop_i%2Ccadsuas_qtd_cras_i%2Ccadsuas_qtd_creas_i%2Ccadsuas_qtd_unidade_acolhimento_i%2Ccadun_qtd_familias_atualizadas_i%2Ccadun_qtd_familias_cadastradas_baixa_renda_i%2Ccadun_qtd_familias_cadastradas_i%2Ccadun_qtd_familias_cadastradas_pobreza_pbf_i%2Ccadun_qtd_familias_cadastradas_rfpc_acima_meio_sm_i%2Ccadun_qtd_pessoas_cadastradas_baixa_renda_i%2Ccadun_qtd_pessoas_cadastradas_i%2Ccadun_qtd_pessoas_cadastradas_pobreza_pbf_i%2Ccadun_qtd_pessoas_cadastradas_rfpc_acima_meio_sm_i%2Ccadun_taxa_atualizacao_cadastral_d%2Ccodigo_ibge%2Cmunicipio%2Cpbf_vlr_medio_benef_f%2Cqtd_familias_beneficiarias_bolsa_familia%2Cqtd_pessoas_beneficiarias_bolsa_familia_i%2Csigla_uf%2Ctipo_s%2Cvalor_repassado_bolsa_familia,2026-10-07T13:39:41.147042+00:00,Valor municipal publicado; sem imputação.,"Estatística administrativa municipal agregada; famílias e pessoas são unidades distintas. Não somar universos CadÚnico, Bolsa Família e BPC."
4127965,202510,Valor mensal transferido · BPC · Fonte Pagadora,552563.75,R$,real,BPC · Fonte Pagadora-4127965,https://aplicacoes.mds.gov.br/sagi/servicos/misocial?q=%2A%3A%2A&fq=tipo_s%3Ames_mu&fq=codigo_ibge%3A%28412796+OR+411960+OR+411325+OR+410940%29&fq=anomes_s%3A%5B202303+TO+202608%5D&wt=json&rows=400&sort=anomes_s+asc&fl=anomes_s%2Cbpc_ben_i%2Cbpc_idoso_ben_i%2Cbpc_idoso_val_s%2Cbpc_pcd_ben_i%2Cbpc_pcd_val_s%2Cbpc_val_s%2Ccadsuas_data_extracao_s%2Ccadsuas_qtd_centro_convivencia_i%2Ccadsuas_qtd_centro_dia_similares_i%2Ccadsuas_qtd_centro_pop_i%2Ccadsuas_qtd_cras_i%2Ccadsuas_qtd_creas_i%2Ccadsuas_qtd_unidade_acolhimento_i%2Ccadun_qtd_familias_atualizadas_i%2Ccadun_qtd_familias_cadastradas_baixa_renda_i%2Ccadun_qtd_familias_cadastradas_i%2Ccadun_qtd_familias_cadastradas_pobreza_pbf_i%2Ccadun_qtd_familias_cadastradas_rfpc_acima_meio_sm_i%2Ccadun_qtd_pessoas_cadastradas_baixa_renda_i%2Ccadun_qtd_pessoas_cadastradas_i%2Ccadun_qtd_pessoas_cadastradas_pobreza_pbf_i%2Ccadun_qtd_pessoas_cadastradas_rfpc_acima_meio_sm_i%2Ccadun_taxa_atualizacao_cadastral_d%2Ccodigo_ibge%2Cmunicipio%2Cpbf_vlr_medio_benef_f%2Cqtd_familias_beneficiarias_bolsa_familia%2Cqtd_pessoas_beneficiarias_bolsa_familia_i%2Csigla_uf%2Ctipo_s%2Cvalor_repassado_bolsa_familia,2026-10-07T13:39:41.147042+00:00,Valor municipal publicado; sem imputação.,"Estatística administrativa municipal agregada; famílias e pessoas são unidades distintas. Não somar universos CadÚnico, Bolsa Família e BPC."
4127965,202511,Total de benefícios · BPC · Fonte Pagadora,364,benefícios,real,BPC · Fonte Pagadora-4127965,https://aplicacoes.mds.gov.br/sagi/servicos/misocial?q=%2A%3A%2A&fq=tipo_s%3Ames_mu&fq=codigo_ibge%3A%28412796+OR+411960+OR+411325+OR+410940%29&fq=anomes_s%3A%5B202303+TO+202608%5D&wt=json&rows=400&sort=anomes_s+asc&fl=anomes_s%2Cbpc_ben_i%2Cbpc_idoso_ben_i%2Cbpc_idoso_val_s%2Cbpc_pcd_ben_i%2Cbpc_pcd_val_s%2Cbpc_val_s%2Ccadsuas_data_extracao_s%2Ccadsuas_qtd_centro_convivencia_i%2Ccadsuas_qtd_centro_dia_similares_i%2Ccadsuas_qtd_centro_pop_i%2Ccadsuas_qtd_cras_i%2Ccadsuas_qtd_creas_i%2Ccadsuas_qtd_unidade_acolhimento_i%2Ccadun_qtd_familias_atualizadas_i%2Ccadun_qtd_familias_cadastradas_baixa_renda_i%2Ccadun_qtd_familias_cadastradas_i%2Ccadun_qtd_familias_cadastradas_pobreza_pbf_i%2Ccadun_qtd_familias_cadastradas_rfpc_acima_meio_sm_i%2Ccadun_qtd_pessoas_cadastradas_baixa_renda_i%2Ccadun_qtd_pessoas_cadastradas_i%2Ccadun_qtd_pessoas_cadastradas_pobreza_pbf_i%2Ccadun_qtd_pessoas_cadastradas_rfpc_acima_meio_sm_i%2Ccadun_taxa_atualizacao_cadastral_d%2Ccodigo_ibge%2Cmunicipio%2Cpbf_vlr_medio_benef_f%2Cqtd_familias_beneficiarias_bolsa_familia%2Cqtd_pessoas_beneficiarias_bolsa_familia_i%2Csigla_uf%2Ctipo_s%2Cvalor_repassado_bolsa_familia,2026-10-07T13:39:41.147042+00:00,Valor municipal publicado; sem imputação.,"Estatística administrativa municipal agregada; famílias e pessoas são unidades distintas. Não somar universos CadÚnico, Bolsa Família e BPC."
4127965,202511,Benefícios · pessoa idosa · BPC · Fonte Pagadora,137,benefícios,real,BPC · Fonte Pagadora-4127965,https://aplicacoes.mds.gov.br/sagi/servicos/misocial?q=%2A%3A%2A&fq=tipo_s%3Ames_mu&fq=codigo_ibge%3A%28412796+OR+411960+OR+411325+OR+410940%29&fq=anomes_s%3A%5B202303+TO+202608%5D&wt=json&rows=400&sort=anomes_s+asc&fl=anomes_s%2Cbpc_ben_i%2Cbpc_idoso_ben_i%2Cbpc_idoso_val_s%2Cbpc_pcd_ben_i%2Cbpc_pcd_val_s%2Cbpc_val_s%2Ccadsuas_data_extracao_s%2Ccadsuas_qtd_centro_convivencia_i%2Ccadsuas_qtd_centro_dia_similares_i%2Ccadsuas_qtd_centro_pop_i%2Ccadsuas_qtd_cras_i%2Ccadsuas_qtd_creas_i%2Ccadsuas_qtd_unidade_acolhimento_i%2Ccadun_qtd_familias_atualizadas_i%2Ccadun_qtd_familias_cadastradas_baixa_renda_i%2Ccadun_qtd_familias_cadastradas_i%2Ccadun_qtd_familias_cadastradas_pobreza_pbf_i%2Ccadun_qtd_familias_cadastradas_rfpc_acima_meio_sm_i%2Ccadun_qtd_pessoas_cadastradas_baixa_renda_i%2Ccadun_qtd_pessoas_cadastradas_i%2Ccadun_qtd_pessoas_cadastradas_pobreza_pbf_i%2Ccadun_qtd_pessoas_cadastradas_rfpc_acima_meio_sm_i%2Ccadun_taxa_atualizacao_cadastral_d%2Ccodigo_ibge%2Cmunicipio%2Cpbf_vlr_medio_benef_f%2Cqtd_familias_beneficiarias_bolsa_familia%2Cqtd_pessoas_beneficiarias_bolsa_familia_i%2Csigla_uf%2Ctipo_s%2Cvalor_repassado_bolsa_familia,2026-10-07T13:39:41.147042+00:00,Valor municipal publicado; sem imputação.,"Estatística administrativa municipal agregada; famílias e pessoas são unidades distintas. Não somar universos CadÚnico, Bolsa Família e BPC."
4127965,202511,Benefícios · pessoa com deficiência · BPC · Fonte Pagadora,227,benefícios,real,BPC · Fonte Pagadora-4127965,https://aplicacoes.mds.gov.br/sagi/servicos/misocial?q=%2A%3A%2A&fq=tipo_s%3Ames_mu&fq=codigo_ibge%3A%28412796+OR+411960+OR+411325+OR+410940%29&fq=anomes_s%3A%5B202303+TO+202608%5D&wt=json&rows=400&sort=anomes_s+asc&fl=anomes_s%2Cbpc_ben_i%2Cbpc_idoso_ben_i%2Cbpc_idoso_val_s%2Cbpc_pcd_ben_i%2Cbpc_pcd_val_s%2Cbpc_val_s%2Ccadsuas_data_extracao_s%2Ccadsuas_qtd_centro_convivencia_i%2Ccadsuas_qtd_centro_dia_similares_i%2Ccadsuas_qtd_centro_pop_i%2Ccadsuas_qtd_cras_i%2Ccadsuas_qtd_creas_i%2Ccadsuas_qtd_unidade_acolhimento_i%2Ccadun_qtd_familias_atualizadas_i%2Ccadun_qtd_familias_cadastradas_baixa_renda_i%2Ccadun_qtd_familias_cadastradas_i%2Ccadun_qtd_familias_cadastradas_pobreza_pbf_i%2Ccadun_qtd_familias_cadastradas_rfpc_acima_meio_sm_i%2Ccadun_qtd_pessoas_cadastradas_baixa_renda_i%2Ccadun_qtd_pessoas_cadastradas_i%2Ccadun_qtd_pessoas_cadastradas_pobreza_pbf_i%2Ccadun_qtd_pessoas_cadastradas_rfpc_acima_meio_sm_i%2Ccadun_taxa_atualizacao_cadastral_d%2Ccodigo_ibge%2Cmunicipio%2Cpbf_vlr_medio_benef_f%2Cqtd_familias_beneficiarias_bolsa_familia%2Cqtd_pessoas_beneficiarias_bolsa_familia_i%2Csigla_uf%2Ctipo_s%2Cvalor_repassado_bolsa_familia,2026-10-07T13:39:41.147042+00:00,Valor municipal publicado; sem imputação.,"Estatística administrativa municipal agregada; famílias e pessoas são unidades distintas. Não somar universos CadÚnico, Bolsa Família e BPC."
4127965,202511,Valor · pessoa idosa · BPC · Fonte Pagadora,207970.35,R$,real,BPC · Fonte Pagadora-4127965,https://aplicacoes.mds.gov.br/sagi/servicos/misocial?q=%2A%3A%2A&fq=tipo_s%3Ames_mu&fq=codigo_ibge%3A%28412796+OR+411960+OR+411325+OR+410940%29&fq=anomes_s%3A%5B202303+TO+202608%5D&wt=json&rows=400&sort=anomes_s+asc&fl=anomes_s%2Cbpc_ben_i%2Cbpc_idoso_ben_i%2Cbpc_idoso_val_s%2Cbpc_pcd_ben_i%2Cbpc_pcd_val_s%2Cbpc_val_s%2Ccadsuas_data_extracao_s%2Ccadsuas_qtd_centro_convivencia_i%2Ccadsuas_qtd_centro_dia_similares_i%2Ccadsuas_qtd_centro_pop_i%2Ccadsuas_qtd_cras_i%2Ccadsuas_qtd_creas_i%2Ccadsuas_qtd_unidade_acolhimento_i%2Ccadun_qtd_familias_atualizadas_i%2Ccadun_qtd_familias_cadastradas_baixa_renda_i%2Ccadun_qtd_familias_cadastradas_i%2Ccadun_qtd_familias_cadastradas_pobreza_pbf_i%2Ccadun_qtd_familias_cadastradas_rfpc_acima_meio_sm_i%2Ccadun_qtd_pessoas_cadastradas_baixa_renda_i%2Ccadun_qtd_pessoas_cadastradas_i%2Ccadun_qtd_pessoas_cadastradas_pobreza_pbf_i%2Ccadun_qtd_pessoas_cadastradas_rfpc_acima_meio_sm_i%2Ccadun_taxa_atualizacao_cadastral_d%2Ccodigo_ibge%2Cmunicipio%2Cpbf_vlr_medio_benef_f%2Cqtd_familias_beneficiarias_bolsa_familia%2Cqtd_pessoas_beneficiarias_bolsa_familia_i%2Csigla_uf%2Ctipo_s%2Cvalor_repassado_bolsa_familia,2026-10-07T13:39:41.147042+00:00,Valor municipal publicado; sem imputação.,"Estatística administrativa municipal agregada; famílias e pessoas são unidades distintas. Não somar universos CadÚnico, Bolsa Família e BPC."
4127965,202511,Valor · pessoa com deficiência · BPC · Fonte Pagadora,344597.96,R$,real,BPC · Fonte Pagadora-4127965,https://aplicacoes.mds.gov.br/sagi/servicos/misocial?q=%2A%3A%2A&fq=tipo_s%3Ames_mu&fq=codigo_ibge%3A%28412796+OR+411960+OR+411325+OR+410940%29&fq=anomes_s%3A%5B202303+TO+202608%5D&wt=json&rows=400&sort=anomes_s+asc&fl=anomes_s%2Cbpc_ben_i%2Cbpc_idoso_ben_i%2Cbpc_idoso_val_s%2Cbpc_pcd_ben_i%2Cbpc_pcd_val_s%2Cbpc_val_s%2Ccadsuas_data_extracao_s%2Ccadsuas_qtd_centro_convivencia_i%2Ccadsuas_qtd_centro_dia_similares_i%2Ccadsuas_qtd_centro_pop_i%2Ccadsuas_qtd_cras_i%2Ccadsuas_qtd_creas_i%2Ccadsuas_qtd_unidade_acolhimento_i%2Ccadun_qtd_familias_atualizadas_i%2Ccadun_qtd_familias_cadastradas_baixa_renda_i%2Ccadun_qtd_familias_cadastradas_i%2Ccadun_qtd_familias_cadastradas_pobreza_pbf_i%2Ccadun_qtd_familias_cadastradas_rfpc_acima_meio_sm_i%2Ccadun_qtd_pessoas_cadastradas_baixa_renda_i%2Ccadun_qtd_pessoas_cadastradas_i%2Ccadun_qtd_pessoas_cadastradas_pobreza_pbf_i%2Ccadun_qtd_pessoas_cadastradas_rfpc_acima_meio_sm_i%2Ccadun_taxa_atualizacao_cadastral_d%2Ccodigo_ibge%2Cmunicipio%2Cpbf_vlr_medio_benef_f%2Cqtd_familias_beneficiarias_bolsa_familia%2Cqtd_pessoas_beneficiarias_bolsa_familia_i%2Csigla_uf%2Ctipo_s%2Cvalor_repassado_bolsa_familia,2026-10-07T13:39:41.147042+00:00,Valor municipal publicado; sem imputação.,"Estatística administrativa municipal agregada; famílias e pessoas são unidades distintas. Não somar universos CadÚnico, Bolsa Família e BPC."
4127965,202511,Valor mensal transferido · BPC · Fonte Pagadora,552568.31,R$,real,BPC · Fonte Pagadora-4127965,https://aplicacoes.mds.gov.br/sagi/servicos/misocial?q=%2A%3A%2A&fq=tipo_s%3Ames_mu&fq=codigo_ibge%3A%28412796+OR+411960+OR+411325+OR+410940%29&fq=anomes_s%3A%5B202303+TO+202608%5D&wt=json&rows=400&sort=anomes_s+asc&fl=anomes_s%2Cbpc_ben_i%2Cbpc_idoso_ben_i%2Cbpc_idoso_val_s%2Cbpc_pcd_ben_i%2Cbpc_pcd_val_s%2Cbpc_val_s%2Ccadsuas_data_extracao_s%2Ccadsuas_qtd_centro_convivencia_i%2Ccadsuas_qtd_centro_dia_similares_i%2Ccadsuas_qtd_centro_pop_i%2Ccadsuas_qtd_cras_i%2Ccadsuas_qtd_creas_i%2Ccadsuas_qtd_unidade_acolhimento_i%2Ccadun_qtd_familias_atualizadas_i%2Ccadun_qtd_familias_cadastradas_baixa_renda_i%2Ccadun_qtd_familias_cadastradas_i%2Ccadun_qtd_familias_cadastradas_pobreza_pbf_i%2Ccadun_qtd_familias_cadastradas_rfpc_acima_meio_sm_i%2Ccadun_qtd_pessoas_cadastradas_baixa_renda_i%2Ccadun_qtd_pessoas_cadastradas_i%2Ccadun_qtd_pessoas_cadastradas_pobreza_pbf_i%2Ccadun_qtd_pessoas_cadastradas_rfpc_acima_meio_sm_i%2Ccadun_taxa_atualizacao_cadastral_d%2Ccodigo_ibge%2Cmunicipio%2Cpbf_vlr_medio_benef_f%2Cqtd_familias_beneficiarias_bolsa_familia%2Cqtd_pessoas_beneficiarias_bolsa_familia_i%2Csigla_uf%2Ctipo_s%2Cvalor_repassado_bolsa_familia,2026-10-07T13:39:41.147042+00:00,Valor municipal publicado; sem imputação.,"Estatística administrativa municipal agregada; famílias e pessoas são unidades distintas. Não somar universos CadÚnico, Bolsa Família e BPC."
4127965,202512,Total de benefícios · BPC · Fonte Pagadora,360,benefícios,real,BPC · Fonte Pagadora-4127965,https://aplicacoes.mds.gov.br/sagi/servicos/misocial?q=%2A%3A%2A&fq=tipo_s%3Ames_mu&fq=codigo_ibge%3A%28412796+OR+411960+OR+411325+OR+410940%29&fq=anomes_s%3A%5B202303+TO+202608%5D&wt=json&rows=400&sort=anomes_s+asc&fl=anomes_s%2Cbpc_ben_i%2Cbpc_idoso_ben_i%2Cbpc_idoso_val_s%2Cbpc_pcd_ben_i%2Cbpc_pcd_val_s%2Cbpc_val_s%2Ccadsuas_data_extracao_s%2Ccadsuas_qtd_centro_convivencia_i%2Ccadsuas_qtd_centro_dia_similares_i%2Ccadsuas_qtd_centro_pop_i%2Ccadsuas_qtd_cras_i%2Ccadsuas_qtd_creas_i%2Ccadsuas_qtd_unidade_acolhimento_i%2Ccadun_qtd_familias_atualizadas_i%2Ccadun_qtd_familias_cadastradas_baixa_renda_i%2Ccadun_qtd_familias_cadastradas_i%2Ccadun_qtd_familias_cadastradas_pobreza_pbf_i%2Ccadun_qtd_familias_cadastradas_rfpc_acima_meio_sm_i%2Ccadun_qtd_pessoas_cadastradas_baixa_renda_i%2Ccadun_qtd_pessoas_cadastradas_i%2Ccadun_qtd_pessoas_cadastradas_pobreza_pbf_i%2Ccadun_qtd_pessoas_cadastradas_rfpc_acima_meio_sm_i%2Ccadun_taxa_atualizacao_cadastral_d%2Ccodigo_ibge%2Cmunicipio%2Cpbf_vlr_medio_benef_f%2Cqtd_familias_beneficiarias_bolsa_familia%2Cqtd_pessoas_beneficiarias_bolsa_familia_i%2Csigla_uf%2Ctipo_s%2Cvalor_repassado_bolsa_familia,2026-10-07T13:39:41.147042+00:00,Valor municipal publicado; sem imputação.,"Estatística administrativa municipal agregada; famílias e pessoas são unidades distintas. Não somar universos CadÚnico, Bolsa Família e BPC."
4127965,202512,Benefícios · pessoa idosa · BPC · Fonte Pagadora,136,benefícios,real,BPC · Fonte Pagadora-4127965,https://aplicacoes.mds.gov.br/sagi/servicos/misocial?q=%2A%3A%2A&fq=tipo_s%3Ames_mu&fq=codigo_ibge%3A%28412796+OR+411960+OR+411325+OR+410940%29&fq=anomes_s%3A%5B202303+TO+202608%5D&wt=json&rows=400&sort=anomes_s+asc&fl=anomes_s%2Cbpc_ben_i%2Cbpc_idoso_ben_i%2Cbpc_idoso_val_s%2Cbpc_pcd_ben_i%2Cbpc_pcd_val_s%2Cbpc_val_s%2Ccadsuas_data_extracao_s%2Ccadsuas_qtd_centro_convivencia_i%2Ccadsuas_qtd_centro_dia_similares_i%2Ccadsuas_qtd_centro_pop_i%2Ccadsuas_qtd_cras_i%2Ccadsuas_qtd_creas_i%2Ccadsuas_qtd_unidade_acolhimento_i%2Ccadun_qtd_familias_atualizadas_i%2Ccadun_qtd_familias_cadastradas_baixa_renda_i%2Ccadun_qtd_familias_cadastradas_i%2Ccadun_qtd_familias_cadastradas_pobreza_pbf_i%2Ccadun_qtd_familias_cadastradas_rfpc_acima_meio_sm_i%2Ccadun_qtd_pessoas_cadastradas_baixa_renda_i%2Ccadun_qtd_pessoas_cadastradas_i%2Ccadun_qtd_pessoas_cadastradas_pobreza_pbf_i%2Ccadun_qtd_pessoas_cadastradas_rfpc_acima_meio_sm_i%2Ccadun_taxa_atualizacao_cadastral_d%2Ccodigo_ibge%2Cmunicipio%2Cpbf_vlr_medio_benef_f%2Cqtd_familias_beneficiarias_bolsa_familia%2Cqtd_pessoas_beneficiarias_bolsa_familia_i%2Csigla_uf%2Ctipo_s%2Cvalor_repassado_bolsa_familia,2026-10-07T13:39:41.147042+00:00,Valor municipal publicado; sem imputação.,"Estatística administrativa municipal agregada; famílias e pessoas são unidades distintas. Não somar universos CadÚnico, Bolsa Família e BPC."
4127965,202512,Benefícios · pessoa com deficiência · BPC · Fonte Pagadora,224,benefícios,real,BPC · Fonte Pagadora-4127965,https://aplicacoes.mds.gov.br/sagi/servicos/misocial?q=%2A%3A%2A&fq=tipo_s%3Ames_mu&fq=codigo_ibge%3A%28412796+OR+411960+OR+411325+OR+410940%29&fq=anomes_s%3A%5B202303+TO+202608%5D&wt=json&rows=400&sort=anomes_s+asc&fl=anomes_s%2Cbpc_ben_i%2Cbpc_idoso_ben_i%2Cbpc_idoso_val_s%2Cbpc_pcd_ben_i%2Cbpc_pcd_val_s%2Cbpc_val_s%2Ccadsuas_data_extracao_s%2Ccadsuas_qtd_centro_convivencia_i%2Ccadsuas_qtd_centro_dia_similares_i%2Ccadsuas_qtd_centro_pop_i%2Ccadsuas_qtd_cras_i%2Ccadsuas_qtd_creas_i%2Ccadsuas_qtd_unidade_acolhimento_i%2Ccadun_qtd_familias_atualizadas_i%2Ccadun_qtd_familias_cadastradas_baixa_renda_i%2Ccadun_qtd_familias_cadastradas_i%2Ccadun_qtd_familias_cadastradas_pobreza_pbf_i%2Ccadun_qtd_familias_cadastradas_rfpc_acima_meio_sm_i%2Ccadun_qtd_pessoas_cadastradas_baixa_renda_i%2Ccadun_qtd_pessoas_cadastradas_i%2Ccadun_qtd_pessoas_cadastradas_pobreza_pbf_i%2Ccadun_qtd_pessoas_cadastradas_rfpc_acima_meio_sm_i%2Ccadun_taxa_atualizacao_cadastral_d%2Ccodigo_ibge%2Cmunicipio%2Cpbf_vlr_medio_benef_f%2Cqtd_familias_beneficiarias_bolsa_familia%2Cqtd_pessoas_beneficiarias_bolsa_familia_i%2Csigla_uf%2Ctipo_s%2Cvalor_repassado_bolsa_familia,2026-10-07T13:39:41.147042+00:00,Valor municipal publicado; sem imputação.,"Estatística administrativa municipal agregada; famílias e pessoas são unidades distintas. Não somar universos CadÚnico, Bolsa Família e BPC."
4127965,202512,Valor · pessoa idosa · BPC · Fonte Pagadora,207968.04,R$,real,BPC · Fonte Pagadora-4127965,https://aplicacoes.mds.gov.br/sagi/servicos/misocial?q=%2A%3A%2A&fq=tipo_s%3Ames_mu&fq=codigo_ibge%3A%28412796+OR+411960+OR+411325+OR+410940%29&fq=anomes_s%3A%5B202303+TO+202608%5D&wt=json&rows=400&sort=anomes_s+asc&fl=anomes_s%2Cbpc_ben_i%2Cbpc_idoso_ben_i%2Cbpc_idoso_val_s%2Cbpc_pcd_ben_i%2Cbpc_pcd_val_s%2Cbpc_val_s%2Ccadsuas_data_extracao_s%2Ccadsuas_qtd_centro_convivencia_i%2Ccadsuas_qtd_centro_dia_similares_i%2Ccadsuas_qtd_centro_pop_i%2Ccadsuas_qtd_cras_i%2Ccadsuas_qtd_creas_i%2Ccadsuas_qtd_unidade_acolhimento_i%2Ccadun_qtd_familias_atualizadas_i%2Ccadun_qtd_familias_cadastradas_baixa_renda_i%2Ccadun_qtd_familias_cadastradas_i%2Ccadun_qtd_familias_cadastradas_pobreza_pbf_i%2Ccadun_qtd_familias_cadastradas_rfpc_acima_meio_sm_i%2Ccadun_qtd_pessoas_cadastradas_baixa_renda_i%2Ccadun_qtd_pessoas_cadastradas_i%2Ccadun_qtd_pessoas_cadastradas_pobreza_pbf_i%2Ccadun_qtd_pessoas_cadastradas_rfpc_acima_meio_sm_i%2Ccadun_taxa_atualizacao_cadastral_d%2Ccodigo_ibge%2Cmunicipio%2Cpbf_vlr_medio_benef_f%2Cqtd_familias_beneficiarias_bolsa_familia%2Cqtd_pessoas_beneficiarias_bolsa_familia_i%2Csigla_uf%2Ctipo_s%2Cvalor_repassado_bolsa_familia,2026-10-07T13:39:41.147042+00:00,Valor municipal publicado; sem imputação.,"Estatística administrativa municipal agregada; famílias e pessoas são unidades distintas. Não somar universos CadÚnico, Bolsa Família e BPC."
4127965,202512,Valor · pessoa com deficiência · BPC · Fonte Pagadora,340037.68,R$,real,BPC · Fonte Pagadora-4127965,https://aplicacoes.mds.gov.br/sagi/servicos/misocial?q=%2A%3A%2A&fq=tipo_s%3Ames_mu&fq=codigo_ibge%3A%28412796+OR+411960+OR+411325+OR+410940%29&fq=anomes_s%3A%5B202303+TO+202608%5D&wt=json&rows=400&sort=anomes_s+asc&fl=anomes_s%2Cbpc_ben_i%2Cbpc_idoso_ben_i%2Cbpc_idoso_val_s%2Cbpc_pcd_ben_i%2Cbpc_pcd_val_s%2Cbpc_val_s%2Ccadsuas_data_extracao_s%2Ccadsuas_qtd_centro_convivencia_i%2Ccadsuas_qtd_centro_dia_similares_i%2Ccadsuas_qtd_centro_pop_i%2Ccadsuas_qtd_cras_i%2Ccadsuas_qtd_creas_i%2Ccadsuas_qtd_unidade_acolhimento_i%2Ccadun_qtd_familias_atualizadas_i%2Ccadun_qtd_familias_cadastradas_baixa_renda_i%2Ccadun_qtd_familias_cadastradas_i%2Ccadun_qtd_familias_cadastradas_pobreza_pbf_i%2Ccadun_qtd_familias_cadastradas_rfpc_acima_meio_sm_i%2Ccadun_qtd_pessoas_cadastradas_baixa_renda_i%2Ccadun_qtd_pessoas_cadastradas_i%2Ccadun_qtd_pessoas_cadastradas_pobreza_pbf_i%2Ccadun_qtd_pessoas_cadastradas_rfpc_acima_meio_sm_i%2Ccadun_taxa_atualizacao_cadastral_d%2Ccodigo_ibge%2Cmunicipio%2Cpbf_vlr_medio_benef_f%2Cqtd_familias_beneficiarias_bolsa_familia%2Cqtd_pessoas_beneficiarias_bolsa_familia_i%2Csigla_uf%2Ctipo_s%2Cvalor_repassado_bolsa_familia,2026-10-07T13:39:41.147042+00:00,Valor municipal publicado; sem imputação.,"Estatística administrativa municipal agregada; famílias e pessoas são unidades distintas. Não somar universos CadÚnico, Bolsa Família e BPC."
4127965,202512,Valor mensal transferido · BPC · Fonte Pagadora,548005.72,R$,real,BPC · Fonte Pagadora-4127965,https://aplicacoes.mds.gov.br/sagi/servicos/misocial?q=%2A%3A%2A&fq=tipo_s%3Ames_mu&fq=codigo_ibge%3A%28412796+OR+411960+OR+411325+OR+410940%29&fq=anomes_s%3A%5B202303+TO+202608%5D&wt=json&rows=400&sort=anomes_s+asc&fl=anomes_s%2Cbpc_ben_i%2Cbpc_idoso_ben_i%2Cbpc_idoso_val_s%2Cbpc_pcd_ben_i%2Cbpc_pcd_val_s%2Cbpc_val_s%2Ccadsuas_data_extracao_s%2Ccadsuas_qtd_centro_convivencia_i%2Ccadsuas_qtd_centro_dia_similares_i%2Ccadsuas_qtd_centro_pop_i%2Ccadsuas_qtd_cras_i%2Ccadsuas_qtd_creas_i%2Ccadsuas_qtd_unidade_acolhimento_i%2Ccadun_qtd_familias_atualizadas_i%2Ccadun_qtd_familias_cadastradas_baixa_renda_i%2Ccadun_qtd_familias_cadastradas_i%2Ccadun_qtd_familias_cadastradas_pobreza_pbf_i%2Ccadun_qtd_familias_cadastradas_rfpc_acima_meio_sm_i%2Ccadun_qtd_pessoas_cadastradas_baixa_renda_i%2Ccadun_qtd_pessoas_cadastradas_i%2Ccadun_qtd_pessoas_cadastradas_pobreza_pbf_i%2Ccadun_qtd_pessoas_cadastradas_rfpc_acima_meio_sm_i%2Ccadun_taxa_atualizacao_cadastral_d%2Ccodigo_ibge%2Cmunicipio%2Cpbf_vlr_medio_benef_f%2Cqtd_familias_beneficiarias_bolsa_familia%2Cqtd_pessoas_beneficiarias_bolsa_familia_i%2Csigla_uf%2Ctipo_s%2Cvalor_repassado_bolsa_familia,2026-10-07T13:39:41.147042+00:00,Valor municipal publicado; sem imputação.,"Estatística administrativa municipal agregada; famílias e pessoas são unidades distintas. Não somar universos CadÚnico, Bolsa Família e BPC."
4127965,202601,Total de benefícios · BPC · Fonte Pagadora,357,benefícios,real,BPC · Fonte Pagadora-4127965,https://aplicacoes.mds.gov.br/sagi/servicos/misocial?q=%2A%3A%2A&fq=tipo_s%3Ames_mu&fq=codigo_ibge%3A%28412796+OR+411960+OR+411325+OR+410940%29&fq=anomes_s%3A%5B202303+TO+202608%5D&wt=json&rows=400&sort=anomes_s+asc&fl=anomes_s%2Cbpc_ben_i%2Cbpc_idoso_ben_i%2Cbpc_idoso_val_s%2Cbpc_pcd_ben_i%2Cbpc_pcd_val_s%2Cbpc_val_s%2Ccadsuas_data_extracao_s%2Ccadsuas_qtd_centro_convivencia_i%2Ccadsuas_qtd_centro_dia_similares_i%2Ccadsuas_qtd_centro_pop_i%2Ccadsuas_qtd_cras_i%2Ccadsuas_qtd_creas_i%2Ccadsuas_qtd_unidade_acolhimento_i%2Ccadun_qtd_familias_atualizadas_i%2Ccadun_qtd_familias_cadastradas_baixa_renda_i%2Ccadun_qtd_familias_cadastradas_i%2Ccadun_qtd_familias_cadastradas_pobreza_pbf_i%2Ccadun_qtd_familias_cadastradas_rfpc_acima_meio_sm_i%2Ccadun_qtd_pessoas_cadastradas_baixa_renda_i%2Ccadun_qtd_pessoas_cadastradas_i%2Ccadun_qtd_pessoas_cadastradas_pobreza_pbf_i%2Ccadun_qtd_pessoas_cadastradas_rfpc_acima_meio_sm_i%2Ccadun_taxa_atualizacao_cadastral_d%2Ccodigo_ibge%2Cmunicipio%2Cpbf_vlr_medio_benef_f%2Cqtd_familias_beneficiarias_bolsa_familia%2Cqtd_pessoas_beneficiarias_bolsa_familia_i%2Csigla_uf%2Ctipo_s%2Cvalor_repassado_bolsa_familia,2026-10-07T13:39:41.147042+00:00,Valor municipal publicado; sem imputação.,"Estatística administrativa municipal agregada; famílias e pessoas são unidades distintas. Não somar universos CadÚnico, Bolsa Família e BPC."
4127965,202601,Benefícios · pessoa idosa · BPC · Fonte Pagadora,135,benefícios,real,BPC · Fonte Pagadora-4127965,https://aplicacoes.mds.gov.br/sagi/servicos/misocial?q=%2A%3A%2A&fq=tipo_s%3Ames_mu&fq=codigo_ibge%3A%28412796+OR+411960+OR+411325+OR+410940%29&fq=anomes_s%3A%5B202303+TO+202608%5D&wt=json&rows=400&sort=anomes_s+asc&fl=anomes_s%2Cbpc_ben_i%2Cbpc_idoso_ben_i%2Cbpc_idoso_val_s%2Cbpc_pcd_ben_i%2Cbpc_pcd_val_s%2Cbpc_val_s%2Ccadsuas_data_extracao_s%2Ccadsuas_qtd_centro_convivencia_i%2Ccadsuas_qtd_centro_dia_similares_i%2Ccadsuas_qtd_centro_pop_i%2Ccadsuas_qtd_cras_i%2Ccadsuas_qtd_creas_i%2Ccadsuas_qtd_unidade_acolhimento_i%2Ccadun_qtd_familias_atualizadas_i%2Ccadun_qtd_familias_cadastradas_baixa_renda_i%2Ccadun_qtd_familias_cadastradas_i%2Ccadun_qtd_familias_cadastradas_pobreza_pbf_i%2Ccadun_qtd_familias_cadastradas_rfpc_acima_meio_sm_i%2Ccadun_qtd_pessoas_cadastradas_baixa_renda_i%2Ccadun_qtd_pessoas_cadastradas_i%2Ccadun_qtd_pessoas_cadastradas_pobreza_pbf_i%2Ccadun_qtd_pessoas_cadastradas_rfpc_acima_meio_sm_i%2Ccadun_taxa_atualizacao_cadastral_d%2Ccodigo_ibge%2Cmunicipio%2Cpbf_vlr_medio_benef_f%2Cqtd_familias_beneficiarias_bolsa_familia%2Cqtd_pessoas_beneficiarias_bolsa_familia_i%2Csigla_uf%2Ctipo_s%2Cvalor_repassado_bolsa_familia,2026-10-07T13:39:41.147042+00:00,Valor municipal publicado; sem imputação.,"Estatística administrativa municipal agregada; famílias e pessoas são unidades distintas. Não somar universos CadÚnico, Bolsa Família e BPC."
4127965,202601,Benefícios · pessoa com deficiência · BPC · Fonte Pagadora,222,benefícios,real,BPC · Fonte Pagadora-4127965,https://aplicacoes.mds.gov.br/sagi/servicos/misocial?q=%2A%3A%2A&fq=tipo_s%3Ames_mu&fq=codigo_ibge%3A%28412796+OR+411960+OR+411325+OR+410940%29&fq=anomes_s%3A%5B202303+TO+202608%5D&wt=json&rows=400&sort=anomes_s+asc&fl=anomes_s%2Cbpc_ben_i%2Cbpc_idoso_ben_i%2Cbpc_idoso_val_s%2Cbpc_pcd_ben_i%2Cbpc_pcd_val_s%2Cbpc_val_s%2Ccadsuas_data_extracao_s%2Ccadsuas_qtd_centro_convivencia_i%2Ccadsuas_qtd_centro_dia_similares_i%2Ccadsuas_qtd_centro_pop_i%2Ccadsuas_qtd_cras_i%2Ccadsuas_qtd_creas_i%2Ccadsuas_qtd_unidade_acolhimento_i%2Ccadun_qtd_familias_atualizadas_i%2Ccadun_qtd_familias_cadastradas_baixa_renda_i%2Ccadun_qtd_familias_cadastradas_i%2Ccadun_qtd_familias_cadastradas_pobreza_pbf_i%2Ccadun_qtd_familias_cadastradas_rfpc_acima_meio_sm_i%2Ccadun_qtd_pessoas_cadastradas_baixa_renda_i%2Ccadun_qtd_pessoas_cadastradas_i%2Ccadun_qtd_pessoas_cadastradas_pobreza_pbf_i%2Ccadun_qtd_pessoas_cadastradas_rfpc_acima_meio_sm_i%2Ccadun_taxa_atualizacao_cadastral_d%2Ccodigo_ibge%2Cmunicipio%2Cpbf_vlr_medio_benef_f%2Cqtd_familias_beneficiarias_bolsa_familia%2Cqtd_pessoas_beneficiarias_bolsa_familia_i%2Csigla_uf%2Ctipo_s%2Cvalor_repassado_bolsa_familia,2026-10-07T13:39:41.147042+00:00,Valor municipal publicado; sem imputação.,"Estatística administrativa municipal agregada; famílias e pessoas são unidades distintas. Não somar universos CadÚnico, Bolsa Família e BPC."
4127965,202601,Valor · pessoa idosa · BPC · Fonte Pagadora,218836.27,R$,real,BPC · Fonte Pagadora-4127965,https://aplicacoes.mds.gov.br/sagi/servicos/misocial?q=%2A%3A%2A&fq=tipo_s%3Ames_mu&fq=codigo_ibge%3A%28412796+OR+411960+OR+411325+OR+410940%29&fq=anomes_s%3A%5B202303+TO+202608%5D&wt=json&rows=400&sort=anomes_s+asc&fl=anomes_s%2Cbpc_ben_i%2Cbpc_idoso_ben_i%2Cbpc_idoso_val_s%2Cbpc_pcd_ben_i%2Cbpc_pcd_val_s%2Cbpc_val_s%2Ccadsuas_data_extracao_s%2Ccadsuas_qtd_centro_convivencia_i%2Ccadsuas_qtd_centro_dia_similares_i%2Ccadsuas_qtd_centro_pop_i%2Ccadsuas_qtd_cras_i%2Ccadsuas_qtd_creas_i%2Ccadsuas_qtd_unidade_acolhimento_i%2Ccadun_qtd_familias_atualizadas_i%2Ccadun_qtd_familias_cadastradas_baixa_renda_i%2Ccadun_qtd_familias_cadastradas_i%2Ccadun_qtd_familias_cadastradas_pobreza_pbf_i%2Ccadun_qtd_familias_cadastradas_rfpc_acima_meio_sm_i%2Ccadun_qtd_pessoas_cadastradas_baixa_renda_i%2Ccadun_qtd_pessoas_cadastradas_i%2Ccadun_qtd_pessoas_cadastradas_pobreza_pbf_i%2Ccadun_qtd_pessoas_cadastradas_rfpc_acima_meio_sm_i%2Ccadun_taxa_atualizacao_cadastral_d%2Ccodigo_ibge%2Cmunicipio%2Cpbf_vlr_medio_benef_f%2Cqtd_familias_beneficiarias_bolsa_familia%2Cqtd_pessoas_beneficiarias_bolsa_familia_i%2Csigla_uf%2Ctipo_s%2Cvalor_repassado_bolsa_familia,2026-10-07T13:39:41.147042+00:00,Valor municipal publicado; sem imputação.,"Estatística administrativa municipal agregada; famílias e pessoas são unidades distintas. Não somar universos CadÚnico, Bolsa Família e BPC."
4127965,202601,Valor · pessoa com deficiência · BPC · Fonte Pagadora,363110.28,R$,real,BPC · Fonte Pagadora-4127965,https://aplicacoes.mds.gov.br/sagi/servicos/misocial?q=%2A%3A%2A&fq=tipo_s%3Ames_mu&fq=codigo_ibge%3A%28412796+OR+411960+OR+411325+OR+410940%29&fq=anomes_s%3A%5B202303+TO+202608%5D&wt=json&rows=400&sort=anomes_s+asc&fl=anomes_s%2Cbpc_ben_i%2Cbpc_idoso_ben_i%2Cbpc_idoso_val_s%2Cbpc_pcd_ben_i%2Cbpc_pcd_val_s%2Cbpc_val_s%2Ccadsuas_data_extracao_s%2Ccadsuas_qtd_centro_convivencia_i%2Ccadsuas_qtd_centro_dia_similares_i%2Ccadsuas_qtd_centro_pop_i%2Ccadsuas_qtd_cras_i%2Ccadsuas_qtd_creas_i%2Ccadsuas_qtd_unidade_acolhimento_i%2Ccadun_qtd_familias_atualizadas_i%2Ccadun_qtd_familias_cadastradas_baixa_renda_i%2Ccadun_qtd_familias_cadastradas_i%2Ccadun_qtd_familias_cadastradas_pobreza_pbf_i%2Ccadun_qtd_familias_cadastradas_rfpc_acima_meio_sm_i%2Ccadun_qtd_pessoas_cadastradas_baixa_renda_i%2Ccadun_qtd_pessoas_cadastradas_i%2Ccadun_qtd_pessoas_cadastradas_pobreza_pbf_i%2Ccadun_qtd_pessoas_cadastradas_rfpc_acima_meio_sm_i%2Ccadun_taxa_atualizacao_cadastral_d%2Ccodigo_ibge%2Cmunicipio%2Cpbf_vlr_medio_benef_f%2Cqtd_familias_beneficiarias_bolsa_familia%2Cqtd_pessoas_beneficiarias_bolsa_familia_i%2Csigla_uf%2Ctipo_s%2Cvalor_repassado_bolsa_familia,2026-10-07T13:39:41.147042+00:00,Valor municipal publicado; sem imputação.,"Estatística administrativa municipal agregada; famílias e pessoas são unidades distintas. Não somar universos CadÚnico, Bolsa Família e BPC."
4127965,202601,Valor mensal transferido · BPC · Fonte Pagadora,581946.55,R$,real,BPC · Fonte Pagadora-4127965,https://aplicacoes.mds.gov.br/sagi/servicos/misocial?q=%2A%3A%2A&fq=tipo_s%3Ames_mu&fq=codigo_ibge%3A%28412796+OR+411960+OR+411325+OR+410940%29&fq=anomes_s%3A%5B202303+TO+202608%5D&wt=json&rows=400&sort=anomes_s+asc&fl=anomes_s%2Cbpc_ben_i%2Cbpc_idoso_ben_i%2Cbpc_idoso_val_s%2Cbpc_pcd_ben_i%2Cbpc_pcd_val_s%2Cbpc_val_s%2Ccadsuas_data_extracao_s%2Ccadsuas_qtd_centro_convivencia_i%2Ccadsuas_qtd_centro_dia_similares_i%2Ccadsuas_qtd_centro_pop_i%2Ccadsuas_qtd_cras_i%2Ccadsuas_qtd_creas_i%2Ccadsuas_qtd_unidade_acolhimento_i%2Ccadun_qtd_familias_atualizadas_i%2Ccadun_qtd_familias_cadastradas_baixa_renda_i%2Ccadun_qtd_familias_cadastradas_i%2Ccadun_qtd_familias_cadastradas_pobreza_pbf_i%2Ccadun_qtd_familias_cadastradas_rfpc_acima_meio_sm_i%2Ccadun_qtd_pessoas_cadastradas_baixa_renda_i%2Ccadun_qtd_pessoas_cadastradas_i%2Ccadun_qtd_pessoas_cadastradas_pobreza_pbf_i%2Ccadun_qtd_pessoas_cadastradas_rfpc_acima_meio_sm_i%2Ccadun_taxa_atualizacao_cadastral_d%2Ccodigo_ibge%2Cmunicipio%2Cpbf_vlr_medio_benef_f%2Cqtd_familias_beneficiarias_bolsa_familia%2Cqtd_pessoas_beneficiarias_bolsa_familia_i%2Csigla_uf%2Ctipo_s%2Cvalor_repassado_bolsa_familia,2026-10-07T13:39:41.147042+00:00,Valor municipal publicado; sem imputação.,"Estatística administrativa municipal agregada; famílias e pessoas são unidades distintas. Não somar universos CadÚnico, Bolsa Família e BPC."
4127965,202602,Total de benefícios · BPC · Fonte Pagadora,337,benefícios,real,BPC · Fonte Pagadora-4127965,https://aplicacoes.mds.gov.br/sagi/servicos/misocial?q=%2A%3A%2A&fq=tipo_s%3Ames_mu&fq=codigo_ibge%3A%28412796+OR+411960+OR+411325+OR+410940%29&fq=anomes_s%3A%5B202303+TO+202608%5D&wt=json&rows=400&sort=anomes_s+asc&fl=anomes_s%2Cbpc_ben_i%2Cbpc_idoso_ben_i%2Cbpc_idoso_val_s%2Cbpc_pcd_ben_i%2Cbpc_pcd_val_s%2Cbpc_val_s%2Ccadsuas_data_extracao_s%2Ccadsuas_qtd_centro_convivencia_i%2Ccadsuas_qtd_centro_dia_similares_i%2Ccadsuas_qtd_centro_pop_i%2Ccadsuas_qtd_cras_i%2Ccadsuas_qtd_creas_i%2Ccadsuas_qtd_unidade_acolhimento_i%2Ccadun_qtd_familias_atualizadas_i%2Ccadun_qtd_familias_cadastradas_baixa_renda_i%2Ccadun_qtd_familias_cadastradas_i%2Ccadun_qtd_familias_cadastradas_pobreza_pbf_i%2Ccadun_qtd_familias_cadastradas_rfpc_acima_meio_sm_i%2Ccadun_qtd_pessoas_cadastradas_baixa_renda_i%2Ccadun_qtd_pessoas_cadastradas_i%2Ccadun_qtd_pessoas_cadastradas_pobreza_pbf_i%2Ccadun_qtd_pessoas_cadastradas_rfpc_acima_meio_sm_i%2Ccadun_taxa_atualizacao_cadastral_d%2Ccodigo_ibge%2Cmunicipio%2Cpbf_vlr_medio_benef_f%2Cqtd_familias_beneficiarias_bolsa_familia%2Cqtd_pessoas_beneficiarias_bolsa_familia_i%2Csigla_uf%2Ctipo_s%2Cvalor_repassado_bolsa_familia,2026-10-07T13:39:41.147042+00:00,Valor municipal publicado; sem imputação.,"Estatística administrativa municipal agregada; famílias e pessoas são unidades distintas. Não somar universos CadÚnico, Bolsa Família e BPC."
4127965,202602,Benefícios · pessoa idosa · BPC · Fonte Pagadora,129,benefícios,real,BPC · Fonte Pagadora-4127965,https://aplicacoes.mds.gov.br/sagi/servicos/misocial?q=%2A%3A%2A&fq=tipo_s%3Ames_mu&fq=codigo_ibge%3A%28412796+OR+411960+OR+411325+OR+410940%29&fq=anomes_s%3A%5B202303+TO+202608%5D&wt=json&rows=400&sort=anomes_s+asc&fl=anomes_s%2Cbpc_ben_i%2Cbpc_idoso_ben_i%2Cbpc_idoso_val_s%2Cbpc_pcd_ben_i%2Cbpc_pcd_val_s%2Cbpc_val_s%2Ccadsuas_data_extracao_s%2Ccadsuas_qtd_centro_convivencia_i%2Ccadsuas_qtd_centro_dia_similares_i%2Ccadsuas_qtd_centro_pop_i%2Ccadsuas_qtd_cras_i%2Ccadsuas_qtd_creas_i%2Ccadsuas_qtd_unidade_acolhimento_i%2Ccadun_qtd_familias_atualizadas_i%2Ccadun_qtd_familias_cadastradas_baixa_renda_i%2Ccadun_qtd_familias_cadastradas_i%2Ccadun_qtd_familias_cadastradas_pobreza_pbf_i%2Ccadun_qtd_familias_cadastradas_rfpc_acima_meio_sm_i%2Ccadun_qtd_pessoas_cadastradas_baixa_renda_i%2Ccadun_qtd_pessoas_cadastradas_i%2Ccadun_qtd_pessoas_cadastradas_pobreza_pbf_i%2Ccadun_qtd_pessoas_cadastradas_rfpc_acima_meio_sm_i%2Ccadun_taxa_atualizacao_cadastral_d%2Ccodigo_ibge%2Cmunicipio%2Cpbf_vlr_medio_benef_f%2Cqtd_familias_beneficiarias_bolsa_familia%2Cqtd_pessoas_beneficiarias_bolsa_familia_i%2Csigla_uf%2Ctipo_s%2Cvalor_repassado_bolsa_familia,2026-10-07T13:39:41.147042+00:00,Valor municipal publicado; sem imputação.,"Estatística administrativa municipal agregada; famílias e pessoas são unidades distintas. Não somar universos CadÚnico, Bolsa Família e BPC."
4127965,202602,Benefícios · pessoa com deficiência · BPC · Fonte Pagadora,208,benefícios,real,BPC · Fonte Pagadora-4127965,https://aplicacoes.mds.gov.br/sagi/servicos/misocial?q=%2A%3A%2A&fq=tipo_s%3Ames_mu&fq=codigo_ibge%3A%28412796+OR+411960+OR+411325+OR+410940%29&fq=anomes_s%3A%5B202303+TO+202608%5D&wt=json&rows=400&sort=anomes_s+asc&fl=anomes_s%2Cbpc_ben_i%2Cbpc_idoso_ben_i%2Cbpc_idoso_val_s%2Cbpc_pcd_ben_i%2Cbpc_pcd_val_s%2Cbpc_val_s%2Ccadsuas_data_extracao_s%2Ccadsuas_qtd_centro_convivencia_i%2Ccadsuas_qtd_centro_dia_similares_i%2Ccadsuas_qtd_centro_pop_i%2Ccadsuas_qtd_cras_i%2Ccadsuas_qtd_creas_i%2Ccadsuas_qtd_unidade_acolhimento_i%2Ccadun_qtd_familias_atualizadas_i%2Ccadun_qtd_familias_cadastradas_baixa_renda_i%2Ccadun_qtd_familias_cadastradas_i%2Ccadun_qtd_familias_cadastradas_pobreza_pbf_i%2Ccadun_qtd_familias_cadastradas_rfpc_acima_meio_sm_i%2Ccadun_qtd_pessoas_cadastradas_baixa_renda_i%2Ccadun_qtd_pessoas_cadastradas_i%2Ccadun_qtd_pessoas_cadastradas_pobreza_pbf_i%2Ccadun_qtd_pessoas_cadastradas_rfpc_acima_meio_sm_i%2Ccadun_taxa_atualizacao_cadastral_d%2Ccodigo_ibge%2Cmunicipio%2Cpbf_vlr_medio_benef_f%2Cqtd_familias_beneficiarias_bolsa_familia%2Cqtd_pessoas_beneficiarias_bolsa_familia_i%2Csigla_uf%2Ctipo_s%2Cvalor_repassado_bolsa_familia,2026-10-07T13:39:41.147042+00:00,Valor municipal publicado; sem imputação.,"Estatística administrativa municipal agregada; famílias e pessoas são unidades distintas. Não somar universos CadÚnico, Bolsa Família e BPC."
4127965,202602,Valor · pessoa idosa · BPC · Fonte Pagadora,213973.1,R$,real,BPC · Fonte Pagadora-4127965,https://aplicacoes.mds.gov.br/sagi/servicos/misocial?q=%2A%3A%2A&fq=tipo_s%3Ames_mu&fq=codigo_ibge%3A%28412796+OR+411960+OR+411325+OR+410940%29&fq=anomes_s%3A%5B202303+TO+202608%5D&wt=json&rows=400&sort=anomes_s+asc&fl=anomes_s%2Cbpc_ben_i%2Cbpc_idoso_ben_i%2Cbpc_idoso_val_s%2Cbpc_pcd_ben_i%2Cbpc_pcd_val_s%2Cbpc_val_s%2Ccadsuas_data_extracao_s%2Ccadsuas_qtd_centro_convivencia_i%2Ccadsuas_qtd_centro_dia_similares_i%2Ccadsuas_qtd_centro_pop_i%2Ccadsuas_qtd_cras_i%2Ccadsuas_qtd_creas_i%2Ccadsuas_qtd_unidade_acolhimento_i%2Ccadun_qtd_familias_atualizadas_i%2Ccadun_qtd_familias_cadastradas_baixa_renda_i%2Ccadun_qtd_familias_cadastradas_i%2Ccadun_qtd_familias_cadastradas_pobreza_pbf_i%2Ccadun_qtd_familias_cadastradas_rfpc_acima_meio_sm_i%2Ccadun_qtd_pessoas_cadastradas_baixa_renda_i%2Ccadun_qtd_pessoas_cadastradas_i%2Ccadun_qtd_pessoas_cadastradas_pobreza_pbf_i%2Ccadun_qtd_pessoas_cadastradas_rfpc_acima_meio_sm_i%2Ccadun_taxa_atualizacao_cadastral_d%2Ccodigo_ibge%2Cmunicipio%2Cpbf_vlr_medio_benef_f%2Cqtd_familias_beneficiarias_bolsa_familia%2Cqtd_pessoas_beneficiarias_bolsa_familia_i%2Csigla_uf%2Ctipo_s%2Cvalor_repassado_bolsa_familia,2026-10-07T13:39:41.147042+00:00,Valor municipal publicado; sem imputação.,"Estatística administrativa municipal agregada; famílias e pessoas são unidades distintas. Não somar universos CadÚnico, Bolsa Família e BPC."
4127965,202602,Valor · pessoa com deficiência · BPC · Fonte Pagadora,337172.24,R$,real,BPC · Fonte Pagadora-4127965,https://aplicacoes.mds.gov.br/sagi/servicos/misocial?q=%2A%3A%2A&fq=tipo_s%3Ames_mu&fq=codigo_ibge%3A%28412796+OR+411960+OR+411325+OR+410940%29&fq=anomes_s%3A%5B202303+TO+202608%5D&wt=json&rows=400&sort=anomes_s+asc&fl=anomes_s%2Cbpc_ben_i%2Cbpc_idoso_ben_i%2Cbpc_idoso_val_s%2Cbpc_pcd_ben_i%2Cbpc_pcd_val_s%2Cbpc_val_s%2Ccadsuas_data_extracao_s%2Ccadsuas_qtd_centro_convivencia_i%2Ccadsuas_qtd_centro_dia_similares_i%2Ccadsuas_qtd_centro_pop_i%2Ccadsuas_qtd_cras_i%2Ccadsuas_qtd_creas_i%2Ccadsuas_qtd_unidade_acolhimento_i%2Ccadun_qtd_familias_atualizadas_i%2Ccadun_qtd_familias_cadastradas_baixa_renda_i%2Ccadun_qtd_familias_cadastradas_i%2Ccadun_qtd_familias_cadastradas_pobreza_pbf_i%2Ccadun_qtd_familias_cadastradas_rfpc_acima_meio_sm_i%2Ccadun_qtd_pessoas_cadastradas_baixa_renda_i%2Ccadun_qtd_pessoas_cadastradas_i%2Ccadun_qtd_pessoas_cadastradas_pobreza_pbf_i%2Ccadun_qtd_pessoas_cadastradas_rfpc_acima_meio_sm_i%2Ccadun_taxa_atualizacao_cadastral_d%2Ccodigo_ibge%2Cmunicipio%2Cpbf_vlr_medio_benef_f%2Cqtd_familias_beneficiarias_bolsa_familia%2Cqtd_pessoas_beneficiarias_bolsa_familia_i%2Csigla_uf%2Ctipo_s%2Cvalor_repassado_bolsa_familia,2026-10-07T13:39:41.147042+00:00,Valor municipal publicado; sem imputação.,"Estatística administrativa municipal agregada; famílias e pessoas são unidades distintas. Não somar universos CadÚnico, Bolsa Família e BPC."
4127965,202602,Valor mensal transferido · BPC · Fonte Pagadora,551145.34,R$,real,BPC · Fonte Pagadora-4127965,https://aplicacoes.mds.gov.br/sagi/servicos/misocial?q=%2A%3A%2A&fq=tipo_s%3Ames_mu&fq=codigo_ibge%3A%28412796+OR+411960+OR+411325+OR+410940%29&fq=anomes_s%3A%5B202303+TO+202608%5D&wt=json&rows=400&sort=anomes_s+asc&fl=anomes_s%2Cbpc_ben_i%2Cbpc_idoso_ben_i%2Cbpc_idoso_val_s%2Cbpc_pcd_ben_i%2Cbpc_pcd_val_s%2Cbpc_val_s%2Ccadsuas_data_extracao_s%2Ccadsuas_qtd_centro_convivencia_i%2Ccadsuas_qtd_centro_dia_similares_i%2Ccadsuas_qtd_centro_pop_i%2Ccadsuas_qtd_cras_i%2Ccadsuas_qtd_creas_i%2Ccadsuas_qtd_unidade_acolhimento_i%2Ccadun_qtd_familias_atualizadas_i%2Ccadun_qtd_familias_cadastradas_baixa_renda_i%2Ccadun_qtd_familias_cadastradas_i%2Ccadun_qtd_familias_cadastradas_pobreza_pbf_i%2Ccadun_qtd_familias_cadastradas_rfpc_acima_meio_sm_i%2Ccadun_qtd_pessoas_cadastradas_baixa_renda_i%2Ccadun_qtd_pessoas_cadastradas_i%2Ccadun_qtd_pessoas_cadastradas_pobreza_pbf_i%2Ccadun_qtd_pessoas_cadastradas_rfpc_acima_meio_sm_i%2Ccadun_taxa_atualizacao_cadastral_d%2Ccodigo_ibge%2Cmunicipio%2Cpbf_vlr_medio_benef_f%2Cqtd_familias_beneficiarias_bolsa_familia%2Cqtd_pessoas_beneficiarias_bolsa_familia_i%2Csigla_uf%2Ctipo_s%2Cvalor_repassado_bolsa_familia,2026-10-07T13:39:41.147042+00:00,Valor municipal publicado; sem imputação.,"Estatística administrativa municipal agregada; famílias e pessoas são unidades distintas. Não somar universos CadÚnico, Bolsa Família e BPC."
4127965,202603,Total de benefícios · BPC · Fonte Pagadora,340,benefícios,real,BPC · Fonte Pagadora-4127965,https://aplicacoes.mds.gov.br/sagi/servicos/misocial?q=%2A%3A%2A&fq=tipo_s%3Ames_mu&fq=codigo_ibge%3A%28412796+OR+411960+OR+411325+OR+410940%29&fq=anomes_s%3A%5B202303+TO+202608%5D&wt=json&rows=400&sort=anomes_s+asc&fl=anomes_s%2Cbpc_ben_i%2Cbpc_idoso_ben_i%2Cbpc_idoso_val_s%2Cbpc_pcd_ben_i%2Cbpc_pcd_val_s%2Cbpc_val_s%2Ccadsuas_data_extracao_s%2Ccadsuas_qtd_centro_convivencia_i%2Ccadsuas_qtd_centro_dia_similares_i%2Ccadsuas_qtd_centro_pop_i%2Ccadsuas_qtd_cras_i%2Ccadsuas_qtd_creas_i%2Ccadsuas_qtd_unidade_acolhimento_i%2Ccadun_qtd_familias_atualizadas_i%2Ccadun_qtd_familias_cadastradas_baixa_renda_i%2Ccadun_qtd_familias_cadastradas_i%2Ccadun_qtd_familias_cadastradas_pobreza_pbf_i%2Ccadun_qtd_familias_cadastradas_rfpc_acima_meio_sm_i%2Ccadun_qtd_pessoas_cadastradas_baixa_renda_i%2Ccadun_qtd_pessoas_cadastradas_i%2Ccadun_qtd_pessoas_cadastradas_pobreza_pbf_i%2Ccadun_qtd_pessoas_cadastradas_rfpc_acima_meio_sm_i%2Ccadun_taxa_atualizacao_cadastral_d%2Ccodigo_ibge%2Cmunicipio%2Cpbf_vlr_medio_benef_f%2Cqtd_familias_beneficiarias_bolsa_familia%2Cqtd_pessoas_beneficiarias_bolsa_familia_i%2Csigla_uf%2Ctipo_s%2Cvalor_repassado_bolsa_familia,2026-10-07T13:39:41.147042+00:00,Valor municipal publicado; sem imputação.,"Estatística administrativa municipal agregada; famílias e pessoas são unidades distintas. Não somar universos CadÚnico, Bolsa Família e BPC."
4127965,202603,Benefícios · pessoa idosa · BPC · Fonte Pagadora,131,benefícios,real,BPC · Fonte Pagadora-4127965,https://aplicacoes.mds.gov.br/sagi/servicos/misocial?q=%2A%3A%2A&fq=tipo_s%3Ames_mu&fq=codigo_ibge%3A%28412796+OR+411960+OR+411325+OR+410940%29&fq=anomes_s%3A%5B202303+TO+202608%5D&wt=json&rows=400&sort=anomes_s+asc&fl=anomes_s%2Cbpc_ben_i%2Cbpc_idoso_ben_i%2Cbpc_idoso_val_s%2Cbpc_pcd_ben_i%2Cbpc_pcd_val_s%2Cbpc_val_s%2Ccadsuas_data_extracao_s%2Ccadsuas_qtd_centro_convivencia_i%2Ccadsuas_qtd_centro_dia_similares_i%2Ccadsuas_qtd_centro_pop_i%2Ccadsuas_qtd_cras_i%2Ccadsuas_qtd_creas_i%2Ccadsuas_qtd_unidade_acolhimento_i%2Ccadun_qtd_familias_atualizadas_i%2Ccadun_qtd_familias_cadastradas_baixa_renda_i%2Ccadun_qtd_familias_cadastradas_i%2Ccadun_qtd_familias_cadastradas_pobreza_pbf_i%2Ccadun_qtd_familias_cadastradas_rfpc_acima_meio_sm_i%2Ccadun_qtd_pessoas_cadastradas_baixa_renda_i%2Ccadun_qtd_pessoas_cadastradas_i%2Ccadun_qtd_pessoas_cadastradas_pobreza_pbf_i%2Ccadun_qtd_pessoas_cadastradas_rfpc_acima_meio_sm_i%2Ccadun_taxa_atualizacao_cadastral_d%2Ccodigo_ibge%2Cmunicipio%2Cpbf_vlr_medio_benef_f%2Cqtd_familias_beneficiarias_bolsa_familia%2Cqtd_pessoas_beneficiarias_bolsa_familia_i%2Csigla_uf%2Ctipo_s%2Cvalor_repassado_bolsa_familia,2026-10-07T13:39:41.147042+00:00,Valor municipal publicado; sem imputação.,"Estatística administrativa municipal agregada; famílias e pessoas são unidades distintas. Não somar universos CadÚnico, Bolsa Família e BPC."
4127965,202603,Benefícios · pessoa com deficiência · BPC · Fonte Pagadora,209,benefícios,real,BPC · Fonte Pagadora-4127965,https://aplicacoes.mds.gov.br/sagi/servicos/misocial?q=%2A%3A%2A&fq=tipo_s%3Ames_mu&fq=codigo_ibge%3A%28412796+OR+411960+OR+411325+OR+410940%29&fq=anomes_s%3A%5B202303+TO+202608%5D&wt=json&rows=400&sort=anomes_s+asc&fl=anomes_s%2Cbpc_ben_i%2Cbpc_idoso_ben_i%2Cbpc_idoso_val_s%2Cbpc_pcd_ben_i%2Cbpc_pcd_val_s%2Cbpc_val_s%2Ccadsuas_data_extracao_s%2Ccadsuas_qtd_centro_convivencia_i%2Ccadsuas_qtd_centro_dia_similares_i%2Ccadsuas_qtd_centro_pop_i%2Ccadsuas_qtd_cras_i%2Ccadsuas_qtd_creas_i%2Ccadsuas_qtd_unidade_acolhimento_i%2Ccadun_qtd_familias_atualizadas_i%2Ccadun_qtd_familias_cadastradas_baixa_renda_i%2Ccadun_qtd_familias_cadastradas_i%2Ccadun_qtd_familias_cadastradas_pobreza_pbf_i%2Ccadun_qtd_familias_cadastradas_rfpc_acima_meio_sm_i%2Ccadun_qtd_pessoas_cadastradas_baixa_renda_i%2Ccadun_qtd_pessoas_cadastradas_i%2Ccadun_qtd_pessoas_cadastradas_pobreza_pbf_i%2Ccadun_qtd_pessoas_cadastradas_rfpc_acima_meio_sm_i%2Ccadun_taxa_atualizacao_cadastral_d%2Ccodigo_ibge%2Cmunicipio%2Cpbf_vlr_medio_benef_f%2Cqtd_familias_beneficiarias_bolsa_familia%2Cqtd_pessoas_beneficiarias_bolsa_familia_i%2Csigla_uf%2Ctipo_s%2Cvalor_repassado_bolsa_familia,2026-10-07T13:39:41.147042+00:00,Valor municipal publicado; sem imputação.,"Estatística administrativa municipal agregada; famílias e pessoas são unidades distintas. Não somar universos CadÚnico, Bolsa Família e BPC."
4127965,202603,Valor · pessoa idosa · BPC · Fonte Pagadora,212352.1,R$,real,BPC · Fonte Pagadora-4127965,https://aplicacoes.mds.gov.br/sagi/servicos/misocial?q=%2A%3A%2A&fq=tipo_s%3Ames_mu&fq=codigo_ibge%3A%28412796+OR+411960+OR+411325+OR+410940%29&fq=anomes_s%3A%5B202303+TO+202608%5D&wt=json&rows=400&sort=anomes_s+asc&fl=anomes_s%2Cbpc_ben_i%2Cbpc_idoso_ben_i%2Cbpc_idoso_val_s%2Cbpc_pcd_ben_i%2Cbpc_pcd_val_s%2Cbpc_val_s%2Ccadsuas_data_extracao_s%2Ccadsuas_qtd_centro_convivencia_i%2Ccadsuas_qtd_centro_dia_similares_i%2Ccadsuas_qtd_centro_pop_i%2Ccadsuas_qtd_cras_i%2Ccadsuas_qtd_creas_i%2Ccadsuas_qtd_unidade_acolhimento_i%2Ccadun_qtd_familias_atualizadas_i%2Ccadun_qtd_familias_cadastradas_baixa_renda_i%2Ccadun_qtd_familias_cadastradas_i%2Ccadun_qtd_familias_cadastradas_pobreza_pbf_i%2Ccadun_qtd_familias_cadastradas_rfpc_acima_meio_sm_i%2Ccadun_qtd_pessoas_cadastradas_baixa_renda_i%2Ccadun_qtd_pessoas_cadastradas_i%2Ccadun_qtd_pessoas_cadastradas_pobreza_pbf_i%2Ccadun_qtd_pessoas_cadastradas_rfpc_acima_meio_sm_i%2Ccadun_taxa_atualizacao_cadastral_d%2Ccodigo_ibge%2Cmunicipio%2Cpbf_vlr_medio_benef_f%2Cqtd_familias_beneficiarias_bolsa_familia%2Cqtd_pessoas_beneficiarias_bolsa_familia_i%2Csigla_uf%2Ctipo_s%2Cvalor_repassado_bolsa_familia,2026-10-07T13:39:41.147042+00:00,Valor municipal publicado; sem imputação.,"Estatística administrativa municipal agregada; famílias e pessoas são unidades distintas. Não somar universos CadÚnico, Bolsa Família e BPC."
4127965,202603,Valor · pessoa com deficiência · BPC · Fonte Pagadora,338792.18,R$,real,BPC · Fonte Pagadora-4127965,https://aplicacoes.mds.gov.br/sagi/servicos/misocial?q=%2A%3A%2A&fq=tipo_s%3Ames_mu&fq=codigo_ibge%3A%28412796+OR+411960+OR+411325+OR+410940%29&fq=anomes_s%3A%5B202303+TO+202608%5D&wt=json&rows=400&sort=anomes_s+asc&fl=anomes_s%2Cbpc_ben_i%2Cbpc_idoso_ben_i%2Cbpc_idoso_val_s%2Cbpc_pcd_ben_i%2Cbpc_pcd_val_s%2Cbpc_val_s%2Ccadsuas_data_extracao_s%2Ccadsuas_qtd_centro_convivencia_i%2Ccadsuas_qtd_centro_dia_similares_i%2Ccadsuas_qtd_centro_pop_i%2Ccadsuas_qtd_cras_i%2Ccadsuas_qtd_creas_i%2Ccadsuas_qtd_unidade_acolhimento_i%2Ccadun_qtd_familias_atualizadas_i%2Ccadun_qtd_familias_cadastradas_baixa_renda_i%2Ccadun_qtd_familias_cadastradas_i%2Ccadun_qtd_familias_cadastradas_pobreza_pbf_i%2Ccadun_qtd_familias_cadastradas_rfpc_acima_meio_sm_i%2Ccadun_qtd_pessoas_cadastradas_baixa_renda_i%2Ccadun_qtd_pessoas_cadastradas_i%2Ccadun_qtd_pessoas_cadastradas_pobreza_pbf_i%2Ccadun_qtd_pessoas_cadastradas_rfpc_acima_meio_sm_i%2Ccadun_taxa_atualizacao_cadastral_d%2Ccodigo_ibge%2Cmunicipio%2Cpbf_vlr_medio_benef_f%2Cqtd_familias_beneficiarias_bolsa_familia%2Cqtd_pessoas_beneficiarias_bolsa_familia_i%2Csigla_uf%2Ctipo_s%2Cvalor_repassado_bolsa_familia,2026-10-07T13:39:41.147042+00:00,Valor municipal publicado; sem imputação.,"Estatística administrativa municipal agregada; famílias e pessoas são unidades distintas. Não somar universos CadÚnico, Bolsa Família e BPC."
4127965,202603,Valor mensal transferido · BPC · Fonte Pagadora,551144.28,R$,real,BPC · Fonte Pagadora-4127965,https://aplicacoes.mds.gov.br/sagi/servicos/misocial?q=%2A%3A%2A&fq=tipo_s%3Ames_mu&fq=codigo_ibge%3A%28412796+OR+411960+OR+411325+OR+410940%29&fq=anomes_s%3A%5B202303+TO+202608%5D&wt=json&rows=400&sort=anomes_s+asc&fl=anomes_s%2Cbpc_ben_i%2Cbpc_idoso_ben_i%2Cbpc_idoso_val_s%2Cbpc_pcd_ben_i%2Cbpc_pcd_val_s%2Cbpc_val_s%2Ccadsuas_data_extracao_s%2Ccadsuas_qtd_centro_convivencia_i%2Ccadsuas_qtd_centro_dia_similares_i%2Ccadsuas_qtd_centro_pop_i%2Ccadsuas_qtd_cras_i%2Ccadsuas_qtd_creas_i%2Ccadsuas_qtd_unidade_acolhimento_i%2Ccadun_qtd_familias_atualizadas_i%2Ccadun_qtd_familias_cadastradas_baixa_renda_i%2Ccadun_qtd_familias_cadastradas_i%2Ccadun_qtd_familias_cadastradas_pobreza_pbf_i%2Ccadun_qtd_familias_cadastradas_rfpc_acima_meio_sm_i%2Ccadun_qtd_pessoas_cadastradas_baixa_renda_i%2Ccadun_qtd_pessoas_cadastradas_i%2Ccadun_qtd_pessoas_cadastradas_pobreza_pbf_i%2Ccadun_qtd_pessoas_cadastradas_rfpc_acima_meio_sm_i%2Ccadun_taxa_atualizacao_cadastral_d%2Ccodigo_ibge%2Cmunicipio%2Cpbf_vlr_medio_benef_f%2Cqtd_familias_beneficiarias_bolsa_familia%2Cqtd_pessoas_beneficiarias_bolsa_familia_i%2Csigla_uf%2Ctipo_s%2Cvalor_repassado_bolsa_familia,2026-10-07T13:39:41.147042+00:00,Valor municipal publicado; sem imputação.,"Estatística administrativa municipal agregada; famílias e pessoas são unidades distintas. Não somar universos CadÚnico, Bolsa Família e BPC."
4127965,202604,Total de benefícios · BPC · Fonte Pagadora,330,benefícios,real,BPC · Fonte Pagadora-4127965,https://aplicacoes.mds.gov.br/sagi/servicos/misocial?q=%2A%3A%2A&fq=tipo_s%3Ames_mu&fq=codigo_ibge%3A%28412796+OR+411960+OR+411325+OR+410940%29&fq=anomes_s%3A%5B202303+TO+202608%5D&wt=json&rows=400&sort=anomes_s+asc&fl=anomes_s%2Cbpc_ben_i%2Cbpc_idoso_ben_i%2Cbpc_idoso_val_s%2Cbpc_pcd_ben_i%2Cbpc_pcd_val_s%2Cbpc_val_s%2Ccadsuas_data_extracao_s%2Ccadsuas_qtd_centro_convivencia_i%2Ccadsuas_qtd_centro_dia_similares_i%2Ccadsuas_qtd_centro_pop_i%2Ccadsuas_qtd_cras_i%2Ccadsuas_qtd_creas_i%2Ccadsuas_qtd_unidade_acolhimento_i%2Ccadun_qtd_familias_atualizadas_i%2Ccadun_qtd_familias_cadastradas_baixa_renda_i%2Ccadun_qtd_familias_cadastradas_i%2Ccadun_qtd_familias_cadastradas_pobreza_pbf_i%2Ccadun_qtd_familias_cadastradas_rfpc_acima_meio_sm_i%2Ccadun_qtd_pessoas_cadastradas_baixa_renda_i%2Ccadun_qtd_pessoas_cadastradas_i%2Ccadun_qtd_pessoas_cadastradas_pobreza_pbf_i%2Ccadun_qtd_pessoas_cadastradas_rfpc_acima_meio_sm_i%2Ccadun_taxa_atualizacao_cadastral_d%2Ccodigo_ibge%2Cmunicipio%2Cpbf_vlr_medio_benef_f%2Cqtd_familias_beneficiarias_bolsa_familia%2Cqtd_pessoas_beneficiarias_bolsa_familia_i%2Csigla_uf%2Ctipo_s%2Cvalor_repassado_bolsa_familia,2026-10-07T13:39:41.147042+00:00,Valor municipal publicado; sem imputação.,"Estatística administrativa municipal agregada; famílias e pessoas são unidades distintas. Não somar universos CadÚnico, Bolsa Família e BPC."
4127965,202604,Benefícios · pessoa idosa · BPC · Fonte Pagadora,128,benefícios,real,BPC · Fonte Pagadora-4127965,https://aplicacoes.mds.gov.br/sagi/servicos/misocial?q=%2A%3A%2A&fq=tipo_s%3Ames_mu&fq=codigo_ibge%3A%28412796+OR+411960+OR+411325+OR+410940%29&fq=anomes_s%3A%5B202303+TO+202608%5D&wt=json&rows=400&sort=anomes_s+asc&fl=anomes_s%2Cbpc_ben_i%2Cbpc_idoso_ben_i%2Cbpc_idoso_val_s%2Cbpc_pcd_ben_i%2Cbpc_pcd_val_s%2Cbpc_val_s%2Ccadsuas_data_extracao_s%2Ccadsuas_qtd_centro_convivencia_i%2Ccadsuas_qtd_centro_dia_similares_i%2Ccadsuas_qtd_centro_pop_i%2Ccadsuas_qtd_cras_i%2Ccadsuas_qtd_creas_i%2Ccadsuas_qtd_unidade_acolhimento_i%2Ccadun_qtd_familias_atualizadas_i%2Ccadun_qtd_familias_cadastradas_baixa_renda_i%2Ccadun_qtd_familias_cadastradas_i%2Ccadun_qtd_familias_cadastradas_pobreza_pbf_i%2Ccadun_qtd_familias_cadastradas_rfpc_acima_meio_sm_i%2Ccadun_qtd_pessoas_cadastradas_baixa_renda_i%2Ccadun_qtd_pessoas_cadastradas_i%2Ccadun_qtd_pessoas_cadastradas_pobreza_pbf_i%2Ccadun_qtd_pessoas_cadastradas_rfpc_acima_meio_sm_i%2Ccadun_taxa_atualizacao_cadastral_d%2Ccodigo_ibge%2Cmunicipio%2Cpbf_vlr_medio_benef_f%2Cqtd_familias_beneficiarias_bolsa_familia%2Cqtd_pessoas_beneficiarias_bolsa_familia_i%2Csigla_uf%2Ctipo_s%2Cvalor_repassado_bolsa_familia,2026-10-07T13:39:41.147042+00:00,Valor municipal publicado; sem imputação.,"Estatística administrativa municipal agregada; famílias e pessoas são unidades distintas. Não somar universos CadÚnico, Bolsa Família e BPC."
4127965,202604,Benefícios · pessoa com deficiência · BPC · Fonte Pagadora,202,benefícios,real,BPC · Fonte Pagadora-4127965,https://aplicacoes.mds.gov.br/sagi/servicos/misocial?q=%2A%3A%2A&fq=tipo_s%3Ames_mu&fq=codigo_ibge%3A%28412796+OR+411960+OR+411325+OR+410940%29&fq=anomes_s%3A%5B202303+TO+202608%5D&wt=json&rows=400&sort=anomes_s+asc&fl=anomes_s%2Cbpc_ben_i%2Cbpc_idoso_ben_i%2Cbpc_idoso_val_s%2Cbpc_pcd_ben_i%2Cbpc_pcd_val_s%2Cbpc_val_s%2Ccadsuas_data_extracao_s%2Ccadsuas_qtd_centro_convivencia_i%2Ccadsuas_qtd_centro_dia_similares_i%2Ccadsuas_qtd_centro_pop_i%2Ccadsuas_qtd_cras_i%2Ccadsuas_qtd_creas_i%2Ccadsuas_qtd_unidade_acolhimento_i%2Ccadun_qtd_familias_atualizadas_i%2Ccadun_qtd_familias_cadastradas_baixa_renda_i%2Ccadun_qtd_familias_cadastradas_i%2Ccadun_qtd_familias_cadastradas_pobreza_pbf_i%2Ccadun_qtd_familias_cadastradas_rfpc_acima_meio_sm_i%2Ccadun_qtd_pessoas_cadastradas_baixa_renda_i%2Ccadun_qtd_pessoas_cadastradas_i%2Ccadun_qtd_pessoas_cadastradas_pobreza_pbf_i%2Ccadun_qtd_pessoas_cadastradas_rfpc_acima_meio_sm_i%2Ccadun_taxa_atualizacao_cadastral_d%2Ccodigo_ibge%2Cmunicipio%2Cpbf_vlr_medio_benef_f%2Cqtd_familias_beneficiarias_bolsa_familia%2Cqtd_pessoas_beneficiarias_bolsa_familia_i%2Csigla_uf%2Ctipo_s%2Cvalor_repassado_bolsa_familia,2026-10-07T13:39:41.147042+00:00,Valor municipal publicado; sem imputação.,"Estatística administrativa municipal agregada; famílias e pessoas são unidades distintas. Não somar universos CadÚnico, Bolsa Família e BPC."
4127965,202604,Valor · pessoa idosa · BPC · Fonte Pagadora,207489.1,R$,real,BPC · Fonte Pagadora-4127965,https://aplicacoes.mds.gov.br/sagi/servicos/misocial?q=%2A%3A%2A&fq=tipo_s%3Ames_mu&fq=codigo_ibge%3A%28412796+OR+411960+OR+411325+OR+410940%29&fq=anomes_s%3A%5B202303+TO+202608%5D&wt=json&rows=400&sort=anomes_s+asc&fl=anomes_s%2Cbpc_ben_i%2Cbpc_idoso_ben_i%2Cbpc_idoso_val_s%2Cbpc_pcd_ben_i%2Cbpc_pcd_val_s%2Cbpc_val_s%2Ccadsuas_data_extracao_s%2Ccadsuas_qtd_centro_convivencia_i%2Ccadsuas_qtd_centro_dia_similares_i%2Ccadsuas_qtd_centro_pop_i%2Ccadsuas_qtd_cras_i%2Ccadsuas_qtd_creas_i%2Ccadsuas_qtd_unidade_acolhimento_i%2Ccadun_qtd_familias_atualizadas_i%2Ccadun_qtd_familias_cadastradas_baixa_renda_i%2Ccadun_qtd_familias_cadastradas_i%2Ccadun_qtd_familias_cadastradas_pobreza_pbf_i%2Ccadun_qtd_familias_cadastradas_rfpc_acima_meio_sm_i%2Ccadun_qtd_pessoas_cadastradas_baixa_renda_i%2Ccadun_qtd_pessoas_cadastradas_i%2Ccadun_qtd_pessoas_cadastradas_pobreza_pbf_i%2Ccadun_qtd_pessoas_cadastradas_rfpc_acima_meio_sm_i%2Ccadun_taxa_atualizacao_cadastral_d%2Ccodigo_ibge%2Cmunicipio%2Cpbf_vlr_medio_benef_f%2Cqtd_familias_beneficiarias_bolsa_familia%2Cqtd_pessoas_beneficiarias_bolsa_familia_i%2Csigla_uf%2Ctipo_s%2Cvalor_repassado_bolsa_familia,2026-10-07T13:39:41.147042+00:00,Valor municipal publicado; sem imputação.,"Estatística administrativa municipal agregada; famílias e pessoas são unidades distintas. Não somar universos CadÚnico, Bolsa Família e BPC."
4127965,202604,Valor · pessoa com deficiência · BPC · Fonte Pagadora,329066.96,R$,real,BPC · Fonte Pagadora-4127965,https://aplicacoes.mds.gov.br/sagi/servicos/misocial?q=%2A%3A%2A&fq=tipo_s%3Ames_mu&fq=codigo_ibge%3A%28412796+OR+411960+OR+411325+OR+410940%29&fq=anomes_s%3A%5B202303+TO+202608%5D&wt=json&rows=400&sort=anomes_s+asc&fl=anomes_s%2Cbpc_ben_i%2Cbpc_idoso_ben_i%2Cbpc_idoso_val_s%2Cbpc_pcd_ben_i%2Cbpc_pcd_val_s%2Cbpc_val_s%2Ccadsuas_data_extracao_s%2Ccadsuas_qtd_centro_convivencia_i%2Ccadsuas_qtd_centro_dia_similares_i%2Ccadsuas_qtd_centro_pop_i%2Ccadsuas_qtd_cras_i%2Ccadsuas_qtd_creas_i%2Ccadsuas_qtd_unidade_acolhimento_i%2Ccadun_qtd_familias_atualizadas_i%2Ccadun_qtd_familias_cadastradas_baixa_renda_i%2Ccadun_qtd_familias_cadastradas_i%2Ccadun_qtd_familias_cadastradas_pobreza_pbf_i%2Ccadun_qtd_familias_cadastradas_rfpc_acima_meio_sm_i%2Ccadun_qtd_pessoas_cadastradas_baixa_renda_i%2Ccadun_qtd_pessoas_cadastradas_i%2Ccadun_qtd_pessoas_cadastradas_pobreza_pbf_i%2Ccadun_qtd_pessoas_cadastradas_rfpc_acima_meio_sm_i%2Ccadun_taxa_atualizacao_cadastral_d%2Ccodigo_ibge%2Cmunicipio%2Cpbf_vlr_medio_benef_f%2Cqtd_familias_beneficiarias_bolsa_familia%2Cqtd_pessoas_beneficiarias_bolsa_familia_i%2Csigla_uf%2Ctipo_s%2Cvalor_repassado_bolsa_familia,2026-10-07T13:39:41.147042+00:00,Valor municipal publicado; sem imputação.,"Estatística administrativa municipal agregada; famílias e pessoas são unidades distintas. Não somar universos CadÚnico, Bolsa Família e BPC."
4127965,202604,Valor mensal transferido · BPC · Fonte Pagadora,536556.06,R$,real,BPC · Fonte Pagadora-4127965,https://aplicacoes.mds.gov.br/sagi/servicos/misocial?q=%2A%3A%2A&fq=tipo_s%3Ames_mu&fq=codigo_ibge%3A%28412796+OR+411960+OR+411325+OR+410940%29&fq=anomes_s%3A%5B202303+TO+202608%5D&wt=json&rows=400&sort=anomes_s+asc&fl=anomes_s%2Cbpc_ben_i%2Cbpc_idoso_ben_i%2Cbpc_idoso_val_s%2Cbpc_pcd_ben_i%2Cbpc_pcd_val_s%2Cbpc_val_s%2Ccadsuas_data_extracao_s%2Ccadsuas_qtd_centro_convivencia_i%2Ccadsuas_qtd_centro_dia_similares_i%2Ccadsuas_qtd_centro_pop_i%2Ccadsuas_qtd_cras_i%2Ccadsuas_qtd_creas_i%2Ccadsuas_qtd_unidade_acolhimento_i%2Ccadun_qtd_familias_atualizadas_i%2Ccadun_qtd_familias_cadastradas_baixa_renda_i%2Ccadun_qtd_familias_cadastradas_i%2Ccadun_qtd_familias_cadastradas_pobreza_pbf_i%2Ccadun_qtd_familias_cadastradas_rfpc_acima_meio_sm_i%2Ccadun_qtd_pessoas_cadastradas_baixa_renda_i%2Ccadun_qtd_pessoas_cadastradas_i%2Ccadun_qtd_pessoas_cadastradas_pobreza_pbf_i%2Ccadun_qtd_pessoas_cadastradas_rfpc_acima_meio_sm_i%2Ccadun_taxa_atualizacao_cadastral_d%2Ccodigo_ibge%2Cmunicipio%2Cpbf_vlr_medio_benef_f%2Cqtd_familias_beneficiarias_bolsa_familia%2Cqtd_pessoas_beneficiarias_bolsa_familia_i%2Csigla_uf%2Ctipo_s%2Cvalor_repassado_bolsa_familia,2026-10-07T13:39:41.147042+00:00,Valor municipal publicado; sem imputação.,"Estatística administrativa municipal agregada; famílias e pessoas são unidades distintas. Não somar universos CadÚnico, Bolsa Família e BPC."
4127965,202605,Total de benefícios · BPC · Fonte Pagadora,321,benefícios,real,BPC · Fonte Pagadora-4127965,https://aplicacoes.mds.gov.br/sagi/servicos/misocial?q=%2A%3A%2A&fq=tipo_s%3Ames_mu&fq=codigo_ibge%3A%28412796+OR+411960+OR+411325+OR+410940%29&fq=anomes_s%3A%5B202303+TO+202608%5D&wt=json&rows=400&sort=anomes_s+asc&fl=anomes_s%2Cbpc_ben_i%2Cbpc_idoso_ben_i%2Cbpc_idoso_val_s%2Cbpc_pcd_ben_i%2Cbpc_pcd_val_s%2Cbpc_val_s%2Ccadsuas_data_extracao_s%2Ccadsuas_qtd_centro_convivencia_i%2Ccadsuas_qtd_centro_dia_similares_i%2Ccadsuas_qtd_centro_pop_i%2Ccadsuas_qtd_cras_i%2Ccadsuas_qtd_creas_i%2Ccadsuas_qtd_unidade_acolhimento_i%2Ccadun_qtd_familias_atualizadas_i%2Ccadun_qtd_familias_cadastradas_baixa_renda_i%2Ccadun_qtd_familias_cadastradas_i%2Ccadun_qtd_familias_cadastradas_pobreza_pbf_i%2Ccadun_qtd_familias_cadastradas_rfpc_acima_meio_sm_i%2Ccadun_qtd_pessoas_cadastradas_baixa_renda_i%2Ccadun_qtd_pessoas_cadastradas_i%2Ccadun_qtd_pessoas_cadastradas_pobreza_pbf_i%2Ccadun_qtd_pessoas_cadastradas_rfpc_acima_meio_sm_i%2Ccadun_taxa_atualizacao_cadastral_d%2Ccodigo_ibge%2Cmunicipio%2Cpbf_vlr_medio_benef_f%2Cqtd_familias_beneficiarias_bolsa_familia%2Cqtd_pessoas_beneficiarias_bolsa_familia_i%2Csigla_uf%2Ctipo_s%2Cvalor_repassado_bolsa_familia,2026-10-07T13:39:41.147042+00:00,Valor municipal publicado; sem imputação.,"Estatística administrativa municipal agregada; famílias e pessoas são unidades distintas. Não somar universos CadÚnico, Bolsa Família e BPC."
4127965,202605,Benefícios · pessoa idosa · BPC · Fonte Pagadora,127,benefícios,real,BPC · Fonte Pagadora-4127965,https://aplicacoes.mds.gov.br/sagi/servicos/misocial?q=%2A%3A%2A&fq=tipo_s%3Ames_mu&fq=codigo_ibge%3A%28412796+OR+411960+OR+411325+OR+410940%29&fq=anomes_s%3A%5B202303+TO+202608%5D&wt=json&rows=400&sort=anomes_s+asc&fl=anomes_s%2Cbpc_ben_i%2Cbpc_idoso_ben_i%2Cbpc_idoso_val_s%2Cbpc_pcd_ben_i%2Cbpc_pcd_val_s%2Cbpc_val_s%2Ccadsuas_data_extracao_s%2Ccadsuas_qtd_centro_convivencia_i%2Ccadsuas_qtd_centro_dia_similares_i%2Ccadsuas_qtd_centro_pop_i%2Ccadsuas_qtd_cras_i%2Ccadsuas_qtd_creas_i%2Ccadsuas_qtd_unidade_acolhimento_i%2Ccadun_qtd_familias_atualizadas_i%2Ccadun_qtd_familias_cadastradas_baixa_renda_i%2Ccadun_qtd_familias_cadastradas_i%2Ccadun_qtd_familias_cadastradas_pobreza_pbf_i%2Ccadun_qtd_familias_cadastradas_rfpc_acima_meio_sm_i%2Ccadun_qtd_pessoas_cadastradas_baixa_renda_i%2Ccadun_qtd_pessoas_cadastradas_i%2Ccadun_qtd_pessoas_cadastradas_pobreza_pbf_i%2Ccadun_qtd_pessoas_cadastradas_rfpc_acima_meio_sm_i%2Ccadun_taxa_atualizacao_cadastral_d%2Ccodigo_ibge%2Cmunicipio%2Cpbf_vlr_medio_benef_f%2Cqtd_familias_beneficiarias_bolsa_familia%2Cqtd_pessoas_beneficiarias_bolsa_familia_i%2Csigla_uf%2Ctipo_s%2Cvalor_repassado_bolsa_familia,2026-10-07T13:39:41.147042+00:00,Valor municipal publicado; sem imputação.,"Estatística administrativa municipal agregada; famílias e pessoas são unidades distintas. Não somar universos CadÚnico, Bolsa Família e BPC."
4127965,202605,Benefícios · pessoa com deficiência · BPC · Fonte Pagadora,194,benefícios,real,BPC · Fonte Pagadora-4127965,https://aplicacoes.mds.gov.br/sagi/servicos/misocial?q=%2A%3A%2A&fq=tipo_s%3Ames_mu&fq=codigo_ibge%3A%28412796+OR+411960+OR+411325+OR+410940%29&fq=anomes_s%3A%5B202303+TO+202608%5D&wt=json&rows=400&sort=anomes_s+asc&fl=anomes_s%2Cbpc_ben_i%2Cbpc_idoso_ben_i%2Cbpc_idoso_val_s%2Cbpc_pcd_ben_i%2Cbpc_pcd_val_s%2Cbpc_val_s%2Ccadsuas_data_extracao_s%2Ccadsuas_qtd_centro_convivencia_i%2Ccadsuas_qtd_centro_dia_similares_i%2Ccadsuas_qtd_centro_pop_i%2Ccadsuas_qtd_cras_i%2Ccadsuas_qtd_creas_i%2Ccadsuas_qtd_unidade_acolhimento_i%2Ccadun_qtd_familias_atualizadas_i%2Ccadun_qtd_familias_cadastradas_baixa_renda_i%2Ccadun_qtd_familias_cadastradas_i%2Ccadun_qtd_familias_cadastradas_pobreza_pbf_i%2Ccadun_qtd_familias_cadastradas_rfpc_acima_meio_sm_i%2Ccadun_qtd_pessoas_cadastradas_baixa_renda_i%2Ccadun_qtd_pessoas_cadastradas_i%2Ccadun_qtd_pessoas_cadastradas_pobreza_pbf_i%2Ccadun_qtd_pessoas_cadastradas_rfpc_acima_meio_sm_i%2Ccadun_taxa_atualizacao_cadastral_d%2Ccodigo_ibge%2Cmunicipio%2Cpbf_vlr_medio_benef_f%2Cqtd_familias_beneficiarias_bolsa_familia%2Cqtd_pessoas_beneficiarias_bolsa_familia_i%2Csigla_uf%2Ctipo_s%2Cvalor_repassado_bolsa_familia,2026-10-07T13:39:41.147042+00:00,Valor municipal publicado; sem imputação.,"Estatística administrativa municipal agregada; famílias e pessoas são unidades distintas. Não somar universos CadÚnico, Bolsa Família e BPC."
4127965,202605,Valor · pessoa idosa · BPC · Fonte Pagadora,205868.1,R$,real,BPC · Fonte Pagadora-4127965,https://aplicacoes.mds.gov.br/sagi/servicos/misocial?q=%2A%3A%2A&fq=tipo_s%3Ames_mu&fq=codigo_ibge%3A%28412796+OR+411960+OR+411325+OR+410940%29&fq=anomes_s%3A%5B202303+TO+202608%5D&wt=json&rows=400&sort=anomes_s+asc&fl=anomes_s%2Cbpc_ben_i%2Cbpc_idoso_ben_i%2Cbpc_idoso_val_s%2Cbpc_pcd_ben_i%2Cbpc_pcd_val_s%2Cbpc_val_s%2Ccadsuas_data_extracao_s%2Ccadsuas_qtd_centro_convivencia_i%2Ccadsuas_qtd_centro_dia_similares_i%2Ccadsuas_qtd_centro_pop_i%2Ccadsuas_qtd_cras_i%2Ccadsuas_qtd_creas_i%2Ccadsuas_qtd_unidade_acolhimento_i%2Ccadun_qtd_familias_atualizadas_i%2Ccadun_qtd_familias_cadastradas_baixa_renda_i%2Ccadun_qtd_familias_cadastradas_i%2Ccadun_qtd_familias_cadastradas_pobreza_pbf_i%2Ccadun_qtd_familias_cadastradas_rfpc_acima_meio_sm_i%2Ccadun_qtd_pessoas_cadastradas_baixa_renda_i%2Ccadun_qtd_pessoas_cadastradas_i%2Ccadun_qtd_pessoas_cadastradas_pobreza_pbf_i%2Ccadun_qtd_pessoas_cadastradas_rfpc_acima_meio_sm_i%2Ccadun_taxa_atualizacao_cadastral_d%2Ccodigo_ibge%2Cmunicipio%2Cpbf_vlr_medio_benef_f%2Cqtd_familias_beneficiarias_bolsa_familia%2Cqtd_pessoas_beneficiarias_bolsa_familia_i%2Csigla_uf%2Ctipo_s%2Cvalor_repassado_bolsa_familia,2026-10-07T13:39:41.147042+00:00,Valor municipal publicado; sem imputação.,"Estatística administrativa municipal agregada; famílias e pessoas são unidades distintas. Não somar universos CadÚnico, Bolsa Família e BPC."
4127965,202605,Valor · pessoa com deficiência · BPC · Fonte Pagadora,314477.26,R$,real,BPC · Fonte Pagadora-4127965,https://aplicacoes.mds.gov.br/sagi/servicos/misocial?q=%2A%3A%2A&fq=tipo_s%3Ames_mu&fq=codigo_ibge%3A%28412796+OR+411960+OR+411325+OR+410940%29&fq=anomes_s%3A%5B202303+TO+202608%5D&wt=json&rows=400&sort=anomes_s+asc&fl=anomes_s%2Cbpc_ben_i%2Cbpc_idoso_ben_i%2Cbpc_idoso_val_s%2Cbpc_pcd_ben_i%2Cbpc_pcd_val_s%2Cbpc_val_s%2Ccadsuas_data_extracao_s%2Ccadsuas_qtd_centro_convivencia_i%2Ccadsuas_qtd_centro_dia_similares_i%2Ccadsuas_qtd_centro_pop_i%2Ccadsuas_qtd_cras_i%2Ccadsuas_qtd_creas_i%2Ccadsuas_qtd_unidade_acolhimento_i%2Ccadun_qtd_familias_atualizadas_i%2Ccadun_qtd_familias_cadastradas_baixa_renda_i%2Ccadun_qtd_familias_cadastradas_i%2Ccadun_qtd_familias_cadastradas_pobreza_pbf_i%2Ccadun_qtd_familias_cadastradas_rfpc_acima_meio_sm_i%2Ccadun_qtd_pessoas_cadastradas_baixa_renda_i%2Ccadun_qtd_pessoas_cadastradas_i%2Ccadun_qtd_pessoas_cadastradas_pobreza_pbf_i%2Ccadun_qtd_pessoas_cadastradas_rfpc_acima_meio_sm_i%2Ccadun_taxa_atualizacao_cadastral_d%2Ccodigo_ibge%2Cmunicipio%2Cpbf_vlr_medio_benef_f%2Cqtd_familias_beneficiarias_bolsa_familia%2Cqtd_pessoas_beneficiarias_bolsa_familia_i%2Csigla_uf%2Ctipo_s%2Cvalor_repassado_bolsa_familia,2026-10-07T13:39:41.147042+00:00,Valor municipal publicado; sem imputação.,"Estatística administrativa municipal agregada; famílias e pessoas são unidades distintas. Não somar universos CadÚnico, Bolsa Família e BPC."
4127965,202605,Valor mensal transferido · BPC · Fonte Pagadora,520345.36,R$,real,BPC · Fonte Pagadora-4127965,https://aplicacoes.mds.gov.br/sagi/servicos/misocial?q=%2A%3A%2A&fq=tipo_s%3Ames_mu&fq=codigo_ibge%3A%28412796+OR+411960+OR+411325+OR+410940%29&fq=anomes_s%3A%5B202303+TO+202608%5D&wt=json&rows=400&sort=anomes_s+asc&fl=anomes_s%2Cbpc_ben_i%2Cbpc_idoso_ben_i%2Cbpc_idoso_val_s%2Cbpc_pcd_ben_i%2Cbpc_pcd_val_s%2Cbpc_val_s%2Ccadsuas_data_extracao_s%2Ccadsuas_qtd_centro_convivencia_i%2Ccadsuas_qtd_centro_dia_similares_i%2Ccadsuas_qtd_centro_pop_i%2Ccadsuas_qtd_cras_i%2Ccadsuas_qtd_creas_i%2Ccadsuas_qtd_unidade_acolhimento_i%2Ccadun_qtd_familias_atualizadas_i%2Ccadun_qtd_familias_cadastradas_baixa_renda_i%2Ccadun_qtd_familias_cadastradas_i%2Ccadun_qtd_familias_cadastradas_pobreza_pbf_i%2Ccadun_qtd_familias_cadastradas_rfpc_acima_meio_sm_i%2Ccadun_qtd_pessoas_cadastradas_baixa_renda_i%2Ccadun_qtd_pessoas_cadastradas_i%2Ccadun_qtd_pessoas_cadastradas_pobreza_pbf_i%2Ccadun_qtd_pessoas_cadastradas_rfpc_acima_meio_sm_i%2Ccadun_taxa_atualizacao_cadastral_d%2Ccodigo_ibge%2Cmunicipio%2Cpbf_vlr_medio_benef_f%2Cqtd_familias_beneficiarias_bolsa_familia%2Cqtd_pessoas_beneficiarias_bolsa_familia_i%2Csigla_uf%2Ctipo_s%2Cvalor_repassado_bolsa_familia,2026-10-07T13:39:41.147042+00:00,Valor municipal publicado; sem imputação.,"Estatística administrativa municipal agregada; famílias e pessoas são unidades distintas. Não somar universos CadÚnico, Bolsa Família e BPC."
4127965,202606,Total de benefícios · BPC · Fonte Pagadora,321,benefícios,real,BPC · Fonte Pagadora-4127965,https://aplicacoes.mds.gov.br/sagi/servicos/misocial?q=%2A%3A%2A&fq=tipo_s%3Ames_mu&fq=codigo_ibge%3A%28412796+OR+411960+OR+411325+OR+410940%29&fq=anomes_s%3A%5B202303+TO+202608%5D&wt=json&rows=400&sort=anomes_s+asc&fl=anomes_s%2Cbpc_ben_i%2Cbpc_idoso_ben_i%2Cbpc_idoso_val_s%2Cbpc_pcd_ben_i%2Cbpc_pcd_val_s%2Cbpc_val_s%2Ccadsuas_data_extracao_s%2Ccadsuas_qtd_centro_convivencia_i%2Ccadsuas_qtd_centro_dia_similares_i%2Ccadsuas_qtd_centro_pop_i%2Ccadsuas_qtd_cras_i%2Ccadsuas_qtd_creas_i%2Ccadsuas_qtd_unidade_acolhimento_i%2Ccadun_qtd_familias_atualizadas_i%2Ccadun_qtd_familias_cadastradas_baixa_renda_i%2Ccadun_qtd_familias_cadastradas_i%2Ccadun_qtd_familias_cadastradas_pobreza_pbf_i%2Ccadun_qtd_familias_cadastradas_rfpc_acima_meio_sm_i%2Ccadun_qtd_pessoas_cadastradas_baixa_renda_i%2Ccadun_qtd_pessoas_cadastradas_i%2Ccadun_qtd_pessoas_cadastradas_pobreza_pbf_i%2Ccadun_qtd_pessoas_cadastradas_rfpc_acima_meio_sm_i%2Ccadun_taxa_atualizacao_cadastral_d%2Ccodigo_ibge%2Cmunicipio%2Cpbf_vlr_medio_benef_f%2Cqtd_familias_beneficiarias_bolsa_familia%2Cqtd_pessoas_beneficiarias_bolsa_familia_i%2Csigla_uf%2Ctipo_s%2Cvalor_repassado_bolsa_familia,2026-10-07T13:39:41.147042+00:00,Valor municipal publicado; sem imputação.,"Estatística administrativa municipal agregada; famílias e pessoas são unidades distintas. Não somar universos CadÚnico, Bolsa Família e BPC."
4127965,202606,Benefícios · pessoa idosa · BPC · Fonte Pagadora,126,benefícios,real,BPC · Fonte Pagadora-4127965,https://aplicacoes.mds.gov.br/sagi/servicos/misocial?q=%2A%3A%2A&fq=tipo_s%3Ames_mu&fq=codigo_ibge%3A%28412796+OR+411960+OR+411325+OR+410940%29&fq=anomes_s%3A%5B202303+TO+202608%5D&wt=json&rows=400&sort=anomes_s+asc&fl=anomes_s%2Cbpc_ben_i%2Cbpc_idoso_ben_i%2Cbpc_idoso_val_s%2Cbpc_pcd_ben_i%2Cbpc_pcd_val_s%2Cbpc_val_s%2Ccadsuas_data_extracao_s%2Ccadsuas_qtd_centro_convivencia_i%2Ccadsuas_qtd_centro_dia_similares_i%2Ccadsuas_qtd_centro_pop_i%2Ccadsuas_qtd_cras_i%2Ccadsuas_qtd_creas_i%2Ccadsuas_qtd_unidade_acolhimento_i%2Ccadun_qtd_familias_atualizadas_i%2Ccadun_qtd_familias_cadastradas_baixa_renda_i%2Ccadun_qtd_familias_cadastradas_i%2Ccadun_qtd_familias_cadastradas_pobreza_pbf_i%2Ccadun_qtd_familias_cadastradas_rfpc_acima_meio_sm_i%2Ccadun_qtd_pessoas_cadastradas_baixa_renda_i%2Ccadun_qtd_pessoas_cadastradas_i%2Ccadun_qtd_pessoas_cadastradas_pobreza_pbf_i%2Ccadun_qtd_pessoas_cadastradas_rfpc_acima_meio_sm_i%2Ccadun_taxa_atualizacao_cadastral_d%2Ccodigo_ibge%2Cmunicipio%2Cpbf_vlr_medio_benef_f%2Cqtd_familias_beneficiarias_bolsa_familia%2Cqtd_pessoas_beneficiarias_bolsa_familia_i%2Csigla_uf%2Ctipo_s%2Cvalor_repassado_bolsa_familia,2026-10-07T13:39:41.147042+00:00,Valor municipal publicado; sem imputação.,"Estatística administrativa municipal agregada; famílias e pessoas são unidades distintas. Não somar universos CadÚnico, Bolsa Família e BPC."
4127965,202606,Benefícios · pessoa com deficiência · BPC · Fonte Pagadora,195,benefícios,real,BPC · Fonte Pagadora-4127965,https://aplicacoes.mds.gov.br/sagi/servicos/misocial?q=%2A%3A%2A&fq=tipo_s%3Ames_mu&fq=codigo_ibge%3A%28412796+OR+411960+OR+411325+OR+410940%29&fq=anomes_s%3A%5B202303+TO+202608%5D&wt=json&rows=400&sort=anomes_s+asc&fl=anomes_s%2Cbpc_ben_i%2Cbpc_idoso_ben_i%2Cbpc_idoso_val_s%2Cbpc_pcd_ben_i%2Cbpc_pcd_val_s%2Cbpc_val_s%2Ccadsuas_data_extracao_s%2Ccadsuas_qtd_centro_convivencia_i%2Ccadsuas_qtd_centro_dia_similares_i%2Ccadsuas_qtd_centro_pop_i%2Ccadsuas_qtd_cras_i%2Ccadsuas_qtd_creas_i%2Ccadsuas_qtd_unidade_acolhimento_i%2Ccadun_qtd_familias_atualizadas_i%2Ccadun_qtd_familias_cadastradas_baixa_renda_i%2Ccadun_qtd_familias_cadastradas_i%2Ccadun_qtd_familias_cadastradas_pobreza_pbf_i%2Ccadun_qtd_familias_cadastradas_rfpc_acima_meio_sm_i%2Ccadun_qtd_pessoas_cadastradas_baixa_renda_i%2Ccadun_qtd_pessoas_cadastradas_i%2Ccadun_qtd_pessoas_cadastradas_pobreza_pbf_i%2Ccadun_qtd_pessoas_cadastradas_rfpc_acima_meio_sm_i%2Ccadun_taxa_atualizacao_cadastral_d%2Ccodigo_ibge%2Cmunicipio%2Cpbf_vlr_medio_benef_f%2Cqtd_familias_beneficiarias_bolsa_familia%2Cqtd_pessoas_beneficiarias_bolsa_familia_i%2Csigla_uf%2Ctipo_s%2Cvalor_repassado_bolsa_familia,2026-10-07T13:39:41.147042+00:00,Valor municipal publicado; sem imputação.,"Estatística administrativa municipal agregada; famílias e pessoas são unidades distintas. Não somar universos CadÚnico, Bolsa Família e BPC."
4127965,202606,Valor · pessoa idosa · BPC · Fonte Pagadora,204247.1,R$,real,BPC · Fonte Pagadora-4127965,https://aplicacoes.mds.gov.br/sagi/servicos/misocial?q=%2A%3A%2A&fq=tipo_s%3Ames_mu&fq=codigo_ibge%3A%28412796+OR+411960+OR+411325+OR+410940%29&fq=anomes_s%3A%5B202303+TO+202608%5D&wt=json&rows=400&sort=anomes_s+asc&fl=anomes_s%2Cbpc_ben_i%2Cbpc_idoso_ben_i%2Cbpc_idoso_val_s%2Cbpc_pcd_ben_i%2Cbpc_pcd_val_s%2Cbpc_val_s%2Ccadsuas_data_extracao_s%2Ccadsuas_qtd_centro_convivencia_i%2Ccadsuas_qtd_centro_dia_similares_i%2Ccadsuas_qtd_centro_pop_i%2Ccadsuas_qtd_cras_i%2Ccadsuas_qtd_creas_i%2Ccadsuas_qtd_unidade_acolhimento_i%2Ccadun_qtd_familias_atualizadas_i%2Ccadun_qtd_familias_cadastradas_baixa_renda_i%2Ccadun_qtd_familias_cadastradas_i%2Ccadun_qtd_familias_cadastradas_pobreza_pbf_i%2Ccadun_qtd_familias_cadastradas_rfpc_acima_meio_sm_i%2Ccadun_qtd_pessoas_cadastradas_baixa_renda_i%2Ccadun_qtd_pessoas_cadastradas_i%2Ccadun_qtd_pessoas_cadastradas_pobreza_pbf_i%2Ccadun_qtd_pessoas_cadastradas_rfpc_acima_meio_sm_i%2Ccadun_taxa_atualizacao_cadastral_d%2Ccodigo_ibge%2Cmunicipio%2Cpbf_vlr_medio_benef_f%2Cqtd_familias_beneficiarias_bolsa_familia%2Cqtd_pessoas_beneficiarias_bolsa_familia_i%2Csigla_uf%2Ctipo_s%2Cvalor_repassado_bolsa_familia,2026-10-07T13:39:41.147042+00:00,Valor municipal publicado; sem imputação.,"Estatística administrativa municipal agregada; famílias e pessoas são unidades distintas. Não somar universos CadÚnico, Bolsa Família e BPC."
4127965,202606,Valor · pessoa com deficiência · BPC · Fonte Pagadora,316098.26,R$,real,BPC · Fonte Pagadora-4127965,https://aplicacoes.mds.gov.br/sagi/servicos/misocial?q=%2A%3A%2A&fq=tipo_s%3Ames_mu&fq=codigo_ibge%3A%28412796+OR+411960+OR+411325+OR+410940%29&fq=anomes_s%3A%5B202303+TO+202608%5D&wt=json&rows=400&sort=anomes_s+asc&fl=anomes_s%2Cbpc_ben_i%2Cbpc_idoso_ben_i%2Cbpc_idoso_val_s%2Cbpc_pcd_ben_i%2Cbpc_pcd_val_s%2Cbpc_val_s%2Ccadsuas_data_extracao_s%2Ccadsuas_qtd_centro_convivencia_i%2Ccadsuas_qtd_centro_dia_similares_i%2Ccadsuas_qtd_centro_pop_i%2Ccadsuas_qtd_cras_i%2Ccadsuas_qtd_creas_i%2Ccadsuas_qtd_unidade_acolhimento_i%2Ccadun_qtd_familias_atualizadas_i%2Ccadun_qtd_familias_cadastradas_baixa_renda_i%2Ccadun_qtd_familias_cadastradas_i%2Ccadun_qtd_familias_cadastradas_pobreza_pbf_i%2Ccadun_qtd_familias_cadastradas_rfpc_acima_meio_sm_i%2Ccadun_qtd_pessoas_cadastradas_baixa_renda_i%2Ccadun_qtd_pessoas_cadastradas_i%2Ccadun_qtd_pessoas_cadastradas_pobreza_pbf_i%2Ccadun_qtd_pessoas_cadastradas_rfpc_acima_meio_sm_i%2Ccadun_taxa_atualizacao_cadastral_d%2Ccodigo_ibge%2Cmunicipio%2Cpbf_vlr_medio_benef_f%2Cqtd_familias_beneficiarias_bolsa_familia%2Cqtd_pessoas_beneficiarias_bolsa_familia_i%2Csigla_uf%2Ctipo_s%2Cvalor_repassado_bolsa_familia,2026-10-07T13:39:41.147042+00:00,Valor municipal publicado; sem imputação.,"Estatística administrativa municipal agregada; famílias e pessoas são unidades distintas. Não somar universos CadÚnico, Bolsa Família e BPC."
4127965,202606,Valor mensal transferido · BPC · Fonte Pagadora,520345.36,R$,real,BPC · Fonte Pagadora-4127965,https://aplicacoes.mds.gov.br/sagi/servicos/misocial?q=%2A%3A%2A&fq=tipo_s%3Ames_mu&fq=codigo_ibge%3A%28412796+OR+411960+OR+411325+OR+410940%29&fq=anomes_s%3A%5B202303+TO+202608%5D&wt=json&rows=400&sort=anomes_s+asc&fl=anomes_s%2Cbpc_ben_i%2Cbpc_idoso_ben_i%2Cbpc_idoso_val_s%2Cbpc_pcd_ben_i%2Cbpc_pcd_val_s%2Cbpc_val_s%2Ccadsuas_data_extracao_s%2Ccadsuas_qtd_centro_convivencia_i%2Ccadsuas_qtd_centro_dia_similares_i%2Ccadsuas_qtd_centro_pop_i%2Ccadsuas_qtd_cras_i%2Ccadsuas_qtd_creas_i%2Ccadsuas_qtd_unidade_acolhimento_i%2Ccadun_qtd_familias_atualizadas_i%2Ccadun_qtd_familias_cadastradas_baixa_renda_i%2Ccadun_qtd_familias_cadastradas_i%2Ccadun_qtd_familias_cadastradas_pobreza_pbf_i%2Ccadun_qtd_familias_cadastradas_rfpc_acima_meio_sm_i%2Ccadun_qtd_pessoas_cadastradas_baixa_renda_i%2Ccadun_qtd_pessoas_cadastradas_i%2Ccadun_qtd_pessoas_cadastradas_pobreza_pbf_i%2Ccadun_qtd_pessoas_cadastradas_rfpc_acima_meio_sm_i%2Ccadun_taxa_atualizacao_cadastral_d%2Ccodigo_ibge%2Cmunicipio%2Cpbf_vlr_medio_benef_f%2Cqtd_familias_beneficiarias_bolsa_familia%2Cqtd_pessoas_beneficiarias_bolsa_familia_i%2Csigla_uf%2Ctipo_s%2Cvalor_repassado_bolsa_familia,2026-10-07T13:39:41.147042+00:00,Valor municipal publicado; sem imputação.,"Estatística administrativa municipal agregada; famílias e pessoas são unidades distintas. Não somar universos CadÚnico, Bolsa Família e BPC."
4127965,202607,Total de benefícios · BPC · Fonte Pagadora,327,benefícios,real,BPC · Fonte Pagadora-4127965,https://aplicacoes.mds.gov.br/sagi/servicos/misocial?q=%2A%3A%2A&fq=tipo_s%3Ames_mu&fq=codigo_ibge%3A%28412796+OR+411960+OR+411325+OR+410940%29&fq=anomes_s%3A%5B202303+TO+202608%5D&wt=json&rows=400&sort=anomes_s+asc&fl=anomes_s%2Cbpc_ben_i%2Cbpc_idoso_ben_i%2Cbpc_idoso_val_s%2Cbpc_pcd_ben_i%2Cbpc_pcd_val_s%2Cbpc_val_s%2Ccadsuas_data_extracao_s%2Ccadsuas_qtd_centro_convivencia_i%2Ccadsuas_qtd_centro_dia_similares_i%2Ccadsuas_qtd_centro_pop_i%2Ccadsuas_qtd_cras_i%2Ccadsuas_qtd_creas_i%2Ccadsuas_qtd_unidade_acolhimento_i%2Ccadun_qtd_familias_atualizadas_i%2Ccadun_qtd_familias_cadastradas_baixa_renda_i%2Ccadun_qtd_familias_cadastradas_i%2Ccadun_qtd_familias_cadastradas_pobreza_pbf_i%2Ccadun_qtd_familias_cadastradas_rfpc_acima_meio_sm_i%2Ccadun_qtd_pessoas_cadastradas_baixa_renda_i%2Ccadun_qtd_pessoas_cadastradas_i%2Ccadun_qtd_pessoas_cadastradas_pobreza_pbf_i%2Ccadun_qtd_pessoas_cadastradas_rfpc_acima_meio_sm_i%2Ccadun_taxa_atualizacao_cadastral_d%2Ccodigo_ibge%2Cmunicipio%2Cpbf_vlr_medio_benef_f%2Cqtd_familias_beneficiarias_bolsa_familia%2Cqtd_pessoas_beneficiarias_bolsa_familia_i%2Csigla_uf%2Ctipo_s%2Cvalor_repassado_bolsa_familia,2026-10-07T13:39:41.147042+00:00,Valor municipal publicado; sem imputação.,"Estatística administrativa municipal agregada; famílias e pessoas são unidades distintas. Não somar universos CadÚnico, Bolsa Família e BPC."
4127965,202607,Benefícios · pessoa idosa · BPC · Fonte Pagadora,128,benefícios,real,BPC · Fonte Pagadora-4127965,https://aplicacoes.mds.gov.br/sagi/servicos/misocial?q=%2A%3A%2A&fq=tipo_s%3Ames_mu&fq=codigo_ibge%3A%28412796+OR+411960+OR+411325+OR+410940%29&fq=anomes_s%3A%5B202303+TO+202608%5D&wt=json&rows=400&sort=anomes_s+asc&fl=anomes_s%2Cbpc_ben_i%2Cbpc_idoso_ben_i%2Cbpc_idoso_val_s%2Cbpc_pcd_ben_i%2Cbpc_pcd_val_s%2Cbpc_val_s%2Ccadsuas_data_extracao_s%2Ccadsuas_qtd_centro_convivencia_i%2Ccadsuas_qtd_centro_dia_similares_i%2Ccadsuas_qtd_centro_pop_i%2Ccadsuas_qtd_cras_i%2Ccadsuas_qtd_creas_i%2Ccadsuas_qtd_unidade_acolhimento_i%2Ccadun_qtd_familias_atualizadas_i%2Ccadun_qtd_familias_cadastradas_baixa_renda_i%2Ccadun_qtd_familias_cadastradas_i%2Ccadun_qtd_familias_cadastradas_pobreza_pbf_i%2Ccadun_qtd_familias_cadastradas_rfpc_acima_meio_sm_i%2Ccadun_qtd_pessoas_cadastradas_baixa_renda_i%2Ccadun_qtd_pessoas_cadastradas_i%2Ccadun_qtd_pessoas_cadastradas_pobreza_pbf_i%2Ccadun_qtd_pessoas_cadastradas_rfpc_acima_meio_sm_i%2Ccadun_taxa_atualizacao_cadastral_d%2Ccodigo_ibge%2Cmunicipio%2Cpbf_vlr_medio_benef_f%2Cqtd_familias_beneficiarias_bolsa_familia%2Cqtd_pessoas_beneficiarias_bolsa_familia_i%2Csigla_uf%2Ctipo_s%2Cvalor_repassado_bolsa_familia,2026-10-07T13:39:41.147042+00:00,Valor municipal publicado; sem imputação.,"Estatística administrativa municipal agregada; famílias e pessoas são unidades distintas. Não somar universos CadÚnico, Bolsa Família e BPC."
4127965,202607,Benefícios · pessoa com deficiência · BPC · Fonte Pagadora,199,benefícios,real,BPC · Fonte Pagadora-4127965,https://aplicacoes.mds.gov.br/sagi/servicos/misocial?q=%2A%3A%2A&fq=tipo_s%3Ames_mu&fq=codigo_ibge%3A%28412796+OR+411960+OR+411325+OR+410940%29&fq=anomes_s%3A%5B202303+TO+202608%5D&wt=json&rows=400&sort=anomes_s+asc&fl=anomes_s%2Cbpc_ben_i%2Cbpc_idoso_ben_i%2Cbpc_idoso_val_s%2Cbpc_pcd_ben_i%2Cbpc_pcd_val_s%2Cbpc_val_s%2Ccadsuas_data_extracao_s%2Ccadsuas_qtd_centro_convivencia_i%2Ccadsuas_qtd_centro_dia_similares_i%2Ccadsuas_qtd_centro_pop_i%2Ccadsuas_qtd_cras_i%2Ccadsuas_qtd_creas_i%2Ccadsuas_qtd_unidade_acolhimento_i%2Ccadun_qtd_familias_atualizadas_i%2Ccadun_qtd_familias_cadastradas_baixa_renda_i%2Ccadun_qtd_familias_cadastradas_i%2Ccadun_qtd_familias_cadastradas_pobreza_pbf_i%2Ccadun_qtd_familias_cadastradas_rfpc_acima_meio_sm_i%2Ccadun_qtd_pessoas_cadastradas_baixa_renda_i%2Ccadun_qtd_pessoas_cadastradas_i%2Ccadun_qtd_pessoas_cadastradas_pobreza_pbf_i%2Ccadun_qtd_pessoas_cadastradas_rfpc_acima_meio_sm_i%2Ccadun_taxa_atualizacao_cadastral_d%2Ccodigo_ibge%2Cmunicipio%2Cpbf_vlr_medio_benef_f%2Cqtd_familias_beneficiarias_bolsa_familia%2Cqtd_pessoas_beneficiarias_bolsa_familia_i%2Csigla_uf%2Ctipo_s%2Cvalor_repassado_bolsa_familia,2026-10-07T13:39:41.147042+00:00,Valor municipal publicado; sem imputação.,"Estatística administrativa municipal agregada; famílias e pessoas são unidades distintas. Não somar universos CadÚnico, Bolsa Família e BPC."
4127965,202607,Valor · pessoa idosa · BPC · Fonte Pagadora,207488.31,R$,real,BPC · Fonte Pagadora-4127965,https://aplicacoes.mds.gov.br/sagi/servicos/misocial?q=%2A%3A%2A&fq=tipo_s%3Ames_mu&fq=codigo_ibge%3A%28412796+OR+411960+OR+411325+OR+410940%29&fq=anomes_s%3A%5B202303+TO+202608%5D&wt=json&rows=400&sort=anomes_s+asc&fl=anomes_s%2Cbpc_ben_i%2Cbpc_idoso_ben_i%2Cbpc_idoso_val_s%2Cbpc_pcd_ben_i%2Cbpc_pcd_val_s%2Cbpc_val_s%2Ccadsuas_data_extracao_s%2Ccadsuas_qtd_centro_convivencia_i%2Ccadsuas_qtd_centro_dia_similares_i%2Ccadsuas_qtd_centro_pop_i%2Ccadsuas_qtd_cras_i%2Ccadsuas_qtd_creas_i%2Ccadsuas_qtd_unidade_acolhimento_i%2Ccadun_qtd_familias_atualizadas_i%2Ccadun_qtd_familias_cadastradas_baixa_renda_i%2Ccadun_qtd_familias_cadastradas_i%2Ccadun_qtd_familias_cadastradas_pobreza_pbf_i%2Ccadun_qtd_familias_cadastradas_rfpc_acima_meio_sm_i%2Ccadun_qtd_pessoas_cadastradas_baixa_renda_i%2Ccadun_qtd_pessoas_cadastradas_i%2Ccadun_qtd_pessoas_cadastradas_pobreza_pbf_i%2Ccadun_qtd_pessoas_cadastradas_rfpc_acima_meio_sm_i%2Ccadun_taxa_atualizacao_cadastral_d%2Ccodigo_ibge%2Cmunicipio%2Cpbf_vlr_medio_benef_f%2Cqtd_familias_beneficiarias_bolsa_familia%2Cqtd_pessoas_beneficiarias_bolsa_familia_i%2Csigla_uf%2Ctipo_s%2Cvalor_repassado_bolsa_familia,2026-10-07T13:39:41.147042+00:00,Valor municipal publicado; sem imputação.,"Estatística administrativa municipal agregada; famílias e pessoas são unidades distintas. Não somar universos CadÚnico, Bolsa Família e BPC."
4127965,202607,Valor · pessoa com deficiência · BPC · Fonte Pagadora,322581.73,R$,real,BPC · Fonte Pagadora-4127965,https://aplicacoes.mds.gov.br/sagi/servicos/misocial?q=%2A%3A%2A&fq=tipo_s%3Ames_mu&fq=codigo_ibge%3A%28412796+OR+411960+OR+411325+OR+410940%29&fq=anomes_s%3A%5B202303+TO+202608%5D&wt=json&rows=400&sort=anomes_s+asc&fl=anomes_s%2Cbpc_ben_i%2Cbpc_idoso_ben_i%2Cbpc_idoso_val_s%2Cbpc_pcd_ben_i%2Cbpc_pcd_val_s%2Cbpc_val_s%2Ccadsuas_data_extracao_s%2Ccadsuas_qtd_centro_convivencia_i%2Ccadsuas_qtd_centro_dia_similares_i%2Ccadsuas_qtd_centro_pop_i%2Ccadsuas_qtd_cras_i%2Ccadsuas_qtd_creas_i%2Ccadsuas_qtd_unidade_acolhimento_i%2Ccadun_qtd_familias_atualizadas_i%2Ccadun_qtd_familias_cadastradas_baixa_renda_i%2Ccadun_qtd_familias_cadastradas_i%2Ccadun_qtd_familias_cadastradas_pobreza_pbf_i%2Ccadun_qtd_familias_cadastradas_rfpc_acima_meio_sm_i%2Ccadun_qtd_pessoas_cadastradas_baixa_renda_i%2Ccadun_qtd_pessoas_cadastradas_i%2Ccadun_qtd_pessoas_cadastradas_pobreza_pbf_i%2Ccadun_qtd_pessoas_cadastradas_rfpc_acima_meio_sm_i%2Ccadun_taxa_atualizacao_cadastral_d%2Ccodigo_ibge%2Cmunicipio%2Cpbf_vlr_medio_benef_f%2Cqtd_familias_beneficiarias_bolsa_familia%2Cqtd_pessoas_beneficiarias_bolsa_familia_i%2Csigla_uf%2Ctipo_s%2Cvalor_repassado_bolsa_familia,2026-10-07T13:39:41.147042+00:00,Valor municipal publicado; sem imputação.,"Estatística administrativa municipal agregada; famílias e pessoas são unidades distintas. Não somar universos CadÚnico, Bolsa Família e BPC."
4127965,202607,Valor mensal transferido · BPC · Fonte Pagadora,530070.04,R$,real,BPC · Fonte Pagadora-4127965,https://aplicacoes.mds.gov.br/sagi/servicos/misocial?q=%2A%3A%2A&fq=tipo_s%3Ames_mu&fq=codigo_ibge%3A%28412796+OR+411960+OR+411325+OR+410940%29&fq=anomes_s%3A%5B202303+TO+202608%5D&wt=json&rows=400&sort=anomes_s+asc&fl=anomes_s%2Cbpc_ben_i%2Cbpc_idoso_ben_i%2Cbpc_idoso_val_s%2Cbpc_pcd_ben_i%2Cbpc_pcd_val_s%2Cbpc_val_s%2Ccadsuas_data_extracao_s%2Ccadsuas_qtd_centro_convivencia_i%2Ccadsuas_qtd_centro_dia_similares_i%2Ccadsuas_qtd_centro_pop_i%2Ccadsuas_qtd_cras_i%2Ccadsuas_qtd_creas_i%2Ccadsuas_qtd_unidade_acolhimento_i%2Ccadun_qtd_familias_atualizadas_i%2Ccadun_qtd_familias_cadastradas_baixa_renda_i%2Ccadun_qtd_familias_cadastradas_i%2Ccadun_qtd_familias_cadastradas_pobreza_pbf_i%2Ccadun_qtd_familias_cadastradas_rfpc_acima_meio_sm_i%2Ccadun_qtd_pessoas_cadastradas_baixa_renda_i%2Ccadun_qtd_pessoas_cadastradas_i%2Ccadun_qtd_pessoas_cadastradas_pobreza_pbf_i%2Ccadun_qtd_pessoas_cadastradas_rfpc_acima_meio_sm_i%2Ccadun_taxa_atualizacao_cadastral_d%2Ccodigo_ibge%2Cmunicipio%2Cpbf_vlr_medio_benef_f%2Cqtd_familias_beneficiarias_bolsa_familia%2Cqtd_pessoas_beneficiarias_bolsa_familia_i%2Csigla_uf%2Ctipo_s%2Cvalor_repassado_bolsa_familia,2026-10-07T13:39:41.147042+00:00,Valor municipal publicado; sem imputação.,"Estatística administrativa municipal agregada; famílias e pessoas são unidades distintas. Não somar universos CadÚnico, Bolsa Família e BPC."
4127965,202608,Total de benefícios · BPC · Fonte Pagadora,324,benefícios,real,BPC · Fonte Pagadora-4127965,https://aplicacoes.mds.gov.br/sagi/servicos/misocial?q=%2A%3A%2A&fq=tipo_s%3Ames_mu&fq=codigo_ibge%3A%28412796+OR+411960+OR+411325+OR+410940%29&fq=anomes_s%3A%5B202303+TO+202608%5D&wt=json&rows=400&sort=anomes_s+asc&fl=anomes_s%2Cbpc_ben_i%2Cbpc_idoso_ben_i%2Cbpc_idoso_val_s%2Cbpc_pcd_ben_i%2Cbpc_pcd_val_s%2Cbpc_val_s%2Ccadsuas_data_extracao_s%2Ccadsuas_qtd_centro_convivencia_i%2Ccadsuas_qtd_centro_dia_similares_i%2Ccadsuas_qtd_centro_pop_i%2Ccadsuas_qtd_cras_i%2Ccadsuas_qtd_creas_i%2Ccadsuas_qtd_unidade_acolhimento_i%2Ccadun_qtd_familias_atualizadas_i%2Ccadun_qtd_familias_cadastradas_baixa_renda_i%2Ccadun_qtd_familias_cadastradas_i%2Ccadun_qtd_familias_cadastradas_pobreza_pbf_i%2Ccadun_qtd_familias_cadastradas_rfpc_acima_meio_sm_i%2Ccadun_qtd_pessoas_cadastradas_baixa_renda_i%2Ccadun_qtd_pessoas_cadastradas_i%2Ccadun_qtd_pessoas_cadastradas_pobreza_pbf_i%2Ccadun_qtd_pessoas_cadastradas_rfpc_acima_meio_sm_i%2Ccadun_taxa_atualizacao_cadastral_d%2Ccodigo_ibge%2Cmunicipio%2Cpbf_vlr_medio_benef_f%2Cqtd_familias_beneficiarias_bolsa_familia%2Cqtd_pessoas_beneficiarias_bolsa_familia_i%2Csigla_uf%2Ctipo_s%2Cvalor_repassado_bolsa_familia,2026-10-07T13:39:41.147042+00:00,Valor municipal publicado; sem imputação.,"Estatística administrativa municipal agregada; famílias e pessoas são unidades distintas. Não somar universos CadÚnico, Bolsa Família e BPC."
4127965,202608,Benefícios · pessoa idosa · BPC · Fonte Pagadora,128,benefícios,real,BPC · Fonte Pagadora-4127965,https://aplicacoes.mds.gov.br/sagi/servicos/misocial?q=%2A%3A%2A&fq=tipo_s%3Ames_mu&fq=codigo_ibge%3A%28412796+OR+411960+OR+411325+OR+410940%29&fq=anomes_s%3A%5B202303+TO+202608%5D&wt=json&rows=400&sort=anomes_s+asc&fl=anomes_s%2Cbpc_ben_i%2Cbpc_idoso_ben_i%2Cbpc_idoso_val_s%2Cbpc_pcd_ben_i%2Cbpc_pcd_val_s%2Cbpc_val_s%2Ccadsuas_data_extracao_s%2Ccadsuas_qtd_centro_convivencia_i%2Ccadsuas_qtd_centro_dia_similares_i%2Ccadsuas_qtd_centro_pop_i%2Ccadsuas_qtd_cras_i%2Ccadsuas_qtd_creas_i%2Ccadsuas_qtd_unidade_acolhimento_i%2Ccadun_qtd_familias_atualizadas_i%2Ccadun_qtd_familias_cadastradas_baixa_renda_i%2Ccadun_qtd_familias_cadastradas_i%2Ccadun_qtd_familias_cadastradas_pobreza_pbf_i%2Ccadun_qtd_familias_cadastradas_rfpc_acima_meio_sm_i%2Ccadun_qtd_pessoas_cadastradas_baixa_renda_i%2Ccadun_qtd_pessoas_cadastradas_i%2Ccadun_qtd_pessoas_cadastradas_pobreza_pbf_i%2Ccadun_qtd_pessoas_cadastradas_rfpc_acima_meio_sm_i%2Ccadun_taxa_atualizacao_cadastral_d%2Ccodigo_ibge%2Cmunicipio%2Cpbf_vlr_medio_benef_f%2Cqtd_familias_beneficiarias_bolsa_familia%2Cqtd_pessoas_beneficiarias_bolsa_familia_i%2Csigla_uf%2Ctipo_s%2Cvalor_repassado_bolsa_familia,2026-10-07T13:39:41.147042+00:00,Valor municipal publicado; sem imputação.,"Estatística administrativa municipal agregada; famílias e pessoas são unidades distintas. Não somar universos CadÚnico, Bolsa Família e BPC."
4127965,202608,Benefícios · pessoa com deficiência · BPC · Fonte Pagadora,196,benefícios,real,BPC · Fonte Pagadora-4127965,https://aplicacoes.mds.gov.br/sagi/servicos/misocial?q=%2A%3A%2A&fq=tipo_s%3Ames_mu&fq=codigo_ibge%3A%28412796+OR+411960+OR+411325+OR+410940%29&fq=anomes_s%3A%5B202303+TO+202608%5D&wt=json&rows=400&sort=anomes_s+asc&fl=anomes_s%2Cbpc_ben_i%2Cbpc_idoso_ben_i%2Cbpc_idoso_val_s%2Cbpc_pcd_ben_i%2Cbpc_pcd_val_s%2Cbpc_val_s%2Ccadsuas_data_extracao_s%2Ccadsuas_qtd_centro_convivencia_i%2Ccadsuas_qtd_centro_dia_similares_i%2Ccadsuas_qtd_centro_pop_i%2Ccadsuas_qtd_cras_i%2Ccadsuas_qtd_creas_i%2Ccadsuas_qtd_unidade_acolhimento_i%2Ccadun_qtd_familias_atualizadas_i%2Ccadun_qtd_familias_cadastradas_baixa_renda_i%2Ccadun_qtd_familias_cadastradas_i%2Ccadun_qtd_familias_cadastradas_pobreza_pbf_i%2Ccadun_qtd_familias_cadastradas_rfpc_acima_meio_sm_i%2Ccadun_qtd_pessoas_cadastradas_baixa_renda_i%2Ccadun_qtd_pessoas_cadastradas_i%2Ccadun_qtd_pessoas_cadastradas_pobreza_pbf_i%2Ccadun_qtd_pessoas_cadastradas_rfpc_acima_meio_sm_i%2Ccadun_taxa_atualizacao_cadastral_d%2Ccodigo_ibge%2Cmunicipio%2Cpbf_vlr_medio_benef_f%2Cqtd_familias_beneficiarias_bolsa_familia%2Cqtd_pessoas_beneficiarias_bolsa_familia_i%2Csigla_uf%2Ctipo_s%2Cvalor_repassado_bolsa_familia,2026-10-07T13:39:41.147042+00:00,Valor municipal publicado; sem imputação.,"Estatística administrativa municipal agregada; famílias e pessoas são unidades distintas. Não somar universos CadÚnico, Bolsa Família e BPC."
4127965,202608,Valor · pessoa idosa · BPC · Fonte Pagadora,207488.31,R$,real,BPC · Fonte Pagadora-4127965,https://aplicacoes.mds.gov.br/sagi/servicos/misocial?q=%2A%3A%2A&fq=tipo_s%3Ames_mu&fq=codigo_ibge%3A%28412796+OR+411960+OR+411325+OR+410940%29&fq=anomes_s%3A%5B202303+TO+202608%5D&wt=json&rows=400&sort=anomes_s+asc&fl=anomes_s%2Cbpc_ben_i%2Cbpc_idoso_ben_i%2Cbpc_idoso_val_s%2Cbpc_pcd_ben_i%2Cbpc_pcd_val_s%2Cbpc_val_s%2Ccadsuas_data_extracao_s%2Ccadsuas_qtd_centro_convivencia_i%2Ccadsuas_qtd_centro_dia_similares_i%2Ccadsuas_qtd_centro_pop_i%2Ccadsuas_qtd_cras_i%2Ccadsuas_qtd_creas_i%2Ccadsuas_qtd_unidade_acolhimento_i%2Ccadun_qtd_familias_atualizadas_i%2Ccadun_qtd_familias_cadastradas_baixa_renda_i%2Ccadun_qtd_familias_cadastradas_i%2Ccadun_qtd_familias_cadastradas_pobreza_pbf_i%2Ccadun_qtd_familias_cadastradas_rfpc_acima_meio_sm_i%2Ccadun_qtd_pessoas_cadastradas_baixa_renda_i%2Ccadun_qtd_pessoas_cadastradas_i%2Ccadun_qtd_pessoas_cadastradas_pobreza_pbf_i%2Ccadun_qtd_pessoas_cadastradas_rfpc_acima_meio_sm_i%2Ccadun_taxa_atualizacao_cadastral_d%2Ccodigo_ibge%2Cmunicipio%2Cpbf_vlr_medio_benef_f%2Cqtd_familias_beneficiarias_bolsa_familia%2Cqtd_pessoas_beneficiarias_bolsa_familia_i%2Csigla_uf%2Ctipo_s%2Cvalor_repassado_bolsa_familia,2026-10-07T13:39:41.147042+00:00,Valor municipal publicado; sem imputação.,"Estatística administrativa municipal agregada; famílias e pessoas são unidades distintas. Não somar universos CadÚnico, Bolsa Família e BPC."
4127965,202608,Valor · pessoa com deficiência · BPC · Fonte Pagadora,319340.15,R$,real,BPC · Fonte Pagadora-4127965,https://aplicacoes.mds.gov.br/sagi/servicos/misocial?q=%2A%3A%2A&fq=tipo_s%3Ames_mu&fq=codigo_ibge%3A%28412796+OR+411960+OR+411325+OR+410940%29&fq=anomes_s%3A%5B202303+TO+202608%5D&wt=json&rows=400&sort=anomes_s+asc&fl=anomes_s%2Cbpc_ben_i%2Cbpc_idoso_ben_i%2Cbpc_idoso_val_s%2Cbpc_pcd_ben_i%2Cbpc_pcd_val_s%2Cbpc_val_s%2Ccadsuas_data_extracao_s%2Ccadsuas_qtd_centro_convivencia_i%2Ccadsuas_qtd_centro_dia_similares_i%2Ccadsuas_qtd_centro_pop_i%2Ccadsuas_qtd_cras_i%2Ccadsuas_qtd_creas_i%2Ccadsuas_qtd_unidade_acolhimento_i%2Ccadun_qtd_familias_atualizadas_i%2Ccadun_qtd_familias_cadastradas_baixa_renda_i%2Ccadun_qtd_familias_cadastradas_i%2Ccadun_qtd_familias_cadastradas_pobreza_pbf_i%2Ccadun_qtd_familias_cadastradas_rfpc_acima_meio_sm_i%2Ccadun_qtd_pessoas_cadastradas_baixa_renda_i%2Ccadun_qtd_pessoas_cadastradas_i%2Ccadun_qtd_pessoas_cadastradas_pobreza_pbf_i%2Ccadun_qtd_pessoas_cadastradas_rfpc_acima_meio_sm_i%2Ccadun_taxa_atualizacao_cadastral_d%2Ccodigo_ibge%2Cmunicipio%2Cpbf_vlr_medio_benef_f%2Cqtd_familias_beneficiarias_bolsa_familia%2Cqtd_pessoas_beneficiarias_bolsa_familia_i%2Csigla_uf%2Ctipo_s%2Cvalor_repassado_bolsa_familia,2026-10-07T13:39:41.147042+00:00,Valor municipal publicado; sem imputação.,"Estatística administrativa municipal agregada; famílias e pessoas são unidades distintas. Não somar universos CadÚnico, Bolsa Família e BPC."
4127965,202608,Valor mensal transferido · BPC · Fonte Pagadora,526828.46,R$,real,BPC · Fonte Pagadora-4127965,https://aplicacoes.mds.gov.br/sagi/servicos/misocial?q=%2A%3A%2A&fq=tipo_s%3Ames_mu&fq=codigo_ibge%3A%28412796+OR+411960+OR+411325+OR+410940%29&fq=anomes_s%3A%5B202303+TO+202608%5D&wt=json&rows=400&sort=anomes_s+asc&fl=anomes_s%2Cbpc_ben_i%2Cbpc_idoso_ben_i%2Cbpc_idoso_val_s%2Cbpc_pcd_ben_i%2Cbpc_pcd_val_s%2Cbpc_val_s%2Ccadsuas_data_extracao_s%2Ccadsuas_qtd_centro_convivencia_i%2Ccadsuas_qtd_centro_dia_similares_i%2Ccadsuas_qtd_centro_pop_i%2Ccadsuas_qtd_cras_i%2Ccadsuas_qtd_creas_i%2Ccadsuas_qtd_unidade_acolhimento_i%2Ccadun_qtd_familias_atualizadas_i%2Ccadun_qtd_familias_cadastradas_baixa_renda_i%2Ccadun_qtd_familias_cadastradas_i%2Ccadun_qtd_familias_cadastradas_pobreza_pbf_i%2Ccadun_qtd_familias_cadastradas_rfpc_acima_meio_sm_i%2Ccadun_qtd_pessoas_cadastradas_baixa_renda_i%2Ccadun_qtd_pessoas_cadastradas_i%2Ccadun_qtd_pessoas_cadastradas_pobreza_pbf_i%2Ccadun_qtd_pessoas_cadastradas_rfpc_acima_meio_sm_i%2Ccadun_taxa_atualizacao_cadastral_d%2Ccodigo_ibge%2Cmunicipio%2Cpbf_vlr_medio_benef_f%2Cqtd_familias_beneficiarias_bolsa_familia%2Cqtd_pessoas_beneficiarias_bolsa_familia_i%2Csigla_uf%2Ctipo_s%2Cvalor_repassado_bolsa_familia,2026-10-07T13:39:41.147042+00:00,Valor municipal publicado; sem imputação.,"Estatística administrativa municipal agregada; famílias e pessoas são unidades distintas. Não somar universos CadÚnico, Bolsa Família e BPC."
